config_id	target	model	ssl_method	method	subset_percentage	label_percentage	source_id	ssl_epochs	runs	label_policy	probe_epochs	estimated_minutes	walltime	job_script
CIFAR100_ConvNet_simclr_full_size100_lbl1	CIFAR100	ConvNet	simclr	full	100	1	ConvNet_simclr_full_size100	300	15	exact	200	1.31	0-01:05:00	benchmarks/downstream/jobs/evaluate/CIFAR100_ConvNet_simclr_full_size100_lbl1.sh
CIFAR100_ConvNet_simclr_full_size100_lbl5	CIFAR100	ConvNet	simclr	full	100	5	ConvNet_simclr_full_size100	300	15	exact	100	1.4	0-01:05:00	benchmarks/downstream/jobs/evaluate/CIFAR100_ConvNet_simclr_full_size100_lbl5.sh
CIFAR100_ConvNet_simclr_random_size1_lbl1	CIFAR100	ConvNet	simclr	random	1	1	ConvNet_simclr_random_size1	1200	15	exact	200	1.31	0-01:05:00	benchmarks/downstream/jobs/evaluate/CIFAR100_ConvNet_simclr_random_size1_lbl1.sh
CIFAR100_ConvNet_simclr_random_size1_lbl5	CIFAR100	ConvNet	simclr	random	1	5	ConvNet_simclr_random_size1	1200	15	exact	100	1.4	0-01:05:00	benchmarks/downstream/jobs/evaluate/CIFAR100_ConvNet_simclr_random_size1_lbl5.sh
CIFAR100_ConvNet_simclr_random_size2_lbl1	CIFAR100	ConvNet	simclr	random	2	1	ConvNet_simclr_random_size2	800	15	exact	200	1.31	0-01:05:00	benchmarks/downstream/jobs/evaluate/CIFAR100_ConvNet_simclr_random_size2_lbl1.sh
CIFAR100_ConvNet_simclr_random_size2_lbl5	CIFAR100	ConvNet	simclr	random	2	5	ConvNet_simclr_random_size2	800	15	exact	100	1.4	0-01:05:00	benchmarks/downstream/jobs/evaluate/CIFAR100_ConvNet_simclr_random_size2_lbl5.sh
CIFAR100_ConvNet_simclr_random_size5_lbl1	CIFAR100	ConvNet	simclr	random	5	1	ConvNet_simclr_random_size5	500	15	exact	200	1.31	0-01:05:00	benchmarks/downstream/jobs/evaluate/CIFAR100_ConvNet_simclr_random_size5_lbl1.sh
CIFAR100_ConvNet_simclr_random_size5_lbl5	CIFAR100	ConvNet	simclr	random	5	5	ConvNet_simclr_random_size5	500	15	exact	100	1.4	0-01:05:00	benchmarks/downstream/jobs/evaluate/CIFAR100_ConvNet_simclr_random_size5_lbl5.sh
CIFAR100_ConvNet_simclr_kmeans_size1_lbl1	CIFAR100	ConvNet	simclr	kmeans	1	1	ConvNet_simclr_kmeans_size1	1200	15	exact	200	1.31	0-01:05:00	benchmarks/downstream/jobs/evaluate/CIFAR100_ConvNet_simclr_kmeans_size1_lbl1.sh
CIFAR100_ConvNet_simclr_kmeans_size1_lbl5	CIFAR100	ConvNet	simclr	kmeans	1	5	ConvNet_simclr_kmeans_size1	1200	15	exact	100	1.4	0-01:05:00	benchmarks/downstream/jobs/evaluate/CIFAR100_ConvNet_simclr_kmeans_size1_lbl5.sh
CIFAR100_ConvNet_simclr_kmeans_size2_lbl1	CIFAR100	ConvNet	simclr	kmeans	2	1	ConvNet_simclr_kmeans_size2	800	15	exact	200	1.31	0-01:05:00	benchmarks/downstream/jobs/evaluate/CIFAR100_ConvNet_simclr_kmeans_size2_lbl1.sh
CIFAR100_ConvNet_simclr_kmeans_size2_lbl5	CIFAR100	ConvNet	simclr	kmeans	2	5	ConvNet_simclr_kmeans_size2	800	15	exact	100	1.4	0-01:05:00	benchmarks/downstream/jobs/evaluate/CIFAR100_ConvNet_simclr_kmeans_size2_lbl5.sh
CIFAR100_ConvNet_simclr_kmeans_size5_lbl1	CIFAR100	ConvNet	simclr	kmeans	5	1	ConvNet_simclr_kmeans_size5	500	15	exact	200	1.31	0-01:05:00	benchmarks/downstream/jobs/evaluate/CIFAR100_ConvNet_simclr_kmeans_size5_lbl1.sh
CIFAR100_ConvNet_simclr_kmeans_size5_lbl5	CIFAR100	ConvNet	simclr	kmeans	5	5	ConvNet_simclr_kmeans_size5	500	15	exact	100	1.4	0-01:05:00	benchmarks/downstream/jobs/evaluate/CIFAR100_ConvNet_simclr_kmeans_size5_lbl5.sh
CIFAR100_ConvNet_barlowtwins_full_size100_lbl1	CIFAR100	ConvNet	barlowtwins	full	100	1	ConvNet_barlowtwins_full_size100	300	15	exact	200	1.31	0-01:05:00	benchmarks/downstream/jobs/evaluate/CIFAR100_ConvNet_barlowtwins_full_size100_lbl1.sh
CIFAR100_ConvNet_barlowtwins_full_size100_lbl5	CIFAR100	ConvNet	barlowtwins	full	100	5	ConvNet_barlowtwins_full_size100	300	15	exact	100	1.4	0-01:05:00	benchmarks/downstream/jobs/evaluate/CIFAR100_ConvNet_barlowtwins_full_size100_lbl5.sh
CIFAR100_ConvNet_barlowtwins_random_size1_lbl1	CIFAR100	ConvNet	barlowtwins	random	1	1	ConvNet_barlowtwins_random_size1	1200	15	exact	200	1.31	0-01:05:00	benchmarks/downstream/jobs/evaluate/CIFAR100_ConvNet_barlowtwins_random_size1_lbl1.sh
CIFAR100_ConvNet_barlowtwins_random_size1_lbl5	CIFAR100	ConvNet	barlowtwins	random	1	5	ConvNet_barlowtwins_random_size1	1200	15	exact	100	1.4	0-01:05:00	benchmarks/downstream/jobs/evaluate/CIFAR100_ConvNet_barlowtwins_random_size1_lbl5.sh
CIFAR100_ConvNet_barlowtwins_random_size2_lbl1	CIFAR100	ConvNet	barlowtwins	random	2	1	ConvNet_barlowtwins_random_size2	800	15	exact	200	1.31	0-01:05:00	benchmarks/downstream/jobs/evaluate/CIFAR100_ConvNet_barlowtwins_random_size2_lbl1.sh
CIFAR100_ConvNet_barlowtwins_random_size2_lbl5	CIFAR100	ConvNet	barlowtwins	random	2	5	ConvNet_barlowtwins_random_size2	800	15	exact	100	1.4	0-01:05:00	benchmarks/downstream/jobs/evaluate/CIFAR100_ConvNet_barlowtwins_random_size2_lbl5.sh
CIFAR100_ConvNet_barlowtwins_random_size5_lbl1	CIFAR100	ConvNet	barlowtwins	random	5	1	ConvNet_barlowtwins_random_size5	500	15	exact	200	1.31	0-01:05:00	benchmarks/downstream/jobs/evaluate/CIFAR100_ConvNet_barlowtwins_random_size5_lbl1.sh
CIFAR100_ConvNet_barlowtwins_random_size5_lbl5	CIFAR100	ConvNet	barlowtwins	random	5	5	ConvNet_barlowtwins_random_size5	500	15	exact	100	1.4	0-01:05:00	benchmarks/downstream/jobs/evaluate/CIFAR100_ConvNet_barlowtwins_random_size5_lbl5.sh
CIFAR100_ConvNet_barlowtwins_kmeans_size1_lbl1	CIFAR100	ConvNet	barlowtwins	kmeans	1	1	ConvNet_barlowtwins_kmeans_size1	1200	15	exact	200	1.31	0-01:05:00	benchmarks/downstream/jobs/evaluate/CIFAR100_ConvNet_barlowtwins_kmeans_size1_lbl1.sh
CIFAR100_ConvNet_barlowtwins_kmeans_size1_lbl5	CIFAR100	ConvNet	barlowtwins	kmeans	1	5	ConvNet_barlowtwins_kmeans_size1	1200	15	exact	100	1.4	0-01:05:00	benchmarks/downstream/jobs/evaluate/CIFAR100_ConvNet_barlowtwins_kmeans_size1_lbl5.sh
CIFAR100_ConvNet_barlowtwins_kmeans_size2_lbl1	CIFAR100	ConvNet	barlowtwins	kmeans	2	1	ConvNet_barlowtwins_kmeans_size2	800	15	exact	200	1.31	0-01:05:00	benchmarks/downstream/jobs/evaluate/CIFAR100_ConvNet_barlowtwins_kmeans_size2_lbl1.sh
CIFAR100_ConvNet_barlowtwins_kmeans_size2_lbl5	CIFAR100	ConvNet	barlowtwins	kmeans	2	5	ConvNet_barlowtwins_kmeans_size2	800	15	exact	100	1.4	0-01:05:00	benchmarks/downstream/jobs/evaluate/CIFAR100_ConvNet_barlowtwins_kmeans_size2_lbl5.sh
CIFAR100_ConvNet_barlowtwins_kmeans_size5_lbl1	CIFAR100	ConvNet	barlowtwins	kmeans	5	1	ConvNet_barlowtwins_kmeans_size5	500	15	exact	200	1.31	0-01:05:00	benchmarks/downstream/jobs/evaluate/CIFAR100_ConvNet_barlowtwins_kmeans_size5_lbl1.sh
CIFAR100_ConvNet_barlowtwins_kmeans_size5_lbl5	CIFAR100	ConvNet	barlowtwins	kmeans	5	5	ConvNet_barlowtwins_kmeans_size5	500	15	exact	100	1.4	0-01:05:00	benchmarks/downstream/jobs/evaluate/CIFAR100_ConvNet_barlowtwins_kmeans_size5_lbl5.sh
CIFAR100_ConvNet_none_no_pretrain_size0_lbl1	CIFAR100	ConvNet	none	no_pretrain	0	1	none	0	15	exact	200	2.08	0-01:05:00	benchmarks/downstream/jobs/evaluate/CIFAR100_ConvNet_none_no_pretrain_size0_lbl1.sh
CIFAR100_ConvNet_none_no_pretrain_size0_lbl5	CIFAR100	ConvNet	none	no_pretrain	0	5	none	0	15	exact	100	3.31	0-01:05:00	benchmarks/downstream/jobs/evaluate/CIFAR100_ConvNet_none_no_pretrain_size0_lbl5.sh
CIFAR100_VGG11_simclr_full_size100_lbl1	CIFAR100	VGG11	simclr	full	100	1	VGG11_simclr_full_size100	300	15	exact	200	1.31	0-01:05:00	benchmarks/downstream/jobs/evaluate/CIFAR100_VGG11_simclr_full_size100_lbl1.sh
CIFAR100_VGG11_simclr_full_size100_lbl5	CIFAR100	VGG11	simclr	full	100	5	VGG11_simclr_full_size100	300	15	exact	100	1.39	0-01:05:00	benchmarks/downstream/jobs/evaluate/CIFAR100_VGG11_simclr_full_size100_lbl5.sh
CIFAR100_VGG11_simclr_random_size1_lbl1	CIFAR100	VGG11	simclr	random	1	1	VGG11_simclr_random_size1	1200	15	exact	200	1.31	0-01:05:00	benchmarks/downstream/jobs/evaluate/CIFAR100_VGG11_simclr_random_size1_lbl1.sh
CIFAR100_VGG11_simclr_random_size1_lbl5	CIFAR100	VGG11	simclr	random	1	5	VGG11_simclr_random_size1	1200	15	exact	100	1.39	0-01:05:00	benchmarks/downstream/jobs/evaluate/CIFAR100_VGG11_simclr_random_size1_lbl5.sh
CIFAR100_VGG11_simclr_random_size2_lbl1	CIFAR100	VGG11	simclr	random	2	1	VGG11_simclr_random_size2	800	15	exact	200	1.31	0-01:05:00	benchmarks/downstream/jobs/evaluate/CIFAR100_VGG11_simclr_random_size2_lbl1.sh
CIFAR100_VGG11_simclr_random_size2_lbl5	CIFAR100	VGG11	simclr	random	2	5	VGG11_simclr_random_size2	800	15	exact	100	1.39	0-01:05:00	benchmarks/downstream/jobs/evaluate/CIFAR100_VGG11_simclr_random_size2_lbl5.sh
CIFAR100_VGG11_simclr_random_size5_lbl1	CIFAR100	VGG11	simclr	random	5	1	VGG11_simclr_random_size5	500	15	exact	200	1.31	0-01:05:00	benchmarks/downstream/jobs/evaluate/CIFAR100_VGG11_simclr_random_size5_lbl1.sh
CIFAR100_VGG11_simclr_random_size5_lbl5	CIFAR100	VGG11	simclr	random	5	5	VGG11_simclr_random_size5	500	15	exact	100	1.39	0-01:05:00	benchmarks/downstream/jobs/evaluate/CIFAR100_VGG11_simclr_random_size5_lbl5.sh
CIFAR100_VGG11_simclr_kmeans_size1_lbl1	CIFAR100	VGG11	simclr	kmeans	1	1	VGG11_simclr_kmeans_size1	1200	15	exact	200	1.31	0-01:05:00	benchmarks/downstream/jobs/evaluate/CIFAR100_VGG11_simclr_kmeans_size1_lbl1.sh
CIFAR100_VGG11_simclr_kmeans_size1_lbl5	CIFAR100	VGG11	simclr	kmeans	1	5	VGG11_simclr_kmeans_size1	1200	15	exact	100	1.39	0-01:05:00	benchmarks/downstream/jobs/evaluate/CIFAR100_VGG11_simclr_kmeans_size1_lbl5.sh
CIFAR100_VGG11_simclr_kmeans_size2_lbl1	CIFAR100	VGG11	simclr	kmeans	2	1	VGG11_simclr_kmeans_size2	800	15	exact	200	1.31	0-01:05:00	benchmarks/downstream/jobs/evaluate/CIFAR100_VGG11_simclr_kmeans_size2_lbl1.sh
CIFAR100_VGG11_simclr_kmeans_size2_lbl5	CIFAR100	VGG11	simclr	kmeans	2	5	VGG11_simclr_kmeans_size2	800	15	exact	100	1.39	0-01:05:00	benchmarks/downstream/jobs/evaluate/CIFAR100_VGG11_simclr_kmeans_size2_lbl5.sh
CIFAR100_VGG11_simclr_kmeans_size5_lbl1	CIFAR100	VGG11	simclr	kmeans	5	1	VGG11_simclr_kmeans_size5	500	15	exact	200	1.31	0-01:05:00	benchmarks/downstream/jobs/evaluate/CIFAR100_VGG11_simclr_kmeans_size5_lbl1.sh
CIFAR100_VGG11_simclr_kmeans_size5_lbl5	CIFAR100	VGG11	simclr	kmeans	5	5	VGG11_simclr_kmeans_size5	500	15	exact	100	1.39	0-01:05:00	benchmarks/downstream/jobs/evaluate/CIFAR100_VGG11_simclr_kmeans_size5_lbl5.sh
CIFAR100_VGG11_barlowtwins_full_size100_lbl1	CIFAR100	VGG11	barlowtwins	full	100	1	VGG11_barlowtwins_full_size100	300	15	exact	200	1.31	0-01:05:00	benchmarks/downstream/jobs/evaluate/CIFAR100_VGG11_barlowtwins_full_size100_lbl1.sh
CIFAR100_VGG11_barlowtwins_full_size100_lbl5	CIFAR100	VGG11	barlowtwins	full	100	5	VGG11_barlowtwins_full_size100	300	15	exact	100	1.39	0-01:05:00	benchmarks/downstream/jobs/evaluate/CIFAR100_VGG11_barlowtwins_full_size100_lbl5.sh
CIFAR100_VGG11_barlowtwins_random_size1_lbl1	CIFAR100	VGG11	barlowtwins	random	1	1	VGG11_barlowtwins_random_size1	1200	15	exact	200	1.31	0-01:05:00	benchmarks/downstream/jobs/evaluate/CIFAR100_VGG11_barlowtwins_random_size1_lbl1.sh
CIFAR100_VGG11_barlowtwins_random_size1_lbl5	CIFAR100	VGG11	barlowtwins	random	1	5	VGG11_barlowtwins_random_size1	1200	15	exact	100	1.39	0-01:05:00	benchmarks/downstream/jobs/evaluate/CIFAR100_VGG11_barlowtwins_random_size1_lbl5.sh
CIFAR100_VGG11_barlowtwins_random_size2_lbl1	CIFAR100	VGG11	barlowtwins	random	2	1	VGG11_barlowtwins_random_size2	800	15	exact	200	1.31	0-01:05:00	benchmarks/downstream/jobs/evaluate/CIFAR100_VGG11_barlowtwins_random_size2_lbl1.sh
CIFAR100_VGG11_barlowtwins_random_size2_lbl5	CIFAR100	VGG11	barlowtwins	random	2	5	VGG11_barlowtwins_random_size2	800	15	exact	100	1.39	0-01:05:00	benchmarks/downstream/jobs/evaluate/CIFAR100_VGG11_barlowtwins_random_size2_lbl5.sh
CIFAR100_VGG11_barlowtwins_random_size5_lbl1	CIFAR100	VGG11	barlowtwins	random	5	1	VGG11_barlowtwins_random_size5	500	15	exact	200	1.31	0-01:05:00	benchmarks/downstream/jobs/evaluate/CIFAR100_VGG11_barlowtwins_random_size5_lbl1.sh
CIFAR100_VGG11_barlowtwins_random_size5_lbl5	CIFAR100	VGG11	barlowtwins	random	5	5	VGG11_barlowtwins_random_size5	500	15	exact	100	1.39	0-01:05:00	benchmarks/downstream/jobs/evaluate/CIFAR100_VGG11_barlowtwins_random_size5_lbl5.sh
CIFAR100_VGG11_barlowtwins_kmeans_size1_lbl1	CIFAR100	VGG11	barlowtwins	kmeans	1	1	VGG11_barlowtwins_kmeans_size1	1200	15	exact	200	1.31	0-01:05:00	benchmarks/downstream/jobs/evaluate/CIFAR100_VGG11_barlowtwins_kmeans_size1_lbl1.sh
CIFAR100_VGG11_barlowtwins_kmeans_size1_lbl5	CIFAR100	VGG11	barlowtwins	kmeans	1	5	VGG11_barlowtwins_kmeans_size1	1200	15	exact	100	1.39	0-01:05:00	benchmarks/downstream/jobs/evaluate/CIFAR100_VGG11_barlowtwins_kmeans_size1_lbl5.sh
CIFAR100_VGG11_barlowtwins_kmeans_size2_lbl1	CIFAR100	VGG11	barlowtwins	kmeans	2	1	VGG11_barlowtwins_kmeans_size2	800	15	exact	200	1.31	0-01:05:00	benchmarks/downstream/jobs/evaluate/CIFAR100_VGG11_barlowtwins_kmeans_size2_lbl1.sh
CIFAR100_VGG11_barlowtwins_kmeans_size2_lbl5	CIFAR100	VGG11	barlowtwins	kmeans	2	5	VGG11_barlowtwins_kmeans_size2	800	15	exact	100	1.39	0-01:05:00	benchmarks/downstream/jobs/evaluate/CIFAR100_VGG11_barlowtwins_kmeans_size2_lbl5.sh
CIFAR100_VGG11_barlowtwins_kmeans_size5_lbl1	CIFAR100	VGG11	barlowtwins	kmeans	5	1	VGG11_barlowtwins_kmeans_size5	500	15	exact	200	1.31	0-01:05:00	benchmarks/downstream/jobs/evaluate/CIFAR100_VGG11_barlowtwins_kmeans_size5_lbl1.sh
CIFAR100_VGG11_barlowtwins_kmeans_size5_lbl5	CIFAR100	VGG11	barlowtwins	kmeans	5	5	VGG11_barlowtwins_kmeans_size5	500	15	exact	100	1.39	0-01:05:00	benchmarks/downstream/jobs/evaluate/CIFAR100_VGG11_barlowtwins_kmeans_size5_lbl5.sh
CIFAR100_VGG11_none_no_pretrain_size0_lbl1	CIFAR100	VGG11	none	no_pretrain	0	1	none	0	15	exact	200	2.17	0-01:05:00	benchmarks/downstream/jobs/evaluate/CIFAR100_VGG11_none_no_pretrain_size0_lbl1.sh
CIFAR100_VGG11_none_no_pretrain_size0_lbl5	CIFAR100	VGG11	none	no_pretrain	0	5	none	0	15	exact	100	3.56	0-01:05:00	benchmarks/downstream/jobs/evaluate/CIFAR100_VGG11_none_no_pretrain_size0_lbl5.sh
CIFAR100_ResNet18_simclr_full_size100_lbl1	CIFAR100	ResNet18	simclr	full	100	1	ResNet18_simclr_full_size100	300	15	exact	200	1.37	0-01:05:00	benchmarks/downstream/jobs/evaluate/CIFAR100_ResNet18_simclr_full_size100_lbl1.sh
CIFAR100_ResNet18_simclr_full_size100_lbl5	CIFAR100	ResNet18	simclr	full	100	5	ResNet18_simclr_full_size100	300	15	exact	100	1.56	0-01:05:00	benchmarks/downstream/jobs/evaluate/CIFAR100_ResNet18_simclr_full_size100_lbl5.sh
CIFAR100_ResNet18_simclr_random_size1_lbl1	CIFAR100	ResNet18	simclr	random	1	1	ResNet18_simclr_random_size1	1200	15	exact	200	1.37	0-01:05:00	benchmarks/downstream/jobs/evaluate/CIFAR100_ResNet18_simclr_random_size1_lbl1.sh
CIFAR100_ResNet18_simclr_random_size1_lbl5	CIFAR100	ResNet18	simclr	random	1	5	ResNet18_simclr_random_size1	1200	15	exact	100	1.56	0-01:05:00	benchmarks/downstream/jobs/evaluate/CIFAR100_ResNet18_simclr_random_size1_lbl5.sh
CIFAR100_ResNet18_simclr_random_size2_lbl1	CIFAR100	ResNet18	simclr	random	2	1	ResNet18_simclr_random_size2	800	15	exact	200	1.37	0-01:05:00	benchmarks/downstream/jobs/evaluate/CIFAR100_ResNet18_simclr_random_size2_lbl1.sh
CIFAR100_ResNet18_simclr_random_size2_lbl5	CIFAR100	ResNet18	simclr	random	2	5	ResNet18_simclr_random_size2	800	15	exact	100	1.56	0-01:05:00	benchmarks/downstream/jobs/evaluate/CIFAR100_ResNet18_simclr_random_size2_lbl5.sh
CIFAR100_ResNet18_simclr_random_size5_lbl1	CIFAR100	ResNet18	simclr	random	5	1	ResNet18_simclr_random_size5	500	15	exact	200	1.37	0-01:05:00	benchmarks/downstream/jobs/evaluate/CIFAR100_ResNet18_simclr_random_size5_lbl1.sh
CIFAR100_ResNet18_simclr_random_size5_lbl5	CIFAR100	ResNet18	simclr	random	5	5	ResNet18_simclr_random_size5	500	15	exact	100	1.56	0-01:05:00	benchmarks/downstream/jobs/evaluate/CIFAR100_ResNet18_simclr_random_size5_lbl5.sh
CIFAR100_ResNet18_simclr_kmeans_size1_lbl1	CIFAR100	ResNet18	simclr	kmeans	1	1	ResNet18_simclr_kmeans_size1	1200	15	exact	200	1.37	0-01:05:00	benchmarks/downstream/jobs/evaluate/CIFAR100_ResNet18_simclr_kmeans_size1_lbl1.sh
CIFAR100_ResNet18_simclr_kmeans_size1_lbl5	CIFAR100	ResNet18	simclr	kmeans	1	5	ResNet18_simclr_kmeans_size1	1200	15	exact	100	1.56	0-01:05:00	benchmarks/downstream/jobs/evaluate/CIFAR100_ResNet18_simclr_kmeans_size1_lbl5.sh
CIFAR100_ResNet18_simclr_kmeans_size2_lbl1	CIFAR100	ResNet18	simclr	kmeans	2	1	ResNet18_simclr_kmeans_size2	800	15	exact	200	1.37	0-01:05:00	benchmarks/downstream/jobs/evaluate/CIFAR100_ResNet18_simclr_kmeans_size2_lbl1.sh
CIFAR100_ResNet18_simclr_kmeans_size2_lbl5	CIFAR100	ResNet18	simclr	kmeans	2	5	ResNet18_simclr_kmeans_size2	800	15	exact	100	1.56	0-01:05:00	benchmarks/downstream/jobs/evaluate/CIFAR100_ResNet18_simclr_kmeans_size2_lbl5.sh
CIFAR100_ResNet18_simclr_kmeans_size5_lbl1	CIFAR100	ResNet18	simclr	kmeans	5	1	ResNet18_simclr_kmeans_size5	500	15	exact	200	1.37	0-01:05:00	benchmarks/downstream/jobs/evaluate/CIFAR100_ResNet18_simclr_kmeans_size5_lbl1.sh
CIFAR100_ResNet18_simclr_kmeans_size5_lbl5	CIFAR100	ResNet18	simclr	kmeans	5	5	ResNet18_simclr_kmeans_size5	500	15	exact	100	1.56	0-01:05:00	benchmarks/downstream/jobs/evaluate/CIFAR100_ResNet18_simclr_kmeans_size5_lbl5.sh
CIFAR100_ResNet18_barlowtwins_full_size100_lbl1	CIFAR100	ResNet18	barlowtwins	full	100	1	ResNet18_barlowtwins_full_size100	300	15	exact	200	1.37	0-01:05:00	benchmarks/downstream/jobs/evaluate/CIFAR100_ResNet18_barlowtwins_full_size100_lbl1.sh
CIFAR100_ResNet18_barlowtwins_full_size100_lbl5	CIFAR100	ResNet18	barlowtwins	full	100	5	ResNet18_barlowtwins_full_size100	300	15	exact	100	1.56	0-01:05:00	benchmarks/downstream/jobs/evaluate/CIFAR100_ResNet18_barlowtwins_full_size100_lbl5.sh
CIFAR100_ResNet18_barlowtwins_random_size1_lbl1	CIFAR100	ResNet18	barlowtwins	random	1	1	ResNet18_barlowtwins_random_size1	1200	15	exact	200	1.37	0-01:05:00	benchmarks/downstream/jobs/evaluate/CIFAR100_ResNet18_barlowtwins_random_size1_lbl1.sh
CIFAR100_ResNet18_barlowtwins_random_size1_lbl5	CIFAR100	ResNet18	barlowtwins	random	1	5	ResNet18_barlowtwins_random_size1	1200	15	exact	100	1.56	0-01:05:00	benchmarks/downstream/jobs/evaluate/CIFAR100_ResNet18_barlowtwins_random_size1_lbl5.sh
CIFAR100_ResNet18_barlowtwins_random_size2_lbl1	CIFAR100	ResNet18	barlowtwins	random	2	1	ResNet18_barlowtwins_random_size2	800	15	exact	200	1.37	0-01:05:00	benchmarks/downstream/jobs/evaluate/CIFAR100_ResNet18_barlowtwins_random_size2_lbl1.sh
CIFAR100_ResNet18_barlowtwins_random_size2_lbl5	CIFAR100	ResNet18	barlowtwins	random	2	5	ResNet18_barlowtwins_random_size2	800	15	exact	100	1.56	0-01:05:00	benchmarks/downstream/jobs/evaluate/CIFAR100_ResNet18_barlowtwins_random_size2_lbl5.sh
CIFAR100_ResNet18_barlowtwins_random_size5_lbl1	CIFAR100	ResNet18	barlowtwins	random	5	1	ResNet18_barlowtwins_random_size5	500	15	exact	200	1.37	0-01:05:00	benchmarks/downstream/jobs/evaluate/CIFAR100_ResNet18_barlowtwins_random_size5_lbl1.sh
CIFAR100_ResNet18_barlowtwins_random_size5_lbl5	CIFAR100	ResNet18	barlowtwins	random	5	5	ResNet18_barlowtwins_random_size5	500	15	exact	100	1.56	0-01:05:00	benchmarks/downstream/jobs/evaluate/CIFAR100_ResNet18_barlowtwins_random_size5_lbl5.sh
CIFAR100_ResNet18_barlowtwins_kmeans_size1_lbl1	CIFAR100	ResNet18	barlowtwins	kmeans	1	1	ResNet18_barlowtwins_kmeans_size1	1200	15	exact	200	1.37	0-01:05:00	benchmarks/downstream/jobs/evaluate/CIFAR100_ResNet18_barlowtwins_kmeans_size1_lbl1.sh
CIFAR100_ResNet18_barlowtwins_kmeans_size1_lbl5	CIFAR100	ResNet18	barlowtwins	kmeans	1	5	ResNet18_barlowtwins_kmeans_size1	1200	15	exact	100	1.56	0-01:05:00	benchmarks/downstream/jobs/evaluate/CIFAR100_ResNet18_barlowtwins_kmeans_size1_lbl5.sh
CIFAR100_ResNet18_barlowtwins_kmeans_size2_lbl1	CIFAR100	ResNet18	barlowtwins	kmeans	2	1	ResNet18_barlowtwins_kmeans_size2	800	15	exact	200	1.37	0-01:05:00	benchmarks/downstream/jobs/evaluate/CIFAR100_ResNet18_barlowtwins_kmeans_size2_lbl1.sh
CIFAR100_ResNet18_barlowtwins_kmeans_size2_lbl5	CIFAR100	ResNet18	barlowtwins	kmeans	2	5	ResNet18_barlowtwins_kmeans_size2	800	15	exact	100	1.56	0-01:05:00	benchmarks/downstream/jobs/evaluate/CIFAR100_ResNet18_barlowtwins_kmeans_size2_lbl5.sh
CIFAR100_ResNet18_barlowtwins_kmeans_size5_lbl1	CIFAR100	ResNet18	barlowtwins	kmeans	5	1	ResNet18_barlowtwins_kmeans_size5	500	15	exact	200	1.37	0-01:05:00	benchmarks/downstream/jobs/evaluate/CIFAR100_ResNet18_barlowtwins_kmeans_size5_lbl1.sh
CIFAR100_ResNet18_barlowtwins_kmeans_size5_lbl5	CIFAR100	ResNet18	barlowtwins	kmeans	5	5	ResNet18_barlowtwins_kmeans_size5	500	15	exact	100	1.56	0-01:05:00	benchmarks/downstream/jobs/evaluate/CIFAR100_ResNet18_barlowtwins_kmeans_size5_lbl5.sh
CIFAR100_ResNet18_none_no_pretrain_size0_lbl1	CIFAR100	ResNet18	none	no_pretrain	0	1	none	0	15	exact	200	4.38	0-01:05:00	benchmarks/downstream/jobs/evaluate/CIFAR100_ResNet18_none_no_pretrain_size0_lbl1.sh
CIFAR100_ResNet18_none_no_pretrain_size0_lbl5	CIFAR100	ResNet18	none	no_pretrain	0	5	none	0	15	exact	100	9.07	0-01:10:00	benchmarks/downstream/jobs/evaluate/CIFAR100_ResNet18_none_no_pretrain_size0_lbl5.sh
Aircraft_ConvNet_simclr_full_size100_lbl1	Aircraft	ConvNet	simclr	full	100	1	ConvNet_simclr_full_size100	300	15	exact	200	1.31	0-01:05:00	benchmarks/downstream/jobs/evaluate/Aircraft_ConvNet_simclr_full_size100_lbl1.sh
Aircraft_ConvNet_simclr_full_size100_lbl5	Aircraft	ConvNet	simclr	full	100	5	ConvNet_simclr_full_size100	300	15	exact	100	1.31	0-01:05:00	benchmarks/downstream/jobs/evaluate/Aircraft_ConvNet_simclr_full_size100_lbl5.sh
Aircraft_ConvNet_simclr_random_size1_lbl1	Aircraft	ConvNet	simclr	random	1	1	ConvNet_simclr_random_size1	1200	15	exact	200	1.31	0-01:05:00	benchmarks/downstream/jobs/evaluate/Aircraft_ConvNet_simclr_random_size1_lbl1.sh
Aircraft_ConvNet_simclr_random_size1_lbl5	Aircraft	ConvNet	simclr	random	1	5	ConvNet_simclr_random_size1	1200	15	exact	100	1.31	0-01:05:00	benchmarks/downstream/jobs/evaluate/Aircraft_ConvNet_simclr_random_size1_lbl5.sh
Aircraft_ConvNet_simclr_random_size2_lbl1	Aircraft	ConvNet	simclr	random	2	1	ConvNet_simclr_random_size2	800	15	exact	200	1.31	0-01:05:00	benchmarks/downstream/jobs/evaluate/Aircraft_ConvNet_simclr_random_size2_lbl1.sh
Aircraft_ConvNet_simclr_random_size2_lbl5	Aircraft	ConvNet	simclr	random	2	5	ConvNet_simclr_random_size2	800	15	exact	100	1.31	0-01:05:00	benchmarks/downstream/jobs/evaluate/Aircraft_ConvNet_simclr_random_size2_lbl5.sh
Aircraft_ConvNet_simclr_random_size5_lbl1	Aircraft	ConvNet	simclr	random	5	1	ConvNet_simclr_random_size5	500	15	exact	200	1.31	0-01:05:00	benchmarks/downstream/jobs/evaluate/Aircraft_ConvNet_simclr_random_size5_lbl1.sh
Aircraft_ConvNet_simclr_random_size5_lbl5	Aircraft	ConvNet	simclr	random	5	5	ConvNet_simclr_random_size5	500	15	exact	100	1.31	0-01:05:00	benchmarks/downstream/jobs/evaluate/Aircraft_ConvNet_simclr_random_size5_lbl5.sh
Aircraft_ConvNet_simclr_kmeans_size1_lbl1	Aircraft	ConvNet	simclr	kmeans	1	1	ConvNet_simclr_kmeans_size1	1200	15	exact	200	1.31	0-01:05:00	benchmarks/downstream/jobs/evaluate/Aircraft_ConvNet_simclr_kmeans_size1_lbl1.sh
Aircraft_ConvNet_simclr_kmeans_size1_lbl5	Aircraft	ConvNet	simclr	kmeans	1	5	ConvNet_simclr_kmeans_size1	1200	15	exact	100	1.31	0-01:05:00	benchmarks/downstream/jobs/evaluate/Aircraft_ConvNet_simclr_kmeans_size1_lbl5.sh
Aircraft_ConvNet_simclr_kmeans_size2_lbl1	Aircraft	ConvNet	simclr	kmeans	2	1	ConvNet_simclr_kmeans_size2	800	15	exact	200	1.31	0-01:05:00	benchmarks/downstream/jobs/evaluate/Aircraft_ConvNet_simclr_kmeans_size2_lbl1.sh
Aircraft_ConvNet_simclr_kmeans_size2_lbl5	Aircraft	ConvNet	simclr	kmeans	2	5	ConvNet_simclr_kmeans_size2	800	15	exact	100	1.31	0-01:05:00	benchmarks/downstream/jobs/evaluate/Aircraft_ConvNet_simclr_kmeans_size2_lbl5.sh
Aircraft_ConvNet_simclr_kmeans_size5_lbl1	Aircraft	ConvNet	simclr	kmeans	5	1	ConvNet_simclr_kmeans_size5	500	15	exact	200	1.31	0-01:05:00	benchmarks/downstream/jobs/evaluate/Aircraft_ConvNet_simclr_kmeans_size5_lbl1.sh
Aircraft_ConvNet_simclr_kmeans_size5_lbl5	Aircraft	ConvNet	simclr	kmeans	5	5	ConvNet_simclr_kmeans_size5	500	15	exact	100	1.31	0-01:05:00	benchmarks/downstream/jobs/evaluate/Aircraft_ConvNet_simclr_kmeans_size5_lbl5.sh
Aircraft_ConvNet_barlowtwins_full_size100_lbl1	Aircraft	ConvNet	barlowtwins	full	100	1	ConvNet_barlowtwins_full_size100	300	15	exact	200	1.31	0-01:05:00	benchmarks/downstream/jobs/evaluate/Aircraft_ConvNet_barlowtwins_full_size100_lbl1.sh
Aircraft_ConvNet_barlowtwins_full_size100_lbl5	Aircraft	ConvNet	barlowtwins	full	100	5	ConvNet_barlowtwins_full_size100	300	15	exact	100	1.31	0-01:05:00	benchmarks/downstream/jobs/evaluate/Aircraft_ConvNet_barlowtwins_full_size100_lbl5.sh
Aircraft_ConvNet_barlowtwins_random_size1_lbl1	Aircraft	ConvNet	barlowtwins	random	1	1	ConvNet_barlowtwins_random_size1	1200	15	exact	200	1.31	0-01:05:00	benchmarks/downstream/jobs/evaluate/Aircraft_ConvNet_barlowtwins_random_size1_lbl1.sh
Aircraft_ConvNet_barlowtwins_random_size1_lbl5	Aircraft	ConvNet	barlowtwins	random	1	5	ConvNet_barlowtwins_random_size1	1200	15	exact	100	1.31	0-01:05:00	benchmarks/downstream/jobs/evaluate/Aircraft_ConvNet_barlowtwins_random_size1_lbl5.sh
Aircraft_ConvNet_barlowtwins_random_size2_lbl1	Aircraft	ConvNet	barlowtwins	random	2	1	ConvNet_barlowtwins_random_size2	800	15	exact	200	1.31	0-01:05:00	benchmarks/downstream/jobs/evaluate/Aircraft_ConvNet_barlowtwins_random_size2_lbl1.sh
Aircraft_ConvNet_barlowtwins_random_size2_lbl5	Aircraft	ConvNet	barlowtwins	random	2	5	ConvNet_barlowtwins_random_size2	800	15	exact	100	1.31	0-01:05:00	benchmarks/downstream/jobs/evaluate/Aircraft_ConvNet_barlowtwins_random_size2_lbl5.sh
Aircraft_ConvNet_barlowtwins_random_size5_lbl1	Aircraft	ConvNet	barlowtwins	random	5	1	ConvNet_barlowtwins_random_size5	500	15	exact	200	1.31	0-01:05:00	benchmarks/downstream/jobs/evaluate/Aircraft_ConvNet_barlowtwins_random_size5_lbl1.sh
Aircraft_ConvNet_barlowtwins_random_size5_lbl5	Aircraft	ConvNet	barlowtwins	random	5	5	ConvNet_barlowtwins_random_size5	500	15	exact	100	1.31	0-01:05:00	benchmarks/downstream/jobs/evaluate/Aircraft_ConvNet_barlowtwins_random_size5_lbl5.sh
Aircraft_ConvNet_barlowtwins_kmeans_size1_lbl1	Aircraft	ConvNet	barlowtwins	kmeans	1	1	ConvNet_barlowtwins_kmeans_size1	1200	15	exact	200	1.31	0-01:05:00	benchmarks/downstream/jobs/evaluate/Aircraft_ConvNet_barlowtwins_kmeans_size1_lbl1.sh
Aircraft_ConvNet_barlowtwins_kmeans_size1_lbl5	Aircraft	ConvNet	barlowtwins	kmeans	1	5	ConvNet_barlowtwins_kmeans_size1	1200	15	exact	100	1.31	0-01:05:00	benchmarks/downstream/jobs/evaluate/Aircraft_ConvNet_barlowtwins_kmeans_size1_lbl5.sh
Aircraft_ConvNet_barlowtwins_kmeans_size2_lbl1	Aircraft	ConvNet	barlowtwins	kmeans	2	1	ConvNet_barlowtwins_kmeans_size2	800	15	exact	200	1.31	0-01:05:00	benchmarks/downstream/jobs/evaluate/Aircraft_ConvNet_barlowtwins_kmeans_size2_lbl1.sh
Aircraft_ConvNet_barlowtwins_kmeans_size2_lbl5	Aircraft	ConvNet	barlowtwins	kmeans	2	5	ConvNet_barlowtwins_kmeans_size2	800	15	exact	100	1.31	0-01:05:00	benchmarks/downstream/jobs/evaluate/Aircraft_ConvNet_barlowtwins_kmeans_size2_lbl5.sh
Aircraft_ConvNet_barlowtwins_kmeans_size5_lbl1	Aircraft	ConvNet	barlowtwins	kmeans	5	1	ConvNet_barlowtwins_kmeans_size5	500	15	exact	200	1.31	0-01:05:00	benchmarks/downstream/jobs/evaluate/Aircraft_ConvNet_barlowtwins_kmeans_size5_lbl1.sh
Aircraft_ConvNet_barlowtwins_kmeans_size5_lbl5	Aircraft	ConvNet	barlowtwins	kmeans	5	5	ConvNet_barlowtwins_kmeans_size5	500	15	exact	100	1.31	0-01:05:00	benchmarks/downstream/jobs/evaluate/Aircraft_ConvNet_barlowtwins_kmeans_size5_lbl5.sh
Aircraft_ConvNet_none_no_pretrain_size0_lbl1	Aircraft	ConvNet	none	no_pretrain	0	1	none	0	15	exact	200	1.69	0-01:05:00	benchmarks/downstream/jobs/evaluate/Aircraft_ConvNet_none_no_pretrain_size0_lbl1.sh
Aircraft_ConvNet_none_no_pretrain_size0_lbl5	Aircraft	ConvNet	none	no_pretrain	0	5	none	0	15	exact	100	1.69	0-01:05:00	benchmarks/downstream/jobs/evaluate/Aircraft_ConvNet_none_no_pretrain_size0_lbl5.sh
Aircraft_VGG11_simclr_full_size100_lbl1	Aircraft	VGG11	simclr	full	100	1	VGG11_simclr_full_size100	300	15	exact	200	1.31	0-01:05:00	benchmarks/downstream/jobs/evaluate/Aircraft_VGG11_simclr_full_size100_lbl1.sh
Aircraft_VGG11_simclr_full_size100_lbl5	Aircraft	VGG11	simclr	full	100	5	VGG11_simclr_full_size100	300	15	exact	100	1.31	0-01:05:00	benchmarks/downstream/jobs/evaluate/Aircraft_VGG11_simclr_full_size100_lbl5.sh
Aircraft_VGG11_simclr_random_size1_lbl1	Aircraft	VGG11	simclr	random	1	1	VGG11_simclr_random_size1	1200	15	exact	200	1.31	0-01:05:00	benchmarks/downstream/jobs/evaluate/Aircraft_VGG11_simclr_random_size1_lbl1.sh
Aircraft_VGG11_simclr_random_size1_lbl5	Aircraft	VGG11	simclr	random	1	5	VGG11_simclr_random_size1	1200	15	exact	100	1.31	0-01:05:00	benchmarks/downstream/jobs/evaluate/Aircraft_VGG11_simclr_random_size1_lbl5.sh
Aircraft_VGG11_simclr_random_size2_lbl1	Aircraft	VGG11	simclr	random	2	1	VGG11_simclr_random_size2	800	15	exact	200	1.31	0-01:05:00	benchmarks/downstream/jobs/evaluate/Aircraft_VGG11_simclr_random_size2_lbl1.sh
Aircraft_VGG11_simclr_random_size2_lbl5	Aircraft	VGG11	simclr	random	2	5	VGG11_simclr_random_size2	800	15	exact	100	1.31	0-01:05:00	benchmarks/downstream/jobs/evaluate/Aircraft_VGG11_simclr_random_size2_lbl5.sh
Aircraft_VGG11_simclr_random_size5_lbl1	Aircraft	VGG11	simclr	random	5	1	VGG11_simclr_random_size5	500	15	exact	200	1.31	0-01:05:00	benchmarks/downstream/jobs/evaluate/Aircraft_VGG11_simclr_random_size5_lbl1.sh
Aircraft_VGG11_simclr_random_size5_lbl5	Aircraft	VGG11	simclr	random	5	5	VGG11_simclr_random_size5	500	15	exact	100	1.31	0-01:05:00	benchmarks/downstream/jobs/evaluate/Aircraft_VGG11_simclr_random_size5_lbl5.sh
Aircraft_VGG11_simclr_kmeans_size1_lbl1	Aircraft	VGG11	simclr	kmeans	1	1	VGG11_simclr_kmeans_size1	1200	15	exact	200	1.31	0-01:05:00	benchmarks/downstream/jobs/evaluate/Aircraft_VGG11_simclr_kmeans_size1_lbl1.sh
Aircraft_VGG11_simclr_kmeans_size1_lbl5	Aircraft	VGG11	simclr	kmeans	1	5	VGG11_simclr_kmeans_size1	1200	15	exact	100	1.31	0-01:05:00	benchmarks/downstream/jobs/evaluate/Aircraft_VGG11_simclr_kmeans_size1_lbl5.sh
Aircraft_VGG11_simclr_kmeans_size2_lbl1	Aircraft	VGG11	simclr	kmeans	2	1	VGG11_simclr_kmeans_size2	800	15	exact	200	1.31	0-01:05:00	benchmarks/downstream/jobs/evaluate/Aircraft_VGG11_simclr_kmeans_size2_lbl1.sh
Aircraft_VGG11_simclr_kmeans_size2_lbl5	Aircraft	VGG11	simclr	kmeans	2	5	VGG11_simclr_kmeans_size2	800	15	exact	100	1.31	0-01:05:00	benchmarks/downstream/jobs/evaluate/Aircraft_VGG11_simclr_kmeans_size2_lbl5.sh
Aircraft_VGG11_simclr_kmeans_size5_lbl1	Aircraft	VGG11	simclr	kmeans	5	1	VGG11_simclr_kmeans_size5	500	15	exact	200	1.31	0-01:05:00	benchmarks/downstream/jobs/evaluate/Aircraft_VGG11_simclr_kmeans_size5_lbl1.sh
Aircraft_VGG11_simclr_kmeans_size5_lbl5	Aircraft	VGG11	simclr	kmeans	5	5	VGG11_simclr_kmeans_size5	500	15	exact	100	1.31	0-01:05:00	benchmarks/downstream/jobs/evaluate/Aircraft_VGG11_simclr_kmeans_size5_lbl5.sh
Aircraft_VGG11_barlowtwins_full_size100_lbl1	Aircraft	VGG11	barlowtwins	full	100	1	VGG11_barlowtwins_full_size100	300	15	exact	200	1.31	0-01:05:00	benchmarks/downstream/jobs/evaluate/Aircraft_VGG11_barlowtwins_full_size100_lbl1.sh
Aircraft_VGG11_barlowtwins_full_size100_lbl5	Aircraft	VGG11	barlowtwins	full	100	5	VGG11_barlowtwins_full_size100	300	15	exact	100	1.31	0-01:05:00	benchmarks/downstream/jobs/evaluate/Aircraft_VGG11_barlowtwins_full_size100_lbl5.sh
Aircraft_VGG11_barlowtwins_random_size1_lbl1	Aircraft	VGG11	barlowtwins	random	1	1	VGG11_barlowtwins_random_size1	1200	15	exact	200	1.31	0-01:05:00	benchmarks/downstream/jobs/evaluate/Aircraft_VGG11_barlowtwins_random_size1_lbl1.sh
Aircraft_VGG11_barlowtwins_random_size1_lbl5	Aircraft	VGG11	barlowtwins	random	1	5	VGG11_barlowtwins_random_size1	1200	15	exact	100	1.31	0-01:05:00	benchmarks/downstream/jobs/evaluate/Aircraft_VGG11_barlowtwins_random_size1_lbl5.sh
Aircraft_VGG11_barlowtwins_random_size2_lbl1	Aircraft	VGG11	barlowtwins	random	2	1	VGG11_barlowtwins_random_size2	800	15	exact	200	1.31	0-01:05:00	benchmarks/downstream/jobs/evaluate/Aircraft_VGG11_barlowtwins_random_size2_lbl1.sh
Aircraft_VGG11_barlowtwins_random_size2_lbl5	Aircraft	VGG11	barlowtwins	random	2	5	VGG11_barlowtwins_random_size2	800	15	exact	100	1.31	0-01:05:00	benchmarks/downstream/jobs/evaluate/Aircraft_VGG11_barlowtwins_random_size2_lbl5.sh
Aircraft_VGG11_barlowtwins_random_size5_lbl1	Aircraft	VGG11	barlowtwins	random	5	1	VGG11_barlowtwins_random_size5	500	15	exact	200	1.31	0-01:05:00	benchmarks/downstream/jobs/evaluate/Aircraft_VGG11_barlowtwins_random_size5_lbl1.sh
Aircraft_VGG11_barlowtwins_random_size5_lbl5	Aircraft	VGG11	barlowtwins	random	5	5	VGG11_barlowtwins_random_size5	500	15	exact	100	1.31	0-01:05:00	benchmarks/downstream/jobs/evaluate/Aircraft_VGG11_barlowtwins_random_size5_lbl5.sh
Aircraft_VGG11_barlowtwins_kmeans_size1_lbl1	Aircraft	VGG11	barlowtwins	kmeans	1	1	VGG11_barlowtwins_kmeans_size1	1200	15	exact	200	1.31	0-01:05:00	benchmarks/downstream/jobs/evaluate/Aircraft_VGG11_barlowtwins_kmeans_size1_lbl1.sh
Aircraft_VGG11_barlowtwins_kmeans_size1_lbl5	Aircraft	VGG11	barlowtwins	kmeans	1	5	VGG11_barlowtwins_kmeans_size1	1200	15	exact	100	1.31	0-01:05:00	benchmarks/downstream/jobs/evaluate/Aircraft_VGG11_barlowtwins_kmeans_size1_lbl5.sh
Aircraft_VGG11_barlowtwins_kmeans_size2_lbl1	Aircraft	VGG11	barlowtwins	kmeans	2	1	VGG11_barlowtwins_kmeans_size2	800	15	exact	200	1.31	0-01:05:00	benchmarks/downstream/jobs/evaluate/Aircraft_VGG11_barlowtwins_kmeans_size2_lbl1.sh
Aircraft_VGG11_barlowtwins_kmeans_size2_lbl5	Aircraft	VGG11	barlowtwins	kmeans	2	5	VGG11_barlowtwins_kmeans_size2	800	15	exact	100	1.31	0-01:05:00	benchmarks/downstream/jobs/evaluate/Aircraft_VGG11_barlowtwins_kmeans_size2_lbl5.sh
Aircraft_VGG11_barlowtwins_kmeans_size5_lbl1	Aircraft	VGG11	barlowtwins	kmeans	5	1	VGG11_barlowtwins_kmeans_size5	500	15	exact	200	1.31	0-01:05:00	benchmarks/downstream/jobs/evaluate/Aircraft_VGG11_barlowtwins_kmeans_size5_lbl1.sh
Aircraft_VGG11_barlowtwins_kmeans_size5_lbl5	Aircraft	VGG11	barlowtwins	kmeans	5	5	VGG11_barlowtwins_kmeans_size5	500	15	exact	100	1.31	0-01:05:00	benchmarks/downstream/jobs/evaluate/Aircraft_VGG11_barlowtwins_kmeans_size5_lbl5.sh
Aircraft_VGG11_none_no_pretrain_size0_lbl1	Aircraft	VGG11	none	no_pretrain	0	1	none	0	15	exact	200	1.74	0-01:05:00	benchmarks/downstream/jobs/evaluate/Aircraft_VGG11_none_no_pretrain_size0_lbl1.sh
Aircraft_VGG11_none_no_pretrain_size0_lbl5	Aircraft	VGG11	none	no_pretrain	0	5	none	0	15	exact	100	1.74	0-01:05:00	benchmarks/downstream/jobs/evaluate/Aircraft_VGG11_none_no_pretrain_size0_lbl5.sh
Aircraft_ResNet18_simclr_full_size100_lbl1	Aircraft	ResNet18	simclr	full	100	1	ResNet18_simclr_full_size100	300	15	exact	200	1.37	0-01:05:00	benchmarks/downstream/jobs/evaluate/Aircraft_ResNet18_simclr_full_size100_lbl1.sh
Aircraft_ResNet18_simclr_full_size100_lbl5	Aircraft	ResNet18	simclr	full	100	5	ResNet18_simclr_full_size100	300	15	exact	100	1.37	0-01:05:00	benchmarks/downstream/jobs/evaluate/Aircraft_ResNet18_simclr_full_size100_lbl5.sh
Aircraft_ResNet18_simclr_random_size1_lbl1	Aircraft	ResNet18	simclr	random	1	1	ResNet18_simclr_random_size1	1200	15	exact	200	1.37	0-01:05:00	benchmarks/downstream/jobs/evaluate/Aircraft_ResNet18_simclr_random_size1_lbl1.sh
Aircraft_ResNet18_simclr_random_size1_lbl5	Aircraft	ResNet18	simclr	random	1	5	ResNet18_simclr_random_size1	1200	15	exact	100	1.37	0-01:05:00	benchmarks/downstream/jobs/evaluate/Aircraft_ResNet18_simclr_random_size1_lbl5.sh
Aircraft_ResNet18_simclr_random_size2_lbl1	Aircraft	ResNet18	simclr	random	2	1	ResNet18_simclr_random_size2	800	15	exact	200	1.37	0-01:05:00	benchmarks/downstream/jobs/evaluate/Aircraft_ResNet18_simclr_random_size2_lbl1.sh
Aircraft_ResNet18_simclr_random_size2_lbl5	Aircraft	ResNet18	simclr	random	2	5	ResNet18_simclr_random_size2	800	15	exact	100	1.37	0-01:05:00	benchmarks/downstream/jobs/evaluate/Aircraft_ResNet18_simclr_random_size2_lbl5.sh
Aircraft_ResNet18_simclr_random_size5_lbl1	Aircraft	ResNet18	simclr	random	5	1	ResNet18_simclr_random_size5	500	15	exact	200	1.37	0-01:05:00	benchmarks/downstream/jobs/evaluate/Aircraft_ResNet18_simclr_random_size5_lbl1.sh
Aircraft_ResNet18_simclr_random_size5_lbl5	Aircraft	ResNet18	simclr	random	5	5	ResNet18_simclr_random_size5	500	15	exact	100	1.37	0-01:05:00	benchmarks/downstream/jobs/evaluate/Aircraft_ResNet18_simclr_random_size5_lbl5.sh
Aircraft_ResNet18_simclr_kmeans_size1_lbl1	Aircraft	ResNet18	simclr	kmeans	1	1	ResNet18_simclr_kmeans_size1	1200	15	exact	200	1.37	0-01:05:00	benchmarks/downstream/jobs/evaluate/Aircraft_ResNet18_simclr_kmeans_size1_lbl1.sh
Aircraft_ResNet18_simclr_kmeans_size1_lbl5	Aircraft	ResNet18	simclr	kmeans	1	5	ResNet18_simclr_kmeans_size1	1200	15	exact	100	1.37	0-01:05:00	benchmarks/downstream/jobs/evaluate/Aircraft_ResNet18_simclr_kmeans_size1_lbl5.sh
Aircraft_ResNet18_simclr_kmeans_size2_lbl1	Aircraft	ResNet18	simclr	kmeans	2	1	ResNet18_simclr_kmeans_size2	800	15	exact	200	1.37	0-01:05:00	benchmarks/downstream/jobs/evaluate/Aircraft_ResNet18_simclr_kmeans_size2_lbl1.sh
Aircraft_ResNet18_simclr_kmeans_size2_lbl5	Aircraft	ResNet18	simclr	kmeans	2	5	ResNet18_simclr_kmeans_size2	800	15	exact	100	1.37	0-01:05:00	benchmarks/downstream/jobs/evaluate/Aircraft_ResNet18_simclr_kmeans_size2_lbl5.sh
Aircraft_ResNet18_simclr_kmeans_size5_lbl1	Aircraft	ResNet18	simclr	kmeans	5	1	ResNet18_simclr_kmeans_size5	500	15	exact	200	1.37	0-01:05:00	benchmarks/downstream/jobs/evaluate/Aircraft_ResNet18_simclr_kmeans_size5_lbl1.sh
Aircraft_ResNet18_simclr_kmeans_size5_lbl5	Aircraft	ResNet18	simclr	kmeans	5	5	ResNet18_simclr_kmeans_size5	500	15	exact	100	1.37	0-01:05:00	benchmarks/downstream/jobs/evaluate/Aircraft_ResNet18_simclr_kmeans_size5_lbl5.sh
Aircraft_ResNet18_barlowtwins_full_size100_lbl1	Aircraft	ResNet18	barlowtwins	full	100	1	ResNet18_barlowtwins_full_size100	300	15	exact	200	1.37	0-01:05:00	benchmarks/downstream/jobs/evaluate/Aircraft_ResNet18_barlowtwins_full_size100_lbl1.sh
Aircraft_ResNet18_barlowtwins_full_size100_lbl5	Aircraft	ResNet18	barlowtwins	full	100	5	ResNet18_barlowtwins_full_size100	300	15	exact	100	1.37	0-01:05:00	benchmarks/downstream/jobs/evaluate/Aircraft_ResNet18_barlowtwins_full_size100_lbl5.sh
Aircraft_ResNet18_barlowtwins_random_size1_lbl1	Aircraft	ResNet18	barlowtwins	random	1	1	ResNet18_barlowtwins_random_size1	1200	15	exact	200	1.37	0-01:05:00	benchmarks/downstream/jobs/evaluate/Aircraft_ResNet18_barlowtwins_random_size1_lbl1.sh
Aircraft_ResNet18_barlowtwins_random_size1_lbl5	Aircraft	ResNet18	barlowtwins	random	1	5	ResNet18_barlowtwins_random_size1	1200	15	exact	100	1.37	0-01:05:00	benchmarks/downstream/jobs/evaluate/Aircraft_ResNet18_barlowtwins_random_size1_lbl5.sh
Aircraft_ResNet18_barlowtwins_random_size2_lbl1	Aircraft	ResNet18	barlowtwins	random	2	1	ResNet18_barlowtwins_random_size2	800	15	exact	200	1.37	0-01:05:00	benchmarks/downstream/jobs/evaluate/Aircraft_ResNet18_barlowtwins_random_size2_lbl1.sh
Aircraft_ResNet18_barlowtwins_random_size2_lbl5	Aircraft	ResNet18	barlowtwins	random	2	5	ResNet18_barlowtwins_random_size2	800	15	exact	100	1.37	0-01:05:00	benchmarks/downstream/jobs/evaluate/Aircraft_ResNet18_barlowtwins_random_size2_lbl5.sh
Aircraft_ResNet18_barlowtwins_random_size5_lbl1	Aircraft	ResNet18	barlowtwins	random	5	1	ResNet18_barlowtwins_random_size5	500	15	exact	200	1.37	0-01:05:00	benchmarks/downstream/jobs/evaluate/Aircraft_ResNet18_barlowtwins_random_size5_lbl1.sh
Aircraft_ResNet18_barlowtwins_random_size5_lbl5	Aircraft	ResNet18	barlowtwins	random	5	5	ResNet18_barlowtwins_random_size5	500	15	exact	100	1.37	0-01:05:00	benchmarks/downstream/jobs/evaluate/Aircraft_ResNet18_barlowtwins_random_size5_lbl5.sh
Aircraft_ResNet18_barlowtwins_kmeans_size1_lbl1	Aircraft	ResNet18	barlowtwins	kmeans	1	1	ResNet18_barlowtwins_kmeans_size1	1200	15	exact	200	1.37	0-01:05:00	benchmarks/downstream/jobs/evaluate/Aircraft_ResNet18_barlowtwins_kmeans_size1_lbl1.sh
Aircraft_ResNet18_barlowtwins_kmeans_size1_lbl5	Aircraft	ResNet18	barlowtwins	kmeans	1	5	ResNet18_barlowtwins_kmeans_size1	1200	15	exact	100	1.37	0-01:05:00	benchmarks/downstream/jobs/evaluate/Aircraft_ResNet18_barlowtwins_kmeans_size1_lbl5.sh
Aircraft_ResNet18_barlowtwins_kmeans_size2_lbl1	Aircraft	ResNet18	barlowtwins	kmeans	2	1	ResNet18_barlowtwins_kmeans_size2	800	15	exact	200	1.37	0-01:05:00	benchmarks/downstream/jobs/evaluate/Aircraft_ResNet18_barlowtwins_kmeans_size2_lbl1.sh
Aircraft_ResNet18_barlowtwins_kmeans_size2_lbl5	Aircraft	ResNet18	barlowtwins	kmeans	2	5	ResNet18_barlowtwins_kmeans_size2	800	15	exact	100	1.37	0-01:05:00	benchmarks/downstream/jobs/evaluate/Aircraft_ResNet18_barlowtwins_kmeans_size2_lbl5.sh
Aircraft_ResNet18_barlowtwins_kmeans_size5_lbl1	Aircraft	ResNet18	barlowtwins	kmeans	5	1	ResNet18_barlowtwins_kmeans_size5	500	15	exact	200	1.37	0-01:05:00	benchmarks/downstream/jobs/evaluate/Aircraft_ResNet18_barlowtwins_kmeans_size5_lbl1.sh
Aircraft_ResNet18_barlowtwins_kmeans_size5_lbl5	Aircraft	ResNet18	barlowtwins	kmeans	5	5	ResNet18_barlowtwins_kmeans_size5	500	15	exact	100	1.37	0-01:05:00	benchmarks/downstream/jobs/evaluate/Aircraft_ResNet18_barlowtwins_kmeans_size5_lbl5.sh
Aircraft_ResNet18_none_no_pretrain_size0_lbl1	Aircraft	ResNet18	none	no_pretrain	0	1	none	0	15	exact	200	2.88	0-01:05:00	benchmarks/downstream/jobs/evaluate/Aircraft_ResNet18_none_no_pretrain_size0_lbl1.sh
Aircraft_ResNet18_none_no_pretrain_size0_lbl5	Aircraft	ResNet18	none	no_pretrain	0	5	none	0	15	exact	100	2.88	0-01:05:00	benchmarks/downstream/jobs/evaluate/Aircraft_ResNet18_none_no_pretrain_size0_lbl5.sh
CUB2011_ConvNet_simclr_full_size100_lbl1	CUB2011	ConvNet	simclr	full	100	1	ConvNet_simclr_full_size100	300	15	exact	200	1.31	0-01:05:00	benchmarks/downstream/jobs/evaluate/CUB2011_ConvNet_simclr_full_size100_lbl1.sh
CUB2011_ConvNet_simclr_full_size100_lbl5	CUB2011	ConvNet	simclr	full	100	5	ConvNet_simclr_full_size100	300	15	exact	100	1.31	0-01:05:00	benchmarks/downstream/jobs/evaluate/CUB2011_ConvNet_simclr_full_size100_lbl5.sh
CUB2011_ConvNet_simclr_random_size1_lbl1	CUB2011	ConvNet	simclr	random	1	1	ConvNet_simclr_random_size1	1200	15	exact	200	1.31	0-01:05:00	benchmarks/downstream/jobs/evaluate/CUB2011_ConvNet_simclr_random_size1_lbl1.sh
CUB2011_ConvNet_simclr_random_size1_lbl5	CUB2011	ConvNet	simclr	random	1	5	ConvNet_simclr_random_size1	1200	15	exact	100	1.31	0-01:05:00	benchmarks/downstream/jobs/evaluate/CUB2011_ConvNet_simclr_random_size1_lbl5.sh
CUB2011_ConvNet_simclr_random_size2_lbl1	CUB2011	ConvNet	simclr	random	2	1	ConvNet_simclr_random_size2	800	15	exact	200	1.31	0-01:05:00	benchmarks/downstream/jobs/evaluate/CUB2011_ConvNet_simclr_random_size2_lbl1.sh
CUB2011_ConvNet_simclr_random_size2_lbl5	CUB2011	ConvNet	simclr	random	2	5	ConvNet_simclr_random_size2	800	15	exact	100	1.31	0-01:05:00	benchmarks/downstream/jobs/evaluate/CUB2011_ConvNet_simclr_random_size2_lbl5.sh
CUB2011_ConvNet_simclr_random_size5_lbl1	CUB2011	ConvNet	simclr	random	5	1	ConvNet_simclr_random_size5	500	15	exact	200	1.31	0-01:05:00	benchmarks/downstream/jobs/evaluate/CUB2011_ConvNet_simclr_random_size5_lbl1.sh
CUB2011_ConvNet_simclr_random_size5_lbl5	CUB2011	ConvNet	simclr	random	5	5	ConvNet_simclr_random_size5	500	15	exact	100	1.31	0-01:05:00	benchmarks/downstream/jobs/evaluate/CUB2011_ConvNet_simclr_random_size5_lbl5.sh
CUB2011_ConvNet_simclr_kmeans_size1_lbl1	CUB2011	ConvNet	simclr	kmeans	1	1	ConvNet_simclr_kmeans_size1	1200	15	exact	200	1.31	0-01:05:00	benchmarks/downstream/jobs/evaluate/CUB2011_ConvNet_simclr_kmeans_size1_lbl1.sh
CUB2011_ConvNet_simclr_kmeans_size1_lbl5	CUB2011	ConvNet	simclr	kmeans	1	5	ConvNet_simclr_kmeans_size1	1200	15	exact	100	1.31	0-01:05:00	benchmarks/downstream/jobs/evaluate/CUB2011_ConvNet_simclr_kmeans_size1_lbl5.sh
CUB2011_ConvNet_simclr_kmeans_size2_lbl1	CUB2011	ConvNet	simclr	kmeans	2	1	ConvNet_simclr_kmeans_size2	800	15	exact	200	1.31	0-01:05:00	benchmarks/downstream/jobs/evaluate/CUB2011_ConvNet_simclr_kmeans_size2_lbl1.sh
CUB2011_ConvNet_simclr_kmeans_size2_lbl5	CUB2011	ConvNet	simclr	kmeans	2	5	ConvNet_simclr_kmeans_size2	800	15	exact	100	1.31	0-01:05:00	benchmarks/downstream/jobs/evaluate/CUB2011_ConvNet_simclr_kmeans_size2_lbl5.sh
CUB2011_ConvNet_simclr_kmeans_size5_lbl1	CUB2011	ConvNet	simclr	kmeans	5	1	ConvNet_simclr_kmeans_size5	500	15	exact	200	1.31	0-01:05:00	benchmarks/downstream/jobs/evaluate/CUB2011_ConvNet_simclr_kmeans_size5_lbl1.sh
CUB2011_ConvNet_simclr_kmeans_size5_lbl5	CUB2011	ConvNet	simclr	kmeans	5	5	ConvNet_simclr_kmeans_size5	500	15	exact	100	1.31	0-01:05:00	benchmarks/downstream/jobs/evaluate/CUB2011_ConvNet_simclr_kmeans_size5_lbl5.sh
CUB2011_ConvNet_barlowtwins_full_size100_lbl1	CUB2011	ConvNet	barlowtwins	full	100	1	ConvNet_barlowtwins_full_size100	300	15	exact	200	1.31	0-01:05:00	benchmarks/downstream/jobs/evaluate/CUB2011_ConvNet_barlowtwins_full_size100_lbl1.sh
CUB2011_ConvNet_barlowtwins_full_size100_lbl5	CUB2011	ConvNet	barlowtwins	full	100	5	ConvNet_barlowtwins_full_size100	300	15	exact	100	1.31	0-01:05:00	benchmarks/downstream/jobs/evaluate/CUB2011_ConvNet_barlowtwins_full_size100_lbl5.sh
CUB2011_ConvNet_barlowtwins_random_size1_lbl1	CUB2011	ConvNet	barlowtwins	random	1	1	ConvNet_barlowtwins_random_size1	1200	15	exact	200	1.31	0-01:05:00	benchmarks/downstream/jobs/evaluate/CUB2011_ConvNet_barlowtwins_random_size1_lbl1.sh
CUB2011_ConvNet_barlowtwins_random_size1_lbl5	CUB2011	ConvNet	barlowtwins	random	1	5	ConvNet_barlowtwins_random_size1	1200	15	exact	100	1.31	0-01:05:00	benchmarks/downstream/jobs/evaluate/CUB2011_ConvNet_barlowtwins_random_size1_lbl5.sh
CUB2011_ConvNet_barlowtwins_random_size2_lbl1	CUB2011	ConvNet	barlowtwins	random	2	1	ConvNet_barlowtwins_random_size2	800	15	exact	200	1.31	0-01:05:00	benchmarks/downstream/jobs/evaluate/CUB2011_ConvNet_barlowtwins_random_size2_lbl1.sh
CUB2011_ConvNet_barlowtwins_random_size2_lbl5	CUB2011	ConvNet	barlowtwins	random	2	5	ConvNet_barlowtwins_random_size2	800	15	exact	100	1.31	0-01:05:00	benchmarks/downstream/jobs/evaluate/CUB2011_ConvNet_barlowtwins_random_size2_lbl5.sh
CUB2011_ConvNet_barlowtwins_random_size5_lbl1	CUB2011	ConvNet	barlowtwins	random	5	1	ConvNet_barlowtwins_random_size5	500	15	exact	200	1.31	0-01:05:00	benchmarks/downstream/jobs/evaluate/CUB2011_ConvNet_barlowtwins_random_size5_lbl1.sh
CUB2011_ConvNet_barlowtwins_random_size5_lbl5	CUB2011	ConvNet	barlowtwins	random	5	5	ConvNet_barlowtwins_random_size5	500	15	exact	100	1.31	0-01:05:00	benchmarks/downstream/jobs/evaluate/CUB2011_ConvNet_barlowtwins_random_size5_lbl5.sh
CUB2011_ConvNet_barlowtwins_kmeans_size1_lbl1	CUB2011	ConvNet	barlowtwins	kmeans	1	1	ConvNet_barlowtwins_kmeans_size1	1200	15	exact	200	1.31	0-01:05:00	benchmarks/downstream/jobs/evaluate/CUB2011_ConvNet_barlowtwins_kmeans_size1_lbl1.sh
CUB2011_ConvNet_barlowtwins_kmeans_size1_lbl5	CUB2011	ConvNet	barlowtwins	kmeans	1	5	ConvNet_barlowtwins_kmeans_size1	1200	15	exact	100	1.31	0-01:05:00	benchmarks/downstream/jobs/evaluate/CUB2011_ConvNet_barlowtwins_kmeans_size1_lbl5.sh
CUB2011_ConvNet_barlowtwins_kmeans_size2_lbl1	CUB2011	ConvNet	barlowtwins	kmeans	2	1	ConvNet_barlowtwins_kmeans_size2	800	15	exact	200	1.31	0-01:05:00	benchmarks/downstream/jobs/evaluate/CUB2011_ConvNet_barlowtwins_kmeans_size2_lbl1.sh
CUB2011_ConvNet_barlowtwins_kmeans_size2_lbl5	CUB2011	ConvNet	barlowtwins	kmeans	2	5	ConvNet_barlowtwins_kmeans_size2	800	15	exact	100	1.31	0-01:05:00	benchmarks/downstream/jobs/evaluate/CUB2011_ConvNet_barlowtwins_kmeans_size2_lbl5.sh
CUB2011_ConvNet_barlowtwins_kmeans_size5_lbl1	CUB2011	ConvNet	barlowtwins	kmeans	5	1	ConvNet_barlowtwins_kmeans_size5	500	15	exact	200	1.31	0-01:05:00	benchmarks/downstream/jobs/evaluate/CUB2011_ConvNet_barlowtwins_kmeans_size5_lbl1.sh
CUB2011_ConvNet_barlowtwins_kmeans_size5_lbl5	CUB2011	ConvNet	barlowtwins	kmeans	5	5	ConvNet_barlowtwins_kmeans_size5	500	15	exact	100	1.31	0-01:05:00	benchmarks/downstream/jobs/evaluate/CUB2011_ConvNet_barlowtwins_kmeans_size5_lbl5.sh
CUB2011_ConvNet_none_no_pretrain_size0_lbl1	CUB2011	ConvNet	none	no_pretrain	0	1	none	0	15	exact	200	1.69	0-01:05:00	benchmarks/downstream/jobs/evaluate/CUB2011_ConvNet_none_no_pretrain_size0_lbl1.sh
CUB2011_ConvNet_none_no_pretrain_size0_lbl5	CUB2011	ConvNet	none	no_pretrain	0	5	none	0	15	exact	100	1.69	0-01:05:00	benchmarks/downstream/jobs/evaluate/CUB2011_ConvNet_none_no_pretrain_size0_lbl5.sh
CUB2011_VGG11_simclr_full_size100_lbl1	CUB2011	VGG11	simclr	full	100	1	VGG11_simclr_full_size100	300	15	exact	200	1.31	0-01:05:00	benchmarks/downstream/jobs/evaluate/CUB2011_VGG11_simclr_full_size100_lbl1.sh
CUB2011_VGG11_simclr_full_size100_lbl5	CUB2011	VGG11	simclr	full	100	5	VGG11_simclr_full_size100	300	15	exact	100	1.31	0-01:05:00	benchmarks/downstream/jobs/evaluate/CUB2011_VGG11_simclr_full_size100_lbl5.sh
CUB2011_VGG11_simclr_random_size1_lbl1	CUB2011	VGG11	simclr	random	1	1	VGG11_simclr_random_size1	1200	15	exact	200	1.31	0-01:05:00	benchmarks/downstream/jobs/evaluate/CUB2011_VGG11_simclr_random_size1_lbl1.sh
CUB2011_VGG11_simclr_random_size1_lbl5	CUB2011	VGG11	simclr	random	1	5	VGG11_simclr_random_size1	1200	15	exact	100	1.31	0-01:05:00	benchmarks/downstream/jobs/evaluate/CUB2011_VGG11_simclr_random_size1_lbl5.sh
CUB2011_VGG11_simclr_random_size2_lbl1	CUB2011	VGG11	simclr	random	2	1	VGG11_simclr_random_size2	800	15	exact	200	1.31	0-01:05:00	benchmarks/downstream/jobs/evaluate/CUB2011_VGG11_simclr_random_size2_lbl1.sh
CUB2011_VGG11_simclr_random_size2_lbl5	CUB2011	VGG11	simclr	random	2	5	VGG11_simclr_random_size2	800	15	exact	100	1.31	0-01:05:00	benchmarks/downstream/jobs/evaluate/CUB2011_VGG11_simclr_random_size2_lbl5.sh
CUB2011_VGG11_simclr_random_size5_lbl1	CUB2011	VGG11	simclr	random	5	1	VGG11_simclr_random_size5	500	15	exact	200	1.31	0-01:05:00	benchmarks/downstream/jobs/evaluate/CUB2011_VGG11_simclr_random_size5_lbl1.sh
CUB2011_VGG11_simclr_random_size5_lbl5	CUB2011	VGG11	simclr	random	5	5	VGG11_simclr_random_size5	500	15	exact	100	1.31	0-01:05:00	benchmarks/downstream/jobs/evaluate/CUB2011_VGG11_simclr_random_size5_lbl5.sh
CUB2011_VGG11_simclr_kmeans_size1_lbl1	CUB2011	VGG11	simclr	kmeans	1	1	VGG11_simclr_kmeans_size1	1200	15	exact	200	1.31	0-01:05:00	benchmarks/downstream/jobs/evaluate/CUB2011_VGG11_simclr_kmeans_size1_lbl1.sh
CUB2011_VGG11_simclr_kmeans_size1_lbl5	CUB2011	VGG11	simclr	kmeans	1	5	VGG11_simclr_kmeans_size1	1200	15	exact	100	1.31	0-01:05:00	benchmarks/downstream/jobs/evaluate/CUB2011_VGG11_simclr_kmeans_size1_lbl5.sh
CUB2011_VGG11_simclr_kmeans_size2_lbl1	CUB2011	VGG11	simclr	kmeans	2	1	VGG11_simclr_kmeans_size2	800	15	exact	200	1.31	0-01:05:00	benchmarks/downstream/jobs/evaluate/CUB2011_VGG11_simclr_kmeans_size2_lbl1.sh
CUB2011_VGG11_simclr_kmeans_size2_lbl5	CUB2011	VGG11	simclr	kmeans	2	5	VGG11_simclr_kmeans_size2	800	15	exact	100	1.31	0-01:05:00	benchmarks/downstream/jobs/evaluate/CUB2011_VGG11_simclr_kmeans_size2_lbl5.sh
CUB2011_VGG11_simclr_kmeans_size5_lbl1	CUB2011	VGG11	simclr	kmeans	5	1	VGG11_simclr_kmeans_size5	500	15	exact	200	1.31	0-01:05:00	benchmarks/downstream/jobs/evaluate/CUB2011_VGG11_simclr_kmeans_size5_lbl1.sh
CUB2011_VGG11_simclr_kmeans_size5_lbl5	CUB2011	VGG11	simclr	kmeans	5	5	VGG11_simclr_kmeans_size5	500	15	exact	100	1.31	0-01:05:00	benchmarks/downstream/jobs/evaluate/CUB2011_VGG11_simclr_kmeans_size5_lbl5.sh
CUB2011_VGG11_barlowtwins_full_size100_lbl1	CUB2011	VGG11	barlowtwins	full	100	1	VGG11_barlowtwins_full_size100	300	15	exact	200	1.31	0-01:05:00	benchmarks/downstream/jobs/evaluate/CUB2011_VGG11_barlowtwins_full_size100_lbl1.sh
CUB2011_VGG11_barlowtwins_full_size100_lbl5	CUB2011	VGG11	barlowtwins	full	100	5	VGG11_barlowtwins_full_size100	300	15	exact	100	1.31	0-01:05:00	benchmarks/downstream/jobs/evaluate/CUB2011_VGG11_barlowtwins_full_size100_lbl5.sh
CUB2011_VGG11_barlowtwins_random_size1_lbl1	CUB2011	VGG11	barlowtwins	random	1	1	VGG11_barlowtwins_random_size1	1200	15	exact	200	1.31	0-01:05:00	benchmarks/downstream/jobs/evaluate/CUB2011_VGG11_barlowtwins_random_size1_lbl1.sh
CUB2011_VGG11_barlowtwins_random_size1_lbl5	CUB2011	VGG11	barlowtwins	random	1	5	VGG11_barlowtwins_random_size1	1200	15	exact	100	1.31	0-01:05:00	benchmarks/downstream/jobs/evaluate/CUB2011_VGG11_barlowtwins_random_size1_lbl5.sh
CUB2011_VGG11_barlowtwins_random_size2_lbl1	CUB2011	VGG11	barlowtwins	random	2	1	VGG11_barlowtwins_random_size2	800	15	exact	200	1.31	0-01:05:00	benchmarks/downstream/jobs/evaluate/CUB2011_VGG11_barlowtwins_random_size2_lbl1.sh
CUB2011_VGG11_barlowtwins_random_size2_lbl5	CUB2011	VGG11	barlowtwins	random	2	5	VGG11_barlowtwins_random_size2	800	15	exact	100	1.31	0-01:05:00	benchmarks/downstream/jobs/evaluate/CUB2011_VGG11_barlowtwins_random_size2_lbl5.sh
CUB2011_VGG11_barlowtwins_random_size5_lbl1	CUB2011	VGG11	barlowtwins	random	5	1	VGG11_barlowtwins_random_size5	500	15	exact	200	1.31	0-01:05:00	benchmarks/downstream/jobs/evaluate/CUB2011_VGG11_barlowtwins_random_size5_lbl1.sh
CUB2011_VGG11_barlowtwins_random_size5_lbl5	CUB2011	VGG11	barlowtwins	random	5	5	VGG11_barlowtwins_random_size5	500	15	exact	100	1.31	0-01:05:00	benchmarks/downstream/jobs/evaluate/CUB2011_VGG11_barlowtwins_random_size5_lbl5.sh
CUB2011_VGG11_barlowtwins_kmeans_size1_lbl1	CUB2011	VGG11	barlowtwins	kmeans	1	1	VGG11_barlowtwins_kmeans_size1	1200	15	exact	200	1.31	0-01:05:00	benchmarks/downstream/jobs/evaluate/CUB2011_VGG11_barlowtwins_kmeans_size1_lbl1.sh
CUB2011_VGG11_barlowtwins_kmeans_size1_lbl5	CUB2011	VGG11	barlowtwins	kmeans	1	5	VGG11_barlowtwins_kmeans_size1	1200	15	exact	100	1.31	0-01:05:00	benchmarks/downstream/jobs/evaluate/CUB2011_VGG11_barlowtwins_kmeans_size1_lbl5.sh
CUB2011_VGG11_barlowtwins_kmeans_size2_lbl1	CUB2011	VGG11	barlowtwins	kmeans	2	1	VGG11_barlowtwins_kmeans_size2	800	15	exact	200	1.31	0-01:05:00	benchmarks/downstream/jobs/evaluate/CUB2011_VGG11_barlowtwins_kmeans_size2_lbl1.sh
CUB2011_VGG11_barlowtwins_kmeans_size2_lbl5	CUB2011	VGG11	barlowtwins	kmeans	2	5	VGG11_barlowtwins_kmeans_size2	800	15	exact	100	1.31	0-01:05:00	benchmarks/downstream/jobs/evaluate/CUB2011_VGG11_barlowtwins_kmeans_size2_lbl5.sh
CUB2011_VGG11_barlowtwins_kmeans_size5_lbl1	CUB2011	VGG11	barlowtwins	kmeans	5	1	VGG11_barlowtwins_kmeans_size5	500	15	exact	200	1.31	0-01:05:00	benchmarks/downstream/jobs/evaluate/CUB2011_VGG11_barlowtwins_kmeans_size5_lbl1.sh
CUB2011_VGG11_barlowtwins_kmeans_size5_lbl5	CUB2011	VGG11	barlowtwins	kmeans	5	5	VGG11_barlowtwins_kmeans_size5	500	15	exact	100	1.31	0-01:05:00	benchmarks/downstream/jobs/evaluate/CUB2011_VGG11_barlowtwins_kmeans_size5_lbl5.sh
CUB2011_VGG11_none_no_pretrain_size0_lbl1	CUB2011	VGG11	none	no_pretrain	0	1	none	0	15	exact	200	1.74	0-01:05:00	benchmarks/downstream/jobs/evaluate/CUB2011_VGG11_none_no_pretrain_size0_lbl1.sh
CUB2011_VGG11_none_no_pretrain_size0_lbl5	CUB2011	VGG11	none	no_pretrain	0	5	none	0	15	exact	100	1.74	0-01:05:00	benchmarks/downstream/jobs/evaluate/CUB2011_VGG11_none_no_pretrain_size0_lbl5.sh
CUB2011_ResNet18_simclr_full_size100_lbl1	CUB2011	ResNet18	simclr	full	100	1	ResNet18_simclr_full_size100	300	15	exact	200	1.37	0-01:05:00	benchmarks/downstream/jobs/evaluate/CUB2011_ResNet18_simclr_full_size100_lbl1.sh
CUB2011_ResNet18_simclr_full_size100_lbl5	CUB2011	ResNet18	simclr	full	100	5	ResNet18_simclr_full_size100	300	15	exact	100	1.37	0-01:05:00	benchmarks/downstream/jobs/evaluate/CUB2011_ResNet18_simclr_full_size100_lbl5.sh
CUB2011_ResNet18_simclr_random_size1_lbl1	CUB2011	ResNet18	simclr	random	1	1	ResNet18_simclr_random_size1	1200	15	exact	200	1.37	0-01:05:00	benchmarks/downstream/jobs/evaluate/CUB2011_ResNet18_simclr_random_size1_lbl1.sh
CUB2011_ResNet18_simclr_random_size1_lbl5	CUB2011	ResNet18	simclr	random	1	5	ResNet18_simclr_random_size1	1200	15	exact	100	1.37	0-01:05:00	benchmarks/downstream/jobs/evaluate/CUB2011_ResNet18_simclr_random_size1_lbl5.sh
CUB2011_ResNet18_simclr_random_size2_lbl1	CUB2011	ResNet18	simclr	random	2	1	ResNet18_simclr_random_size2	800	15	exact	200	1.37	0-01:05:00	benchmarks/downstream/jobs/evaluate/CUB2011_ResNet18_simclr_random_size2_lbl1.sh
CUB2011_ResNet18_simclr_random_size2_lbl5	CUB2011	ResNet18	simclr	random	2	5	ResNet18_simclr_random_size2	800	15	exact	100	1.37	0-01:05:00	benchmarks/downstream/jobs/evaluate/CUB2011_ResNet18_simclr_random_size2_lbl5.sh
CUB2011_ResNet18_simclr_random_size5_lbl1	CUB2011	ResNet18	simclr	random	5	1	ResNet18_simclr_random_size5	500	15	exact	200	1.37	0-01:05:00	benchmarks/downstream/jobs/evaluate/CUB2011_ResNet18_simclr_random_size5_lbl1.sh
CUB2011_ResNet18_simclr_random_size5_lbl5	CUB2011	ResNet18	simclr	random	5	5	ResNet18_simclr_random_size5	500	15	exact	100	1.37	0-01:05:00	benchmarks/downstream/jobs/evaluate/CUB2011_ResNet18_simclr_random_size5_lbl5.sh
CUB2011_ResNet18_simclr_kmeans_size1_lbl1	CUB2011	ResNet18	simclr	kmeans	1	1	ResNet18_simclr_kmeans_size1	1200	15	exact	200	1.37	0-01:05:00	benchmarks/downstream/jobs/evaluate/CUB2011_ResNet18_simclr_kmeans_size1_lbl1.sh
CUB2011_ResNet18_simclr_kmeans_size1_lbl5	CUB2011	ResNet18	simclr	kmeans	1	5	ResNet18_simclr_kmeans_size1	1200	15	exact	100	1.37	0-01:05:00	benchmarks/downstream/jobs/evaluate/CUB2011_ResNet18_simclr_kmeans_size1_lbl5.sh
CUB2011_ResNet18_simclr_kmeans_size2_lbl1	CUB2011	ResNet18	simclr	kmeans	2	1	ResNet18_simclr_kmeans_size2	800	15	exact	200	1.37	0-01:05:00	benchmarks/downstream/jobs/evaluate/CUB2011_ResNet18_simclr_kmeans_size2_lbl1.sh
CUB2011_ResNet18_simclr_kmeans_size2_lbl5	CUB2011	ResNet18	simclr	kmeans	2	5	ResNet18_simclr_kmeans_size2	800	15	exact	100	1.37	0-01:05:00	benchmarks/downstream/jobs/evaluate/CUB2011_ResNet18_simclr_kmeans_size2_lbl5.sh
CUB2011_ResNet18_simclr_kmeans_size5_lbl1	CUB2011	ResNet18	simclr	kmeans	5	1	ResNet18_simclr_kmeans_size5	500	15	exact	200	1.37	0-01:05:00	benchmarks/downstream/jobs/evaluate/CUB2011_ResNet18_simclr_kmeans_size5_lbl1.sh
CUB2011_ResNet18_simclr_kmeans_size5_lbl5	CUB2011	ResNet18	simclr	kmeans	5	5	ResNet18_simclr_kmeans_size5	500	15	exact	100	1.37	0-01:05:00	benchmarks/downstream/jobs/evaluate/CUB2011_ResNet18_simclr_kmeans_size5_lbl5.sh
CUB2011_ResNet18_barlowtwins_full_size100_lbl1	CUB2011	ResNet18	barlowtwins	full	100	1	ResNet18_barlowtwins_full_size100	300	15	exact	200	1.37	0-01:05:00	benchmarks/downstream/jobs/evaluate/CUB2011_ResNet18_barlowtwins_full_size100_lbl1.sh
CUB2011_ResNet18_barlowtwins_full_size100_lbl5	CUB2011	ResNet18	barlowtwins	full	100	5	ResNet18_barlowtwins_full_size100	300	15	exact	100	1.37	0-01:05:00	benchmarks/downstream/jobs/evaluate/CUB2011_ResNet18_barlowtwins_full_size100_lbl5.sh
CUB2011_ResNet18_barlowtwins_random_size1_lbl1	CUB2011	ResNet18	barlowtwins	random	1	1	ResNet18_barlowtwins_random_size1	1200	15	exact	200	1.37	0-01:05:00	benchmarks/downstream/jobs/evaluate/CUB2011_ResNet18_barlowtwins_random_size1_lbl1.sh
CUB2011_ResNet18_barlowtwins_random_size1_lbl5	CUB2011	ResNet18	barlowtwins	random	1	5	ResNet18_barlowtwins_random_size1	1200	15	exact	100	1.37	0-01:05:00	benchmarks/downstream/jobs/evaluate/CUB2011_ResNet18_barlowtwins_random_size1_lbl5.sh
CUB2011_ResNet18_barlowtwins_random_size2_lbl1	CUB2011	ResNet18	barlowtwins	random	2	1	ResNet18_barlowtwins_random_size2	800	15	exact	200	1.37	0-01:05:00	benchmarks/downstream/jobs/evaluate/CUB2011_ResNet18_barlowtwins_random_size2_lbl1.sh
CUB2011_ResNet18_barlowtwins_random_size2_lbl5	CUB2011	ResNet18	barlowtwins	random	2	5	ResNet18_barlowtwins_random_size2	800	15	exact	100	1.37	0-01:05:00	benchmarks/downstream/jobs/evaluate/CUB2011_ResNet18_barlowtwins_random_size2_lbl5.sh
CUB2011_ResNet18_barlowtwins_random_size5_lbl1	CUB2011	ResNet18	barlowtwins	random	5	1	ResNet18_barlowtwins_random_size5	500	15	exact	200	1.37	0-01:05:00	benchmarks/downstream/jobs/evaluate/CUB2011_ResNet18_barlowtwins_random_size5_lbl1.sh
CUB2011_ResNet18_barlowtwins_random_size5_lbl5	CUB2011	ResNet18	barlowtwins	random	5	5	ResNet18_barlowtwins_random_size5	500	15	exact	100	1.37	0-01:05:00	benchmarks/downstream/jobs/evaluate/CUB2011_ResNet18_barlowtwins_random_size5_lbl5.sh
CUB2011_ResNet18_barlowtwins_kmeans_size1_lbl1	CUB2011	ResNet18	barlowtwins	kmeans	1	1	ResNet18_barlowtwins_kmeans_size1	1200	15	exact	200	1.37	0-01:05:00	benchmarks/downstream/jobs/evaluate/CUB2011_ResNet18_barlowtwins_kmeans_size1_lbl1.sh
CUB2011_ResNet18_barlowtwins_kmeans_size1_lbl5	CUB2011	ResNet18	barlowtwins	kmeans	1	5	ResNet18_barlowtwins_kmeans_size1	1200	15	exact	100	1.37	0-01:05:00	benchmarks/downstream/jobs/evaluate/CUB2011_ResNet18_barlowtwins_kmeans_size1_lbl5.sh
CUB2011_ResNet18_barlowtwins_kmeans_size2_lbl1	CUB2011	ResNet18	barlowtwins	kmeans	2	1	ResNet18_barlowtwins_kmeans_size2	800	15	exact	200	1.37	0-01:05:00	benchmarks/downstream/jobs/evaluate/CUB2011_ResNet18_barlowtwins_kmeans_size2_lbl1.sh
CUB2011_ResNet18_barlowtwins_kmeans_size2_lbl5	CUB2011	ResNet18	barlowtwins	kmeans	2	5	ResNet18_barlowtwins_kmeans_size2	800	15	exact	100	1.37	0-01:05:00	benchmarks/downstream/jobs/evaluate/CUB2011_ResNet18_barlowtwins_kmeans_size2_lbl5.sh
CUB2011_ResNet18_barlowtwins_kmeans_size5_lbl1	CUB2011	ResNet18	barlowtwins	kmeans	5	1	ResNet18_barlowtwins_kmeans_size5	500	15	exact	200	1.37	0-01:05:00	benchmarks/downstream/jobs/evaluate/CUB2011_ResNet18_barlowtwins_kmeans_size5_lbl1.sh
CUB2011_ResNet18_barlowtwins_kmeans_size5_lbl5	CUB2011	ResNet18	barlowtwins	kmeans	5	5	ResNet18_barlowtwins_kmeans_size5	500	15	exact	100	1.37	0-01:05:00	benchmarks/downstream/jobs/evaluate/CUB2011_ResNet18_barlowtwins_kmeans_size5_lbl5.sh
CUB2011_ResNet18_none_no_pretrain_size0_lbl1	CUB2011	ResNet18	none	no_pretrain	0	1	none	0	15	exact	200	2.88	0-01:05:00	benchmarks/downstream/jobs/evaluate/CUB2011_ResNet18_none_no_pretrain_size0_lbl1.sh
CUB2011_ResNet18_none_no_pretrain_size0_lbl5	CUB2011	ResNet18	none	no_pretrain	0	5	none	0	15	exact	100	2.88	0-01:05:00	benchmarks/downstream/jobs/evaluate/CUB2011_ResNet18_none_no_pretrain_size0_lbl5.sh
Dogs_ConvNet_simclr_full_size100_lbl1	Dogs	ConvNet	simclr	full	100	1	ConvNet_simclr_full_size100	300	15	exact	200	1.31	0-01:05:00	benchmarks/downstream/jobs/evaluate/Dogs_ConvNet_simclr_full_size100_lbl1.sh
Dogs_ConvNet_simclr_full_size100_lbl5	Dogs	ConvNet	simclr	full	100	5	ConvNet_simclr_full_size100	300	15	exact	100	1.31	0-01:05:00	benchmarks/downstream/jobs/evaluate/Dogs_ConvNet_simclr_full_size100_lbl5.sh
Dogs_ConvNet_simclr_random_size1_lbl1	Dogs	ConvNet	simclr	random	1	1	ConvNet_simclr_random_size1	1200	15	exact	200	1.31	0-01:05:00	benchmarks/downstream/jobs/evaluate/Dogs_ConvNet_simclr_random_size1_lbl1.sh
Dogs_ConvNet_simclr_random_size1_lbl5	Dogs	ConvNet	simclr	random	1	5	ConvNet_simclr_random_size1	1200	15	exact	100	1.31	0-01:05:00	benchmarks/downstream/jobs/evaluate/Dogs_ConvNet_simclr_random_size1_lbl5.sh
Dogs_ConvNet_simclr_random_size2_lbl1	Dogs	ConvNet	simclr	random	2	1	ConvNet_simclr_random_size2	800	15	exact	200	1.31	0-01:05:00	benchmarks/downstream/jobs/evaluate/Dogs_ConvNet_simclr_random_size2_lbl1.sh
Dogs_ConvNet_simclr_random_size2_lbl5	Dogs	ConvNet	simclr	random	2	5	ConvNet_simclr_random_size2	800	15	exact	100	1.31	0-01:05:00	benchmarks/downstream/jobs/evaluate/Dogs_ConvNet_simclr_random_size2_lbl5.sh
Dogs_ConvNet_simclr_random_size5_lbl1	Dogs	ConvNet	simclr	random	5	1	ConvNet_simclr_random_size5	500	15	exact	200	1.31	0-01:05:00	benchmarks/downstream/jobs/evaluate/Dogs_ConvNet_simclr_random_size5_lbl1.sh
Dogs_ConvNet_simclr_random_size5_lbl5	Dogs	ConvNet	simclr	random	5	5	ConvNet_simclr_random_size5	500	15	exact	100	1.31	0-01:05:00	benchmarks/downstream/jobs/evaluate/Dogs_ConvNet_simclr_random_size5_lbl5.sh
Dogs_ConvNet_simclr_kmeans_size1_lbl1	Dogs	ConvNet	simclr	kmeans	1	1	ConvNet_simclr_kmeans_size1	1200	15	exact	200	1.31	0-01:05:00	benchmarks/downstream/jobs/evaluate/Dogs_ConvNet_simclr_kmeans_size1_lbl1.sh
Dogs_ConvNet_simclr_kmeans_size1_lbl5	Dogs	ConvNet	simclr	kmeans	1	5	ConvNet_simclr_kmeans_size1	1200	15	exact	100	1.31	0-01:05:00	benchmarks/downstream/jobs/evaluate/Dogs_ConvNet_simclr_kmeans_size1_lbl5.sh
Dogs_ConvNet_simclr_kmeans_size2_lbl1	Dogs	ConvNet	simclr	kmeans	2	1	ConvNet_simclr_kmeans_size2	800	15	exact	200	1.31	0-01:05:00	benchmarks/downstream/jobs/evaluate/Dogs_ConvNet_simclr_kmeans_size2_lbl1.sh
Dogs_ConvNet_simclr_kmeans_size2_lbl5	Dogs	ConvNet	simclr	kmeans	2	5	ConvNet_simclr_kmeans_size2	800	15	exact	100	1.31	0-01:05:00	benchmarks/downstream/jobs/evaluate/Dogs_ConvNet_simclr_kmeans_size2_lbl5.sh
Dogs_ConvNet_simclr_kmeans_size5_lbl1	Dogs	ConvNet	simclr	kmeans	5	1	ConvNet_simclr_kmeans_size5	500	15	exact	200	1.31	0-01:05:00	benchmarks/downstream/jobs/evaluate/Dogs_ConvNet_simclr_kmeans_size5_lbl1.sh
Dogs_ConvNet_simclr_kmeans_size5_lbl5	Dogs	ConvNet	simclr	kmeans	5	5	ConvNet_simclr_kmeans_size5	500	15	exact	100	1.31	0-01:05:00	benchmarks/downstream/jobs/evaluate/Dogs_ConvNet_simclr_kmeans_size5_lbl5.sh
Dogs_ConvNet_barlowtwins_full_size100_lbl1	Dogs	ConvNet	barlowtwins	full	100	1	ConvNet_barlowtwins_full_size100	300	15	exact	200	1.31	0-01:05:00	benchmarks/downstream/jobs/evaluate/Dogs_ConvNet_barlowtwins_full_size100_lbl1.sh
Dogs_ConvNet_barlowtwins_full_size100_lbl5	Dogs	ConvNet	barlowtwins	full	100	5	ConvNet_barlowtwins_full_size100	300	15	exact	100	1.31	0-01:05:00	benchmarks/downstream/jobs/evaluate/Dogs_ConvNet_barlowtwins_full_size100_lbl5.sh
Dogs_ConvNet_barlowtwins_random_size1_lbl1	Dogs	ConvNet	barlowtwins	random	1	1	ConvNet_barlowtwins_random_size1	1200	15	exact	200	1.31	0-01:05:00	benchmarks/downstream/jobs/evaluate/Dogs_ConvNet_barlowtwins_random_size1_lbl1.sh
Dogs_ConvNet_barlowtwins_random_size1_lbl5	Dogs	ConvNet	barlowtwins	random	1	5	ConvNet_barlowtwins_random_size1	1200	15	exact	100	1.31	0-01:05:00	benchmarks/downstream/jobs/evaluate/Dogs_ConvNet_barlowtwins_random_size1_lbl5.sh
Dogs_ConvNet_barlowtwins_random_size2_lbl1	Dogs	ConvNet	barlowtwins	random	2	1	ConvNet_barlowtwins_random_size2	800	15	exact	200	1.31	0-01:05:00	benchmarks/downstream/jobs/evaluate/Dogs_ConvNet_barlowtwins_random_size2_lbl1.sh
Dogs_ConvNet_barlowtwins_random_size2_lbl5	Dogs	ConvNet	barlowtwins	random	2	5	ConvNet_barlowtwins_random_size2	800	15	exact	100	1.31	0-01:05:00	benchmarks/downstream/jobs/evaluate/Dogs_ConvNet_barlowtwins_random_size2_lbl5.sh
Dogs_ConvNet_barlowtwins_random_size5_lbl1	Dogs	ConvNet	barlowtwins	random	5	1	ConvNet_barlowtwins_random_size5	500	15	exact	200	1.31	0-01:05:00	benchmarks/downstream/jobs/evaluate/Dogs_ConvNet_barlowtwins_random_size5_lbl1.sh
Dogs_ConvNet_barlowtwins_random_size5_lbl5	Dogs	ConvNet	barlowtwins	random	5	5	ConvNet_barlowtwins_random_size5	500	15	exact	100	1.31	0-01:05:00	benchmarks/downstream/jobs/evaluate/Dogs_ConvNet_barlowtwins_random_size5_lbl5.sh
Dogs_ConvNet_barlowtwins_kmeans_size1_lbl1	Dogs	ConvNet	barlowtwins	kmeans	1	1	ConvNet_barlowtwins_kmeans_size1	1200	15	exact	200	1.31	0-01:05:00	benchmarks/downstream/jobs/evaluate/Dogs_ConvNet_barlowtwins_kmeans_size1_lbl1.sh
Dogs_ConvNet_barlowtwins_kmeans_size1_lbl5	Dogs	ConvNet	barlowtwins	kmeans	1	5	ConvNet_barlowtwins_kmeans_size1	1200	15	exact	100	1.31	0-01:05:00	benchmarks/downstream/jobs/evaluate/Dogs_ConvNet_barlowtwins_kmeans_size1_lbl5.sh
Dogs_ConvNet_barlowtwins_kmeans_size2_lbl1	Dogs	ConvNet	barlowtwins	kmeans	2	1	ConvNet_barlowtwins_kmeans_size2	800	15	exact	200	1.31	0-01:05:00	benchmarks/downstream/jobs/evaluate/Dogs_ConvNet_barlowtwins_kmeans_size2_lbl1.sh
Dogs_ConvNet_barlowtwins_kmeans_size2_lbl5	Dogs	ConvNet	barlowtwins	kmeans	2	5	ConvNet_barlowtwins_kmeans_size2	800	15	exact	100	1.31	0-01:05:00	benchmarks/downstream/jobs/evaluate/Dogs_ConvNet_barlowtwins_kmeans_size2_lbl5.sh
Dogs_ConvNet_barlowtwins_kmeans_size5_lbl1	Dogs	ConvNet	barlowtwins	kmeans	5	1	ConvNet_barlowtwins_kmeans_size5	500	15	exact	200	1.31	0-01:05:00	benchmarks/downstream/jobs/evaluate/Dogs_ConvNet_barlowtwins_kmeans_size5_lbl1.sh
Dogs_ConvNet_barlowtwins_kmeans_size5_lbl5	Dogs	ConvNet	barlowtwins	kmeans	5	5	ConvNet_barlowtwins_kmeans_size5	500	15	exact	100	1.31	0-01:05:00	benchmarks/downstream/jobs/evaluate/Dogs_ConvNet_barlowtwins_kmeans_size5_lbl5.sh
Dogs_ConvNet_none_no_pretrain_size0_lbl1	Dogs	ConvNet	none	no_pretrain	0	1	none	0	15	exact	200	1.69	0-01:05:00	benchmarks/downstream/jobs/evaluate/Dogs_ConvNet_none_no_pretrain_size0_lbl1.sh
Dogs_ConvNet_none_no_pretrain_size0_lbl5	Dogs	ConvNet	none	no_pretrain	0	5	none	0	15	exact	100	1.88	0-01:05:00	benchmarks/downstream/jobs/evaluate/Dogs_ConvNet_none_no_pretrain_size0_lbl5.sh
Dogs_VGG11_simclr_full_size100_lbl1	Dogs	VGG11	simclr	full	100	1	VGG11_simclr_full_size100	300	15	exact	200	1.31	0-01:05:00	benchmarks/downstream/jobs/evaluate/Dogs_VGG11_simclr_full_size100_lbl1.sh
Dogs_VGG11_simclr_full_size100_lbl5	Dogs	VGG11	simclr	full	100	5	VGG11_simclr_full_size100	300	15	exact	100	1.31	0-01:05:00	benchmarks/downstream/jobs/evaluate/Dogs_VGG11_simclr_full_size100_lbl5.sh
Dogs_VGG11_simclr_random_size1_lbl1	Dogs	VGG11	simclr	random	1	1	VGG11_simclr_random_size1	1200	15	exact	200	1.31	0-01:05:00	benchmarks/downstream/jobs/evaluate/Dogs_VGG11_simclr_random_size1_lbl1.sh
Dogs_VGG11_simclr_random_size1_lbl5	Dogs	VGG11	simclr	random	1	5	VGG11_simclr_random_size1	1200	15	exact	100	1.31	0-01:05:00	benchmarks/downstream/jobs/evaluate/Dogs_VGG11_simclr_random_size1_lbl5.sh
Dogs_VGG11_simclr_random_size2_lbl1	Dogs	VGG11	simclr	random	2	1	VGG11_simclr_random_size2	800	15	exact	200	1.31	0-01:05:00	benchmarks/downstream/jobs/evaluate/Dogs_VGG11_simclr_random_size2_lbl1.sh
Dogs_VGG11_simclr_random_size2_lbl5	Dogs	VGG11	simclr	random	2	5	VGG11_simclr_random_size2	800	15	exact	100	1.31	0-01:05:00	benchmarks/downstream/jobs/evaluate/Dogs_VGG11_simclr_random_size2_lbl5.sh
Dogs_VGG11_simclr_random_size5_lbl1	Dogs	VGG11	simclr	random	5	1	VGG11_simclr_random_size5	500	15	exact	200	1.31	0-01:05:00	benchmarks/downstream/jobs/evaluate/Dogs_VGG11_simclr_random_size5_lbl1.sh
Dogs_VGG11_simclr_random_size5_lbl5	Dogs	VGG11	simclr	random	5	5	VGG11_simclr_random_size5	500	15	exact	100	1.31	0-01:05:00	benchmarks/downstream/jobs/evaluate/Dogs_VGG11_simclr_random_size5_lbl5.sh
Dogs_VGG11_simclr_kmeans_size1_lbl1	Dogs	VGG11	simclr	kmeans	1	1	VGG11_simclr_kmeans_size1	1200	15	exact	200	1.31	0-01:05:00	benchmarks/downstream/jobs/evaluate/Dogs_VGG11_simclr_kmeans_size1_lbl1.sh
Dogs_VGG11_simclr_kmeans_size1_lbl5	Dogs	VGG11	simclr	kmeans	1	5	VGG11_simclr_kmeans_size1	1200	15	exact	100	1.31	0-01:05:00	benchmarks/downstream/jobs/evaluate/Dogs_VGG11_simclr_kmeans_size1_lbl5.sh
Dogs_VGG11_simclr_kmeans_size2_lbl1	Dogs	VGG11	simclr	kmeans	2	1	VGG11_simclr_kmeans_size2	800	15	exact	200	1.31	0-01:05:00	benchmarks/downstream/jobs/evaluate/Dogs_VGG11_simclr_kmeans_size2_lbl1.sh
Dogs_VGG11_simclr_kmeans_size2_lbl5	Dogs	VGG11	simclr	kmeans	2	5	VGG11_simclr_kmeans_size2	800	15	exact	100	1.31	0-01:05:00	benchmarks/downstream/jobs/evaluate/Dogs_VGG11_simclr_kmeans_size2_lbl5.sh
Dogs_VGG11_simclr_kmeans_size5_lbl1	Dogs	VGG11	simclr	kmeans	5	1	VGG11_simclr_kmeans_size5	500	15	exact	200	1.31	0-01:05:00	benchmarks/downstream/jobs/evaluate/Dogs_VGG11_simclr_kmeans_size5_lbl1.sh
Dogs_VGG11_simclr_kmeans_size5_lbl5	Dogs	VGG11	simclr	kmeans	5	5	VGG11_simclr_kmeans_size5	500	15	exact	100	1.31	0-01:05:00	benchmarks/downstream/jobs/evaluate/Dogs_VGG11_simclr_kmeans_size5_lbl5.sh
Dogs_VGG11_barlowtwins_full_size100_lbl1	Dogs	VGG11	barlowtwins	full	100	1	VGG11_barlowtwins_full_size100	300	15	exact	200	1.31	0-01:05:00	benchmarks/downstream/jobs/evaluate/Dogs_VGG11_barlowtwins_full_size100_lbl1.sh
Dogs_VGG11_barlowtwins_full_size100_lbl5	Dogs	VGG11	barlowtwins	full	100	5	VGG11_barlowtwins_full_size100	300	15	exact	100	1.31	0-01:05:00	benchmarks/downstream/jobs/evaluate/Dogs_VGG11_barlowtwins_full_size100_lbl5.sh
Dogs_VGG11_barlowtwins_random_size1_lbl1	Dogs	VGG11	barlowtwins	random	1	1	VGG11_barlowtwins_random_size1	1200	15	exact	200	1.31	0-01:05:00	benchmarks/downstream/jobs/evaluate/Dogs_VGG11_barlowtwins_random_size1_lbl1.sh
Dogs_VGG11_barlowtwins_random_size1_lbl5	Dogs	VGG11	barlowtwins	random	1	5	VGG11_barlowtwins_random_size1	1200	15	exact	100	1.31	0-01:05:00	benchmarks/downstream/jobs/evaluate/Dogs_VGG11_barlowtwins_random_size1_lbl5.sh
Dogs_VGG11_barlowtwins_random_size2_lbl1	Dogs	VGG11	barlowtwins	random	2	1	VGG11_barlowtwins_random_size2	800	15	exact	200	1.31	0-01:05:00	benchmarks/downstream/jobs/evaluate/Dogs_VGG11_barlowtwins_random_size2_lbl1.sh
Dogs_VGG11_barlowtwins_random_size2_lbl5	Dogs	VGG11	barlowtwins	random	2	5	VGG11_barlowtwins_random_size2	800	15	exact	100	1.31	0-01:05:00	benchmarks/downstream/jobs/evaluate/Dogs_VGG11_barlowtwins_random_size2_lbl5.sh
Dogs_VGG11_barlowtwins_random_size5_lbl1	Dogs	VGG11	barlowtwins	random	5	1	VGG11_barlowtwins_random_size5	500	15	exact	200	1.31	0-01:05:00	benchmarks/downstream/jobs/evaluate/Dogs_VGG11_barlowtwins_random_size5_lbl1.sh
Dogs_VGG11_barlowtwins_random_size5_lbl5	Dogs	VGG11	barlowtwins	random	5	5	VGG11_barlowtwins_random_size5	500	15	exact	100	1.31	0-01:05:00	benchmarks/downstream/jobs/evaluate/Dogs_VGG11_barlowtwins_random_size5_lbl5.sh
Dogs_VGG11_barlowtwins_kmeans_size1_lbl1	Dogs	VGG11	barlowtwins	kmeans	1	1	VGG11_barlowtwins_kmeans_size1	1200	15	exact	200	1.31	0-01:05:00	benchmarks/downstream/jobs/evaluate/Dogs_VGG11_barlowtwins_kmeans_size1_lbl1.sh
Dogs_VGG11_barlowtwins_kmeans_size1_lbl5	Dogs	VGG11	barlowtwins	kmeans	1	5	VGG11_barlowtwins_kmeans_size1	1200	15	exact	100	1.31	0-01:05:00	benchmarks/downstream/jobs/evaluate/Dogs_VGG11_barlowtwins_kmeans_size1_lbl5.sh
Dogs_VGG11_barlowtwins_kmeans_size2_lbl1	Dogs	VGG11	barlowtwins	kmeans	2	1	VGG11_barlowtwins_kmeans_size2	800	15	exact	200	1.31	0-01:05:00	benchmarks/downstream/jobs/evaluate/Dogs_VGG11_barlowtwins_kmeans_size2_lbl1.sh
Dogs_VGG11_barlowtwins_kmeans_size2_lbl5	Dogs	VGG11	barlowtwins	kmeans	2	5	VGG11_barlowtwins_kmeans_size2	800	15	exact	100	1.31	0-01:05:00	benchmarks/downstream/jobs/evaluate/Dogs_VGG11_barlowtwins_kmeans_size2_lbl5.sh
Dogs_VGG11_barlowtwins_kmeans_size5_lbl1	Dogs	VGG11	barlowtwins	kmeans	5	1	VGG11_barlowtwins_kmeans_size5	500	15	exact	200	1.31	0-01:05:00	benchmarks/downstream/jobs/evaluate/Dogs_VGG11_barlowtwins_kmeans_size5_lbl1.sh
Dogs_VGG11_barlowtwins_kmeans_size5_lbl5	Dogs	VGG11	barlowtwins	kmeans	5	5	VGG11_barlowtwins_kmeans_size5	500	15	exact	100	1.31	0-01:05:00	benchmarks/downstream/jobs/evaluate/Dogs_VGG11_barlowtwins_kmeans_size5_lbl5.sh
Dogs_VGG11_none_no_pretrain_size0_lbl1	Dogs	VGG11	none	no_pretrain	0	1	none	0	15	exact	200	1.74	0-01:05:00	benchmarks/downstream/jobs/evaluate/Dogs_VGG11_none_no_pretrain_size0_lbl1.sh
Dogs_VGG11_none_no_pretrain_size0_lbl5	Dogs	VGG11	none	no_pretrain	0	5	none	0	15	exact	100	1.96	0-01:05:00	benchmarks/downstream/jobs/evaluate/Dogs_VGG11_none_no_pretrain_size0_lbl5.sh
Dogs_ResNet18_simclr_full_size100_lbl1	Dogs	ResNet18	simclr	full	100	1	ResNet18_simclr_full_size100	300	15	exact	200	1.37	0-01:05:00	benchmarks/downstream/jobs/evaluate/Dogs_ResNet18_simclr_full_size100_lbl1.sh
Dogs_ResNet18_simclr_full_size100_lbl5	Dogs	ResNet18	simclr	full	100	5	ResNet18_simclr_full_size100	300	15	exact	100	1.37	0-01:05:00	benchmarks/downstream/jobs/evaluate/Dogs_ResNet18_simclr_full_size100_lbl5.sh
Dogs_ResNet18_simclr_random_size1_lbl1	Dogs	ResNet18	simclr	random	1	1	ResNet18_simclr_random_size1	1200	15	exact	200	1.37	0-01:05:00	benchmarks/downstream/jobs/evaluate/Dogs_ResNet18_simclr_random_size1_lbl1.sh
Dogs_ResNet18_simclr_random_size1_lbl5	Dogs	ResNet18	simclr	random	1	5	ResNet18_simclr_random_size1	1200	15	exact	100	1.37	0-01:05:00	benchmarks/downstream/jobs/evaluate/Dogs_ResNet18_simclr_random_size1_lbl5.sh
Dogs_ResNet18_simclr_random_size2_lbl1	Dogs	ResNet18	simclr	random	2	1	ResNet18_simclr_random_size2	800	15	exact	200	1.37	0-01:05:00	benchmarks/downstream/jobs/evaluate/Dogs_ResNet18_simclr_random_size2_lbl1.sh
Dogs_ResNet18_simclr_random_size2_lbl5	Dogs	ResNet18	simclr	random	2	5	ResNet18_simclr_random_size2	800	15	exact	100	1.37	0-01:05:00	benchmarks/downstream/jobs/evaluate/Dogs_ResNet18_simclr_random_size2_lbl5.sh
Dogs_ResNet18_simclr_random_size5_lbl1	Dogs	ResNet18	simclr	random	5	1	ResNet18_simclr_random_size5	500	15	exact	200	1.37	0-01:05:00	benchmarks/downstream/jobs/evaluate/Dogs_ResNet18_simclr_random_size5_lbl1.sh
Dogs_ResNet18_simclr_random_size5_lbl5	Dogs	ResNet18	simclr	random	5	5	ResNet18_simclr_random_size5	500	15	exact	100	1.37	0-01:05:00	benchmarks/downstream/jobs/evaluate/Dogs_ResNet18_simclr_random_size5_lbl5.sh
Dogs_ResNet18_simclr_kmeans_size1_lbl1	Dogs	ResNet18	simclr	kmeans	1	1	ResNet18_simclr_kmeans_size1	1200	15	exact	200	1.37	0-01:05:00	benchmarks/downstream/jobs/evaluate/Dogs_ResNet18_simclr_kmeans_size1_lbl1.sh
Dogs_ResNet18_simclr_kmeans_size1_lbl5	Dogs	ResNet18	simclr	kmeans	1	5	ResNet18_simclr_kmeans_size1	1200	15	exact	100	1.37	0-01:05:00	benchmarks/downstream/jobs/evaluate/Dogs_ResNet18_simclr_kmeans_size1_lbl5.sh
Dogs_ResNet18_simclr_kmeans_size2_lbl1	Dogs	ResNet18	simclr	kmeans	2	1	ResNet18_simclr_kmeans_size2	800	15	exact	200	1.37	0-01:05:00	benchmarks/downstream/jobs/evaluate/Dogs_ResNet18_simclr_kmeans_size2_lbl1.sh
Dogs_ResNet18_simclr_kmeans_size2_lbl5	Dogs	ResNet18	simclr	kmeans	2	5	ResNet18_simclr_kmeans_size2	800	15	exact	100	1.37	0-01:05:00	benchmarks/downstream/jobs/evaluate/Dogs_ResNet18_simclr_kmeans_size2_lbl5.sh
Dogs_ResNet18_simclr_kmeans_size5_lbl1	Dogs	ResNet18	simclr	kmeans	5	1	ResNet18_simclr_kmeans_size5	500	15	exact	200	1.37	0-01:05:00	benchmarks/downstream/jobs/evaluate/Dogs_ResNet18_simclr_kmeans_size5_lbl1.sh
Dogs_ResNet18_simclr_kmeans_size5_lbl5	Dogs	ResNet18	simclr	kmeans	5	5	ResNet18_simclr_kmeans_size5	500	15	exact	100	1.37	0-01:05:00	benchmarks/downstream/jobs/evaluate/Dogs_ResNet18_simclr_kmeans_size5_lbl5.sh
Dogs_ResNet18_barlowtwins_full_size100_lbl1	Dogs	ResNet18	barlowtwins	full	100	1	ResNet18_barlowtwins_full_size100	300	15	exact	200	1.37	0-01:05:00	benchmarks/downstream/jobs/evaluate/Dogs_ResNet18_barlowtwins_full_size100_lbl1.sh
Dogs_ResNet18_barlowtwins_full_size100_lbl5	Dogs	ResNet18	barlowtwins	full	100	5	ResNet18_barlowtwins_full_size100	300	15	exact	100	1.37	0-01:05:00	benchmarks/downstream/jobs/evaluate/Dogs_ResNet18_barlowtwins_full_size100_lbl5.sh
Dogs_ResNet18_barlowtwins_random_size1_lbl1	Dogs	ResNet18	barlowtwins	random	1	1	ResNet18_barlowtwins_random_size1	1200	15	exact	200	1.37	0-01:05:00	benchmarks/downstream/jobs/evaluate/Dogs_ResNet18_barlowtwins_random_size1_lbl1.sh
Dogs_ResNet18_barlowtwins_random_size1_lbl5	Dogs	ResNet18	barlowtwins	random	1	5	ResNet18_barlowtwins_random_size1	1200	15	exact	100	1.37	0-01:05:00	benchmarks/downstream/jobs/evaluate/Dogs_ResNet18_barlowtwins_random_size1_lbl5.sh
Dogs_ResNet18_barlowtwins_random_size2_lbl1	Dogs	ResNet18	barlowtwins	random	2	1	ResNet18_barlowtwins_random_size2	800	15	exact	200	1.37	0-01:05:00	benchmarks/downstream/jobs/evaluate/Dogs_ResNet18_barlowtwins_random_size2_lbl1.sh
Dogs_ResNet18_barlowtwins_random_size2_lbl5	Dogs	ResNet18	barlowtwins	random	2	5	ResNet18_barlowtwins_random_size2	800	15	exact	100	1.37	0-01:05:00	benchmarks/downstream/jobs/evaluate/Dogs_ResNet18_barlowtwins_random_size2_lbl5.sh
Dogs_ResNet18_barlowtwins_random_size5_lbl1	Dogs	ResNet18	barlowtwins	random	5	1	ResNet18_barlowtwins_random_size5	500	15	exact	200	1.37	0-01:05:00	benchmarks/downstream/jobs/evaluate/Dogs_ResNet18_barlowtwins_random_size5_lbl1.sh
Dogs_ResNet18_barlowtwins_random_size5_lbl5	Dogs	ResNet18	barlowtwins	random	5	5	ResNet18_barlowtwins_random_size5	500	15	exact	100	1.37	0-01:05:00	benchmarks/downstream/jobs/evaluate/Dogs_ResNet18_barlowtwins_random_size5_lbl5.sh
Dogs_ResNet18_barlowtwins_kmeans_size1_lbl1	Dogs	ResNet18	barlowtwins	kmeans	1	1	ResNet18_barlowtwins_kmeans_size1	1200	15	exact	200	1.37	0-01:05:00	benchmarks/downstream/jobs/evaluate/Dogs_ResNet18_barlowtwins_kmeans_size1_lbl1.sh
Dogs_ResNet18_barlowtwins_kmeans_size1_lbl5	Dogs	ResNet18	barlowtwins	kmeans	1	5	ResNet18_barlowtwins_kmeans_size1	1200	15	exact	100	1.37	0-01:05:00	benchmarks/downstream/jobs/evaluate/Dogs_ResNet18_barlowtwins_kmeans_size1_lbl5.sh
Dogs_ResNet18_barlowtwins_kmeans_size2_lbl1	Dogs	ResNet18	barlowtwins	kmeans	2	1	ResNet18_barlowtwins_kmeans_size2	800	15	exact	200	1.37	0-01:05:00	benchmarks/downstream/jobs/evaluate/Dogs_ResNet18_barlowtwins_kmeans_size2_lbl1.sh
Dogs_ResNet18_barlowtwins_kmeans_size2_lbl5	Dogs	ResNet18	barlowtwins	kmeans	2	5	ResNet18_barlowtwins_kmeans_size2	800	15	exact	100	1.37	0-01:05:00	benchmarks/downstream/jobs/evaluate/Dogs_ResNet18_barlowtwins_kmeans_size2_lbl5.sh
Dogs_ResNet18_barlowtwins_kmeans_size5_lbl1	Dogs	ResNet18	barlowtwins	kmeans	5	1	ResNet18_barlowtwins_kmeans_size5	500	15	exact	200	1.37	0-01:05:00	benchmarks/downstream/jobs/evaluate/Dogs_ResNet18_barlowtwins_kmeans_size5_lbl1.sh
Dogs_ResNet18_barlowtwins_kmeans_size5_lbl5	Dogs	ResNet18	barlowtwins	kmeans	5	5	ResNet18_barlowtwins_kmeans_size5	500	15	exact	100	1.37	0-01:05:00	benchmarks/downstream/jobs/evaluate/Dogs_ResNet18_barlowtwins_kmeans_size5_lbl5.sh
Dogs_ResNet18_none_no_pretrain_size0_lbl1	Dogs	ResNet18	none	no_pretrain	0	1	none	0	15	exact	200	2.88	0-01:05:00	benchmarks/downstream/jobs/evaluate/Dogs_ResNet18_none_no_pretrain_size0_lbl1.sh
Dogs_ResNet18_none_no_pretrain_size0_lbl5	Dogs	ResNet18	none	no_pretrain	0	5	none	0	15	exact	100	3.63	0-01:05:00	benchmarks/downstream/jobs/evaluate/Dogs_ResNet18_none_no_pretrain_size0_lbl5.sh
Flowers_ConvNet_simclr_full_size100_lbl1	Flowers	ConvNet	simclr	full	100	1	ConvNet_simclr_full_size100	300	15	exact	200	1.31	0-01:05:00	benchmarks/downstream/jobs/evaluate/Flowers_ConvNet_simclr_full_size100_lbl1.sh
Flowers_ConvNet_simclr_full_size100_lbl5	Flowers	ConvNet	simclr	full	100	5	ConvNet_simclr_full_size100	300	15	exact	100	1.31	0-01:05:00	benchmarks/downstream/jobs/evaluate/Flowers_ConvNet_simclr_full_size100_lbl5.sh
Flowers_ConvNet_simclr_random_size1_lbl1	Flowers	ConvNet	simclr	random	1	1	ConvNet_simclr_random_size1	1200	15	exact	200	1.31	0-01:05:00	benchmarks/downstream/jobs/evaluate/Flowers_ConvNet_simclr_random_size1_lbl1.sh
Flowers_ConvNet_simclr_random_size1_lbl5	Flowers	ConvNet	simclr	random	1	5	ConvNet_simclr_random_size1	1200	15	exact	100	1.31	0-01:05:00	benchmarks/downstream/jobs/evaluate/Flowers_ConvNet_simclr_random_size1_lbl5.sh
Flowers_ConvNet_simclr_random_size2_lbl1	Flowers	ConvNet	simclr	random	2	1	ConvNet_simclr_random_size2	800	15	exact	200	1.31	0-01:05:00	benchmarks/downstream/jobs/evaluate/Flowers_ConvNet_simclr_random_size2_lbl1.sh
Flowers_ConvNet_simclr_random_size2_lbl5	Flowers	ConvNet	simclr	random	2	5	ConvNet_simclr_random_size2	800	15	exact	100	1.31	0-01:05:00	benchmarks/downstream/jobs/evaluate/Flowers_ConvNet_simclr_random_size2_lbl5.sh
Flowers_ConvNet_simclr_random_size5_lbl1	Flowers	ConvNet	simclr	random	5	1	ConvNet_simclr_random_size5	500	15	exact	200	1.31	0-01:05:00	benchmarks/downstream/jobs/evaluate/Flowers_ConvNet_simclr_random_size5_lbl1.sh
Flowers_ConvNet_simclr_random_size5_lbl5	Flowers	ConvNet	simclr	random	5	5	ConvNet_simclr_random_size5	500	15	exact	100	1.31	0-01:05:00	benchmarks/downstream/jobs/evaluate/Flowers_ConvNet_simclr_random_size5_lbl5.sh
Flowers_ConvNet_simclr_kmeans_size1_lbl1	Flowers	ConvNet	simclr	kmeans	1	1	ConvNet_simclr_kmeans_size1	1200	15	exact	200	1.31	0-01:05:00	benchmarks/downstream/jobs/evaluate/Flowers_ConvNet_simclr_kmeans_size1_lbl1.sh
Flowers_ConvNet_simclr_kmeans_size1_lbl5	Flowers	ConvNet	simclr	kmeans	1	5	ConvNet_simclr_kmeans_size1	1200	15	exact	100	1.31	0-01:05:00	benchmarks/downstream/jobs/evaluate/Flowers_ConvNet_simclr_kmeans_size1_lbl5.sh
Flowers_ConvNet_simclr_kmeans_size2_lbl1	Flowers	ConvNet	simclr	kmeans	2	1	ConvNet_simclr_kmeans_size2	800	15	exact	200	1.31	0-01:05:00	benchmarks/downstream/jobs/evaluate/Flowers_ConvNet_simclr_kmeans_size2_lbl1.sh
Flowers_ConvNet_simclr_kmeans_size2_lbl5	Flowers	ConvNet	simclr	kmeans	2	5	ConvNet_simclr_kmeans_size2	800	15	exact	100	1.31	0-01:05:00	benchmarks/downstream/jobs/evaluate/Flowers_ConvNet_simclr_kmeans_size2_lbl5.sh
Flowers_ConvNet_simclr_kmeans_size5_lbl1	Flowers	ConvNet	simclr	kmeans	5	1	ConvNet_simclr_kmeans_size5	500	15	exact	200	1.31	0-01:05:00	benchmarks/downstream/jobs/evaluate/Flowers_ConvNet_simclr_kmeans_size5_lbl1.sh
Flowers_ConvNet_simclr_kmeans_size5_lbl5	Flowers	ConvNet	simclr	kmeans	5	5	ConvNet_simclr_kmeans_size5	500	15	exact	100	1.31	0-01:05:00	benchmarks/downstream/jobs/evaluate/Flowers_ConvNet_simclr_kmeans_size5_lbl5.sh
Flowers_ConvNet_barlowtwins_full_size100_lbl1	Flowers	ConvNet	barlowtwins	full	100	1	ConvNet_barlowtwins_full_size100	300	15	exact	200	1.31	0-01:05:00	benchmarks/downstream/jobs/evaluate/Flowers_ConvNet_barlowtwins_full_size100_lbl1.sh
Flowers_ConvNet_barlowtwins_full_size100_lbl5	Flowers	ConvNet	barlowtwins	full	100	5	ConvNet_barlowtwins_full_size100	300	15	exact	100	1.31	0-01:05:00	benchmarks/downstream/jobs/evaluate/Flowers_ConvNet_barlowtwins_full_size100_lbl5.sh
Flowers_ConvNet_barlowtwins_random_size1_lbl1	Flowers	ConvNet	barlowtwins	random	1	1	ConvNet_barlowtwins_random_size1	1200	15	exact	200	1.31	0-01:05:00	benchmarks/downstream/jobs/evaluate/Flowers_ConvNet_barlowtwins_random_size1_lbl1.sh
Flowers_ConvNet_barlowtwins_random_size1_lbl5	Flowers	ConvNet	barlowtwins	random	1	5	ConvNet_barlowtwins_random_size1	1200	15	exact	100	1.31	0-01:05:00	benchmarks/downstream/jobs/evaluate/Flowers_ConvNet_barlowtwins_random_size1_lbl5.sh
Flowers_ConvNet_barlowtwins_random_size2_lbl1	Flowers	ConvNet	barlowtwins	random	2	1	ConvNet_barlowtwins_random_size2	800	15	exact	200	1.31	0-01:05:00	benchmarks/downstream/jobs/evaluate/Flowers_ConvNet_barlowtwins_random_size2_lbl1.sh
Flowers_ConvNet_barlowtwins_random_size2_lbl5	Flowers	ConvNet	barlowtwins	random	2	5	ConvNet_barlowtwins_random_size2	800	15	exact	100	1.31	0-01:05:00	benchmarks/downstream/jobs/evaluate/Flowers_ConvNet_barlowtwins_random_size2_lbl5.sh
Flowers_ConvNet_barlowtwins_random_size5_lbl1	Flowers	ConvNet	barlowtwins	random	5	1	ConvNet_barlowtwins_random_size5	500	15	exact	200	1.31	0-01:05:00	benchmarks/downstream/jobs/evaluate/Flowers_ConvNet_barlowtwins_random_size5_lbl1.sh
Flowers_ConvNet_barlowtwins_random_size5_lbl5	Flowers	ConvNet	barlowtwins	random	5	5	ConvNet_barlowtwins_random_size5	500	15	exact	100	1.31	0-01:05:00	benchmarks/downstream/jobs/evaluate/Flowers_ConvNet_barlowtwins_random_size5_lbl5.sh
Flowers_ConvNet_barlowtwins_kmeans_size1_lbl1	Flowers	ConvNet	barlowtwins	kmeans	1	1	ConvNet_barlowtwins_kmeans_size1	1200	15	exact	200	1.31	0-01:05:00	benchmarks/downstream/jobs/evaluate/Flowers_ConvNet_barlowtwins_kmeans_size1_lbl1.sh
Flowers_ConvNet_barlowtwins_kmeans_size1_lbl5	Flowers	ConvNet	barlowtwins	kmeans	1	5	ConvNet_barlowtwins_kmeans_size1	1200	15	exact	100	1.31	0-01:05:00	benchmarks/downstream/jobs/evaluate/Flowers_ConvNet_barlowtwins_kmeans_size1_lbl5.sh
Flowers_ConvNet_barlowtwins_kmeans_size2_lbl1	Flowers	ConvNet	barlowtwins	kmeans	2	1	ConvNet_barlowtwins_kmeans_size2	800	15	exact	200	1.31	0-01:05:00	benchmarks/downstream/jobs/evaluate/Flowers_ConvNet_barlowtwins_kmeans_size2_lbl1.sh
Flowers_ConvNet_barlowtwins_kmeans_size2_lbl5	Flowers	ConvNet	barlowtwins	kmeans	2	5	ConvNet_barlowtwins_kmeans_size2	800	15	exact	100	1.31	0-01:05:00	benchmarks/downstream/jobs/evaluate/Flowers_ConvNet_barlowtwins_kmeans_size2_lbl5.sh
Flowers_ConvNet_barlowtwins_kmeans_size5_lbl1	Flowers	ConvNet	barlowtwins	kmeans	5	1	ConvNet_barlowtwins_kmeans_size5	500	15	exact	200	1.31	0-01:05:00	benchmarks/downstream/jobs/evaluate/Flowers_ConvNet_barlowtwins_kmeans_size5_lbl1.sh
Flowers_ConvNet_barlowtwins_kmeans_size5_lbl5	Flowers	ConvNet	barlowtwins	kmeans	5	5	ConvNet_barlowtwins_kmeans_size5	500	15	exact	100	1.31	0-01:05:00	benchmarks/downstream/jobs/evaluate/Flowers_ConvNet_barlowtwins_kmeans_size5_lbl5.sh
Flowers_ConvNet_none_no_pretrain_size0_lbl1	Flowers	ConvNet	none	no_pretrain	0	1	none	0	15	exact	200	1.69	0-01:05:00	benchmarks/downstream/jobs/evaluate/Flowers_ConvNet_none_no_pretrain_size0_lbl1.sh
Flowers_ConvNet_none_no_pretrain_size0_lbl5	Flowers	ConvNet	none	no_pretrain	0	5	none	0	15	exact	100	1.5	0-01:05:00	benchmarks/downstream/jobs/evaluate/Flowers_ConvNet_none_no_pretrain_size0_lbl5.sh
Flowers_VGG11_simclr_full_size100_lbl1	Flowers	VGG11	simclr	full	100	1	VGG11_simclr_full_size100	300	15	exact	200	1.31	0-01:05:00	benchmarks/downstream/jobs/evaluate/Flowers_VGG11_simclr_full_size100_lbl1.sh
Flowers_VGG11_simclr_full_size100_lbl5	Flowers	VGG11	simclr	full	100	5	VGG11_simclr_full_size100	300	15	exact	100	1.31	0-01:05:00	benchmarks/downstream/jobs/evaluate/Flowers_VGG11_simclr_full_size100_lbl5.sh
Flowers_VGG11_simclr_random_size1_lbl1	Flowers	VGG11	simclr	random	1	1	VGG11_simclr_random_size1	1200	15	exact	200	1.31	0-01:05:00	benchmarks/downstream/jobs/evaluate/Flowers_VGG11_simclr_random_size1_lbl1.sh
Flowers_VGG11_simclr_random_size1_lbl5	Flowers	VGG11	simclr	random	1	5	VGG11_simclr_random_size1	1200	15	exact	100	1.31	0-01:05:00	benchmarks/downstream/jobs/evaluate/Flowers_VGG11_simclr_random_size1_lbl5.sh
Flowers_VGG11_simclr_random_size2_lbl1	Flowers	VGG11	simclr	random	2	1	VGG11_simclr_random_size2	800	15	exact	200	1.31	0-01:05:00	benchmarks/downstream/jobs/evaluate/Flowers_VGG11_simclr_random_size2_lbl1.sh
Flowers_VGG11_simclr_random_size2_lbl5	Flowers	VGG11	simclr	random	2	5	VGG11_simclr_random_size2	800	15	exact	100	1.31	0-01:05:00	benchmarks/downstream/jobs/evaluate/Flowers_VGG11_simclr_random_size2_lbl5.sh
Flowers_VGG11_simclr_random_size5_lbl1	Flowers	VGG11	simclr	random	5	1	VGG11_simclr_random_size5	500	15	exact	200	1.31	0-01:05:00	benchmarks/downstream/jobs/evaluate/Flowers_VGG11_simclr_random_size5_lbl1.sh
Flowers_VGG11_simclr_random_size5_lbl5	Flowers	VGG11	simclr	random	5	5	VGG11_simclr_random_size5	500	15	exact	100	1.31	0-01:05:00	benchmarks/downstream/jobs/evaluate/Flowers_VGG11_simclr_random_size5_lbl5.sh
Flowers_VGG11_simclr_kmeans_size1_lbl1	Flowers	VGG11	simclr	kmeans	1	1	VGG11_simclr_kmeans_size1	1200	15	exact	200	1.31	0-01:05:00	benchmarks/downstream/jobs/evaluate/Flowers_VGG11_simclr_kmeans_size1_lbl1.sh
Flowers_VGG11_simclr_kmeans_size1_lbl5	Flowers	VGG11	simclr	kmeans	1	5	VGG11_simclr_kmeans_size1	1200	15	exact	100	1.31	0-01:05:00	benchmarks/downstream/jobs/evaluate/Flowers_VGG11_simclr_kmeans_size1_lbl5.sh
Flowers_VGG11_simclr_kmeans_size2_lbl1	Flowers	VGG11	simclr	kmeans	2	1	VGG11_simclr_kmeans_size2	800	15	exact	200	1.31	0-01:05:00	benchmarks/downstream/jobs/evaluate/Flowers_VGG11_simclr_kmeans_size2_lbl1.sh
Flowers_VGG11_simclr_kmeans_size2_lbl5	Flowers	VGG11	simclr	kmeans	2	5	VGG11_simclr_kmeans_size2	800	15	exact	100	1.31	0-01:05:00	benchmarks/downstream/jobs/evaluate/Flowers_VGG11_simclr_kmeans_size2_lbl5.sh
Flowers_VGG11_simclr_kmeans_size5_lbl1	Flowers	VGG11	simclr	kmeans	5	1	VGG11_simclr_kmeans_size5	500	15	exact	200	1.31	0-01:05:00	benchmarks/downstream/jobs/evaluate/Flowers_VGG11_simclr_kmeans_size5_lbl1.sh
Flowers_VGG11_simclr_kmeans_size5_lbl5	Flowers	VGG11	simclr	kmeans	5	5	VGG11_simclr_kmeans_size5	500	15	exact	100	1.31	0-01:05:00	benchmarks/downstream/jobs/evaluate/Flowers_VGG11_simclr_kmeans_size5_lbl5.sh
Flowers_VGG11_barlowtwins_full_size100_lbl1	Flowers	VGG11	barlowtwins	full	100	1	VGG11_barlowtwins_full_size100	300	15	exact	200	1.31	0-01:05:00	benchmarks/downstream/jobs/evaluate/Flowers_VGG11_barlowtwins_full_size100_lbl1.sh
Flowers_VGG11_barlowtwins_full_size100_lbl5	Flowers	VGG11	barlowtwins	full	100	5	VGG11_barlowtwins_full_size100	300	15	exact	100	1.31	0-01:05:00	benchmarks/downstream/jobs/evaluate/Flowers_VGG11_barlowtwins_full_size100_lbl5.sh
Flowers_VGG11_barlowtwins_random_size1_lbl1	Flowers	VGG11	barlowtwins	random	1	1	VGG11_barlowtwins_random_size1	1200	15	exact	200	1.31	0-01:05:00	benchmarks/downstream/jobs/evaluate/Flowers_VGG11_barlowtwins_random_size1_lbl1.sh
Flowers_VGG11_barlowtwins_random_size1_lbl5	Flowers	VGG11	barlowtwins	random	1	5	VGG11_barlowtwins_random_size1	1200	15	exact	100	1.31	0-01:05:00	benchmarks/downstream/jobs/evaluate/Flowers_VGG11_barlowtwins_random_size1_lbl5.sh
Flowers_VGG11_barlowtwins_random_size2_lbl1	Flowers	VGG11	barlowtwins	random	2	1	VGG11_barlowtwins_random_size2	800	15	exact	200	1.31	0-01:05:00	benchmarks/downstream/jobs/evaluate/Flowers_VGG11_barlowtwins_random_size2_lbl1.sh
Flowers_VGG11_barlowtwins_random_size2_lbl5	Flowers	VGG11	barlowtwins	random	2	5	VGG11_barlowtwins_random_size2	800	15	exact	100	1.31	0-01:05:00	benchmarks/downstream/jobs/evaluate/Flowers_VGG11_barlowtwins_random_size2_lbl5.sh
Flowers_VGG11_barlowtwins_random_size5_lbl1	Flowers	VGG11	barlowtwins	random	5	1	VGG11_barlowtwins_random_size5	500	15	exact	200	1.31	0-01:05:00	benchmarks/downstream/jobs/evaluate/Flowers_VGG11_barlowtwins_random_size5_lbl1.sh
Flowers_VGG11_barlowtwins_random_size5_lbl5	Flowers	VGG11	barlowtwins	random	5	5	VGG11_barlowtwins_random_size5	500	15	exact	100	1.31	0-01:05:00	benchmarks/downstream/jobs/evaluate/Flowers_VGG11_barlowtwins_random_size5_lbl5.sh
Flowers_VGG11_barlowtwins_kmeans_size1_lbl1	Flowers	VGG11	barlowtwins	kmeans	1	1	VGG11_barlowtwins_kmeans_size1	1200	15	exact	200	1.31	0-01:05:00	benchmarks/downstream/jobs/evaluate/Flowers_VGG11_barlowtwins_kmeans_size1_lbl1.sh
Flowers_VGG11_barlowtwins_kmeans_size1_lbl5	Flowers	VGG11	barlowtwins	kmeans	1	5	VGG11_barlowtwins_kmeans_size1	1200	15	exact	100	1.31	0-01:05:00	benchmarks/downstream/jobs/evaluate/Flowers_VGG11_barlowtwins_kmeans_size1_lbl5.sh
Flowers_VGG11_barlowtwins_kmeans_size2_lbl1	Flowers	VGG11	barlowtwins	kmeans	2	1	VGG11_barlowtwins_kmeans_size2	800	15	exact	200	1.31	0-01:05:00	benchmarks/downstream/jobs/evaluate/Flowers_VGG11_barlowtwins_kmeans_size2_lbl1.sh
Flowers_VGG11_barlowtwins_kmeans_size2_lbl5	Flowers	VGG11	barlowtwins	kmeans	2	5	VGG11_barlowtwins_kmeans_size2	800	15	exact	100	1.31	0-01:05:00	benchmarks/downstream/jobs/evaluate/Flowers_VGG11_barlowtwins_kmeans_size2_lbl5.sh
Flowers_VGG11_barlowtwins_kmeans_size5_lbl1	Flowers	VGG11	barlowtwins	kmeans	5	1	VGG11_barlowtwins_kmeans_size5	500	15	exact	200	1.31	0-01:05:00	benchmarks/downstream/jobs/evaluate/Flowers_VGG11_barlowtwins_kmeans_size5_lbl1.sh
Flowers_VGG11_barlowtwins_kmeans_size5_lbl5	Flowers	VGG11	barlowtwins	kmeans	5	5	VGG11_barlowtwins_kmeans_size5	500	15	exact	100	1.31	0-01:05:00	benchmarks/downstream/jobs/evaluate/Flowers_VGG11_barlowtwins_kmeans_size5_lbl5.sh
Flowers_VGG11_none_no_pretrain_size0_lbl1	Flowers	VGG11	none	no_pretrain	0	1	none	0	15	exact	200	1.74	0-01:05:00	benchmarks/downstream/jobs/evaluate/Flowers_VGG11_none_no_pretrain_size0_lbl1.sh
Flowers_VGG11_none_no_pretrain_size0_lbl5	Flowers	VGG11	none	no_pretrain	0	5	none	0	15	exact	100	1.52	0-01:05:00	benchmarks/downstream/jobs/evaluate/Flowers_VGG11_none_no_pretrain_size0_lbl5.sh
Flowers_ResNet18_simclr_full_size100_lbl1	Flowers	ResNet18	simclr	full	100	1	ResNet18_simclr_full_size100	300	15	exact	200	1.37	0-01:05:00	benchmarks/downstream/jobs/evaluate/Flowers_ResNet18_simclr_full_size100_lbl1.sh
Flowers_ResNet18_simclr_full_size100_lbl5	Flowers	ResNet18	simclr	full	100	5	ResNet18_simclr_full_size100	300	15	exact	100	1.37	0-01:05:00	benchmarks/downstream/jobs/evaluate/Flowers_ResNet18_simclr_full_size100_lbl5.sh
Flowers_ResNet18_simclr_random_size1_lbl1	Flowers	ResNet18	simclr	random	1	1	ResNet18_simclr_random_size1	1200	15	exact	200	1.37	0-01:05:00	benchmarks/downstream/jobs/evaluate/Flowers_ResNet18_simclr_random_size1_lbl1.sh
Flowers_ResNet18_simclr_random_size1_lbl5	Flowers	ResNet18	simclr	random	1	5	ResNet18_simclr_random_size1	1200	15	exact	100	1.37	0-01:05:00	benchmarks/downstream/jobs/evaluate/Flowers_ResNet18_simclr_random_size1_lbl5.sh
Flowers_ResNet18_simclr_random_size2_lbl1	Flowers	ResNet18	simclr	random	2	1	ResNet18_simclr_random_size2	800	15	exact	200	1.37	0-01:05:00	benchmarks/downstream/jobs/evaluate/Flowers_ResNet18_simclr_random_size2_lbl1.sh
Flowers_ResNet18_simclr_random_size2_lbl5	Flowers	ResNet18	simclr	random	2	5	ResNet18_simclr_random_size2	800	15	exact	100	1.37	0-01:05:00	benchmarks/downstream/jobs/evaluate/Flowers_ResNet18_simclr_random_size2_lbl5.sh
Flowers_ResNet18_simclr_random_size5_lbl1	Flowers	ResNet18	simclr	random	5	1	ResNet18_simclr_random_size5	500	15	exact	200	1.37	0-01:05:00	benchmarks/downstream/jobs/evaluate/Flowers_ResNet18_simclr_random_size5_lbl1.sh
Flowers_ResNet18_simclr_random_size5_lbl5	Flowers	ResNet18	simclr	random	5	5	ResNet18_simclr_random_size5	500	15	exact	100	1.37	0-01:05:00	benchmarks/downstream/jobs/evaluate/Flowers_ResNet18_simclr_random_size5_lbl5.sh
Flowers_ResNet18_simclr_kmeans_size1_lbl1	Flowers	ResNet18	simclr	kmeans	1	1	ResNet18_simclr_kmeans_size1	1200	15	exact	200	1.37	0-01:05:00	benchmarks/downstream/jobs/evaluate/Flowers_ResNet18_simclr_kmeans_size1_lbl1.sh
Flowers_ResNet18_simclr_kmeans_size1_lbl5	Flowers	ResNet18	simclr	kmeans	1	5	ResNet18_simclr_kmeans_size1	1200	15	exact	100	1.37	0-01:05:00	benchmarks/downstream/jobs/evaluate/Flowers_ResNet18_simclr_kmeans_size1_lbl5.sh
Flowers_ResNet18_simclr_kmeans_size2_lbl1	Flowers	ResNet18	simclr	kmeans	2	1	ResNet18_simclr_kmeans_size2	800	15	exact	200	1.37	0-01:05:00	benchmarks/downstream/jobs/evaluate/Flowers_ResNet18_simclr_kmeans_size2_lbl1.sh
Flowers_ResNet18_simclr_kmeans_size2_lbl5	Flowers	ResNet18	simclr	kmeans	2	5	ResNet18_simclr_kmeans_size2	800	15	exact	100	1.37	0-01:05:00	benchmarks/downstream/jobs/evaluate/Flowers_ResNet18_simclr_kmeans_size2_lbl5.sh
Flowers_ResNet18_simclr_kmeans_size5_lbl1	Flowers	ResNet18	simclr	kmeans	5	1	ResNet18_simclr_kmeans_size5	500	15	exact	200	1.37	0-01:05:00	benchmarks/downstream/jobs/evaluate/Flowers_ResNet18_simclr_kmeans_size5_lbl1.sh
Flowers_ResNet18_simclr_kmeans_size5_lbl5	Flowers	ResNet18	simclr	kmeans	5	5	ResNet18_simclr_kmeans_size5	500	15	exact	100	1.37	0-01:05:00	benchmarks/downstream/jobs/evaluate/Flowers_ResNet18_simclr_kmeans_size5_lbl5.sh
Flowers_ResNet18_barlowtwins_full_size100_lbl1	Flowers	ResNet18	barlowtwins	full	100	1	ResNet18_barlowtwins_full_size100	300	15	exact	200	1.37	0-01:05:00	benchmarks/downstream/jobs/evaluate/Flowers_ResNet18_barlowtwins_full_size100_lbl1.sh
Flowers_ResNet18_barlowtwins_full_size100_lbl5	Flowers	ResNet18	barlowtwins	full	100	5	ResNet18_barlowtwins_full_size100	300	15	exact	100	1.37	0-01:05:00	benchmarks/downstream/jobs/evaluate/Flowers_ResNet18_barlowtwins_full_size100_lbl5.sh
Flowers_ResNet18_barlowtwins_random_size1_lbl1	Flowers	ResNet18	barlowtwins	random	1	1	ResNet18_barlowtwins_random_size1	1200	15	exact	200	1.37	0-01:05:00	benchmarks/downstream/jobs/evaluate/Flowers_ResNet18_barlowtwins_random_size1_lbl1.sh
Flowers_ResNet18_barlowtwins_random_size1_lbl5	Flowers	ResNet18	barlowtwins	random	1	5	ResNet18_barlowtwins_random_size1	1200	15	exact	100	1.37	0-01:05:00	benchmarks/downstream/jobs/evaluate/Flowers_ResNet18_barlowtwins_random_size1_lbl5.sh
Flowers_ResNet18_barlowtwins_random_size2_lbl1	Flowers	ResNet18	barlowtwins	random	2	1	ResNet18_barlowtwins_random_size2	800	15	exact	200	1.37	0-01:05:00	benchmarks/downstream/jobs/evaluate/Flowers_ResNet18_barlowtwins_random_size2_lbl1.sh
Flowers_ResNet18_barlowtwins_random_size2_lbl5	Flowers	ResNet18	barlowtwins	random	2	5	ResNet18_barlowtwins_random_size2	800	15	exact	100	1.37	0-01:05:00	benchmarks/downstream/jobs/evaluate/Flowers_ResNet18_barlowtwins_random_size2_lbl5.sh
Flowers_ResNet18_barlowtwins_random_size5_lbl1	Flowers	ResNet18	barlowtwins	random	5	1	ResNet18_barlowtwins_random_size5	500	15	exact	200	1.37	0-01:05:00	benchmarks/downstream/jobs/evaluate/Flowers_ResNet18_barlowtwins_random_size5_lbl1.sh
Flowers_ResNet18_barlowtwins_random_size5_lbl5	Flowers	ResNet18	barlowtwins	random	5	5	ResNet18_barlowtwins_random_size5	500	15	exact	100	1.37	0-01:05:00	benchmarks/downstream/jobs/evaluate/Flowers_ResNet18_barlowtwins_random_size5_lbl5.sh
Flowers_ResNet18_barlowtwins_kmeans_size1_lbl1	Flowers	ResNet18	barlowtwins	kmeans	1	1	ResNet18_barlowtwins_kmeans_size1	1200	15	exact	200	1.37	0-01:05:00	benchmarks/downstream/jobs/evaluate/Flowers_ResNet18_barlowtwins_kmeans_size1_lbl1.sh
Flowers_ResNet18_barlowtwins_kmeans_size1_lbl5	Flowers	ResNet18	barlowtwins	kmeans	1	5	ResNet18_barlowtwins_kmeans_size1	1200	15	exact	100	1.37	0-01:05:00	benchmarks/downstream/jobs/evaluate/Flowers_ResNet18_barlowtwins_kmeans_size1_lbl5.sh
Flowers_ResNet18_barlowtwins_kmeans_size2_lbl1	Flowers	ResNet18	barlowtwins	kmeans	2	1	ResNet18_barlowtwins_kmeans_size2	800	15	exact	200	1.37	0-01:05:00	benchmarks/downstream/jobs/evaluate/Flowers_ResNet18_barlowtwins_kmeans_size2_lbl1.sh
Flowers_ResNet18_barlowtwins_kmeans_size2_lbl5	Flowers	ResNet18	barlowtwins	kmeans	2	5	ResNet18_barlowtwins_kmeans_size2	800	15	exact	100	1.37	0-01:05:00	benchmarks/downstream/jobs/evaluate/Flowers_ResNet18_barlowtwins_kmeans_size2_lbl5.sh
Flowers_ResNet18_barlowtwins_kmeans_size5_lbl1	Flowers	ResNet18	barlowtwins	kmeans	5	1	ResNet18_barlowtwins_kmeans_size5	500	15	exact	200	1.37	0-01:05:00	benchmarks/downstream/jobs/evaluate/Flowers_ResNet18_barlowtwins_kmeans_size5_lbl1.sh
Flowers_ResNet18_barlowtwins_kmeans_size5_lbl5	Flowers	ResNet18	barlowtwins	kmeans	5	5	ResNet18_barlowtwins_kmeans_size5	500	15	exact	100	1.37	0-01:05:00	benchmarks/downstream/jobs/evaluate/Flowers_ResNet18_barlowtwins_kmeans_size5_lbl5.sh
Flowers_ResNet18_none_no_pretrain_size0_lbl1	Flowers	ResNet18	none	no_pretrain	0	1	none	0	15	exact	200	2.88	0-01:05:00	benchmarks/downstream/jobs/evaluate/Flowers_ResNet18_none_no_pretrain_size0_lbl1.sh
Flowers_ResNet18_none_no_pretrain_size0_lbl5	Flowers	ResNet18	none	no_pretrain	0	5	none	0	15	exact	100	2.13	0-01:05:00	benchmarks/downstream/jobs/evaluate/Flowers_ResNet18_none_no_pretrain_size0_lbl5.sh
