PyTorch: 2.9.1 CUDA: True GPU: NVIDIA H100 80GB HBM3
Starting CIFAR-100 teacher on kn169 at Mon Sep 28 01:34:14 PM EDT 2026
CUDA_VISIBLE_DEVICES=0
MKDT Barlow Twins teacher settings
  datasets:           CIFAR100
  data path:          /home/mmoslem3/scratch/data
  checkpoint dir:     /home/mmoslem3/scratch/MKDT/krrst_teacher_ckpt
  device:             0
  epochs:             1000
  batch size:         256
  learning rate:      0.01
  schedule:           10-epoch warmup + cosine decay
  weight decay:       1e-6
  projection dim:     1024
  representation dim: 512
  Barlow lambda:      0.0078125
  log every:          50 iterations

Training CIFAR100 teacher
Command: python3 train_teacher.py --dataset CIFAR100 --data_path /home/mmoslem3/scratch/data --ckpt_dir /home/mmoslem3/scratch/MKDT/krrst_teacher_ckpt --device 0 --epochs 1000 --batch_size 256 --lr 0.01 --weight_decay 1e-6 --proj_dim 1024 --lambd 0.0078125 --warmup_epochs 10 --num_workers 1 --seed 0 --checkpoint_every 10 --log_every 50
Resolved teacher configuration:
  dataset:          CIFAR100
  examples:         50000
  device:           cuda:0
  epochs:           1000
  batch size:       256
  base LR:          0.01
  warmup epochs:    10
  schedule:         cosine
  weight decay:     1e-06
  projection dim:   1024
  representation:   512
  Barlow lambda:    0.0078125
  log every:        50 iterations
CIFAR100 epoch 1/1000 iteration 50/195 loss=645.3134 lr=0.00025641
CIFAR100 epoch 1/1000 iteration 100/195 loss=559.3665 lr=0.000512821
CIFAR100 epoch 1/1000 iteration 150/195 loss=515.2198 lr=0.000769231
CIFAR100 epoch 1/1000 iteration 195/195 loss=488.6061 lr=0.001
CIFAR100 epoch 2/1000 iteration 50/195 loss=380.3416 lr=0.00125641
CIFAR100 epoch 2/1000 iteration 100/195 loss=374.3491 lr=0.00151282
CIFAR100 epoch 2/1000 iteration 150/195 loss=368.6908 lr=0.00176923
CIFAR100 epoch 2/1000 iteration 195/195 loss=363.3547 lr=0.002
CIFAR100 epoch 3/1000 iteration 50/195 loss=339.7569 lr=0.00225641
CIFAR100 epoch 3/1000 iteration 100/195 loss=333.3042 lr=0.00251282
CIFAR100 epoch 3/1000 iteration 150/195 loss=328.7313 lr=0.00276923
CIFAR100 epoch 3/1000 iteration 195/195 loss=325.2727 lr=0.003
CIFAR100 epoch 4/1000 iteration 50/195 loss=308.3861 lr=0.00325641
CIFAR100 epoch 4/1000 iteration 100/195 loss=303.0405 lr=0.00351282
CIFAR100 epoch 4/1000 iteration 150/195 loss=298.4670 lr=0.00376923
CIFAR100 epoch 4/1000 iteration 195/195 loss=295.9590 lr=0.004
CIFAR100 epoch 5/1000 iteration 50/195 loss=276.3118 lr=0.00425641
CIFAR100 epoch 5/1000 iteration 100/195 loss=274.2512 lr=0.00451282
CIFAR100 epoch 5/1000 iteration 150/195 loss=272.3955 lr=0.00476923
CIFAR100 epoch 5/1000 iteration 195/195 loss=269.7772 lr=0.005
CIFAR100 epoch 6/1000 iteration 50/195 loss=260.7926 lr=0.00525641
CIFAR100 epoch 6/1000 iteration 100/195 loss=256.8150 lr=0.00551282
CIFAR100 epoch 6/1000 iteration 150/195 loss=254.6234 lr=0.00576923
CIFAR100 epoch 6/1000 iteration 195/195 loss=252.0633 lr=0.006
CIFAR100 epoch 7/1000 iteration 50/195 loss=237.0911 lr=0.00625641
CIFAR100 epoch 7/1000 iteration 100/195 loss=236.7380 lr=0.00651282
CIFAR100 epoch 7/1000 iteration 150/195 loss=234.3650 lr=0.00676923
CIFAR100 epoch 7/1000 iteration 195/195 loss=234.1170 lr=0.007
CIFAR100 epoch 8/1000 iteration 50/195 loss=228.8183 lr=0.00725641
CIFAR100 epoch 8/1000 iteration 100/195 loss=227.4223 lr=0.00751282
CIFAR100 epoch 8/1000 iteration 150/195 loss=227.6130 lr=0.00776923
CIFAR100 epoch 8/1000 iteration 195/195 loss=226.7586 lr=0.008
CIFAR100 epoch 9/1000 iteration 50/195 loss=221.0808 lr=0.00825641
CIFAR100 epoch 9/1000 iteration 100/195 loss=219.8833 lr=0.00851282
CIFAR100 epoch 9/1000 iteration 150/195 loss=219.6600 lr=0.00876923
CIFAR100 epoch 9/1000 iteration 195/195 loss=218.2308 lr=0.009
CIFAR100 epoch 10/1000 iteration 50/195 loss=211.4073 lr=0.00925641
CIFAR100 epoch 10/1000 iteration 100/195 loss=212.5044 lr=0.00951282
CIFAR100 epoch 10/1000 iteration 150/195 loss=213.5672 lr=0.00976923
CIFAR100 epoch 10/1000 iteration 195/195 loss=212.7364 lr=0.01
[epoch 10/1000] saved backbone: /home/mmoslem3/scratch/MKDT/krrst_teacher_ckpt/barlow_twins_resnet18_cifar100.pt
CIFAR100 epoch 11/1000 iteration 50/195 loss=210.0837 lr=0.01
CIFAR100 epoch 11/1000 iteration 100/195 loss=208.7691 lr=0.00999999
CIFAR100 epoch 11/1000 iteration 150/195 loss=205.8147 lr=0.00999999
CIFAR100 epoch 11/1000 iteration 195/195 loss=205.2986 lr=0.00999997
CIFAR100 epoch 12/1000 iteration 50/195 loss=198.2480 lr=0.00999996
CIFAR100 epoch 12/1000 iteration 100/195 loss=199.6170 lr=0.00999994
CIFAR100 epoch 12/1000 iteration 150/195 loss=199.6666 lr=0.00999992
CIFAR100 epoch 12/1000 iteration 195/195 loss=198.4922 lr=0.0099999
CIFAR100 epoch 13/1000 iteration 50/195 loss=194.9959 lr=0.00999987
CIFAR100 epoch 13/1000 iteration 100/195 loss=195.1782 lr=0.00999984
CIFAR100 epoch 13/1000 iteration 150/195 loss=193.6512 lr=0.00999981
CIFAR100 epoch 13/1000 iteration 195/195 loss=193.0083 lr=0.00999977
CIFAR100 epoch 14/1000 iteration 50/195 loss=189.7013 lr=0.00999973
CIFAR100 epoch 14/1000 iteration 100/195 loss=189.0319 lr=0.00999969
CIFAR100 epoch 14/1000 iteration 150/195 loss=188.3373 lr=0.00999964
CIFAR100 epoch 14/1000 iteration 195/195 loss=188.4440 lr=0.0099996
CIFAR100 epoch 15/1000 iteration 50/195 loss=186.5593 lr=0.00999954
CIFAR100 epoch 15/1000 iteration 100/195 loss=185.7709 lr=0.00999949
CIFAR100 epoch 15/1000 iteration 150/195 loss=184.1040 lr=0.00999943
CIFAR100 epoch 15/1000 iteration 195/195 loss=183.7180 lr=0.00999937
CIFAR100 epoch 16/1000 iteration 50/195 loss=178.3526 lr=0.00999931
CIFAR100 epoch 16/1000 iteration 100/195 loss=179.7560 lr=0.00999924
CIFAR100 epoch 16/1000 iteration 150/195 loss=179.5471 lr=0.00999916
CIFAR100 epoch 16/1000 iteration 195/195 loss=180.3766 lr=0.00999909
CIFAR100 epoch 17/1000 iteration 50/195 loss=176.9114 lr=0.00999902
CIFAR100 epoch 17/1000 iteration 100/195 loss=177.9646 lr=0.00999893
CIFAR100 epoch 17/1000 iteration 150/195 loss=177.8644 lr=0.00999885
CIFAR100 epoch 17/1000 iteration 195/195 loss=177.8947 lr=0.00999877
CIFAR100 epoch 18/1000 iteration 50/195 loss=175.6030 lr=0.00999868
CIFAR100 epoch 18/1000 iteration 100/195 loss=174.9850 lr=0.00999858
CIFAR100 epoch 18/1000 iteration 150/195 loss=175.2134 lr=0.00999848
CIFAR100 epoch 18/1000 iteration 195/195 loss=175.2688 lr=0.00999839
CIFAR100 epoch 19/1000 iteration 50/195 loss=172.9276 lr=0.00999829
CIFAR100 epoch 19/1000 iteration 100/195 loss=173.4671 lr=0.00999818
CIFAR100 epoch 19/1000 iteration 150/195 loss=174.8189 lr=0.00999807
CIFAR100 epoch 19/1000 iteration 195/195 loss=174.5458 lr=0.00999796
CIFAR100 epoch 20/1000 iteration 50/195 loss=172.4356 lr=0.00999785
CIFAR100 epoch 20/1000 iteration 100/195 loss=170.3023 lr=0.00999772
CIFAR100 epoch 20/1000 iteration 150/195 loss=170.9096 lr=0.0099976
CIFAR100 epoch 20/1000 iteration 195/195 loss=170.7120 lr=0.00999749
[epoch 20/1000] saved backbone: /home/mmoslem3/scratch/MKDT/krrst_teacher_ckpt/barlow_twins_resnet18_cifar100.pt
CIFAR100 epoch 21/1000 iteration 50/195 loss=168.4049 lr=0.00999735
CIFAR100 epoch 21/1000 iteration 100/195 loss=169.4663 lr=0.00999722
CIFAR100 epoch 21/1000 iteration 150/195 loss=169.0652 lr=0.00999708
CIFAR100 epoch 21/1000 iteration 195/195 loss=168.7142 lr=0.00999696
CIFAR100 epoch 22/1000 iteration 50/195 loss=168.4988 lr=0.00999681
CIFAR100 epoch 22/1000 iteration 100/195 loss=168.0207 lr=0.00999667
CIFAR100 epoch 22/1000 iteration 150/195 loss=166.7090 lr=0.00999652
CIFAR100 epoch 22/1000 iteration 195/195 loss=165.8857 lr=0.00999638
CIFAR100 epoch 23/1000 iteration 50/195 loss=162.4081 lr=0.00999622
CIFAR100 epoch 23/1000 iteration 100/195 loss=161.2216 lr=0.00999606
CIFAR100 epoch 23/1000 iteration 150/195 loss=163.9302 lr=0.0099959
CIFAR100 epoch 23/1000 iteration 195/195 loss=164.3905 lr=0.00999575
CIFAR100 epoch 24/1000 iteration 50/195 loss=165.6737 lr=0.00999558
CIFAR100 epoch 24/1000 iteration 100/195 loss=165.9440 lr=0.00999541
CIFAR100 epoch 24/1000 iteration 150/195 loss=165.7895 lr=0.00999523
CIFAR100 epoch 24/1000 iteration 195/195 loss=164.8664 lr=0.00999507
CIFAR100 epoch 25/1000 iteration 50/195 loss=160.8182 lr=0.00999489
CIFAR100 epoch 25/1000 iteration 100/195 loss=162.7991 lr=0.0099947
CIFAR100 epoch 25/1000 iteration 150/195 loss=162.7448 lr=0.00999452
CIFAR100 epoch 25/1000 iteration 195/195 loss=162.4820 lr=0.00999434
CIFAR100 epoch 26/1000 iteration 50/195 loss=160.8223 lr=0.00999415
CIFAR100 epoch 26/1000 iteration 100/195 loss=159.3720 lr=0.00999395
CIFAR100 epoch 26/1000 iteration 150/195 loss=160.0875 lr=0.00999375
CIFAR100 epoch 26/1000 iteration 195/195 loss=160.7351 lr=0.00999356
CIFAR100 epoch 27/1000 iteration 50/195 loss=156.1832 lr=0.00999336
CIFAR100 epoch 27/1000 iteration 100/195 loss=158.2931 lr=0.00999314
CIFAR100 epoch 27/1000 iteration 150/195 loss=158.2924 lr=0.00999293
CIFAR100 epoch 27/1000 iteration 195/195 loss=158.4590 lr=0.00999273
CIFAR100 epoch 28/1000 iteration 50/195 loss=160.5440 lr=0.00999251
CIFAR100 epoch 28/1000 iteration 100/195 loss=158.9252 lr=0.00999229
CIFAR100 epoch 28/1000 iteration 150/195 loss=158.1326 lr=0.00999206
CIFAR100 epoch 28/1000 iteration 195/195 loss=158.0170 lr=0.00999185
CIFAR100 epoch 29/1000 iteration 50/195 loss=155.6410 lr=0.00999162
CIFAR100 epoch 29/1000 iteration 100/195 loss=156.2473 lr=0.00999138
CIFAR100 epoch 29/1000 iteration 150/195 loss=156.0100 lr=0.00999114
CIFAR100 epoch 29/1000 iteration 195/195 loss=156.2735 lr=0.00999092
CIFAR100 epoch 30/1000 iteration 50/195 loss=156.4198 lr=0.00999068
CIFAR100 epoch 30/1000 iteration 100/195 loss=156.0753 lr=0.00999043
CIFAR100 epoch 30/1000 iteration 150/195 loss=155.6847 lr=0.00999017
CIFAR100 epoch 30/1000 iteration 195/195 loss=155.5168 lr=0.00998994
[epoch 30/1000] saved backbone: /home/mmoslem3/scratch/MKDT/krrst_teacher_ckpt/barlow_twins_resnet18_cifar100.pt
CIFAR100 epoch 31/1000 iteration 50/195 loss=155.0038 lr=0.00998968
CIFAR100 epoch 31/1000 iteration 100/195 loss=154.7654 lr=0.00998942
CIFAR100 epoch 31/1000 iteration 150/195 loss=154.5111 lr=0.00998916
CIFAR100 epoch 31/1000 iteration 195/195 loss=154.7254 lr=0.00998891
CIFAR100 epoch 32/1000 iteration 50/195 loss=153.0898 lr=0.00998864
CIFAR100 epoch 32/1000 iteration 100/195 loss=152.2631 lr=0.00998837
CIFAR100 epoch 32/1000 iteration 150/195 loss=152.5484 lr=0.00998809
CIFAR100 epoch 32/1000 iteration 195/195 loss=152.1653 lr=0.00998783
CIFAR100 epoch 33/1000 iteration 50/195 loss=154.5942 lr=0.00998755
CIFAR100 epoch 33/1000 iteration 100/195 loss=153.6015 lr=0.00998726
CIFAR100 epoch 33/1000 iteration 150/195 loss=152.9371 lr=0.00998697
CIFAR100 epoch 33/1000 iteration 195/195 loss=152.6421 lr=0.0099867
CIFAR100 epoch 34/1000 iteration 50/195 loss=149.9676 lr=0.0099864
CIFAR100 epoch 34/1000 iteration 100/195 loss=150.3868 lr=0.0099861
CIFAR100 epoch 34/1000 iteration 150/195 loss=149.8727 lr=0.0099858
CIFAR100 epoch 34/1000 iteration 195/195 loss=150.6324 lr=0.00998552
CIFAR100 epoch 35/1000 iteration 50/195 loss=152.0187 lr=0.00998521
CIFAR100 epoch 35/1000 iteration 100/195 loss=150.5829 lr=0.0099849
CIFAR100 epoch 35/1000 iteration 150/195 loss=149.5690 lr=0.00998458
CIFAR100 epoch 35/1000 iteration 195/195 loss=148.7864 lr=0.00998429
CIFAR100 epoch 36/1000 iteration 50/195 loss=150.7361 lr=0.00998397
CIFAR100 epoch 36/1000 iteration 100/195 loss=148.9724 lr=0.00998364
CIFAR100 epoch 36/1000 iteration 150/195 loss=149.6229 lr=0.00998331
CIFAR100 epoch 36/1000 iteration 195/195 loss=149.7877 lr=0.00998301
CIFAR100 epoch 37/1000 iteration 50/195 loss=145.9440 lr=0.00998267
CIFAR100 epoch 37/1000 iteration 100/195 loss=146.6850 lr=0.00998233
CIFAR100 epoch 37/1000 iteration 150/195 loss=146.4949 lr=0.00998199
CIFAR100 epoch 37/1000 iteration 195/195 loss=146.8897 lr=0.00998168
CIFAR100 epoch 38/1000 iteration 50/195 loss=145.1896 lr=0.00998133
CIFAR100 epoch 38/1000 iteration 100/195 loss=145.0148 lr=0.00998097
CIFAR100 epoch 38/1000 iteration 150/195 loss=145.8866 lr=0.00998062
CIFAR100 epoch 38/1000 iteration 195/195 loss=146.1865 lr=0.0099803
CIFAR100 epoch 39/1000 iteration 50/195 loss=144.7743 lr=0.00997993
CIFAR100 epoch 39/1000 iteration 100/195 loss=144.7370 lr=0.00997957
CIFAR100 epoch 39/1000 iteration 150/195 loss=145.5544 lr=0.0099792
CIFAR100 epoch 39/1000 iteration 195/195 loss=145.0141 lr=0.00997886
CIFAR100 epoch 40/1000 iteration 50/195 loss=142.8968 lr=0.00997849
CIFAR100 epoch 40/1000 iteration 100/195 loss=144.3407 lr=0.00997811
CIFAR100 epoch 40/1000 iteration 150/195 loss=145.8554 lr=0.00997773
CIFAR100 epoch 40/1000 iteration 195/195 loss=145.9097 lr=0.00997738
[epoch 40/1000] saved backbone: /home/mmoslem3/scratch/MKDT/krrst_teacher_ckpt/barlow_twins_resnet18_cifar100.pt
CIFAR100 epoch 41/1000 iteration 50/195 loss=141.0927 lr=0.00997699
CIFAR100 epoch 41/1000 iteration 100/195 loss=141.2993 lr=0.0099766
CIFAR100 epoch 41/1000 iteration 150/195 loss=142.3046 lr=0.00997621
CIFAR100 epoch 41/1000 iteration 195/195 loss=143.0623 lr=0.00997585
CIFAR100 epoch 42/1000 iteration 50/195 loss=141.3807 lr=0.00997545
CIFAR100 epoch 42/1000 iteration 100/195 loss=141.9640 lr=0.00997505
CIFAR100 epoch 42/1000 iteration 150/195 loss=141.8936 lr=0.00997464
CIFAR100 epoch 42/1000 iteration 195/195 loss=141.7892 lr=0.00997427
CIFAR100 epoch 43/1000 iteration 50/195 loss=140.1845 lr=0.00997386
CIFAR100 epoch 43/1000 iteration 100/195 loss=140.8235 lr=0.00997344
CIFAR100 epoch 43/1000 iteration 150/195 loss=142.5828 lr=0.00997302
CIFAR100 epoch 43/1000 iteration 195/195 loss=142.7644 lr=0.00997264
CIFAR100 epoch 44/1000 iteration 50/195 loss=142.6453 lr=0.00997221
CIFAR100 epoch 44/1000 iteration 100/195 loss=142.4546 lr=0.00997178
CIFAR100 epoch 44/1000 iteration 150/195 loss=141.6789 lr=0.00997135
CIFAR100 epoch 44/1000 iteration 195/195 loss=141.0294 lr=0.00997096
CIFAR100 epoch 45/1000 iteration 50/195 loss=139.1024 lr=0.00997052
CIFAR100 epoch 45/1000 iteration 100/195 loss=139.7111 lr=0.00997007
CIFAR100 epoch 45/1000 iteration 150/195 loss=140.5234 lr=0.00996963
CIFAR100 epoch 45/1000 iteration 195/195 loss=140.7532 lr=0.00996922
CIFAR100 epoch 46/1000 iteration 50/195 loss=138.7872 lr=0.00996877
CIFAR100 epoch 46/1000 iteration 100/195 loss=139.0783 lr=0.00996832
CIFAR100 epoch 46/1000 iteration 150/195 loss=139.4263 lr=0.00996786
CIFAR100 epoch 46/1000 iteration 195/195 loss=139.4814 lr=0.00996744
CIFAR100 epoch 47/1000 iteration 50/195 loss=138.3788 lr=0.00996698
CIFAR100 epoch 47/1000 iteration 100/195 loss=138.4367 lr=0.00996651
CIFAR100 epoch 47/1000 iteration 150/195 loss=137.9174 lr=0.00996604
CIFAR100 epoch 47/1000 iteration 195/195 loss=138.3487 lr=0.00996561
CIFAR100 epoch 48/1000 iteration 50/195 loss=135.8971 lr=0.00996513
CIFAR100 epoch 48/1000 iteration 100/195 loss=136.7939 lr=0.00996465
CIFAR100 epoch 48/1000 iteration 150/195 loss=137.8284 lr=0.00996417
CIFAR100 epoch 48/1000 iteration 195/195 loss=137.8528 lr=0.00996373
CIFAR100 epoch 49/1000 iteration 50/195 loss=139.5391 lr=0.00996324
CIFAR100 epoch 49/1000 iteration 100/195 loss=137.4502 lr=0.00996274
CIFAR100 epoch 49/1000 iteration 150/195 loss=136.9819 lr=0.00996225
CIFAR100 epoch 49/1000 iteration 195/195 loss=136.9203 lr=0.0099618
CIFAR100 epoch 50/1000 iteration 50/195 loss=135.6538 lr=0.00996129
CIFAR100 epoch 50/1000 iteration 100/195 loss=136.2239 lr=0.00996079
CIFAR100 epoch 50/1000 iteration 150/195 loss=136.4713 lr=0.00996028
CIFAR100 epoch 50/1000 iteration 195/195 loss=136.9560 lr=0.00995981
[epoch 50/1000] saved backbone: /home/mmoslem3/scratch/MKDT/krrst_teacher_ckpt/barlow_twins_resnet18_cifar100.pt
CIFAR100 epoch 51/1000 iteration 50/195 loss=137.4797 lr=0.0099593
CIFAR100 epoch 51/1000 iteration 100/195 loss=135.2796 lr=0.00995878
CIFAR100 epoch 51/1000 iteration 150/195 loss=135.3800 lr=0.00995826
CIFAR100 epoch 51/1000 iteration 195/195 loss=135.7299 lr=0.00995778
CIFAR100 epoch 52/1000 iteration 50/195 loss=133.5061 lr=0.00995725
CIFAR100 epoch 52/1000 iteration 100/195 loss=133.7640 lr=0.00995672
CIFAR100 epoch 52/1000 iteration 150/195 loss=134.5064 lr=0.00995619
CIFAR100 epoch 52/1000 iteration 195/195 loss=134.8511 lr=0.0099557
CIFAR100 epoch 53/1000 iteration 50/195 loss=133.4999 lr=0.00995516
CIFAR100 epoch 53/1000 iteration 100/195 loss=133.9858 lr=0.00995461
CIFAR100 epoch 53/1000 iteration 150/195 loss=134.0605 lr=0.00995407
CIFAR100 epoch 53/1000 iteration 195/195 loss=134.8590 lr=0.00995357
CIFAR100 epoch 54/1000 iteration 50/195 loss=133.2593 lr=0.00995302
CIFAR100 epoch 54/1000 iteration 100/195 loss=134.5031 lr=0.00995246
CIFAR100 epoch 54/1000 iteration 150/195 loss=134.4498 lr=0.0099519
CIFAR100 epoch 54/1000 iteration 195/195 loss=133.8222 lr=0.00995139
CIFAR100 epoch 55/1000 iteration 50/195 loss=133.3095 lr=0.00995082
CIFAR100 epoch 55/1000 iteration 100/195 loss=131.7076 lr=0.00995025
CIFAR100 epoch 55/1000 iteration 150/195 loss=132.1365 lr=0.00994968
CIFAR100 epoch 55/1000 iteration 195/195 loss=133.0267 lr=0.00994916
CIFAR100 epoch 56/1000 iteration 50/195 loss=135.0120 lr=0.00994858
CIFAR100 epoch 56/1000 iteration 100/195 loss=133.9197 lr=0.00994799
CIFAR100 epoch 56/1000 iteration 150/195 loss=133.4533 lr=0.00994741
CIFAR100 epoch 56/1000 iteration 195/195 loss=133.3345 lr=0.00994688
CIFAR100 epoch 57/1000 iteration 50/195 loss=131.5752 lr=0.00994628
CIFAR100 epoch 57/1000 iteration 100/195 loss=132.2437 lr=0.00994569
CIFAR100 epoch 57/1000 iteration 150/195 loss=131.5677 lr=0.00994509
CIFAR100 epoch 57/1000 iteration 195/195 loss=131.4217 lr=0.00994455
CIFAR100 epoch 58/1000 iteration 50/195 loss=129.5862 lr=0.00994394
CIFAR100 epoch 58/1000 iteration 100/195 loss=129.1908 lr=0.00994333
CIFAR100 epoch 58/1000 iteration 150/195 loss=130.0456 lr=0.00994272
CIFAR100 epoch 58/1000 iteration 195/195 loss=130.2178 lr=0.00994217
CIFAR100 epoch 59/1000 iteration 50/195 loss=130.5703 lr=0.00994155
CIFAR100 epoch 59/1000 iteration 100/195 loss=129.6429 lr=0.00994093
CIFAR100 epoch 59/1000 iteration 150/195 loss=129.5724 lr=0.0099403
CIFAR100 epoch 59/1000 iteration 195/195 loss=129.4808 lr=0.00993974
CIFAR100 epoch 60/1000 iteration 50/195 loss=130.7751 lr=0.00993911
CIFAR100 epoch 60/1000 iteration 100/195 loss=130.5282 lr=0.00993847
CIFAR100 epoch 60/1000 iteration 150/195 loss=129.8882 lr=0.00993783
CIFAR100 epoch 60/1000 iteration 195/195 loss=130.0534 lr=0.00993726
[epoch 60/1000] saved backbone: /home/mmoslem3/scratch/MKDT/krrst_teacher_ckpt/barlow_twins_resnet18_cifar100.pt
CIFAR100 epoch 61/1000 iteration 50/195 loss=130.0567 lr=0.00993661
CIFAR100 epoch 61/1000 iteration 100/195 loss=130.3158 lr=0.00993597
CIFAR100 epoch 61/1000 iteration 150/195 loss=130.1850 lr=0.00993532
CIFAR100 epoch 61/1000 iteration 195/195 loss=129.6608 lr=0.00993473
CIFAR100 epoch 62/1000 iteration 50/195 loss=127.2281 lr=0.00993407
CIFAR100 epoch 62/1000 iteration 100/195 loss=127.9363 lr=0.00993341
CIFAR100 epoch 62/1000 iteration 150/195 loss=128.4194 lr=0.00993275
CIFAR100 epoch 62/1000 iteration 195/195 loss=128.4077 lr=0.00993215
CIFAR100 epoch 63/1000 iteration 50/195 loss=128.4403 lr=0.00993148
CIFAR100 epoch 63/1000 iteration 100/195 loss=128.3371 lr=0.00993081
CIFAR100 epoch 63/1000 iteration 150/195 loss=128.3287 lr=0.00993013
CIFAR100 epoch 63/1000 iteration 195/195 loss=127.5396 lr=0.00992952
CIFAR100 epoch 64/1000 iteration 50/195 loss=126.3329 lr=0.00992884
CIFAR100 epoch 64/1000 iteration 100/195 loss=126.4846 lr=0.00992815
CIFAR100 epoch 64/1000 iteration 150/195 loss=127.0925 lr=0.00992746
CIFAR100 epoch 64/1000 iteration 195/195 loss=127.6379 lr=0.00992684
CIFAR100 epoch 65/1000 iteration 50/195 loss=126.4244 lr=0.00992615
CIFAR100 epoch 65/1000 iteration 100/195 loss=128.0172 lr=0.00992545
CIFAR100 epoch 65/1000 iteration 150/195 loss=127.1506 lr=0.00992475
CIFAR100 epoch 65/1000 iteration 195/195 loss=127.1494 lr=0.00992411
CIFAR100 epoch 66/1000 iteration 50/195 loss=127.0046 lr=0.00992341
CIFAR100 epoch 66/1000 iteration 100/195 loss=126.8405 lr=0.0099227
CIFAR100 epoch 66/1000 iteration 150/195 loss=126.3322 lr=0.00992198
CIFAR100 epoch 66/1000 iteration 195/195 loss=126.4426 lr=0.00992134
CIFAR100 epoch 67/1000 iteration 50/195 loss=124.3072 lr=0.00992062
CIFAR100 epoch 67/1000 iteration 100/195 loss=124.0254 lr=0.00991989
CIFAR100 epoch 67/1000 iteration 150/195 loss=125.0466 lr=0.00991917
CIFAR100 epoch 67/1000 iteration 195/195 loss=126.2155 lr=0.00991851
CIFAR100 epoch 68/1000 iteration 50/195 loss=124.9220 lr=0.00991778
CIFAR100 epoch 68/1000 iteration 100/195 loss=124.6599 lr=0.00991704
CIFAR100 epoch 68/1000 iteration 150/195 loss=124.5390 lr=0.0099163
CIFAR100 epoch 68/1000 iteration 195/195 loss=124.5749 lr=0.00991563
CIFAR100 epoch 69/1000 iteration 50/195 loss=123.3055 lr=0.00991489
CIFAR100 epoch 69/1000 iteration 100/195 loss=124.2043 lr=0.00991414
CIFAR100 epoch 69/1000 iteration 150/195 loss=124.7237 lr=0.00991339
CIFAR100 epoch 69/1000 iteration 195/195 loss=124.4483 lr=0.00991271
CIFAR100 epoch 70/1000 iteration 50/195 loss=122.6035 lr=0.00991195
CIFAR100 epoch 70/1000 iteration 100/195 loss=123.0502 lr=0.00991119
CIFAR100 epoch 70/1000 iteration 150/195 loss=123.8628 lr=0.00991042
CIFAR100 epoch 70/1000 iteration 195/195 loss=123.9298 lr=0.00990973
[epoch 70/1000] saved backbone: /home/mmoslem3/scratch/MKDT/krrst_teacher_ckpt/barlow_twins_resnet18_cifar100.pt
CIFAR100 epoch 71/1000 iteration 50/195 loss=123.6802 lr=0.00990896
CIFAR100 epoch 71/1000 iteration 100/195 loss=124.5521 lr=0.00990819
CIFAR100 epoch 71/1000 iteration 150/195 loss=123.9417 lr=0.00990741
CIFAR100 epoch 71/1000 iteration 195/195 loss=123.8662 lr=0.00990671
CIFAR100 epoch 72/1000 iteration 50/195 loss=123.1800 lr=0.00990593
CIFAR100 epoch 72/1000 iteration 100/195 loss=123.5820 lr=0.00990514
CIFAR100 epoch 72/1000 iteration 150/195 loss=123.5285 lr=0.00990435
CIFAR100 epoch 72/1000 iteration 195/195 loss=123.3329 lr=0.00990364
CIFAR100 epoch 73/1000 iteration 50/195 loss=121.9929 lr=0.00990284
CIFAR100 epoch 73/1000 iteration 100/195 loss=122.6291 lr=0.00990204
CIFAR100 epoch 73/1000 iteration 150/195 loss=122.4895 lr=0.00990124
CIFAR100 epoch 73/1000 iteration 195/195 loss=123.0174 lr=0.00990051
CIFAR100 epoch 74/1000 iteration 50/195 loss=120.9995 lr=0.0098997
CIFAR100 epoch 74/1000 iteration 100/195 loss=121.2365 lr=0.00989889
CIFAR100 epoch 74/1000 iteration 150/195 loss=122.4257 lr=0.00989808
CIFAR100 epoch 74/1000 iteration 195/195 loss=122.4171 lr=0.00989734
CIFAR100 epoch 75/1000 iteration 50/195 loss=120.9056 lr=0.00989652
CIFAR100 epoch 75/1000 iteration 100/195 loss=121.7276 lr=0.00989569
CIFAR100 epoch 75/1000 iteration 150/195 loss=122.2603 lr=0.00989487
CIFAR100 epoch 75/1000 iteration 195/195 loss=122.2975 lr=0.00989412
CIFAR100 epoch 76/1000 iteration 50/195 loss=120.8255 lr=0.00989328
CIFAR100 epoch 76/1000 iteration 100/195 loss=120.7925 lr=0.00989245
CIFAR100 epoch 76/1000 iteration 150/195 loss=121.0533 lr=0.00989161
CIFAR100 epoch 76/1000 iteration 195/195 loss=121.0292 lr=0.00989085
CIFAR100 epoch 77/1000 iteration 50/195 loss=124.2755 lr=0.00989
CIFAR100 epoch 77/1000 iteration 100/195 loss=123.2274 lr=0.00988915
CIFAR100 epoch 77/1000 iteration 150/195 loss=122.3110 lr=0.0098883
CIFAR100 epoch 77/1000 iteration 195/195 loss=121.8573 lr=0.00988753
CIFAR100 epoch 78/1000 iteration 50/195 loss=119.3691 lr=0.00988667
CIFAR100 epoch 78/1000 iteration 100/195 loss=120.3460 lr=0.00988581
CIFAR100 epoch 78/1000 iteration 150/195 loss=120.2402 lr=0.00988494
CIFAR100 epoch 78/1000 iteration 195/195 loss=121.0172 lr=0.00988416
CIFAR100 epoch 79/1000 iteration 50/195 loss=121.5864 lr=0.00988329
CIFAR100 epoch 79/1000 iteration 100/195 loss=121.3394 lr=0.00988241
CIFAR100 epoch 79/1000 iteration 150/195 loss=120.9984 lr=0.00988153
CIFAR100 epoch 79/1000 iteration 195/195 loss=121.2315 lr=0.00988074
CIFAR100 epoch 80/1000 iteration 50/195 loss=117.9389 lr=0.00987985
CIFAR100 epoch 80/1000 iteration 100/195 loss=118.1691 lr=0.00987897
CIFAR100 epoch 80/1000 iteration 150/195 loss=118.4550 lr=0.00987808
CIFAR100 epoch 80/1000 iteration 195/195 loss=118.5209 lr=0.00987727
[epoch 80/1000] saved backbone: /home/mmoslem3/scratch/MKDT/krrst_teacher_ckpt/barlow_twins_resnet18_cifar100.pt
CIFAR100 epoch 81/1000 iteration 50/195 loss=119.4668 lr=0.00987637
CIFAR100 epoch 81/1000 iteration 100/195 loss=119.8987 lr=0.00987547
CIFAR100 epoch 81/1000 iteration 150/195 loss=119.2110 lr=0.00987457
CIFAR100 epoch 81/1000 iteration 195/195 loss=118.7931 lr=0.00987376
CIFAR100 epoch 82/1000 iteration 50/195 loss=118.6306 lr=0.00987285
CIFAR100 epoch 82/1000 iteration 100/195 loss=118.9456 lr=0.00987193
CIFAR100 epoch 82/1000 iteration 150/195 loss=118.9249 lr=0.00987102
CIFAR100 epoch 82/1000 iteration 195/195 loss=118.6298 lr=0.00987019
CIFAR100 epoch 83/1000 iteration 50/195 loss=116.9395 lr=0.00986927
CIFAR100 epoch 83/1000 iteration 100/195 loss=117.6625 lr=0.00986834
CIFAR100 epoch 83/1000 iteration 150/195 loss=117.6445 lr=0.00986741
CIFAR100 epoch 83/1000 iteration 195/195 loss=117.8868 lr=0.00986657
CIFAR100 epoch 84/1000 iteration 50/195 loss=116.9290 lr=0.00986564
CIFAR100 epoch 84/1000 iteration 100/195 loss=118.1665 lr=0.0098647
CIFAR100 epoch 84/1000 iteration 150/195 loss=117.2398 lr=0.00986376
CIFAR100 epoch 84/1000 iteration 195/195 loss=117.5404 lr=0.00986291
CIFAR100 epoch 85/1000 iteration 50/195 loss=119.3709 lr=0.00986196
CIFAR100 epoch 85/1000 iteration 100/195 loss=118.6375 lr=0.00986101
CIFAR100 epoch 85/1000 iteration 150/195 loss=117.7697 lr=0.00986006
CIFAR100 epoch 85/1000 iteration 195/195 loss=118.0634 lr=0.0098592
CIFAR100 epoch 86/1000 iteration 50/195 loss=118.0623 lr=0.00985824
CIFAR100 epoch 86/1000 iteration 100/195 loss=118.2703 lr=0.00985728
CIFAR100 epoch 86/1000 iteration 150/195 loss=117.8568 lr=0.00985631
CIFAR100 epoch 86/1000 iteration 195/195 loss=117.4484 lr=0.00985544
CIFAR100 epoch 87/1000 iteration 50/195 loss=116.2420 lr=0.00985447
CIFAR100 epoch 87/1000 iteration 100/195 loss=115.9842 lr=0.00985349
CIFAR100 epoch 87/1000 iteration 150/195 loss=116.8049 lr=0.00985251
CIFAR100 epoch 87/1000 iteration 195/195 loss=116.9873 lr=0.00985163
CIFAR100 epoch 88/1000 iteration 50/195 loss=117.3595 lr=0.00985064
CIFAR100 epoch 88/1000 iteration 100/195 loss=116.3962 lr=0.00984965
CIFAR100 epoch 88/1000 iteration 150/195 loss=116.8085 lr=0.00984866
CIFAR100 epoch 88/1000 iteration 195/195 loss=116.6969 lr=0.00984777
CIFAR100 epoch 89/1000 iteration 50/195 loss=114.8314 lr=0.00984677
CIFAR100 epoch 89/1000 iteration 100/195 loss=115.9448 lr=0.00984577
CIFAR100 epoch 89/1000 iteration 150/195 loss=116.5593 lr=0.00984477
CIFAR100 epoch 89/1000 iteration 195/195 loss=116.3527 lr=0.00984386
CIFAR100 epoch 90/1000 iteration 50/195 loss=114.5680 lr=0.00984285
CIFAR100 epoch 90/1000 iteration 100/195 loss=116.0660 lr=0.00984184
CIFAR100 epoch 90/1000 iteration 150/195 loss=115.8491 lr=0.00984082
CIFAR100 epoch 90/1000 iteration 195/195 loss=116.1450 lr=0.0098399
[epoch 90/1000] saved backbone: /home/mmoslem3/scratch/MKDT/krrst_teacher_ckpt/barlow_twins_resnet18_cifar100.pt
CIFAR100 epoch 91/1000 iteration 50/195 loss=114.4493 lr=0.00983888
CIFAR100 epoch 91/1000 iteration 100/195 loss=114.9725 lr=0.00983786
CIFAR100 epoch 91/1000 iteration 150/195 loss=115.7951 lr=0.00983683
CIFAR100 epoch 91/1000 iteration 195/195 loss=116.1741 lr=0.0098359
CIFAR100 epoch 92/1000 iteration 50/195 loss=115.4347 lr=0.00983486
CIFAR100 epoch 92/1000 iteration 100/195 loss=116.0868 lr=0.00983383
CIFAR100 epoch 92/1000 iteration 150/195 loss=115.7615 lr=0.00983278
CIFAR100 epoch 92/1000 iteration 195/195 loss=115.6361 lr=0.00983184
CIFAR100 epoch 93/1000 iteration 50/195 loss=114.5340 lr=0.0098308
CIFAR100 epoch 93/1000 iteration 100/195 loss=114.9634 lr=0.00982975
CIFAR100 epoch 93/1000 iteration 150/195 loss=115.7558 lr=0.00982869
CIFAR100 epoch 93/1000 iteration 195/195 loss=115.3811 lr=0.00982774
CIFAR100 epoch 94/1000 iteration 50/195 loss=113.1000 lr=0.00982668
CIFAR100 epoch 94/1000 iteration 100/195 loss=114.4887 lr=0.00982562
CIFAR100 epoch 94/1000 iteration 150/195 loss=113.9206 lr=0.00982455
CIFAR100 epoch 94/1000 iteration 195/195 loss=114.4188 lr=0.00982359
CIFAR100 epoch 95/1000 iteration 50/195 loss=113.1989 lr=0.00982252
CIFAR100 epoch 95/1000 iteration 100/195 loss=113.6628 lr=0.00982144
CIFAR100 epoch 95/1000 iteration 150/195 loss=114.0610 lr=0.00982037
CIFAR100 epoch 95/1000 iteration 195/195 loss=113.9692 lr=0.00981939
CIFAR100 epoch 96/1000 iteration 50/195 loss=112.8015 lr=0.00981831
CIFAR100 epoch 96/1000 iteration 100/195 loss=113.1095 lr=0.00981722
CIFAR100 epoch 96/1000 iteration 150/195 loss=113.8136 lr=0.00981613
CIFAR100 epoch 96/1000 iteration 195/195 loss=114.2522 lr=0.00981514
CIFAR100 epoch 97/1000 iteration 50/195 loss=114.2595 lr=0.00981405
CIFAR100 epoch 97/1000 iteration 100/195 loss=112.7464 lr=0.00981295
CIFAR100 epoch 97/1000 iteration 150/195 loss=113.6362 lr=0.00981184
CIFAR100 epoch 97/1000 iteration 195/195 loss=113.7938 lr=0.00981085
CIFAR100 epoch 98/1000 iteration 50/195 loss=112.0629 lr=0.00980974
CIFAR100 epoch 98/1000 iteration 100/195 loss=112.2825 lr=0.00980862
CIFAR100 epoch 98/1000 iteration 150/195 loss=112.3979 lr=0.00980751
CIFAR100 epoch 98/1000 iteration 195/195 loss=112.6868 lr=0.0098065
CIFAR100 epoch 99/1000 iteration 50/195 loss=112.5627 lr=0.00980538
CIFAR100 epoch 99/1000 iteration 100/195 loss=113.0318 lr=0.00980426
CIFAR100 epoch 99/1000 iteration 150/195 loss=112.7323 lr=0.00980313
CIFAR100 epoch 99/1000 iteration 195/195 loss=112.7079 lr=0.00980211
CIFAR100 epoch 100/1000 iteration 50/195 loss=114.0330 lr=0.00980097
CIFAR100 epoch 100/1000 iteration 100/195 loss=113.7300 lr=0.00979984
CIFAR100 epoch 100/1000 iteration 150/195 loss=112.6375 lr=0.0097987
CIFAR100 epoch 100/1000 iteration 195/195 loss=112.6542 lr=0.00979767
[epoch 100/1000] saved backbone: /home/mmoslem3/scratch/MKDT/krrst_teacher_ckpt/barlow_twins_resnet18_cifar100.pt
CIFAR100 epoch 101/1000 iteration 50/195 loss=113.0675 lr=0.00979652
CIFAR100 epoch 101/1000 iteration 100/195 loss=113.4655 lr=0.00979537
CIFAR100 epoch 101/1000 iteration 150/195 loss=113.2099 lr=0.00979422
CIFAR100 epoch 101/1000 iteration 195/195 loss=113.1091 lr=0.00979318
CIFAR100 epoch 102/1000 iteration 50/195 loss=113.1361 lr=0.00979202
CIFAR100 epoch 102/1000 iteration 100/195 loss=112.2191 lr=0.00979086
CIFAR100 epoch 102/1000 iteration 150/195 loss=111.8448 lr=0.00978969
CIFAR100 epoch 102/1000 iteration 195/195 loss=111.7745 lr=0.00978864
CIFAR100 epoch 103/1000 iteration 50/195 loss=112.1568 lr=0.00978747
CIFAR100 epoch 103/1000 iteration 100/195 loss=112.4212 lr=0.00978629
CIFAR100 epoch 103/1000 iteration 150/195 loss=113.0896 lr=0.00978512
CIFAR100 epoch 103/1000 iteration 195/195 loss=113.1782 lr=0.00978405
CIFAR100 epoch 104/1000 iteration 50/195 loss=112.4127 lr=0.00978287
CIFAR100 epoch 104/1000 iteration 100/195 loss=111.8662 lr=0.00978168
CIFAR100 epoch 104/1000 iteration 150/195 loss=111.7485 lr=0.00978049
CIFAR100 epoch 104/1000 iteration 195/195 loss=111.5687 lr=0.00977942
CIFAR100 epoch 105/1000 iteration 50/195 loss=112.4240 lr=0.00977822
CIFAR100 epoch 105/1000 iteration 100/195 loss=113.2602 lr=0.00977702
CIFAR100 epoch 105/1000 iteration 150/195 loss=112.6503 lr=0.00977582
CIFAR100 epoch 105/1000 iteration 195/195 loss=112.4702 lr=0.00977474
CIFAR100 epoch 106/1000 iteration 50/195 loss=111.2817 lr=0.00977353
CIFAR100 epoch 106/1000 iteration 100/195 loss=111.1898 lr=0.00977232
CIFAR100 epoch 106/1000 iteration 150/195 loss=110.6624 lr=0.0097711
CIFAR100 epoch 106/1000 iteration 195/195 loss=111.1113 lr=0.00977001
CIFAR100 epoch 107/1000 iteration 50/195 loss=111.4422 lr=0.00976879
CIFAR100 epoch 107/1000 iteration 100/195 loss=110.4200 lr=0.00976756
CIFAR100 epoch 107/1000 iteration 150/195 loss=110.2902 lr=0.00976633
CIFAR100 epoch 107/1000 iteration 195/195 loss=109.9970 lr=0.00976523
CIFAR100 epoch 108/1000 iteration 50/195 loss=110.4351 lr=0.00976399
CIFAR100 epoch 108/1000 iteration 100/195 loss=110.1359 lr=0.00976276
CIFAR100 epoch 108/1000 iteration 150/195 loss=109.7782 lr=0.00976152
CIFAR100 epoch 108/1000 iteration 195/195 loss=110.2044 lr=0.0097604
CIFAR100 epoch 109/1000 iteration 50/195 loss=109.7275 lr=0.00975916
CIFAR100 epoch 109/1000 iteration 100/195 loss=110.5715 lr=0.00975791
CIFAR100 epoch 109/1000 iteration 150/195 loss=110.6136 lr=0.00975666
CIFAR100 epoch 109/1000 iteration 195/195 loss=111.0960 lr=0.00975553
CIFAR100 epoch 110/1000 iteration 50/195 loss=110.1210 lr=0.00975427
CIFAR100 epoch 110/1000 iteration 100/195 loss=110.7489 lr=0.00975301
CIFAR100 epoch 110/1000 iteration 150/195 loss=110.7000 lr=0.00975175
CIFAR100 epoch 110/1000 iteration 195/195 loss=110.5415 lr=0.00975061
[epoch 110/1000] saved backbone: /home/mmoslem3/scratch/MKDT/krrst_teacher_ckpt/barlow_twins_resnet18_cifar100.pt
CIFAR100 epoch 111/1000 iteration 50/195 loss=107.6711 lr=0.00974934
CIFAR100 epoch 111/1000 iteration 100/195 loss=109.0303 lr=0.00974806
CIFAR100 epoch 111/1000 iteration 150/195 loss=108.8453 lr=0.00974679
CIFAR100 epoch 111/1000 iteration 195/195 loss=109.1196 lr=0.00974564
CIFAR100 epoch 112/1000 iteration 50/195 loss=109.0478 lr=0.00974435
CIFAR100 epoch 112/1000 iteration 100/195 loss=109.5693 lr=0.00974307
CIFAR100 epoch 112/1000 iteration 150/195 loss=109.2076 lr=0.00974178
CIFAR100 epoch 112/1000 iteration 195/195 loss=108.9756 lr=0.00974062
CIFAR100 epoch 113/1000 iteration 50/195 loss=109.0622 lr=0.00973932
CIFAR100 epoch 113/1000 iteration 100/195 loss=108.7185 lr=0.00973803
CIFAR100 epoch 113/1000 iteration 150/195 loss=109.5433 lr=0.00973673
CIFAR100 epoch 113/1000 iteration 195/195 loss=109.2712 lr=0.00973555
CIFAR100 epoch 114/1000 iteration 50/195 loss=109.2936 lr=0.00973425
CIFAR100 epoch 114/1000 iteration 100/195 loss=108.1618 lr=0.00973294
CIFAR100 epoch 114/1000 iteration 150/195 loss=108.4371 lr=0.00973162
CIFAR100 epoch 114/1000 iteration 195/195 loss=108.6748 lr=0.00973044
CIFAR100 epoch 115/1000 iteration 50/195 loss=105.9882 lr=0.00972912
CIFAR100 epoch 115/1000 iteration 100/195 loss=107.1880 lr=0.0097278
CIFAR100 epoch 115/1000 iteration 150/195 loss=107.8041 lr=0.00972647
CIFAR100 epoch 115/1000 iteration 195/195 loss=108.5366 lr=0.00972528
CIFAR100 epoch 116/1000 iteration 50/195 loss=107.3380 lr=0.00972395
CIFAR100 epoch 116/1000 iteration 100/195 loss=106.8655 lr=0.00972261
CIFAR100 epoch 116/1000 iteration 150/195 loss=107.9504 lr=0.00972128
CIFAR100 epoch 116/1000 iteration 195/195 loss=107.7852 lr=0.00972007
CIFAR100 epoch 117/1000 iteration 50/195 loss=106.8002 lr=0.00971873
CIFAR100 epoch 117/1000 iteration 100/195 loss=107.7685 lr=0.00971738
CIFAR100 epoch 117/1000 iteration 150/195 loss=107.9395 lr=0.00971603
CIFAR100 epoch 117/1000 iteration 195/195 loss=108.4976 lr=0.00971482
CIFAR100 epoch 118/1000 iteration 50/195 loss=107.9217 lr=0.00971346
CIFAR100 epoch 118/1000 iteration 100/195 loss=108.3669 lr=0.0097121
CIFAR100 epoch 118/1000 iteration 150/195 loss=107.9654 lr=0.00971074
CIFAR100 epoch 118/1000 iteration 195/195 loss=107.7925 lr=0.00970951
CIFAR100 epoch 119/1000 iteration 50/195 loss=108.1612 lr=0.00970815
CIFAR100 epoch 119/1000 iteration 100/195 loss=107.7615 lr=0.00970677
CIFAR100 epoch 119/1000 iteration 150/195 loss=108.3189 lr=0.0097054
CIFAR100 epoch 119/1000 iteration 195/195 loss=107.7796 lr=0.00970416
CIFAR100 epoch 120/1000 iteration 50/195 loss=106.5182 lr=0.00970278
CIFAR100 epoch 120/1000 iteration 100/195 loss=106.7499 lr=0.0097014
CIFAR100 epoch 120/1000 iteration 150/195 loss=106.9618 lr=0.00970001
CIFAR100 epoch 120/1000 iteration 195/195 loss=107.2815 lr=0.00969876
[epoch 120/1000] saved backbone: /home/mmoslem3/scratch/MKDT/krrst_teacher_ckpt/barlow_twins_resnet18_cifar100.pt
CIFAR100 epoch 121/1000 iteration 50/195 loss=105.5373 lr=0.00969737
CIFAR100 epoch 121/1000 iteration 100/195 loss=105.9916 lr=0.00969598
CIFAR100 epoch 121/1000 iteration 150/195 loss=106.3598 lr=0.00969458
CIFAR100 epoch 121/1000 iteration 195/195 loss=106.5092 lr=0.00969332
CIFAR100 epoch 122/1000 iteration 50/195 loss=106.5284 lr=0.00969192
CIFAR100 epoch 122/1000 iteration 100/195 loss=106.6136 lr=0.00969051
CIFAR100 epoch 122/1000 iteration 150/195 loss=106.9028 lr=0.0096891
CIFAR100 epoch 122/1000 iteration 195/195 loss=107.4540 lr=0.00968783
CIFAR100 epoch 123/1000 iteration 50/195 loss=107.7400 lr=0.00968641
CIFAR100 epoch 123/1000 iteration 100/195 loss=108.4265 lr=0.00968499
CIFAR100 epoch 123/1000 iteration 150/195 loss=107.8888 lr=0.00968357
CIFAR100 epoch 123/1000 iteration 195/195 loss=107.6018 lr=0.00968229
CIFAR100 epoch 124/1000 iteration 50/195 loss=105.8520 lr=0.00968086
CIFAR100 epoch 124/1000 iteration 100/195 loss=106.4482 lr=0.00967943
CIFAR100 epoch 124/1000 iteration 150/195 loss=106.1857 lr=0.009678
CIFAR100 epoch 124/1000 iteration 195/195 loss=106.0921 lr=0.0096767
CIFAR100 epoch 125/1000 iteration 50/195 loss=106.2491 lr=0.00967526
CIFAR100 epoch 125/1000 iteration 100/195 loss=106.1651 lr=0.00967382
CIFAR100 epoch 125/1000 iteration 150/195 loss=106.5319 lr=0.00967237
CIFAR100 epoch 125/1000 iteration 195/195 loss=106.2841 lr=0.00967107
CIFAR100 epoch 126/1000 iteration 50/195 loss=106.9136 lr=0.00966962
CIFAR100 epoch 126/1000 iteration 100/195 loss=106.5575 lr=0.00966816
CIFAR100 epoch 126/1000 iteration 150/195 loss=106.2268 lr=0.0096667
CIFAR100 epoch 126/1000 iteration 195/195 loss=106.5145 lr=0.00966539
CIFAR100 epoch 127/1000 iteration 50/195 loss=106.6284 lr=0.00966392
CIFAR100 epoch 127/1000 iteration 100/195 loss=106.0363 lr=0.00966246
CIFAR100 epoch 127/1000 iteration 150/195 loss=105.7446 lr=0.00966099
CIFAR100 epoch 127/1000 iteration 195/195 loss=105.7228 lr=0.00965966
CIFAR100 epoch 128/1000 iteration 50/195 loss=103.7482 lr=0.00965818
CIFAR100 epoch 128/1000 iteration 100/195 loss=105.2522 lr=0.00965671
CIFAR100 epoch 128/1000 iteration 150/195 loss=105.1388 lr=0.00965522
CIFAR100 epoch 128/1000 iteration 195/195 loss=105.4989 lr=0.00965389
CIFAR100 epoch 129/1000 iteration 50/195 loss=105.0772 lr=0.0096524
CIFAR100 epoch 129/1000 iteration 100/195 loss=105.8216 lr=0.00965091
CIFAR100 epoch 129/1000 iteration 150/195 loss=105.6106 lr=0.00964941
CIFAR100 epoch 129/1000 iteration 195/195 loss=106.1058 lr=0.00964807
CIFAR100 epoch 130/1000 iteration 50/195 loss=107.1205 lr=0.00964657
CIFAR100 epoch 130/1000 iteration 100/195 loss=105.5249 lr=0.00964506
CIFAR100 epoch 130/1000 iteration 150/195 loss=105.3228 lr=0.00964356
CIFAR100 epoch 130/1000 iteration 195/195 loss=105.5553 lr=0.0096422
[epoch 130/1000] saved backbone: /home/mmoslem3/scratch/MKDT/krrst_teacher_ckpt/barlow_twins_resnet18_cifar100.pt
CIFAR100 epoch 131/1000 iteration 50/195 loss=104.9242 lr=0.00964069
CIFAR100 epoch 131/1000 iteration 100/195 loss=105.2467 lr=0.00963917
CIFAR100 epoch 131/1000 iteration 150/195 loss=105.6379 lr=0.00963765
CIFAR100 epoch 131/1000 iteration 195/195 loss=105.4381 lr=0.00963628
CIFAR100 epoch 132/1000 iteration 50/195 loss=104.8684 lr=0.00963476
CIFAR100 epoch 132/1000 iteration 100/195 loss=105.6765 lr=0.00963323
CIFAR100 epoch 132/1000 iteration 150/195 loss=105.7183 lr=0.0096317
CIFAR100 epoch 132/1000 iteration 195/195 loss=105.5461 lr=0.00963032
CIFAR100 epoch 133/1000 iteration 50/195 loss=104.1298 lr=0.00962879
CIFAR100 epoch 133/1000 iteration 100/195 loss=105.0516 lr=0.00962725
CIFAR100 epoch 133/1000 iteration 150/195 loss=105.2447 lr=0.00962571
CIFAR100 epoch 133/1000 iteration 195/195 loss=104.5645 lr=0.00962431
CIFAR100 epoch 134/1000 iteration 50/195 loss=102.9768 lr=0.00962277
CIFAR100 epoch 134/1000 iteration 100/195 loss=104.0876 lr=0.00962122
CIFAR100 epoch 134/1000 iteration 150/195 loss=104.4957 lr=0.00961966
CIFAR100 epoch 134/1000 iteration 195/195 loss=104.5044 lr=0.00961826
CIFAR100 epoch 135/1000 iteration 50/195 loss=106.6015 lr=0.0096167
CIFAR100 epoch 135/1000 iteration 100/195 loss=105.0297 lr=0.00961514
CIFAR100 epoch 135/1000 iteration 150/195 loss=104.3861 lr=0.00961357
CIFAR100 epoch 135/1000 iteration 195/195 loss=104.6216 lr=0.00961216
CIFAR100 epoch 136/1000 iteration 50/195 loss=104.9530 lr=0.00961059
CIFAR100 epoch 136/1000 iteration 100/195 loss=103.9152 lr=0.00960901
CIFAR100 epoch 136/1000 iteration 150/195 loss=104.3728 lr=0.00960744
CIFAR100 epoch 136/1000 iteration 195/195 loss=103.9605 lr=0.00960601
CIFAR100 epoch 137/1000 iteration 50/195 loss=102.8468 lr=0.00960443
CIFAR100 epoch 137/1000 iteration 100/195 loss=103.2397 lr=0.00960284
CIFAR100 epoch 137/1000 iteration 150/195 loss=103.6093 lr=0.00960125
CIFAR100 epoch 137/1000 iteration 195/195 loss=103.8353 lr=0.00959982
CIFAR100 epoch 138/1000 iteration 50/195 loss=105.6619 lr=0.00959822
CIFAR100 epoch 138/1000 iteration 100/195 loss=105.0076 lr=0.00959663
CIFAR100 epoch 138/1000 iteration 150/195 loss=105.1003 lr=0.00959502
CIFAR100 epoch 138/1000 iteration 195/195 loss=104.6265 lr=0.00959358
CIFAR100 epoch 139/1000 iteration 50/195 loss=103.0945 lr=0.00959197
CIFAR100 epoch 139/1000 iteration 100/195 loss=102.7642 lr=0.00959036
CIFAR100 epoch 139/1000 iteration 150/195 loss=103.3136 lr=0.00958875
CIFAR100 epoch 139/1000 iteration 195/195 loss=103.8507 lr=0.00958729
CIFAR100 epoch 140/1000 iteration 50/195 loss=103.6158 lr=0.00958567
CIFAR100 epoch 140/1000 iteration 100/195 loss=104.5015 lr=0.00958405
CIFAR100 epoch 140/1000 iteration 150/195 loss=103.8540 lr=0.00958243
CIFAR100 epoch 140/1000 iteration 195/195 loss=103.7945 lr=0.00958096
[epoch 140/1000] saved backbone: /home/mmoslem3/scratch/MKDT/krrst_teacher_ckpt/barlow_twins_resnet18_cifar100.pt
CIFAR100 epoch 141/1000 iteration 50/195 loss=104.4724 lr=0.00957933
CIFAR100 epoch 141/1000 iteration 100/195 loss=104.1651 lr=0.0095777
CIFAR100 epoch 141/1000 iteration 150/195 loss=104.1792 lr=0.00957606
CIFAR100 epoch 141/1000 iteration 195/195 loss=103.8779 lr=0.00957458
CIFAR100 epoch 142/1000 iteration 50/195 loss=104.1112 lr=0.00957294
CIFAR100 epoch 142/1000 iteration 100/195 loss=104.3333 lr=0.00957129
CIFAR100 epoch 142/1000 iteration 150/195 loss=104.9290 lr=0.00956965
CIFAR100 epoch 142/1000 iteration 195/195 loss=104.9273 lr=0.00956816
CIFAR100 epoch 143/1000 iteration 50/195 loss=103.2745 lr=0.0095665
CIFAR100 epoch 143/1000 iteration 100/195 loss=103.7137 lr=0.00956485
CIFAR100 epoch 143/1000 iteration 150/195 loss=103.3728 lr=0.00956319
CIFAR100 epoch 143/1000 iteration 195/195 loss=103.0316 lr=0.00956169
CIFAR100 epoch 144/1000 iteration 50/195 loss=102.7904 lr=0.00956002
CIFAR100 epoch 144/1000 iteration 100/195 loss=102.0471 lr=0.00955835
CIFAR100 epoch 144/1000 iteration 150/195 loss=102.1700 lr=0.00955668
CIFAR100 epoch 144/1000 iteration 195/195 loss=102.6820 lr=0.00955517
CIFAR100 epoch 145/1000 iteration 50/195 loss=100.9036 lr=0.0095535
CIFAR100 epoch 145/1000 iteration 100/195 loss=101.4736 lr=0.00955181
CIFAR100 epoch 145/1000 iteration 150/195 loss=101.8540 lr=0.00955013
CIFAR100 epoch 145/1000 iteration 195/195 loss=102.3866 lr=0.00954861
CIFAR100 epoch 146/1000 iteration 50/195 loss=101.0165 lr=0.00954692
CIFAR100 epoch 146/1000 iteration 100/195 loss=101.3490 lr=0.00954523
CIFAR100 epoch 146/1000 iteration 150/195 loss=101.7463 lr=0.00954353
CIFAR100 epoch 146/1000 iteration 195/195 loss=102.2071 lr=0.009542
CIFAR100 epoch 147/1000 iteration 50/195 loss=100.9694 lr=0.0095403
CIFAR100 epoch 147/1000 iteration 100/195 loss=101.8039 lr=0.0095386
CIFAR100 epoch 147/1000 iteration 150/195 loss=102.0713 lr=0.00953689
CIFAR100 epoch 147/1000 iteration 195/195 loss=102.1046 lr=0.00953535
CIFAR100 epoch 148/1000 iteration 50/195 loss=104.0178 lr=0.00953364
CIFAR100 epoch 148/1000 iteration 100/195 loss=103.3727 lr=0.00953192
CIFAR100 epoch 148/1000 iteration 150/195 loss=102.9588 lr=0.0095302
CIFAR100 epoch 148/1000 iteration 195/195 loss=102.7348 lr=0.00952865
CIFAR100 epoch 149/1000 iteration 50/195 loss=101.5446 lr=0.00952693
CIFAR100 epoch 149/1000 iteration 100/195 loss=102.4788 lr=0.0095252
CIFAR100 epoch 149/1000 iteration 150/195 loss=102.2690 lr=0.00952347
CIFAR100 epoch 149/1000 iteration 195/195 loss=102.4556 lr=0.00952191
CIFAR100 epoch 150/1000 iteration 50/195 loss=101.4585 lr=0.00952017
CIFAR100 epoch 150/1000 iteration 100/195 loss=101.9794 lr=0.00951843
CIFAR100 epoch 150/1000 iteration 150/195 loss=102.5393 lr=0.00951669
CIFAR100 epoch 150/1000 iteration 195/195 loss=102.7998 lr=0.00951512
[epoch 150/1000] saved backbone: /home/mmoslem3/scratch/MKDT/krrst_teacher_ckpt/barlow_twins_resnet18_cifar100.pt
CIFAR100 epoch 151/1000 iteration 50/195 loss=103.0928 lr=0.00951337
CIFAR100 epoch 151/1000 iteration 100/195 loss=102.4489 lr=0.00951162
CIFAR100 epoch 151/1000 iteration 150/195 loss=102.9268 lr=0.00950986
CIFAR100 epoch 151/1000 iteration 195/195 loss=102.7338 lr=0.00950828
CIFAR100 epoch 152/1000 iteration 50/195 loss=101.8962 lr=0.00950652
CIFAR100 epoch 152/1000 iteration 100/195 loss=101.9498 lr=0.00950476
CIFAR100 epoch 152/1000 iteration 150/195 loss=102.3554 lr=0.00950299
CIFAR100 epoch 152/1000 iteration 195/195 loss=101.8411 lr=0.0095014
CIFAR100 epoch 153/1000 iteration 50/195 loss=100.5029 lr=0.00949963
CIFAR100 epoch 153/1000 iteration 100/195 loss=100.8749 lr=0.00949786
CIFAR100 epoch 153/1000 iteration 150/195 loss=100.4666 lr=0.00949608
CIFAR100 epoch 153/1000 iteration 195/195 loss=101.1378 lr=0.00949448
CIFAR100 epoch 154/1000 iteration 50/195 loss=101.3468 lr=0.00949269
CIFAR100 epoch 154/1000 iteration 100/195 loss=101.9382 lr=0.00949091
CIFAR100 epoch 154/1000 iteration 150/195 loss=101.8170 lr=0.00948912
CIFAR100 epoch 154/1000 iteration 195/195 loss=101.8771 lr=0.00948751
CIFAR100 epoch 155/1000 iteration 50/195 loss=101.2430 lr=0.00948571
CIFAR100 epoch 155/1000 iteration 100/195 loss=100.2386 lr=0.00948391
CIFAR100 epoch 155/1000 iteration 150/195 loss=101.1794 lr=0.00948211
CIFAR100 epoch 155/1000 iteration 195/195 loss=101.0139 lr=0.00948049
CIFAR100 epoch 156/1000 iteration 50/195 loss=100.4828 lr=0.00947868
CIFAR100 epoch 156/1000 iteration 100/195 loss=101.2824 lr=0.00947687
CIFAR100 epoch 156/1000 iteration 150/195 loss=101.8927 lr=0.00947506
CIFAR100 epoch 156/1000 iteration 195/195 loss=101.1277 lr=0.00947343
CIFAR100 epoch 157/1000 iteration 50/195 loss=100.6151 lr=0.00947161
CIFAR100 epoch 157/1000 iteration 100/195 loss=101.1295 lr=0.00946979
CIFAR100 epoch 157/1000 iteration 150/195 loss=101.4936 lr=0.00946797
CIFAR100 epoch 157/1000 iteration 195/195 loss=101.2267 lr=0.00946632
CIFAR100 epoch 158/1000 iteration 50/195 loss=98.6048 lr=0.00946449
CIFAR100 epoch 158/1000 iteration 100/195 loss=99.6994 lr=0.00946266
CIFAR100 epoch 158/1000 iteration 150/195 loss=100.3986 lr=0.00946082
CIFAR100 epoch 158/1000 iteration 195/195 loss=100.9788 lr=0.00945917
CIFAR100 epoch 159/1000 iteration 50/195 loss=99.6997 lr=0.00945733
CIFAR100 epoch 159/1000 iteration 100/195 loss=99.3466 lr=0.00945549
CIFAR100 epoch 159/1000 iteration 150/195 loss=100.2864 lr=0.00945364
CIFAR100 epoch 159/1000 iteration 195/195 loss=100.6427 lr=0.00945197
CIFAR100 epoch 160/1000 iteration 50/195 loss=100.3490 lr=0.00945012
CIFAR100 epoch 160/1000 iteration 100/195 loss=99.4508 lr=0.00944827
CIFAR100 epoch 160/1000 iteration 150/195 loss=99.8524 lr=0.00944641
CIFAR100 epoch 160/1000 iteration 195/195 loss=99.7557 lr=0.00944473
[epoch 160/1000] saved backbone: /home/mmoslem3/scratch/MKDT/krrst_teacher_ckpt/barlow_twins_resnet18_cifar100.pt
CIFAR100 epoch 161/1000 iteration 50/195 loss=98.8430 lr=0.00944287
CIFAR100 epoch 161/1000 iteration 100/195 loss=99.8107 lr=0.009441
CIFAR100 epoch 161/1000 iteration 150/195 loss=100.1843 lr=0.00943913
CIFAR100 epoch 161/1000 iteration 195/195 loss=100.3671 lr=0.00943745
CIFAR100 epoch 162/1000 iteration 50/195 loss=101.7834 lr=0.00943557
CIFAR100 epoch 162/1000 iteration 100/195 loss=101.4804 lr=0.00943369
CIFAR100 epoch 162/1000 iteration 150/195 loss=101.2392 lr=0.00943181
CIFAR100 epoch 162/1000 iteration 195/195 loss=101.2595 lr=0.00943012
CIFAR100 epoch 163/1000 iteration 50/195 loss=100.2730 lr=0.00942823
CIFAR100 epoch 163/1000 iteration 100/195 loss=99.9971 lr=0.00942634
CIFAR100 epoch 163/1000 iteration 150/195 loss=99.6459 lr=0.00942445
CIFAR100 epoch 163/1000 iteration 195/195 loss=99.8686 lr=0.00942274
CIFAR100 epoch 164/1000 iteration 50/195 loss=100.5056 lr=0.00942084
CIFAR100 epoch 164/1000 iteration 100/195 loss=100.0211 lr=0.00941894
CIFAR100 epoch 164/1000 iteration 150/195 loss=99.9527 lr=0.00941704
CIFAR100 epoch 164/1000 iteration 195/195 loss=100.2653 lr=0.00941532
CIFAR100 epoch 165/1000 iteration 50/195 loss=100.6984 lr=0.00941341
CIFAR100 epoch 165/1000 iteration 100/195 loss=100.6495 lr=0.0094115
CIFAR100 epoch 165/1000 iteration 150/195 loss=100.6277 lr=0.00940959
CIFAR100 epoch 165/1000 iteration 195/195 loss=100.4088 lr=0.00940786
CIFAR100 epoch 166/1000 iteration 50/195 loss=98.8526 lr=0.00940594
CIFAR100 epoch 166/1000 iteration 100/195 loss=99.0199 lr=0.00940401
CIFAR100 epoch 166/1000 iteration 150/195 loss=99.3431 lr=0.00940209
CIFAR100 epoch 166/1000 iteration 195/195 loss=98.9246 lr=0.00940035
CIFAR100 epoch 167/1000 iteration 50/195 loss=99.2927 lr=0.00939842
CIFAR100 epoch 167/1000 iteration 100/195 loss=99.0564 lr=0.00939648
CIFAR100 epoch 167/1000 iteration 150/195 loss=99.4042 lr=0.00939455
CIFAR100 epoch 167/1000 iteration 195/195 loss=99.5647 lr=0.0093928
CIFAR100 epoch 168/1000 iteration 50/195 loss=100.6157 lr=0.00939086
CIFAR100 epoch 168/1000 iteration 100/195 loss=100.2567 lr=0.00938891
CIFAR100 epoch 168/1000 iteration 150/195 loss=100.3769 lr=0.00938696
CIFAR100 epoch 168/1000 iteration 195/195 loss=100.0673 lr=0.0093852
CIFAR100 epoch 169/1000 iteration 50/195 loss=100.3612 lr=0.00938325
CIFAR100 epoch 169/1000 iteration 100/195 loss=99.6568 lr=0.00938129
CIFAR100 epoch 169/1000 iteration 150/195 loss=99.5229 lr=0.00937933
CIFAR100 epoch 169/1000 iteration 195/195 loss=99.0474 lr=0.00937756
CIFAR100 epoch 170/1000 iteration 50/195 loss=97.7087 lr=0.0093756
CIFAR100 epoch 170/1000 iteration 100/195 loss=98.4466 lr=0.00937363
CIFAR100 epoch 170/1000 iteration 150/195 loss=99.1012 lr=0.00937165
CIFAR100 epoch 170/1000 iteration 195/195 loss=99.1791 lr=0.00936988
[epoch 170/1000] saved backbone: /home/mmoslem3/scratch/MKDT/krrst_teacher_ckpt/barlow_twins_resnet18_cifar100.pt
CIFAR100 epoch 171/1000 iteration 50/195 loss=99.3039 lr=0.0093679
CIFAR100 epoch 171/1000 iteration 100/195 loss=99.1769 lr=0.00936592
CIFAR100 epoch 171/1000 iteration 150/195 loss=99.1228 lr=0.00936394
CIFAR100 epoch 171/1000 iteration 195/195 loss=99.4186 lr=0.00936215
CIFAR100 epoch 172/1000 iteration 50/195 loss=98.5523 lr=0.00936016
CIFAR100 epoch 172/1000 iteration 100/195 loss=98.9687 lr=0.00935817
CIFAR100 epoch 172/1000 iteration 150/195 loss=98.9928 lr=0.00935617
CIFAR100 epoch 172/1000 iteration 195/195 loss=98.9817 lr=0.00935438
CIFAR100 epoch 173/1000 iteration 50/195 loss=98.4812 lr=0.00935238
CIFAR100 epoch 173/1000 iteration 100/195 loss=98.0091 lr=0.00935037
CIFAR100 epoch 173/1000 iteration 150/195 loss=98.7341 lr=0.00934837
CIFAR100 epoch 173/1000 iteration 195/195 loss=99.0100 lr=0.00934656
CIFAR100 epoch 174/1000 iteration 50/195 loss=100.0303 lr=0.00934455
CIFAR100 epoch 174/1000 iteration 100/195 loss=99.3292 lr=0.00934254
CIFAR100 epoch 174/1000 iteration 150/195 loss=98.5530 lr=0.00934052
CIFAR100 epoch 174/1000 iteration 195/195 loss=98.7102 lr=0.0093387
CIFAR100 epoch 175/1000 iteration 50/195 loss=98.7617 lr=0.00933668
CIFAR100 epoch 175/1000 iteration 100/195 loss=98.9804 lr=0.00933465
CIFAR100 epoch 175/1000 iteration 150/195 loss=98.9821 lr=0.00933262
CIFAR100 epoch 175/1000 iteration 195/195 loss=98.9240 lr=0.0093308
CIFAR100 epoch 176/1000 iteration 50/195 loss=98.3068 lr=0.00932876
CIFAR100 epoch 176/1000 iteration 100/195 loss=98.7347 lr=0.00932673
CIFAR100 epoch 176/1000 iteration 150/195 loss=98.3330 lr=0.00932469
CIFAR100 epoch 176/1000 iteration 195/195 loss=98.7167 lr=0.00932285
CIFAR100 epoch 177/1000 iteration 50/195 loss=97.8988 lr=0.00932081
CIFAR100 epoch 177/1000 iteration 100/195 loss=98.0202 lr=0.00931876
CIFAR100 epoch 177/1000 iteration 150/195 loss=97.8224 lr=0.00931671
CIFAR100 epoch 177/1000 iteration 195/195 loss=97.7166 lr=0.00931486
CIFAR100 epoch 178/1000 iteration 50/195 loss=97.5625 lr=0.0093128
CIFAR100 epoch 178/1000 iteration 100/195 loss=97.3282 lr=0.00931074
CIFAR100 epoch 178/1000 iteration 150/195 loss=97.4982 lr=0.00930868
CIFAR100 epoch 178/1000 iteration 195/195 loss=97.3411 lr=0.00930683
CIFAR100 epoch 179/1000 iteration 50/195 loss=97.8851 lr=0.00930476
CIFAR100 epoch 179/1000 iteration 100/195 loss=99.2209 lr=0.00930269
CIFAR100 epoch 179/1000 iteration 150/195 loss=99.0532 lr=0.00930062
CIFAR100 epoch 179/1000 iteration 195/195 loss=98.5007 lr=0.00929875
CIFAR100 epoch 180/1000 iteration 50/195 loss=98.1510 lr=0.00929667
CIFAR100 epoch 180/1000 iteration 100/195 loss=98.5462 lr=0.00929459
CIFAR100 epoch 180/1000 iteration 150/195 loss=97.9509 lr=0.0092925
CIFAR100 epoch 180/1000 iteration 195/195 loss=97.8290 lr=0.00929063
[epoch 180/1000] saved backbone: /home/mmoslem3/scratch/MKDT/krrst_teacher_ckpt/barlow_twins_resnet18_cifar100.pt
CIFAR100 epoch 181/1000 iteration 50/195 loss=96.3913 lr=0.00928854
CIFAR100 epoch 181/1000 iteration 100/195 loss=96.8221 lr=0.00928645
CIFAR100 epoch 181/1000 iteration 150/195 loss=97.3362 lr=0.00928435
CIFAR100 epoch 181/1000 iteration 195/195 loss=97.8307 lr=0.00928246
CIFAR100 epoch 182/1000 iteration 50/195 loss=97.0576 lr=0.00928036
CIFAR100 epoch 182/1000 iteration 100/195 loss=97.2070 lr=0.00927826
CIFAR100 epoch 182/1000 iteration 150/195 loss=97.4268 lr=0.00927615
CIFAR100 epoch 182/1000 iteration 195/195 loss=97.4950 lr=0.00927426
CIFAR100 epoch 183/1000 iteration 50/195 loss=96.8035 lr=0.00927215
CIFAR100 epoch 183/1000 iteration 100/195 loss=98.1871 lr=0.00927003
CIFAR100 epoch 183/1000 iteration 150/195 loss=98.5222 lr=0.00926791
CIFAR100 epoch 183/1000 iteration 195/195 loss=98.4540 lr=0.00926601
CIFAR100 epoch 184/1000 iteration 50/195 loss=96.5342 lr=0.00926388
CIFAR100 epoch 184/1000 iteration 100/195 loss=96.9710 lr=0.00926176
CIFAR100 epoch 184/1000 iteration 150/195 loss=97.2129 lr=0.00925963
CIFAR100 epoch 184/1000 iteration 195/195 loss=97.3195 lr=0.00925771
CIFAR100 epoch 185/1000 iteration 50/195 loss=96.9087 lr=0.00925558
CIFAR100 epoch 185/1000 iteration 100/195 loss=96.5779 lr=0.00925344
CIFAR100 epoch 185/1000 iteration 150/195 loss=96.9098 lr=0.00925131
CIFAR100 epoch 185/1000 iteration 195/195 loss=96.9615 lr=0.00924938
CIFAR100 epoch 186/1000 iteration 50/195 loss=95.2817 lr=0.00924723
CIFAR100 epoch 186/1000 iteration 100/195 loss=96.9769 lr=0.00924509
CIFAR100 epoch 186/1000 iteration 150/195 loss=97.1494 lr=0.00924294
CIFAR100 epoch 186/1000 iteration 195/195 loss=97.1518 lr=0.009241
CIFAR100 epoch 187/1000 iteration 50/195 loss=96.1661 lr=0.00923885
CIFAR100 epoch 187/1000 iteration 100/195 loss=95.8222 lr=0.00923669
CIFAR100 epoch 187/1000 iteration 150/195 loss=96.3524 lr=0.00923453
CIFAR100 epoch 187/1000 iteration 195/195 loss=96.7126 lr=0.00923258
CIFAR100 epoch 188/1000 iteration 50/195 loss=96.7238 lr=0.00923041
CIFAR100 epoch 188/1000 iteration 100/195 loss=96.1673 lr=0.00922824
CIFAR100 epoch 188/1000 iteration 150/195 loss=96.4328 lr=0.00922607
CIFAR100 epoch 188/1000 iteration 195/195 loss=96.4082 lr=0.00922412
CIFAR100 epoch 189/1000 iteration 50/195 loss=95.0071 lr=0.00922194
CIFAR100 epoch 189/1000 iteration 100/195 loss=95.5668 lr=0.00921976
CIFAR100 epoch 189/1000 iteration 150/195 loss=95.9693 lr=0.00921758
CIFAR100 epoch 189/1000 iteration 195/195 loss=95.8231 lr=0.00921561
CIFAR100 epoch 190/1000 iteration 50/195 loss=97.1998 lr=0.00921342
CIFAR100 epoch 190/1000 iteration 100/195 loss=97.1548 lr=0.00921123
CIFAR100 epoch 190/1000 iteration 150/195 loss=97.7804 lr=0.00920904
CIFAR100 epoch 190/1000 iteration 195/195 loss=97.3701 lr=0.00920706
[epoch 190/1000] saved backbone: /home/mmoslem3/scratch/MKDT/krrst_teacher_ckpt/barlow_twins_resnet18_cifar100.pt
CIFAR100 epoch 191/1000 iteration 50/195 loss=97.2457 lr=0.00920486
CIFAR100 epoch 191/1000 iteration 100/195 loss=97.3396 lr=0.00920266
CIFAR100 epoch 191/1000 iteration 150/195 loss=96.8212 lr=0.00920046
CIFAR100 epoch 191/1000 iteration 195/195 loss=96.6595 lr=0.00919847
CIFAR100 epoch 192/1000 iteration 50/195 loss=96.0664 lr=0.00919626
CIFAR100 epoch 192/1000 iteration 100/195 loss=96.9680 lr=0.00919405
CIFAR100 epoch 192/1000 iteration 150/195 loss=97.2114 lr=0.00919183
CIFAR100 epoch 192/1000 iteration 195/195 loss=97.4385 lr=0.00918984
CIFAR100 epoch 193/1000 iteration 50/195 loss=95.4638 lr=0.00918762
CIFAR100 epoch 193/1000 iteration 100/195 loss=96.0911 lr=0.00918539
CIFAR100 epoch 193/1000 iteration 150/195 loss=96.1867 lr=0.00918317
CIFAR100 epoch 193/1000 iteration 195/195 loss=96.0502 lr=0.00918116
CIFAR100 epoch 194/1000 iteration 50/195 loss=96.4921 lr=0.00917893
CIFAR100 epoch 194/1000 iteration 100/195 loss=96.8245 lr=0.0091767
CIFAR100 epoch 194/1000 iteration 150/195 loss=96.4667 lr=0.00917446
CIFAR100 epoch 194/1000 iteration 195/195 loss=96.3790 lr=0.00917245
CIFAR100 epoch 195/1000 iteration 50/195 loss=95.0071 lr=0.0091702
CIFAR100 epoch 195/1000 iteration 100/195 loss=96.7703 lr=0.00916796
CIFAR100 epoch 195/1000 iteration 150/195 loss=96.2983 lr=0.00916571
CIFAR100 epoch 195/1000 iteration 195/195 loss=96.6606 lr=0.00916369
CIFAR100 epoch 196/1000 iteration 50/195 loss=94.5193 lr=0.00916143
CIFAR100 epoch 196/1000 iteration 100/195 loss=95.8541 lr=0.00915918
CIFAR100 epoch 196/1000 iteration 150/195 loss=96.1094 lr=0.00915692
CIFAR100 epoch 196/1000 iteration 195/195 loss=96.3952 lr=0.00915489
CIFAR100 epoch 197/1000 iteration 50/195 loss=95.6078 lr=0.00915262
CIFAR100 epoch 197/1000 iteration 100/195 loss=95.0669 lr=0.00915036
CIFAR100 epoch 197/1000 iteration 150/195 loss=95.1888 lr=0.00914809
CIFAR100 epoch 197/1000 iteration 195/195 loss=95.5760 lr=0.00914604
CIFAR100 epoch 198/1000 iteration 50/195 loss=95.3794 lr=0.00914377
CIFAR100 epoch 198/1000 iteration 100/195 loss=95.5841 lr=0.00914149
CIFAR100 epoch 198/1000 iteration 150/195 loss=95.9439 lr=0.00913921
CIFAR100 epoch 198/1000 iteration 195/195 loss=96.4387 lr=0.00913716
CIFAR100 epoch 199/1000 iteration 50/195 loss=94.1844 lr=0.00913487
CIFAR100 epoch 199/1000 iteration 100/195 loss=95.1747 lr=0.00913259
CIFAR100 epoch 199/1000 iteration 150/195 loss=94.8377 lr=0.0091303
CIFAR100 epoch 199/1000 iteration 195/195 loss=95.2156 lr=0.00912823
CIFAR100 epoch 200/1000 iteration 50/195 loss=95.6982 lr=0.00912594
CIFAR100 epoch 200/1000 iteration 100/195 loss=96.9326 lr=0.00912364
CIFAR100 epoch 200/1000 iteration 150/195 loss=96.6903 lr=0.00912134
CIFAR100 epoch 200/1000 iteration 195/195 loss=96.2984 lr=0.00911926
[epoch 200/1000] saved backbone: /home/mmoslem3/scratch/MKDT/krrst_teacher_ckpt/barlow_twins_resnet18_cifar100.pt
CIFAR100 epoch 201/1000 iteration 50/195 loss=95.2798 lr=0.00911696
CIFAR100 epoch 201/1000 iteration 100/195 loss=94.6801 lr=0.00911465
CIFAR100 epoch 201/1000 iteration 150/195 loss=94.4443 lr=0.00911234
CIFAR100 epoch 201/1000 iteration 195/195 loss=94.9231 lr=0.00911026
CIFAR100 epoch 202/1000 iteration 50/195 loss=94.4834 lr=0.00910794
CIFAR100 epoch 202/1000 iteration 100/195 loss=94.7539 lr=0.00910562
CIFAR100 epoch 202/1000 iteration 150/195 loss=95.0990 lr=0.0091033
CIFAR100 epoch 202/1000 iteration 195/195 loss=95.5695 lr=0.00910121
CIFAR100 epoch 203/1000 iteration 50/195 loss=95.7274 lr=0.00909888
CIFAR100 epoch 203/1000 iteration 100/195 loss=94.8240 lr=0.00909655
CIFAR100 epoch 203/1000 iteration 150/195 loss=95.0468 lr=0.00909422
CIFAR100 epoch 203/1000 iteration 195/195 loss=95.0963 lr=0.00909211
CIFAR100 epoch 204/1000 iteration 50/195 loss=95.5001 lr=0.00908978
CIFAR100 epoch 204/1000 iteration 100/195 loss=94.8664 lr=0.00908744
CIFAR100 epoch 204/1000 iteration 150/195 loss=95.5747 lr=0.00908509
CIFAR100 epoch 204/1000 iteration 195/195 loss=95.5417 lr=0.00908298
CIFAR100 epoch 205/1000 iteration 50/195 loss=96.2133 lr=0.00908063
CIFAR100 epoch 205/1000 iteration 100/195 loss=95.6337 lr=0.00907828
CIFAR100 epoch 205/1000 iteration 150/195 loss=95.2606 lr=0.00907593
CIFAR100 epoch 205/1000 iteration 195/195 loss=95.5276 lr=0.00907381
CIFAR100 epoch 206/1000 iteration 50/195 loss=94.4069 lr=0.00907145
CIFAR100 epoch 206/1000 iteration 100/195 loss=94.6308 lr=0.00906909
CIFAR100 epoch 206/1000 iteration 150/195 loss=94.8120 lr=0.00906672
CIFAR100 epoch 206/1000 iteration 195/195 loss=95.0410 lr=0.00906459
CIFAR100 epoch 207/1000 iteration 50/195 loss=93.6776 lr=0.00906222
CIFAR100 epoch 207/1000 iteration 100/195 loss=94.0618 lr=0.00905985
CIFAR100 epoch 207/1000 iteration 150/195 loss=93.5060 lr=0.00905748
CIFAR100 epoch 207/1000 iteration 195/195 loss=94.0018 lr=0.00905534
CIFAR100 epoch 208/1000 iteration 50/195 loss=95.5366 lr=0.00905296
CIFAR100 epoch 208/1000 iteration 100/195 loss=95.3066 lr=0.00905057
CIFAR100 epoch 208/1000 iteration 150/195 loss=95.5287 lr=0.00904819
CIFAR100 epoch 208/1000 iteration 195/195 loss=95.2216 lr=0.00904604
CIFAR100 epoch 209/1000 iteration 50/195 loss=93.7977 lr=0.00904365
CIFAR100 epoch 209/1000 iteration 100/195 loss=93.1252 lr=0.00904126
CIFAR100 epoch 209/1000 iteration 150/195 loss=93.7302 lr=0.00903886
CIFAR100 epoch 209/1000 iteration 195/195 loss=93.9697 lr=0.0090367
CIFAR100 epoch 210/1000 iteration 50/195 loss=95.5307 lr=0.0090343
CIFAR100 epoch 210/1000 iteration 100/195 loss=94.9251 lr=0.0090319
CIFAR100 epoch 210/1000 iteration 150/195 loss=94.9059 lr=0.00902949
CIFAR100 epoch 210/1000 iteration 195/195 loss=94.8394 lr=0.00902732
[epoch 210/1000] saved backbone: /home/mmoslem3/scratch/MKDT/krrst_teacher_ckpt/barlow_twins_resnet18_cifar100.pt
CIFAR100 epoch 211/1000 iteration 50/195 loss=94.6649 lr=0.00902491
CIFAR100 epoch 211/1000 iteration 100/195 loss=94.9782 lr=0.0090225
CIFAR100 epoch 211/1000 iteration 150/195 loss=94.6650 lr=0.00902008
CIFAR100 epoch 211/1000 iteration 195/195 loss=95.0304 lr=0.00901791
CIFAR100 epoch 212/1000 iteration 50/195 loss=93.9008 lr=0.00901549
CIFAR100 epoch 212/1000 iteration 100/195 loss=93.9085 lr=0.00901306
CIFAR100 epoch 212/1000 iteration 150/195 loss=94.1973 lr=0.00901063
CIFAR100 epoch 212/1000 iteration 195/195 loss=94.4662 lr=0.00900845
CIFAR100 epoch 213/1000 iteration 50/195 loss=92.8086 lr=0.00900602
CIFAR100 epoch 213/1000 iteration 100/195 loss=93.2521 lr=0.00900358
CIFAR100 epoch 213/1000 iteration 150/195 loss=93.3181 lr=0.00900114
CIFAR100 epoch 213/1000 iteration 195/195 loss=93.9879 lr=0.00899895
CIFAR100 epoch 214/1000 iteration 50/195 loss=94.0840 lr=0.00899651
CIFAR100 epoch 214/1000 iteration 100/195 loss=94.8853 lr=0.00899406
CIFAR100 epoch 214/1000 iteration 150/195 loss=95.1389 lr=0.00899161
CIFAR100 epoch 214/1000 iteration 195/195 loss=95.1978 lr=0.00898941
CIFAR100 epoch 215/1000 iteration 50/195 loss=93.3770 lr=0.00898696
CIFAR100 epoch 215/1000 iteration 100/195 loss=93.0777 lr=0.0089845
CIFAR100 epoch 215/1000 iteration 150/195 loss=93.0164 lr=0.00898204
CIFAR100 epoch 215/1000 iteration 195/195 loss=93.4031 lr=0.00897983
CIFAR100 epoch 216/1000 iteration 50/195 loss=95.5288 lr=0.00897737
CIFAR100 epoch 216/1000 iteration 100/195 loss=95.1666 lr=0.0089749
CIFAR100 epoch 216/1000 iteration 150/195 loss=95.0047 lr=0.00897243
CIFAR100 epoch 216/1000 iteration 195/195 loss=94.5898 lr=0.00897021
CIFAR100 epoch 217/1000 iteration 50/195 loss=92.2218 lr=0.00896774
CIFAR100 epoch 217/1000 iteration 100/195 loss=93.5857 lr=0.00896526
CIFAR100 epoch 217/1000 iteration 150/195 loss=94.3100 lr=0.00896278
CIFAR100 epoch 217/1000 iteration 195/195 loss=94.4019 lr=0.00896055
CIFAR100 epoch 218/1000 iteration 50/195 loss=94.8452 lr=0.00895807
CIFAR100 epoch 218/1000 iteration 100/195 loss=94.0653 lr=0.00895558
CIFAR100 epoch 218/1000 iteration 150/195 loss=94.3173 lr=0.00895309
CIFAR100 epoch 218/1000 iteration 195/195 loss=94.3893 lr=0.00895085
CIFAR100 epoch 219/1000 iteration 50/195 loss=94.2378 lr=0.00894836
CIFAR100 epoch 219/1000 iteration 100/195 loss=94.1244 lr=0.00894586
CIFAR100 epoch 219/1000 iteration 150/195 loss=94.2497 lr=0.00894336
CIFAR100 epoch 219/1000 iteration 195/195 loss=94.1831 lr=0.00894111
CIFAR100 epoch 220/1000 iteration 50/195 loss=92.3419 lr=0.00893861
CIFAR100 epoch 220/1000 iteration 100/195 loss=93.1113 lr=0.0089361
CIFAR100 epoch 220/1000 iteration 150/195 loss=93.9940 lr=0.0089336
CIFAR100 epoch 220/1000 iteration 195/195 loss=93.9983 lr=0.00893134
[epoch 220/1000] saved backbone: /home/mmoslem3/scratch/MKDT/krrst_teacher_ckpt/barlow_twins_resnet18_cifar100.pt
CIFAR100 epoch 221/1000 iteration 50/195 loss=93.4402 lr=0.00892882
CIFAR100 epoch 221/1000 iteration 100/195 loss=94.2729 lr=0.00892631
CIFAR100 epoch 221/1000 iteration 150/195 loss=94.2804 lr=0.00892379
CIFAR100 epoch 221/1000 iteration 195/195 loss=94.2558 lr=0.00892152
CIFAR100 epoch 222/1000 iteration 50/195 loss=92.7363 lr=0.00891899
CIFAR100 epoch 222/1000 iteration 100/195 loss=92.3502 lr=0.00891647
CIFAR100 epoch 222/1000 iteration 150/195 loss=92.6599 lr=0.00891394
CIFAR100 epoch 222/1000 iteration 195/195 loss=93.2517 lr=0.00891166
CIFAR100 epoch 223/1000 iteration 50/195 loss=94.0836 lr=0.00890913
CIFAR100 epoch 223/1000 iteration 100/195 loss=93.8830 lr=0.00890659
CIFAR100 epoch 223/1000 iteration 150/195 loss=93.8595 lr=0.00890405
CIFAR100 epoch 223/1000 iteration 195/195 loss=93.9888 lr=0.00890176
CIFAR100 epoch 224/1000 iteration 50/195 loss=92.5341 lr=0.00889922
CIFAR100 epoch 224/1000 iteration 100/195 loss=93.4133 lr=0.00889667
CIFAR100 epoch 224/1000 iteration 150/195 loss=93.4758 lr=0.00889412
CIFAR100 epoch 224/1000 iteration 195/195 loss=93.5031 lr=0.00889183
CIFAR100 epoch 225/1000 iteration 50/195 loss=92.4446 lr=0.00888927
CIFAR100 epoch 225/1000 iteration 100/195 loss=92.2595 lr=0.00888672
CIFAR100 epoch 225/1000 iteration 150/195 loss=92.4262 lr=0.00888416
CIFAR100 epoch 225/1000 iteration 195/195 loss=92.3263 lr=0.00888185
CIFAR100 epoch 226/1000 iteration 50/195 loss=92.4611 lr=0.00887929
CIFAR100 epoch 226/1000 iteration 100/195 loss=92.2934 lr=0.00887672
CIFAR100 epoch 226/1000 iteration 150/195 loss=92.2851 lr=0.00887415
CIFAR100 epoch 226/1000 iteration 195/195 loss=92.6365 lr=0.00887184
CIFAR100 epoch 227/1000 iteration 50/195 loss=94.2578 lr=0.00886926
CIFAR100 epoch 227/1000 iteration 100/195 loss=94.5151 lr=0.00886669
CIFAR100 epoch 227/1000 iteration 150/195 loss=94.0283 lr=0.00886411
CIFAR100 epoch 227/1000 iteration 195/195 loss=94.0400 lr=0.00886178
CIFAR100 epoch 228/1000 iteration 50/195 loss=91.9547 lr=0.0088592
CIFAR100 epoch 228/1000 iteration 100/195 loss=92.8587 lr=0.00885661
CIFAR100 epoch 228/1000 iteration 150/195 loss=92.9896 lr=0.00885402
CIFAR100 epoch 228/1000 iteration 195/195 loss=92.8985 lr=0.00885169
CIFAR100 epoch 229/1000 iteration 50/195 loss=92.7243 lr=0.0088491
CIFAR100 epoch 229/1000 iteration 100/195 loss=92.5454 lr=0.0088465
CIFAR100 epoch 229/1000 iteration 150/195 loss=92.5183 lr=0.0088439
CIFAR100 epoch 229/1000 iteration 195/195 loss=92.6701 lr=0.00884156
CIFAR100 epoch 230/1000 iteration 50/195 loss=91.5762 lr=0.00883896
CIFAR100 epoch 230/1000 iteration 100/195 loss=92.9713 lr=0.00883635
CIFAR100 epoch 230/1000 iteration 150/195 loss=92.7348 lr=0.00883374
CIFAR100 epoch 230/1000 iteration 195/195 loss=92.7403 lr=0.00883139
[epoch 230/1000] saved backbone: /home/mmoslem3/scratch/MKDT/krrst_teacher_ckpt/barlow_twins_resnet18_cifar100.pt
CIFAR100 epoch 231/1000 iteration 50/195 loss=93.1956 lr=0.00882878
CIFAR100 epoch 231/1000 iteration 100/195 loss=92.8323 lr=0.00882616
CIFAR100 epoch 231/1000 iteration 150/195 loss=92.8947 lr=0.00882354
CIFAR100 epoch 231/1000 iteration 195/195 loss=92.6424 lr=0.00882118
CIFAR100 epoch 232/1000 iteration 50/195 loss=92.3346 lr=0.00881856
CIFAR100 epoch 232/1000 iteration 100/195 loss=92.2922 lr=0.00881593
CIFAR100 epoch 232/1000 iteration 150/195 loss=92.0075 lr=0.00881331
CIFAR100 epoch 232/1000 iteration 195/195 loss=92.6740 lr=0.00881094
CIFAR100 epoch 233/1000 iteration 50/195 loss=92.7488 lr=0.0088083
CIFAR100 epoch 233/1000 iteration 100/195 loss=92.5983 lr=0.00880567
CIFAR100 epoch 233/1000 iteration 150/195 loss=92.8018 lr=0.00880303
CIFAR100 epoch 233/1000 iteration 195/195 loss=92.7711 lr=0.00880065
CIFAR100 epoch 234/1000 iteration 50/195 loss=91.3623 lr=0.00879801
CIFAR100 epoch 234/1000 iteration 100/195 loss=91.9761 lr=0.00879536
CIFAR100 epoch 234/1000 iteration 150/195 loss=92.5843 lr=0.00879272
CIFAR100 epoch 234/1000 iteration 195/195 loss=92.1415 lr=0.00879033
CIFAR100 epoch 235/1000 iteration 50/195 loss=90.2630 lr=0.00878768
CIFAR100 epoch 235/1000 iteration 100/195 loss=91.2335 lr=0.00878502
CIFAR100 epoch 235/1000 iteration 150/195 loss=91.7295 lr=0.00878236
CIFAR100 epoch 235/1000 iteration 195/195 loss=92.6976 lr=0.00877997
CIFAR100 epoch 236/1000 iteration 50/195 loss=92.4007 lr=0.00877731
CIFAR100 epoch 236/1000 iteration 100/195 loss=93.1290 lr=0.00877464
CIFAR100 epoch 236/1000 iteration 150/195 loss=93.1629 lr=0.00877197
CIFAR100 epoch 236/1000 iteration 195/195 loss=93.1725 lr=0.00876957
CIFAR100 epoch 237/1000 iteration 50/195 loss=91.6142 lr=0.0087669
CIFAR100 epoch 237/1000 iteration 100/195 loss=91.5728 lr=0.00876422
CIFAR100 epoch 237/1000 iteration 150/195 loss=91.7792 lr=0.00876155
CIFAR100 epoch 237/1000 iteration 195/195 loss=91.5915 lr=0.00875913
CIFAR100 epoch 238/1000 iteration 50/195 loss=92.1184 lr=0.00875645
CIFAR100 epoch 238/1000 iteration 100/195 loss=92.1192 lr=0.00875377
CIFAR100 epoch 238/1000 iteration 150/195 loss=92.2906 lr=0.00875108
CIFAR100 epoch 238/1000 iteration 195/195 loss=92.3541 lr=0.00874866
CIFAR100 epoch 239/1000 iteration 50/195 loss=91.2348 lr=0.00874597
CIFAR100 epoch 239/1000 iteration 100/195 loss=91.1168 lr=0.00874327
CIFAR100 epoch 239/1000 iteration 150/195 loss=91.5803 lr=0.00874058
CIFAR100 epoch 239/1000 iteration 195/195 loss=91.8521 lr=0.00873815
CIFAR100 epoch 240/1000 iteration 50/195 loss=89.5381 lr=0.00873544
CIFAR100 epoch 240/1000 iteration 100/195 loss=91.3017 lr=0.00873274
CIFAR100 epoch 240/1000 iteration 150/195 loss=90.8372 lr=0.00873003
CIFAR100 epoch 240/1000 iteration 195/195 loss=91.2829 lr=0.0087276
[epoch 240/1000] saved backbone: /home/mmoslem3/scratch/MKDT/krrst_teacher_ckpt/barlow_twins_resnet18_cifar100.pt
CIFAR100 epoch 241/1000 iteration 50/195 loss=91.7335 lr=0.00872488
CIFAR100 epoch 241/1000 iteration 100/195 loss=91.9410 lr=0.00872217
CIFAR100 epoch 241/1000 iteration 150/195 loss=91.5446 lr=0.00871945
CIFAR100 epoch 241/1000 iteration 195/195 loss=91.6885 lr=0.00871701
CIFAR100 epoch 242/1000 iteration 50/195 loss=91.9874 lr=0.00871429
CIFAR100 epoch 242/1000 iteration 100/195 loss=91.7876 lr=0.00871156
CIFAR100 epoch 242/1000 iteration 150/195 loss=91.2588 lr=0.00870884
CIFAR100 epoch 242/1000 iteration 195/195 loss=91.2785 lr=0.00870638
CIFAR100 epoch 243/1000 iteration 50/195 loss=90.5681 lr=0.00870365
CIFAR100 epoch 243/1000 iteration 100/195 loss=91.5539 lr=0.00870092
CIFAR100 epoch 243/1000 iteration 150/195 loss=91.1343 lr=0.00869819
CIFAR100 epoch 243/1000 iteration 195/195 loss=91.2232 lr=0.00869572
CIFAR100 epoch 244/1000 iteration 50/195 loss=91.3056 lr=0.00869298
CIFAR100 epoch 244/1000 iteration 100/195 loss=92.0432 lr=0.00869024
CIFAR100 epoch 244/1000 iteration 150/195 loss=91.8878 lr=0.00868749
CIFAR100 epoch 244/1000 iteration 195/195 loss=91.9719 lr=0.00868502
CIFAR100 epoch 245/1000 iteration 50/195 loss=92.3386 lr=0.00868227
CIFAR100 epoch 245/1000 iteration 100/195 loss=91.8716 lr=0.00867952
CIFAR100 epoch 245/1000 iteration 150/195 loss=91.6714 lr=0.00867677
CIFAR100 epoch 245/1000 iteration 195/195 loss=91.8015 lr=0.00867429
CIFAR100 epoch 246/1000 iteration 50/195 loss=91.7698 lr=0.00867153
CIFAR100 epoch 246/1000 iteration 100/195 loss=92.1543 lr=0.00866877
CIFAR100 epoch 246/1000 iteration 150/195 loss=92.3932 lr=0.008666
CIFAR100 epoch 246/1000 iteration 195/195 loss=91.9597 lr=0.00866351
CIFAR100 epoch 247/1000 iteration 50/195 loss=90.4389 lr=0.00866074
CIFAR100 epoch 247/1000 iteration 100/195 loss=90.9435 lr=0.00865797
CIFAR100 epoch 247/1000 iteration 150/195 loss=90.7722 lr=0.0086552
CIFAR100 epoch 247/1000 iteration 195/195 loss=90.9060 lr=0.0086527
CIFAR100 epoch 248/1000 iteration 50/195 loss=91.8673 lr=0.00864992
CIFAR100 epoch 248/1000 iteration 100/195 loss=91.6510 lr=0.00864714
CIFAR100 epoch 248/1000 iteration 150/195 loss=91.3986 lr=0.00864436
CIFAR100 epoch 248/1000 iteration 195/195 loss=91.6475 lr=0.00864186
CIFAR100 epoch 249/1000 iteration 50/195 loss=90.6743 lr=0.00863907
CIFAR100 epoch 249/1000 iteration 100/195 loss=90.1341 lr=0.00863628
CIFAR100 epoch 249/1000 iteration 150/195 loss=90.8866 lr=0.00863349
CIFAR100 epoch 249/1000 iteration 195/195 loss=90.9892 lr=0.00863097
CIFAR100 epoch 250/1000 iteration 50/195 loss=90.6755 lr=0.00862818
CIFAR100 epoch 250/1000 iteration 100/195 loss=90.8560 lr=0.00862538
CIFAR100 epoch 250/1000 iteration 150/195 loss=91.2426 lr=0.00862257
CIFAR100 epoch 250/1000 iteration 195/195 loss=91.1318 lr=0.00862005
[epoch 250/1000] saved backbone: /home/mmoslem3/scratch/MKDT/krrst_teacher_ckpt/barlow_twins_resnet18_cifar100.pt
CIFAR100 epoch 251/1000 iteration 50/195 loss=89.9483 lr=0.00861725
CIFAR100 epoch 251/1000 iteration 100/195 loss=91.0978 lr=0.00861444
CIFAR100 epoch 251/1000 iteration 150/195 loss=91.5935 lr=0.00861163
CIFAR100 epoch 251/1000 iteration 195/195 loss=91.3014 lr=0.0086091
CIFAR100 epoch 252/1000 iteration 50/195 loss=90.9058 lr=0.00860628
CIFAR100 epoch 252/1000 iteration 100/195 loss=91.0150 lr=0.00860346
CIFAR100 epoch 252/1000 iteration 150/195 loss=91.1196 lr=0.00860064
CIFAR100 epoch 252/1000 iteration 195/195 loss=91.4638 lr=0.0085981
CIFAR100 epoch 253/1000 iteration 50/195 loss=91.9839 lr=0.00859528
CIFAR100 epoch 253/1000 iteration 100/195 loss=91.1342 lr=0.00859245
CIFAR100 epoch 253/1000 iteration 150/195 loss=91.1226 lr=0.00858962
CIFAR100 epoch 253/1000 iteration 195/195 loss=91.0753 lr=0.00858707
CIFAR100 epoch 254/1000 iteration 50/195 loss=90.3297 lr=0.00858424
CIFAR100 epoch 254/1000 iteration 100/195 loss=90.5676 lr=0.0085814
CIFAR100 epoch 254/1000 iteration 150/195 loss=90.4494 lr=0.00857857
CIFAR100 epoch 254/1000 iteration 195/195 loss=90.6247 lr=0.00857601
CIFAR100 epoch 255/1000 iteration 50/195 loss=90.8524 lr=0.00857317
CIFAR100 epoch 255/1000 iteration 100/195 loss=90.2393 lr=0.00857032
CIFAR100 epoch 255/1000 iteration 150/195 loss=90.5278 lr=0.00856747
CIFAR100 epoch 255/1000 iteration 195/195 loss=90.5771 lr=0.00856491
CIFAR100 epoch 256/1000 iteration 50/195 loss=91.4242 lr=0.00856206
CIFAR100 epoch 256/1000 iteration 100/195 loss=91.5452 lr=0.0085592
CIFAR100 epoch 256/1000 iteration 150/195 loss=91.5320 lr=0.00855634
CIFAR100 epoch 256/1000 iteration 195/195 loss=91.2203 lr=0.00855377
CIFAR100 epoch 257/1000 iteration 50/195 loss=89.8841 lr=0.00855091
CIFAR100 epoch 257/1000 iteration 100/195 loss=89.7436 lr=0.00854805
CIFAR100 epoch 257/1000 iteration 150/195 loss=89.9482 lr=0.00854518
CIFAR100 epoch 257/1000 iteration 195/195 loss=90.3661 lr=0.0085426
CIFAR100 epoch 258/1000 iteration 50/195 loss=88.5340 lr=0.00853973
CIFAR100 epoch 258/1000 iteration 100/195 loss=89.6231 lr=0.00853685
CIFAR100 epoch 258/1000 iteration 150/195 loss=89.8484 lr=0.00853398
CIFAR100 epoch 258/1000 iteration 195/195 loss=90.4478 lr=0.00853139
CIFAR100 epoch 259/1000 iteration 50/195 loss=89.6517 lr=0.00852851
CIFAR100 epoch 259/1000 iteration 100/195 loss=89.8115 lr=0.00852563
CIFAR100 epoch 259/1000 iteration 150/195 loss=89.8242 lr=0.00852274
CIFAR100 epoch 259/1000 iteration 195/195 loss=89.6950 lr=0.00852015
CIFAR100 epoch 260/1000 iteration 50/195 loss=90.0756 lr=0.00851726
CIFAR100 epoch 260/1000 iteration 100/195 loss=89.8222 lr=0.00851437
CIFAR100 epoch 260/1000 iteration 150/195 loss=89.8277 lr=0.00851147
CIFAR100 epoch 260/1000 iteration 195/195 loss=90.2653 lr=0.00850887
[epoch 260/1000] saved backbone: /home/mmoslem3/scratch/MKDT/krrst_teacher_ckpt/barlow_twins_resnet18_cifar100.pt
CIFAR100 epoch 261/1000 iteration 50/195 loss=91.0045 lr=0.00850597
CIFAR100 epoch 261/1000 iteration 100/195 loss=90.4273 lr=0.00850307
CIFAR100 epoch 261/1000 iteration 150/195 loss=90.4820 lr=0.00850017
CIFAR100 epoch 261/1000 iteration 195/195 loss=90.6254 lr=0.00849755
CIFAR100 epoch 262/1000 iteration 50/195 loss=89.3691 lr=0.00849465
CIFAR100 epoch 262/1000 iteration 100/195 loss=89.3747 lr=0.00849174
CIFAR100 epoch 262/1000 iteration 150/195 loss=90.1076 lr=0.00848883
CIFAR100 epoch 262/1000 iteration 195/195 loss=90.3065 lr=0.0084862
CIFAR100 epoch 263/1000 iteration 50/195 loss=91.0830 lr=0.00848329
CIFAR100 epoch 263/1000 iteration 100/195 loss=90.3674 lr=0.00848037
CIFAR100 epoch 263/1000 iteration 150/195 loss=90.7650 lr=0.00847745
CIFAR100 epoch 263/1000 iteration 195/195 loss=90.6906 lr=0.00847482
CIFAR100 epoch 264/1000 iteration 50/195 loss=92.2477 lr=0.00847189
CIFAR100 epoch 264/1000 iteration 100/195 loss=91.5159 lr=0.00846897
CIFAR100 epoch 264/1000 iteration 150/195 loss=91.1390 lr=0.00846604
CIFAR100 epoch 264/1000 iteration 195/195 loss=90.8523 lr=0.0084634
CIFAR100 epoch 265/1000 iteration 50/195 loss=89.4003 lr=0.00846047
CIFAR100 epoch 265/1000 iteration 100/195 loss=90.2611 lr=0.00845753
CIFAR100 epoch 265/1000 iteration 150/195 loss=90.4712 lr=0.00845459
CIFAR100 epoch 265/1000 iteration 195/195 loss=90.7593 lr=0.00845194
CIFAR100 epoch 266/1000 iteration 50/195 loss=89.0578 lr=0.008449
CIFAR100 epoch 266/1000 iteration 100/195 loss=89.5142 lr=0.00844606
CIFAR100 epoch 266/1000 iteration 150/195 loss=89.8594 lr=0.00844311
CIFAR100 epoch 266/1000 iteration 195/195 loss=89.9429 lr=0.00844046
CIFAR100 epoch 267/1000 iteration 50/195 loss=89.2984 lr=0.0084375
CIFAR100 epoch 267/1000 iteration 100/195 loss=89.0030 lr=0.00843455
CIFAR100 epoch 267/1000 iteration 150/195 loss=89.4921 lr=0.00843159
CIFAR100 epoch 267/1000 iteration 195/195 loss=89.9967 lr=0.00842893
CIFAR100 epoch 268/1000 iteration 50/195 loss=89.6953 lr=0.00842597
CIFAR100 epoch 268/1000 iteration 100/195 loss=89.7164 lr=0.00842301
CIFAR100 epoch 268/1000 iteration 150/195 loss=89.9131 lr=0.00842004
CIFAR100 epoch 268/1000 iteration 195/195 loss=90.2177 lr=0.00841737
CIFAR100 epoch 269/1000 iteration 50/195 loss=89.1307 lr=0.0084144
CIFAR100 epoch 269/1000 iteration 100/195 loss=89.2316 lr=0.00841143
CIFAR100 epoch 269/1000 iteration 150/195 loss=89.0344 lr=0.00840846
CIFAR100 epoch 269/1000 iteration 195/195 loss=89.1031 lr=0.00840578
CIFAR100 epoch 270/1000 iteration 50/195 loss=88.7352 lr=0.0084028
CIFAR100 epoch 270/1000 iteration 100/195 loss=88.5403 lr=0.00839982
CIFAR100 epoch 270/1000 iteration 150/195 loss=88.9333 lr=0.00839684
CIFAR100 epoch 270/1000 iteration 195/195 loss=89.3320 lr=0.00839415
[epoch 270/1000] saved backbone: /home/mmoslem3/scratch/MKDT/krrst_teacher_ckpt/barlow_twins_resnet18_cifar100.pt
CIFAR100 epoch 271/1000 iteration 50/195 loss=90.9360 lr=0.00839117
CIFAR100 epoch 271/1000 iteration 100/195 loss=90.9917 lr=0.00838818
CIFAR100 epoch 271/1000 iteration 150/195 loss=90.7625 lr=0.00838519
CIFAR100 epoch 271/1000 iteration 195/195 loss=90.6159 lr=0.00838249
CIFAR100 epoch 272/1000 iteration 50/195 loss=88.6153 lr=0.0083795
CIFAR100 epoch 272/1000 iteration 100/195 loss=89.0381 lr=0.0083765
CIFAR100 epoch 272/1000 iteration 150/195 loss=89.0267 lr=0.0083735
CIFAR100 epoch 272/1000 iteration 195/195 loss=89.0610 lr=0.0083708
CIFAR100 epoch 273/1000 iteration 50/195 loss=87.7329 lr=0.00836779
CIFAR100 epoch 273/1000 iteration 100/195 loss=89.3891 lr=0.00836479
CIFAR100 epoch 273/1000 iteration 150/195 loss=88.9941 lr=0.00836178
CIFAR100 epoch 273/1000 iteration 195/195 loss=89.1924 lr=0.00835907
CIFAR100 epoch 274/1000 iteration 50/195 loss=86.8098 lr=0.00835606
CIFAR100 epoch 274/1000 iteration 100/195 loss=88.2176 lr=0.00835304
CIFAR100 epoch 274/1000 iteration 150/195 loss=89.2283 lr=0.00835002
CIFAR100 epoch 274/1000 iteration 195/195 loss=89.5303 lr=0.00834731
CIFAR100 epoch 275/1000 iteration 50/195 loss=89.6174 lr=0.00834429
CIFAR100 epoch 275/1000 iteration 100/195 loss=89.7812 lr=0.00834126
CIFAR100 epoch 275/1000 iteration 150/195 loss=89.2757 lr=0.00833824
CIFAR100 epoch 275/1000 iteration 195/195 loss=89.4336 lr=0.00833551
CIFAR100 epoch 276/1000 iteration 50/195 loss=89.5868 lr=0.00833248
CIFAR100 epoch 276/1000 iteration 100/195 loss=89.2950 lr=0.00832945
CIFAR100 epoch 276/1000 iteration 150/195 loss=88.5787 lr=0.00832641
CIFAR100 epoch 276/1000 iteration 195/195 loss=88.9757 lr=0.00832368
CIFAR100 epoch 277/1000 iteration 50/195 loss=87.7968 lr=0.00832064
CIFAR100 epoch 277/1000 iteration 100/195 loss=88.2452 lr=0.0083176
CIFAR100 epoch 277/1000 iteration 150/195 loss=88.7855 lr=0.00831456
CIFAR100 epoch 277/1000 iteration 195/195 loss=88.8221 lr=0.00831182
CIFAR100 epoch 278/1000 iteration 50/195 loss=89.4282 lr=0.00830877
CIFAR100 epoch 278/1000 iteration 100/195 loss=88.8438 lr=0.00830572
CIFAR100 epoch 278/1000 iteration 150/195 loss=89.2323 lr=0.00830267
CIFAR100 epoch 278/1000 iteration 195/195 loss=88.8089 lr=0.00829992
CIFAR100 epoch 279/1000 iteration 50/195 loss=87.9396 lr=0.00829687
CIFAR100 epoch 279/1000 iteration 100/195 loss=88.7660 lr=0.00829381
CIFAR100 epoch 279/1000 iteration 150/195 loss=88.9941 lr=0.00829075
CIFAR100 epoch 279/1000 iteration 195/195 loss=88.8202 lr=0.00828799
CIFAR100 epoch 280/1000 iteration 50/195 loss=88.9461 lr=0.00828493
CIFAR100 epoch 280/1000 iteration 100/195 loss=88.1700 lr=0.00828186
CIFAR100 epoch 280/1000 iteration 150/195 loss=88.4792 lr=0.00827879
CIFAR100 epoch 280/1000 iteration 195/195 loss=88.5293 lr=0.00827603
[epoch 280/1000] saved backbone: /home/mmoslem3/scratch/MKDT/krrst_teacher_ckpt/barlow_twins_resnet18_cifar100.pt
CIFAR100 epoch 281/1000 iteration 50/195 loss=87.8641 lr=0.00827296
CIFAR100 epoch 281/1000 iteration 100/195 loss=88.8155 lr=0.00826988
CIFAR100 epoch 281/1000 iteration 150/195 loss=88.6116 lr=0.0082668
CIFAR100 epoch 281/1000 iteration 195/195 loss=88.9431 lr=0.00826403
CIFAR100 epoch 282/1000 iteration 50/195 loss=87.6002 lr=0.00826095
CIFAR100 epoch 282/1000 iteration 100/195 loss=87.5066 lr=0.00825787
CIFAR100 epoch 282/1000 iteration 150/195 loss=87.9320 lr=0.00825478
CIFAR100 epoch 282/1000 iteration 195/195 loss=88.2169 lr=0.00825201
CIFAR100 epoch 283/1000 iteration 50/195 loss=88.3639 lr=0.00824892
CIFAR100 epoch 283/1000 iteration 100/195 loss=88.8434 lr=0.00824582
CIFAR100 epoch 283/1000 iteration 150/195 loss=88.7254 lr=0.00824273
CIFAR100 epoch 283/1000 iteration 195/195 loss=88.6181 lr=0.00823994
CIFAR100 epoch 284/1000 iteration 50/195 loss=88.0702 lr=0.00823685
CIFAR100 epoch 284/1000 iteration 100/195 loss=88.0910 lr=0.00823375
CIFAR100 epoch 284/1000 iteration 150/195 loss=87.9901 lr=0.00823064
CIFAR100 epoch 284/1000 iteration 195/195 loss=87.7570 lr=0.00822785
CIFAR100 epoch 285/1000 iteration 50/195 loss=88.2354 lr=0.00822474
CIFAR100 epoch 285/1000 iteration 100/195 loss=88.3252 lr=0.00822164
CIFAR100 epoch 285/1000 iteration 150/195 loss=88.4967 lr=0.00821853
CIFAR100 epoch 285/1000 iteration 195/195 loss=88.5382 lr=0.00821572
CIFAR100 epoch 286/1000 iteration 50/195 loss=87.5197 lr=0.00821261
CIFAR100 epoch 286/1000 iteration 100/195 loss=88.2865 lr=0.00820949
CIFAR100 epoch 286/1000 iteration 150/195 loss=88.3496 lr=0.00820637
CIFAR100 epoch 286/1000 iteration 195/195 loss=88.3227 lr=0.00820357
CIFAR100 epoch 287/1000 iteration 50/195 loss=88.8012 lr=0.00820044
CIFAR100 epoch 287/1000 iteration 100/195 loss=88.5605 lr=0.00819732
CIFAR100 epoch 287/1000 iteration 150/195 loss=88.4137 lr=0.00819419
CIFAR100 epoch 287/1000 iteration 195/195 loss=88.6323 lr=0.00819137
CIFAR100 epoch 288/1000 iteration 50/195 loss=86.3392 lr=0.00818824
CIFAR100 epoch 288/1000 iteration 100/195 loss=86.8670 lr=0.00818511
CIFAR100 epoch 288/1000 iteration 150/195 loss=87.3115 lr=0.00818198
CIFAR100 epoch 288/1000 iteration 195/195 loss=88.1415 lr=0.00817915
CIFAR100 epoch 289/1000 iteration 50/195 loss=87.8868 lr=0.00817601
CIFAR100 epoch 289/1000 iteration 100/195 loss=88.4062 lr=0.00817287
CIFAR100 epoch 289/1000 iteration 150/195 loss=88.9306 lr=0.00816973
CIFAR100 epoch 289/1000 iteration 195/195 loss=88.7568 lr=0.0081669
CIFAR100 epoch 290/1000 iteration 50/195 loss=87.6743 lr=0.00816375
CIFAR100 epoch 290/1000 iteration 100/195 loss=87.8259 lr=0.0081606
CIFAR100 epoch 290/1000 iteration 150/195 loss=88.0316 lr=0.00815745
CIFAR100 epoch 290/1000 iteration 195/195 loss=88.5756 lr=0.00815461
[epoch 290/1000] saved backbone: /home/mmoslem3/scratch/MKDT/krrst_teacher_ckpt/barlow_twins_resnet18_cifar100.pt
CIFAR100 epoch 291/1000 iteration 50/195 loss=89.0430 lr=0.00815146
CIFAR100 epoch 291/1000 iteration 100/195 loss=88.6024 lr=0.0081483
CIFAR100 epoch 291/1000 iteration 150/195 loss=88.7190 lr=0.00814514
CIFAR100 epoch 291/1000 iteration 195/195 loss=88.6733 lr=0.00814229
CIFAR100 epoch 292/1000 iteration 50/195 loss=87.3598 lr=0.00813913
CIFAR100 epoch 292/1000 iteration 100/195 loss=88.0477 lr=0.00813596
CIFAR100 epoch 292/1000 iteration 150/195 loss=87.7494 lr=0.0081328
CIFAR100 epoch 292/1000 iteration 195/195 loss=87.3928 lr=0.00812994
CIFAR100 epoch 293/1000 iteration 50/195 loss=86.6319 lr=0.00812677
CIFAR100 epoch 293/1000 iteration 100/195 loss=87.5509 lr=0.0081236
CIFAR100 epoch 293/1000 iteration 150/195 loss=88.1076 lr=0.00812042
CIFAR100 epoch 293/1000 iteration 195/195 loss=88.3115 lr=0.00811756
CIFAR100 epoch 294/1000 iteration 50/195 loss=88.8049 lr=0.00811438
CIFAR100 epoch 294/1000 iteration 100/195 loss=87.8823 lr=0.0081112
CIFAR100 epoch 294/1000 iteration 150/195 loss=87.9536 lr=0.00810802
CIFAR100 epoch 294/1000 iteration 195/195 loss=88.2316 lr=0.00810515
CIFAR100 epoch 295/1000 iteration 50/195 loss=88.6834 lr=0.00810196
CIFAR100 epoch 295/1000 iteration 100/195 loss=87.9682 lr=0.00809877
CIFAR100 epoch 295/1000 iteration 150/195 loss=88.2179 lr=0.00809558
CIFAR100 epoch 295/1000 iteration 195/195 loss=88.2013 lr=0.0080927
CIFAR100 epoch 296/1000 iteration 50/195 loss=87.8369 lr=0.00808951
CIFAR100 epoch 296/1000 iteration 100/195 loss=87.2607 lr=0.00808631
CIFAR100 epoch 296/1000 iteration 150/195 loss=87.7374 lr=0.00808311
CIFAR100 epoch 296/1000 iteration 195/195 loss=87.8547 lr=0.00808023
CIFAR100 epoch 297/1000 iteration 50/195 loss=88.2086 lr=0.00807703
CIFAR100 epoch 297/1000 iteration 100/195 loss=87.9693 lr=0.00807382
CIFAR100 epoch 297/1000 iteration 150/195 loss=87.5308 lr=0.00807061
CIFAR100 epoch 297/1000 iteration 195/195 loss=87.6888 lr=0.00806772
CIFAR100 epoch 298/1000 iteration 50/195 loss=85.8988 lr=0.00806451
CIFAR100 epoch 298/1000 iteration 100/195 loss=86.3989 lr=0.0080613
CIFAR100 epoch 298/1000 iteration 150/195 loss=86.8708 lr=0.00805808
CIFAR100 epoch 298/1000 iteration 195/195 loss=87.2524 lr=0.00805519
CIFAR100 epoch 299/1000 iteration 50/195 loss=87.5260 lr=0.00805197
CIFAR100 epoch 299/1000 iteration 100/195 loss=87.4831 lr=0.00804875
CIFAR100 epoch 299/1000 iteration 150/195 loss=87.5603 lr=0.00804552
CIFAR100 epoch 299/1000 iteration 195/195 loss=87.7776 lr=0.00804262
CIFAR100 epoch 300/1000 iteration 50/195 loss=88.6549 lr=0.00803939
CIFAR100 epoch 300/1000 iteration 100/195 loss=87.5171 lr=0.00803616
CIFAR100 epoch 300/1000 iteration 150/195 loss=87.0187 lr=0.00803293
CIFAR100 epoch 300/1000 iteration 195/195 loss=87.3034 lr=0.00803002
[epoch 300/1000] saved backbone: /home/mmoslem3/scratch/MKDT/krrst_teacher_ckpt/barlow_twins_resnet18_cifar100.pt
CIFAR100 epoch 301/1000 iteration 50/195 loss=87.0728 lr=0.00802679
CIFAR100 epoch 301/1000 iteration 100/195 loss=87.5961 lr=0.00802355
CIFAR100 epoch 301/1000 iteration 150/195 loss=87.6323 lr=0.00802031
CIFAR100 epoch 301/1000 iteration 195/195 loss=87.6074 lr=0.00801739
CIFAR100 epoch 302/1000 iteration 50/195 loss=86.9582 lr=0.00801415
CIFAR100 epoch 302/1000 iteration 100/195 loss=87.5409 lr=0.0080109
CIFAR100 epoch 302/1000 iteration 150/195 loss=87.7103 lr=0.00800766
CIFAR100 epoch 302/1000 iteration 195/195 loss=87.4436 lr=0.00800473
CIFAR100 epoch 303/1000 iteration 50/195 loss=86.0848 lr=0.00800148
CIFAR100 epoch 303/1000 iteration 100/195 loss=86.4017 lr=0.00799823
CIFAR100 epoch 303/1000 iteration 150/195 loss=86.8684 lr=0.00799497
CIFAR100 epoch 303/1000 iteration 195/195 loss=86.8150 lr=0.00799204
CIFAR100 epoch 304/1000 iteration 50/195 loss=87.3657 lr=0.00798879
CIFAR100 epoch 304/1000 iteration 100/195 loss=86.7993 lr=0.00798552
CIFAR100 epoch 304/1000 iteration 150/195 loss=87.0881 lr=0.00798226
CIFAR100 epoch 304/1000 iteration 195/195 loss=87.2020 lr=0.00797932
CIFAR100 epoch 305/1000 iteration 50/195 loss=87.3824 lr=0.00797606
CIFAR100 epoch 305/1000 iteration 100/195 loss=87.6022 lr=0.00797279
CIFAR100 epoch 305/1000 iteration 150/195 loss=87.3246 lr=0.00796952
CIFAR100 epoch 305/1000 iteration 195/195 loss=87.0958 lr=0.00796658
CIFAR100 epoch 306/1000 iteration 50/195 loss=87.8968 lr=0.0079633
CIFAR100 epoch 306/1000 iteration 100/195 loss=87.5228 lr=0.00796003
CIFAR100 epoch 306/1000 iteration 150/195 loss=87.0170 lr=0.00795675
CIFAR100 epoch 306/1000 iteration 195/195 loss=87.2007 lr=0.0079538
CIFAR100 epoch 307/1000 iteration 50/195 loss=87.0205 lr=0.00795051
CIFAR100 epoch 307/1000 iteration 100/195 loss=87.0504 lr=0.00794723
CIFAR100 epoch 307/1000 iteration 150/195 loss=87.4296 lr=0.00794395
CIFAR100 epoch 307/1000 iteration 195/195 loss=87.4020 lr=0.00794099
CIFAR100 epoch 308/1000 iteration 50/195 loss=89.2086 lr=0.0079377
CIFAR100 epoch 308/1000 iteration 100/195 loss=87.6216 lr=0.00793441
CIFAR100 epoch 308/1000 iteration 150/195 loss=87.0301 lr=0.00793111
CIFAR100 epoch 308/1000 iteration 195/195 loss=86.8029 lr=0.00792815
CIFAR100 epoch 309/1000 iteration 50/195 loss=87.9103 lr=0.00792485
CIFAR100 epoch 309/1000 iteration 100/195 loss=87.9451 lr=0.00792155
CIFAR100 epoch 309/1000 iteration 150/195 loss=88.1642 lr=0.00791825
CIFAR100 epoch 309/1000 iteration 195/195 loss=88.0706 lr=0.00791528
CIFAR100 epoch 310/1000 iteration 50/195 loss=86.7694 lr=0.00791198
CIFAR100 epoch 310/1000 iteration 100/195 loss=87.7933 lr=0.00790867
CIFAR100 epoch 310/1000 iteration 150/195 loss=87.8206 lr=0.00790536
CIFAR100 epoch 310/1000 iteration 195/195 loss=87.7272 lr=0.00790238
[epoch 310/1000] saved backbone: /home/mmoslem3/scratch/MKDT/krrst_teacher_ckpt/barlow_twins_resnet18_cifar100.pt
CIFAR100 epoch 311/1000 iteration 50/195 loss=86.3581 lr=0.00789907
CIFAR100 epoch 311/1000 iteration 100/195 loss=87.3118 lr=0.00789576
CIFAR100 epoch 311/1000 iteration 150/195 loss=87.6113 lr=0.00789244
CIFAR100 epoch 311/1000 iteration 195/195 loss=87.3821 lr=0.00788946
CIFAR100 epoch 312/1000 iteration 50/195 loss=85.9860 lr=0.00788614
CIFAR100 epoch 312/1000 iteration 100/195 loss=86.3239 lr=0.00788282
CIFAR100 epoch 312/1000 iteration 150/195 loss=86.4540 lr=0.0078795
CIFAR100 epoch 312/1000 iteration 195/195 loss=86.9908 lr=0.0078765
CIFAR100 epoch 313/1000 iteration 50/195 loss=86.2390 lr=0.00787318
CIFAR100 epoch 313/1000 iteration 100/195 loss=86.2883 lr=0.00786985
CIFAR100 epoch 313/1000 iteration 150/195 loss=86.2548 lr=0.00786652
CIFAR100 epoch 313/1000 iteration 195/195 loss=86.6177 lr=0.00786352
CIFAR100 epoch 314/1000 iteration 50/195 loss=87.3439 lr=0.00786018
CIFAR100 epoch 314/1000 iteration 100/195 loss=86.6947 lr=0.00785685
CIFAR100 epoch 314/1000 iteration 150/195 loss=86.0665 lr=0.00785351
CIFAR100 epoch 314/1000 iteration 195/195 loss=86.1334 lr=0.00785051
CIFAR100 epoch 315/1000 iteration 50/195 loss=85.9033 lr=0.00784716
CIFAR100 epoch 315/1000 iteration 100/195 loss=86.6026 lr=0.00784382
CIFAR100 epoch 315/1000 iteration 150/195 loss=86.4114 lr=0.00784048
CIFAR100 epoch 315/1000 iteration 195/195 loss=86.4290 lr=0.00783746
CIFAR100 epoch 316/1000 iteration 50/195 loss=88.6402 lr=0.00783412
CIFAR100 epoch 316/1000 iteration 100/195 loss=87.1839 lr=0.00783076
CIFAR100 epoch 316/1000 iteration 150/195 loss=86.4641 lr=0.00782741
CIFAR100 epoch 316/1000 iteration 195/195 loss=86.3924 lr=0.00782439
CIFAR100 epoch 317/1000 iteration 50/195 loss=85.0711 lr=0.00782104
CIFAR100 epoch 317/1000 iteration 100/195 loss=85.7491 lr=0.00781768
CIFAR100 epoch 317/1000 iteration 150/195 loss=86.0681 lr=0.00781432
CIFAR100 epoch 317/1000 iteration 195/195 loss=86.1815 lr=0.0078113
CIFAR100 epoch 318/1000 iteration 50/195 loss=85.3610 lr=0.00780793
CIFAR100 epoch 318/1000 iteration 100/195 loss=85.3798 lr=0.00780457
CIFAR100 epoch 318/1000 iteration 150/195 loss=86.3125 lr=0.0078012
CIFAR100 epoch 318/1000 iteration 195/195 loss=86.9282 lr=0.00779817
CIFAR100 epoch 319/1000 iteration 50/195 loss=86.3385 lr=0.0077948
CIFAR100 epoch 319/1000 iteration 100/195 loss=86.4716 lr=0.00779143
CIFAR100 epoch 319/1000 iteration 150/195 loss=86.2746 lr=0.00778805
CIFAR100 epoch 319/1000 iteration 195/195 loss=86.6941 lr=0.00778501
CIFAR100 epoch 320/1000 iteration 50/195 loss=85.3739 lr=0.00778164
CIFAR100 epoch 320/1000 iteration 100/195 loss=85.3672 lr=0.00777826
CIFAR100 epoch 320/1000 iteration 150/195 loss=85.5365 lr=0.00777488
CIFAR100 epoch 320/1000 iteration 195/195 loss=85.4893 lr=0.00777183
[epoch 320/1000] saved backbone: /home/mmoslem3/scratch/MKDT/krrst_teacher_ckpt/barlow_twins_resnet18_cifar100.pt
CIFAR100 epoch 321/1000 iteration 50/195 loss=85.1384 lr=0.00776845
CIFAR100 epoch 321/1000 iteration 100/195 loss=85.9060 lr=0.00776506
CIFAR100 epoch 321/1000 iteration 150/195 loss=86.3124 lr=0.00776167
CIFAR100 epoch 321/1000 iteration 195/195 loss=86.3107 lr=0.00775862
CIFAR100 epoch 322/1000 iteration 50/195 loss=84.9841 lr=0.00775523
CIFAR100 epoch 322/1000 iteration 100/195 loss=85.2198 lr=0.00775183
CIFAR100 epoch 322/1000 iteration 150/195 loss=85.6521 lr=0.00774844
CIFAR100 epoch 322/1000 iteration 195/195 loss=85.5345 lr=0.00774538
CIFAR100 epoch 323/1000 iteration 50/195 loss=84.9513 lr=0.00774198
CIFAR100 epoch 323/1000 iteration 100/195 loss=85.1417 lr=0.00773858
CIFAR100 epoch 323/1000 iteration 150/195 loss=85.6566 lr=0.00773518
CIFAR100 epoch 323/1000 iteration 195/195 loss=85.8436 lr=0.00773212
CIFAR100 epoch 324/1000 iteration 50/195 loss=85.1517 lr=0.00772871
CIFAR100 epoch 324/1000 iteration 100/195 loss=85.3664 lr=0.0077253
CIFAR100 epoch 324/1000 iteration 150/195 loss=85.3092 lr=0.00772189
CIFAR100 epoch 324/1000 iteration 195/195 loss=85.5268 lr=0.00771882
CIFAR100 epoch 325/1000 iteration 50/195 loss=86.5349 lr=0.00771541
CIFAR100 epoch 325/1000 iteration 100/195 loss=86.3395 lr=0.00771199
CIFAR100 epoch 325/1000 iteration 150/195 loss=86.3492 lr=0.00770858
CIFAR100 epoch 325/1000 iteration 195/195 loss=85.9793 lr=0.0077055
CIFAR100 epoch 326/1000 iteration 50/195 loss=85.5994 lr=0.00770208
CIFAR100 epoch 326/1000 iteration 100/195 loss=85.2578 lr=0.00769866
CIFAR100 epoch 326/1000 iteration 150/195 loss=86.0631 lr=0.00769524
CIFAR100 epoch 326/1000 iteration 195/195 loss=85.9977 lr=0.00769215
CIFAR100 epoch 327/1000 iteration 50/195 loss=86.4057 lr=0.00768873
CIFAR100 epoch 327/1000 iteration 100/195 loss=86.1033 lr=0.0076853
CIFAR100 epoch 327/1000 iteration 150/195 loss=85.9664 lr=0.00768187
CIFAR100 epoch 327/1000 iteration 195/195 loss=85.9289 lr=0.00767878
CIFAR100 epoch 328/1000 iteration 50/195 loss=85.9100 lr=0.00767534
CIFAR100 epoch 328/1000 iteration 100/195 loss=85.6660 lr=0.00767191
CIFAR100 epoch 328/1000 iteration 150/195 loss=85.9962 lr=0.00766847
CIFAR100 epoch 328/1000 iteration 195/195 loss=86.1142 lr=0.00766538
CIFAR100 epoch 329/1000 iteration 50/195 loss=85.6569 lr=0.00766193
CIFAR100 epoch 329/1000 iteration 100/195 loss=86.2957 lr=0.00765849
CIFAR100 epoch 329/1000 iteration 150/195 loss=85.9339 lr=0.00765505
CIFAR100 epoch 329/1000 iteration 195/195 loss=86.0903 lr=0.00765195
CIFAR100 epoch 330/1000 iteration 50/195 loss=86.2608 lr=0.0076485
CIFAR100 epoch 330/1000 iteration 100/195 loss=85.6443 lr=0.00764505
CIFAR100 epoch 330/1000 iteration 150/195 loss=85.6537 lr=0.0076416
CIFAR100 epoch 330/1000 iteration 195/195 loss=85.9257 lr=0.00763849
[epoch 330/1000] saved backbone: /home/mmoslem3/scratch/MKDT/krrst_teacher_ckpt/barlow_twins_resnet18_cifar100.pt
CIFAR100 epoch 331/1000 iteration 50/195 loss=85.3833 lr=0.00763504
CIFAR100 epoch 331/1000 iteration 100/195 loss=85.4761 lr=0.00763158
CIFAR100 epoch 331/1000 iteration 150/195 loss=85.3960 lr=0.00762812
CIFAR100 epoch 331/1000 iteration 195/195 loss=85.2869 lr=0.00762501
CIFAR100 epoch 332/1000 iteration 50/195 loss=85.5281 lr=0.00762155
CIFAR100 epoch 332/1000 iteration 100/195 loss=85.5487 lr=0.00761809
CIFAR100 epoch 332/1000 iteration 150/195 loss=85.4541 lr=0.00761462
CIFAR100 epoch 332/1000 iteration 195/195 loss=85.5226 lr=0.0076115
CIFAR100 epoch 333/1000 iteration 50/195 loss=85.9259 lr=0.00760803
CIFAR100 epoch 333/1000 iteration 100/195 loss=84.3980 lr=0.00760456
CIFAR100 epoch 333/1000 iteration 150/195 loss=84.6226 lr=0.00760109
CIFAR100 epoch 333/1000 iteration 195/195 loss=84.7870 lr=0.00759797
CIFAR100 epoch 334/1000 iteration 50/195 loss=87.3843 lr=0.00759449
CIFAR100 epoch 334/1000 iteration 100/195 loss=86.4597 lr=0.00759102
CIFAR100 epoch 334/1000 iteration 150/195 loss=85.9938 lr=0.00758754
CIFAR100 epoch 334/1000 iteration 195/195 loss=85.7505 lr=0.00758441
CIFAR100 epoch 335/1000 iteration 50/195 loss=83.0616 lr=0.00758092
CIFAR100 epoch 335/1000 iteration 100/195 loss=84.0790 lr=0.00757744
CIFAR100 epoch 335/1000 iteration 150/195 loss=84.8725 lr=0.00757396
CIFAR100 epoch 335/1000 iteration 195/195 loss=85.2823 lr=0.00757082
CIFAR100 epoch 336/1000 iteration 50/195 loss=83.4595 lr=0.00756733
CIFAR100 epoch 336/1000 iteration 100/195 loss=84.8572 lr=0.00756384
CIFAR100 epoch 336/1000 iteration 150/195 loss=84.8002 lr=0.00756035
CIFAR100 epoch 336/1000 iteration 195/195 loss=84.9225 lr=0.00755721
CIFAR100 epoch 337/1000 iteration 50/195 loss=84.0270 lr=0.00755371
CIFAR100 epoch 337/1000 iteration 100/195 loss=84.6717 lr=0.00755022
CIFAR100 epoch 337/1000 iteration 150/195 loss=84.7861 lr=0.00754672
CIFAR100 epoch 337/1000 iteration 195/195 loss=84.8637 lr=0.00754357
CIFAR100 epoch 338/1000 iteration 50/195 loss=84.6597 lr=0.00754007
CIFAR100 epoch 338/1000 iteration 100/195 loss=85.1663 lr=0.00753656
CIFAR100 epoch 338/1000 iteration 150/195 loss=84.9758 lr=0.00753306
CIFAR100 epoch 338/1000 iteration 195/195 loss=85.1350 lr=0.0075299
CIFAR100 epoch 339/1000 iteration 50/195 loss=84.3324 lr=0.0075264
CIFAR100 epoch 339/1000 iteration 100/195 loss=85.2785 lr=0.00752289
CIFAR100 epoch 339/1000 iteration 150/195 loss=85.4279 lr=0.00751938
CIFAR100 epoch 339/1000 iteration 195/195 loss=85.8350 lr=0.00751621
CIFAR100 epoch 340/1000 iteration 50/195 loss=85.9466 lr=0.0075127
CIFAR100 epoch 340/1000 iteration 100/195 loss=84.5460 lr=0.00750918
CIFAR100 epoch 340/1000 iteration 150/195 loss=84.8860 lr=0.00750567
CIFAR100 epoch 340/1000 iteration 195/195 loss=84.6556 lr=0.0075025
[epoch 340/1000] saved backbone: /home/mmoslem3/scratch/MKDT/krrst_teacher_ckpt/barlow_twins_resnet18_cifar100.pt
CIFAR100 epoch 341/1000 iteration 50/195 loss=84.3174 lr=0.00749898
CIFAR100 epoch 341/1000 iteration 100/195 loss=85.0671 lr=0.00749546
CIFAR100 epoch 341/1000 iteration 150/195 loss=84.8653 lr=0.00749193
CIFAR100 epoch 341/1000 iteration 195/195 loss=84.9662 lr=0.00748876
CIFAR100 epoch 342/1000 iteration 50/195 loss=84.1516 lr=0.00748523
CIFAR100 epoch 342/1000 iteration 100/195 loss=84.4326 lr=0.0074817
CIFAR100 epoch 342/1000 iteration 150/195 loss=84.5053 lr=0.00747817
CIFAR100 epoch 342/1000 iteration 195/195 loss=84.6396 lr=0.007475
CIFAR100 epoch 343/1000 iteration 50/195 loss=84.1266 lr=0.00747146
CIFAR100 epoch 343/1000 iteration 100/195 loss=85.1069 lr=0.00746793
CIFAR100 epoch 343/1000 iteration 150/195 loss=84.8529 lr=0.00746439
CIFAR100 epoch 343/1000 iteration 195/195 loss=85.0355 lr=0.00746121
CIFAR100 epoch 344/1000 iteration 50/195 loss=84.8301 lr=0.00745767
CIFAR100 epoch 344/1000 iteration 100/195 loss=84.5845 lr=0.00745412
CIFAR100 epoch 344/1000 iteration 150/195 loss=84.4035 lr=0.00745058
CIFAR100 epoch 344/1000 iteration 195/195 loss=85.0261 lr=0.00744739
CIFAR100 epoch 345/1000 iteration 50/195 loss=85.6565 lr=0.00744385
CIFAR100 epoch 345/1000 iteration 100/195 loss=84.8708 lr=0.0074403
CIFAR100 epoch 345/1000 iteration 150/195 loss=84.9325 lr=0.00743675
CIFAR100 epoch 345/1000 iteration 195/195 loss=84.7837 lr=0.00743355
CIFAR100 epoch 346/1000 iteration 50/195 loss=82.8717 lr=0.00743
CIFAR100 epoch 346/1000 iteration 100/195 loss=83.5366 lr=0.00742645
CIFAR100 epoch 346/1000 iteration 150/195 loss=83.7605 lr=0.00742289
CIFAR100 epoch 346/1000 iteration 195/195 loss=84.1213 lr=0.00741969
CIFAR100 epoch 347/1000 iteration 50/195 loss=84.1376 lr=0.00741613
CIFAR100 epoch 347/1000 iteration 100/195 loss=84.0824 lr=0.00741257
CIFAR100 epoch 347/1000 iteration 150/195 loss=84.3042 lr=0.00740901
CIFAR100 epoch 347/1000 iteration 195/195 loss=84.2531 lr=0.0074058
CIFAR100 epoch 348/1000 iteration 50/195 loss=85.5348 lr=0.00740224
CIFAR100 epoch 348/1000 iteration 100/195 loss=85.3520 lr=0.00739867
CIFAR100 epoch 348/1000 iteration 150/195 loss=84.8486 lr=0.0073951
CIFAR100 epoch 348/1000 iteration 195/195 loss=84.7793 lr=0.00739189
CIFAR100 epoch 349/1000 iteration 50/195 loss=85.1013 lr=0.00738832
CIFAR100 epoch 349/1000 iteration 100/195 loss=84.1716 lr=0.00738475
CIFAR100 epoch 349/1000 iteration 150/195 loss=84.4486 lr=0.00738117
CIFAR100 epoch 349/1000 iteration 195/195 loss=84.3799 lr=0.00737795
CIFAR100 epoch 350/1000 iteration 50/195 loss=84.4732 lr=0.00737438
CIFAR100 epoch 350/1000 iteration 100/195 loss=84.2432 lr=0.0073708
CIFAR100 epoch 350/1000 iteration 150/195 loss=84.3459 lr=0.00736722
CIFAR100 epoch 350/1000 iteration 195/195 loss=84.1517 lr=0.00736399
[epoch 350/1000] saved backbone: /home/mmoslem3/scratch/MKDT/krrst_teacher_ckpt/barlow_twins_resnet18_cifar100.pt
CIFAR100 epoch 351/1000 iteration 50/195 loss=83.0127 lr=0.00736041
CIFAR100 epoch 351/1000 iteration 100/195 loss=83.9229 lr=0.00735683
CIFAR100 epoch 351/1000 iteration 150/195 loss=84.2972 lr=0.00735324
CIFAR100 epoch 351/1000 iteration 195/195 loss=84.3320 lr=0.00735001
CIFAR100 epoch 352/1000 iteration 50/195 loss=83.5396 lr=0.00734642
CIFAR100 epoch 352/1000 iteration 100/195 loss=83.9794 lr=0.00734283
CIFAR100 epoch 352/1000 iteration 150/195 loss=84.1353 lr=0.00733924
CIFAR100 epoch 352/1000 iteration 195/195 loss=84.4527 lr=0.007336
CIFAR100 epoch 353/1000 iteration 50/195 loss=82.6309 lr=0.00733241
CIFAR100 epoch 353/1000 iteration 100/195 loss=83.0197 lr=0.00732881
CIFAR100 epoch 353/1000 iteration 150/195 loss=83.6560 lr=0.00732521
CIFAR100 epoch 353/1000 iteration 195/195 loss=83.9712 lr=0.00732197
CIFAR100 epoch 354/1000 iteration 50/195 loss=84.0894 lr=0.00731837
CIFAR100 epoch 354/1000 iteration 100/195 loss=83.7728 lr=0.00731477
CIFAR100 epoch 354/1000 iteration 150/195 loss=84.3612 lr=0.00731116
CIFAR100 epoch 354/1000 iteration 195/195 loss=84.3127 lr=0.00730792
CIFAR100 epoch 355/1000 iteration 50/195 loss=85.0046 lr=0.00730431
CIFAR100 epoch 355/1000 iteration 100/195 loss=84.1600 lr=0.0073007
CIFAR100 epoch 355/1000 iteration 150/195 loss=84.3908 lr=0.00729709
CIFAR100 epoch 355/1000 iteration 195/195 loss=83.9213 lr=0.00729384
CIFAR100 epoch 356/1000 iteration 50/195 loss=84.6976 lr=0.00729023
CIFAR100 epoch 356/1000 iteration 100/195 loss=84.4900 lr=0.00728661
CIFAR100 epoch 356/1000 iteration 150/195 loss=84.0722 lr=0.007283
CIFAR100 epoch 356/1000 iteration 195/195 loss=83.9578 lr=0.00727974
CIFAR100 epoch 357/1000 iteration 50/195 loss=84.3670 lr=0.00727612
CIFAR100 epoch 357/1000 iteration 100/195 loss=84.2558 lr=0.0072725
CIFAR100 epoch 357/1000 iteration 150/195 loss=84.1018 lr=0.00726888
CIFAR100 epoch 357/1000 iteration 195/195 loss=84.1971 lr=0.00726562
CIFAR100 epoch 358/1000 iteration 50/195 loss=82.7998 lr=0.00726199
CIFAR100 epoch 358/1000 iteration 100/195 loss=82.4836 lr=0.00725837
CIFAR100 epoch 358/1000 iteration 150/195 loss=82.7436 lr=0.00725474
CIFAR100 epoch 358/1000 iteration 195/195 loss=82.9748 lr=0.00725147
CIFAR100 epoch 359/1000 iteration 50/195 loss=83.5112 lr=0.00724784
CIFAR100 epoch 359/1000 iteration 100/195 loss=83.5599 lr=0.00724421
CIFAR100 epoch 359/1000 iteration 150/195 loss=83.7046 lr=0.00724058
CIFAR100 epoch 359/1000 iteration 195/195 loss=83.8160 lr=0.0072373
CIFAR100 epoch 360/1000 iteration 50/195 loss=82.3990 lr=0.00723367
CIFAR100 epoch 360/1000 iteration 100/195 loss=82.6745 lr=0.00723003
CIFAR100 epoch 360/1000 iteration 150/195 loss=83.0603 lr=0.00722639
CIFAR100 epoch 360/1000 iteration 195/195 loss=83.5252 lr=0.00722311
[epoch 360/1000] saved backbone: /home/mmoslem3/scratch/MKDT/krrst_teacher_ckpt/barlow_twins_resnet18_cifar100.pt
CIFAR100 epoch 361/1000 iteration 50/195 loss=82.9136 lr=0.00721947
CIFAR100 epoch 361/1000 iteration 100/195 loss=82.9146 lr=0.00721583
CIFAR100 epoch 361/1000 iteration 150/195 loss=83.1452 lr=0.00721218
CIFAR100 epoch 361/1000 iteration 195/195 loss=83.3983 lr=0.0072089
CIFAR100 epoch 362/1000 iteration 50/195 loss=84.1256 lr=0.00720525
CIFAR100 epoch 362/1000 iteration 100/195 loss=84.1703 lr=0.0072016
CIFAR100 epoch 362/1000 iteration 150/195 loss=84.1225 lr=0.00719795
CIFAR100 epoch 362/1000 iteration 195/195 loss=84.2052 lr=0.00719466
CIFAR100 epoch 363/1000 iteration 50/195 loss=84.0020 lr=0.00719101
CIFAR100 epoch 363/1000 iteration 100/195 loss=84.2114 lr=0.00718736
CIFAR100 epoch 363/1000 iteration 150/195 loss=84.3840 lr=0.0071837
CIFAR100 epoch 363/1000 iteration 195/195 loss=84.2580 lr=0.00718041
CIFAR100 epoch 364/1000 iteration 50/195 loss=82.9331 lr=0.00717675
CIFAR100 epoch 364/1000 iteration 100/195 loss=83.4647 lr=0.00717309
CIFAR100 epoch 364/1000 iteration 150/195 loss=83.4494 lr=0.00716942
CIFAR100 epoch 364/1000 iteration 195/195 loss=83.3705 lr=0.00716613
CIFAR100 epoch 365/1000 iteration 50/195 loss=83.4129 lr=0.00716246
CIFAR100 epoch 365/1000 iteration 100/195 loss=83.8493 lr=0.0071588
CIFAR100 epoch 365/1000 iteration 150/195 loss=84.0662 lr=0.00715513
CIFAR100 epoch 365/1000 iteration 195/195 loss=84.2165 lr=0.00715183
CIFAR100 epoch 366/1000 iteration 50/195 loss=83.5026 lr=0.00714816
CIFAR100 epoch 366/1000 iteration 100/195 loss=83.3729 lr=0.00714448
CIFAR100 epoch 366/1000 iteration 150/195 loss=83.5742 lr=0.00714081
CIFAR100 epoch 366/1000 iteration 195/195 loss=83.5735 lr=0.0071375
CIFAR100 epoch 367/1000 iteration 50/195 loss=84.4352 lr=0.00713383
CIFAR100 epoch 367/1000 iteration 100/195 loss=84.1313 lr=0.00713015
CIFAR100 epoch 367/1000 iteration 150/195 loss=83.7484 lr=0.00712647
CIFAR100 epoch 367/1000 iteration 195/195 loss=83.6339 lr=0.00712316
CIFAR100 epoch 368/1000 iteration 50/195 loss=83.0651 lr=0.00711948
CIFAR100 epoch 368/1000 iteration 100/195 loss=82.5922 lr=0.00711579
CIFAR100 epoch 368/1000 iteration 150/195 loss=82.8784 lr=0.00711211
CIFAR100 epoch 368/1000 iteration 195/195 loss=83.0404 lr=0.00710879
CIFAR100 epoch 369/1000 iteration 50/195 loss=83.7753 lr=0.00710511
CIFAR100 epoch 369/1000 iteration 100/195 loss=82.9487 lr=0.00710142
CIFAR100 epoch 369/1000 iteration 150/195 loss=83.3727 lr=0.00709773
CIFAR100 epoch 369/1000 iteration 195/195 loss=83.5945 lr=0.00709441
CIFAR100 epoch 370/1000 iteration 50/195 loss=81.3567 lr=0.00709071
CIFAR100 epoch 370/1000 iteration 100/195 loss=82.3376 lr=0.00708702
CIFAR100 epoch 370/1000 iteration 150/195 loss=82.5509 lr=0.00708332
CIFAR100 epoch 370/1000 iteration 195/195 loss=82.6490 lr=0.00708
[epoch 370/1000] saved backbone: /home/mmoslem3/scratch/MKDT/krrst_teacher_ckpt/barlow_twins_resnet18_cifar100.pt
CIFAR100 epoch 371/1000 iteration 50/195 loss=82.9309 lr=0.0070763
CIFAR100 epoch 371/1000 iteration 100/195 loss=83.2022 lr=0.0070726
CIFAR100 epoch 371/1000 iteration 150/195 loss=83.3082 lr=0.0070689
CIFAR100 epoch 371/1000 iteration 195/195 loss=83.6079 lr=0.00706557
CIFAR100 epoch 372/1000 iteration 50/195 loss=83.4659 lr=0.00706187
CIFAR100 epoch 372/1000 iteration 100/195 loss=83.7126 lr=0.00705816
CIFAR100 epoch 372/1000 iteration 150/195 loss=83.5839 lr=0.00705446
CIFAR100 epoch 372/1000 iteration 195/195 loss=83.6417 lr=0.00705112
CIFAR100 epoch 373/1000 iteration 50/195 loss=82.1141 lr=0.00704741
CIFAR100 epoch 373/1000 iteration 100/195 loss=81.8105 lr=0.0070437
CIFAR100 epoch 373/1000 iteration 150/195 loss=82.6102 lr=0.00703999
CIFAR100 epoch 373/1000 iteration 195/195 loss=82.6389 lr=0.00703665
CIFAR100 epoch 374/1000 iteration 50/195 loss=81.5315 lr=0.00703294
CIFAR100 epoch 374/1000 iteration 100/195 loss=82.3581 lr=0.00702922
CIFAR100 epoch 374/1000 iteration 150/195 loss=82.6557 lr=0.0070255
CIFAR100 epoch 374/1000 iteration 195/195 loss=82.8624 lr=0.00702216
CIFAR100 epoch 375/1000 iteration 50/195 loss=83.2213 lr=0.00701844
CIFAR100 epoch 375/1000 iteration 100/195 loss=83.7887 lr=0.00701472
CIFAR100 epoch 375/1000 iteration 150/195 loss=83.2480 lr=0.007011
CIFAR100 epoch 375/1000 iteration 195/195 loss=83.3647 lr=0.00700765
CIFAR100 epoch 376/1000 iteration 50/195 loss=81.8795 lr=0.00700392
CIFAR100 epoch 376/1000 iteration 100/195 loss=81.9351 lr=0.0070002
CIFAR100 epoch 376/1000 iteration 150/195 loss=82.7883 lr=0.00699647
CIFAR100 epoch 376/1000 iteration 195/195 loss=82.6709 lr=0.00699312
CIFAR100 epoch 377/1000 iteration 50/195 loss=82.3549 lr=0.00698939
CIFAR100 epoch 377/1000 iteration 100/195 loss=82.7704 lr=0.00698566
CIFAR100 epoch 377/1000 iteration 150/195 loss=82.8622 lr=0.00698193
CIFAR100 epoch 377/1000 iteration 195/195 loss=82.6097 lr=0.00697857
CIFAR100 epoch 378/1000 iteration 50/195 loss=83.4904 lr=0.00697483
CIFAR100 epoch 378/1000 iteration 100/195 loss=83.9369 lr=0.0069711
CIFAR100 epoch 378/1000 iteration 150/195 loss=83.4011 lr=0.00696736
CIFAR100 epoch 378/1000 iteration 195/195 loss=83.1650 lr=0.00696399
CIFAR100 epoch 379/1000 iteration 50/195 loss=82.9673 lr=0.00696026
CIFAR100 epoch 379/1000 iteration 100/195 loss=82.7176 lr=0.00695651
CIFAR100 epoch 379/1000 iteration 150/195 loss=82.6482 lr=0.00695277
CIFAR100 epoch 379/1000 iteration 195/195 loss=82.6217 lr=0.0069494
CIFAR100 epoch 380/1000 iteration 50/195 loss=81.3013 lr=0.00694566
CIFAR100 epoch 380/1000 iteration 100/195 loss=82.6216 lr=0.00694191
CIFAR100 epoch 380/1000 iteration 150/195 loss=82.4738 lr=0.00693817
CIFAR100 epoch 380/1000 iteration 195/195 loss=82.7818 lr=0.00693479
[epoch 380/1000] saved backbone: /home/mmoslem3/scratch/MKDT/krrst_teacher_ckpt/barlow_twins_resnet18_cifar100.pt
CIFAR100 epoch 381/1000 iteration 50/195 loss=82.4059 lr=0.00693104
CIFAR100 epoch 381/1000 iteration 100/195 loss=82.5750 lr=0.00692729
CIFAR100 epoch 381/1000 iteration 150/195 loss=82.9736 lr=0.00692354
CIFAR100 epoch 381/1000 iteration 195/195 loss=82.9735 lr=0.00692016
CIFAR100 epoch 382/1000 iteration 50/195 loss=81.9498 lr=0.00691641
CIFAR100 epoch 382/1000 iteration 100/195 loss=83.1265 lr=0.00691265
CIFAR100 epoch 382/1000 iteration 150/195 loss=82.7748 lr=0.0069089
CIFAR100 epoch 382/1000 iteration 195/195 loss=83.0013 lr=0.00690552
CIFAR100 epoch 383/1000 iteration 50/195 loss=83.4142 lr=0.00690176
CIFAR100 epoch 383/1000 iteration 100/195 loss=83.3085 lr=0.006898
CIFAR100 epoch 383/1000 iteration 150/195 loss=83.0224 lr=0.00689423
CIFAR100 epoch 383/1000 iteration 195/195 loss=82.9372 lr=0.00689085
CIFAR100 epoch 384/1000 iteration 50/195 loss=83.8238 lr=0.00688708
CIFAR100 epoch 384/1000 iteration 100/195 loss=82.6872 lr=0.00688332
CIFAR100 epoch 384/1000 iteration 150/195 loss=82.5162 lr=0.00687955
CIFAR100 epoch 384/1000 iteration 195/195 loss=82.5412 lr=0.00687616
CIFAR100 epoch 385/1000 iteration 50/195 loss=81.2933 lr=0.00687239
CIFAR100 epoch 385/1000 iteration 100/195 loss=81.9343 lr=0.00686862
CIFAR100 epoch 385/1000 iteration 150/195 loss=81.8571 lr=0.00686485
CIFAR100 epoch 385/1000 iteration 195/195 loss=82.0083 lr=0.00686145
CIFAR100 epoch 386/1000 iteration 50/195 loss=81.9944 lr=0.00685768
CIFAR100 epoch 386/1000 iteration 100/195 loss=82.2196 lr=0.00685391
CIFAR100 epoch 386/1000 iteration 150/195 loss=82.3274 lr=0.00685013
CIFAR100 epoch 386/1000 iteration 195/195 loss=82.3109 lr=0.00684673
CIFAR100 epoch 387/1000 iteration 50/195 loss=82.5492 lr=0.00684295
CIFAR100 epoch 387/1000 iteration 100/195 loss=82.7469 lr=0.00683917
CIFAR100 epoch 387/1000 iteration 150/195 loss=82.8647 lr=0.00683539
CIFAR100 epoch 387/1000 iteration 195/195 loss=82.7161 lr=0.00683199
CIFAR100 epoch 388/1000 iteration 50/195 loss=83.8129 lr=0.0068282
CIFAR100 epoch 388/1000 iteration 100/195 loss=82.8960 lr=0.00682442
CIFAR100 epoch 388/1000 iteration 150/195 loss=82.5869 lr=0.00682063
CIFAR100 epoch 388/1000 iteration 195/195 loss=82.4443 lr=0.00681722
CIFAR100 epoch 389/1000 iteration 50/195 loss=82.2783 lr=0.00681344
CIFAR100 epoch 389/1000 iteration 100/195 loss=82.0206 lr=0.00680965
CIFAR100 epoch 389/1000 iteration 150/195 loss=82.7805 lr=0.00680586
CIFAR100 epoch 389/1000 iteration 195/195 loss=82.7273 lr=0.00680244
CIFAR100 epoch 390/1000 iteration 50/195 loss=81.8424 lr=0.00679865
CIFAR100 epoch 390/1000 iteration 100/195 loss=82.1271 lr=0.00679486
CIFAR100 epoch 390/1000 iteration 150/195 loss=82.3571 lr=0.00679106
CIFAR100 epoch 390/1000 iteration 195/195 loss=82.3531 lr=0.00678765
[epoch 390/1000] saved backbone: /home/mmoslem3/scratch/MKDT/krrst_teacher_ckpt/barlow_twins_resnet18_cifar100.pt
CIFAR100 epoch 391/1000 iteration 50/195 loss=81.9776 lr=0.00678385
CIFAR100 epoch 391/1000 iteration 100/195 loss=81.8442 lr=0.00678005
CIFAR100 epoch 391/1000 iteration 150/195 loss=81.5994 lr=0.00677625
CIFAR100 epoch 391/1000 iteration 195/195 loss=81.5219 lr=0.00677283
CIFAR100 epoch 392/1000 iteration 50/195 loss=81.4328 lr=0.00676903
CIFAR100 epoch 392/1000 iteration 100/195 loss=82.0749 lr=0.00676523
CIFAR100 epoch 392/1000 iteration 150/195 loss=81.9928 lr=0.00676142
CIFAR100 epoch 392/1000 iteration 195/195 loss=81.8419 lr=0.006758
CIFAR100 epoch 393/1000 iteration 50/195 loss=81.5620 lr=0.00675419
CIFAR100 epoch 393/1000 iteration 100/195 loss=80.9568 lr=0.00675038
CIFAR100 epoch 393/1000 iteration 150/195 loss=81.4174 lr=0.00674657
CIFAR100 epoch 393/1000 iteration 195/195 loss=81.7680 lr=0.00674315
CIFAR100 epoch 394/1000 iteration 50/195 loss=80.9693 lr=0.00673933
CIFAR100 epoch 394/1000 iteration 100/195 loss=81.1853 lr=0.00673552
CIFAR100 epoch 394/1000 iteration 150/195 loss=81.3581 lr=0.00673171
CIFAR100 epoch 394/1000 iteration 195/195 loss=81.2968 lr=0.00672828
CIFAR100 epoch 395/1000 iteration 50/195 loss=81.5649 lr=0.00672446
CIFAR100 epoch 395/1000 iteration 100/195 loss=81.3835 lr=0.00672065
CIFAR100 epoch 395/1000 iteration 150/195 loss=81.5837 lr=0.00671683
CIFAR100 epoch 395/1000 iteration 195/195 loss=82.1550 lr=0.00671339
CIFAR100 epoch 396/1000 iteration 50/195 loss=82.0350 lr=0.00670957
CIFAR100 epoch 396/1000 iteration 100/195 loss=81.9525 lr=0.00670575
CIFAR100 epoch 396/1000 iteration 150/195 loss=82.1873 lr=0.00670193
CIFAR100 epoch 396/1000 iteration 195/195 loss=82.0359 lr=0.00669849
CIFAR100 epoch 397/1000 iteration 50/195 loss=81.3112 lr=0.00669466
CIFAR100 epoch 397/1000 iteration 100/195 loss=81.4411 lr=0.00669084
CIFAR100 epoch 397/1000 iteration 150/195 loss=81.7711 lr=0.00668701
CIFAR100 epoch 397/1000 iteration 195/195 loss=81.6449 lr=0.00668357
CIFAR100 epoch 398/1000 iteration 50/195 loss=82.8902 lr=0.00667974
CIFAR100 epoch 398/1000 iteration 100/195 loss=82.8003 lr=0.00667591
CIFAR100 epoch 398/1000 iteration 150/195 loss=82.8265 lr=0.00667208
CIFAR100 epoch 398/1000 iteration 195/195 loss=82.4797 lr=0.00666863
CIFAR100 epoch 399/1000 iteration 50/195 loss=80.5521 lr=0.0066648
CIFAR100 epoch 399/1000 iteration 100/195 loss=80.9854 lr=0.00666096
CIFAR100 epoch 399/1000 iteration 150/195 loss=81.5685 lr=0.00665713
CIFAR100 epoch 399/1000 iteration 195/195 loss=81.5164 lr=0.00665368
CIFAR100 epoch 400/1000 iteration 50/195 loss=81.6975 lr=0.00664984
CIFAR100 epoch 400/1000 iteration 100/195 loss=81.7601 lr=0.006646
CIFAR100 epoch 400/1000 iteration 150/195 loss=81.9511 lr=0.00664216
CIFAR100 epoch 400/1000 iteration 195/195 loss=81.6705 lr=0.0066387
[epoch 400/1000] saved backbone: /home/mmoslem3/scratch/MKDT/krrst_teacher_ckpt/barlow_twins_resnet18_cifar100.pt
CIFAR100 epoch 401/1000 iteration 50/195 loss=80.1919 lr=0.00663486
CIFAR100 epoch 401/1000 iteration 100/195 loss=81.2292 lr=0.00663102
CIFAR100 epoch 401/1000 iteration 150/195 loss=81.9100 lr=0.00662718
CIFAR100 epoch 401/1000 iteration 195/195 loss=82.5405 lr=0.00662372
CIFAR100 epoch 402/1000 iteration 50/195 loss=81.3886 lr=0.00661987
CIFAR100 epoch 402/1000 iteration 100/195 loss=81.4222 lr=0.00661603
CIFAR100 epoch 402/1000 iteration 150/195 loss=81.4401 lr=0.00661218
CIFAR100 epoch 402/1000 iteration 195/195 loss=81.4936 lr=0.00660871
CIFAR100 epoch 403/1000 iteration 50/195 loss=81.9751 lr=0.00660486
CIFAR100 epoch 403/1000 iteration 100/195 loss=81.1864 lr=0.00660101
CIFAR100 epoch 403/1000 iteration 150/195 loss=81.4674 lr=0.00659716
CIFAR100 epoch 403/1000 iteration 195/195 loss=81.6528 lr=0.00659369
CIFAR100 epoch 404/1000 iteration 50/195 loss=81.7214 lr=0.00658984
CIFAR100 epoch 404/1000 iteration 100/195 loss=81.8177 lr=0.00658599
CIFAR100 epoch 404/1000 iteration 150/195 loss=81.7968 lr=0.00658213
CIFAR100 epoch 404/1000 iteration 195/195 loss=81.6979 lr=0.00657866
CIFAR100 epoch 405/1000 iteration 50/195 loss=79.7186 lr=0.0065748
CIFAR100 epoch 405/1000 iteration 100/195 loss=80.8323 lr=0.00657094
CIFAR100 epoch 405/1000 iteration 150/195 loss=81.0731 lr=0.00656708
CIFAR100 epoch 405/1000 iteration 195/195 loss=81.3113 lr=0.00656361
CIFAR100 epoch 406/1000 iteration 50/195 loss=80.8443 lr=0.00655975
CIFAR100 epoch 406/1000 iteration 100/195 loss=80.8883 lr=0.00655588
CIFAR100 epoch 406/1000 iteration 150/195 loss=81.0839 lr=0.00655202
CIFAR100 epoch 406/1000 iteration 195/195 loss=81.3225 lr=0.00654854
CIFAR100 epoch 407/1000 iteration 50/195 loss=81.3123 lr=0.00654467
CIFAR100 epoch 407/1000 iteration 100/195 loss=81.1914 lr=0.00654081
CIFAR100 epoch 407/1000 iteration 150/195 loss=81.2930 lr=0.00653694
CIFAR100 epoch 407/1000 iteration 195/195 loss=81.1774 lr=0.00653346
CIFAR100 epoch 408/1000 iteration 50/195 loss=80.2645 lr=0.00652959
CIFAR100 epoch 408/1000 iteration 100/195 loss=81.1896 lr=0.00652572
CIFAR100 epoch 408/1000 iteration 150/195 loss=81.2191 lr=0.00652184
CIFAR100 epoch 408/1000 iteration 195/195 loss=81.5841 lr=0.00651836
CIFAR100 epoch 409/1000 iteration 50/195 loss=81.5888 lr=0.00651449
CIFAR100 epoch 409/1000 iteration 100/195 loss=81.9726 lr=0.00651061
CIFAR100 epoch 409/1000 iteration 150/195 loss=81.4732 lr=0.00650673
CIFAR100 epoch 409/1000 iteration 195/195 loss=81.4318 lr=0.00650325
CIFAR100 epoch 410/1000 iteration 50/195 loss=80.6192 lr=0.00649937
CIFAR100 epoch 410/1000 iteration 100/195 loss=81.3908 lr=0.00649549
CIFAR100 epoch 410/1000 iteration 150/195 loss=81.0014 lr=0.00649161
CIFAR100 epoch 410/1000 iteration 195/195 loss=81.0190 lr=0.00648812
[epoch 410/1000] saved backbone: /home/mmoslem3/scratch/MKDT/krrst_teacher_ckpt/barlow_twins_resnet18_cifar100.pt
CIFAR100 epoch 411/1000 iteration 50/195 loss=79.7706 lr=0.00648424
CIFAR100 epoch 411/1000 iteration 100/195 loss=81.0619 lr=0.00648035
CIFAR100 epoch 411/1000 iteration 150/195 loss=81.1705 lr=0.00647647
CIFAR100 epoch 411/1000 iteration 195/195 loss=81.3678 lr=0.00647297
CIFAR100 epoch 412/1000 iteration 50/195 loss=81.7158 lr=0.00646909
CIFAR100 epoch 412/1000 iteration 100/195 loss=81.5897 lr=0.0064652
CIFAR100 epoch 412/1000 iteration 150/195 loss=81.4234 lr=0.00646132
CIFAR100 epoch 412/1000 iteration 195/195 loss=81.2336 lr=0.00645782
CIFAR100 epoch 413/1000 iteration 50/195 loss=80.7400 lr=0.00645393
CIFAR100 epoch 413/1000 iteration 100/195 loss=80.6754 lr=0.00645004
CIFAR100 epoch 413/1000 iteration 150/195 loss=81.0400 lr=0.00644615
CIFAR100 epoch 413/1000 iteration 195/195 loss=80.9709 lr=0.00644264
CIFAR100 epoch 414/1000 iteration 50/195 loss=81.9771 lr=0.00643875
CIFAR100 epoch 414/1000 iteration 100/195 loss=81.7897 lr=0.00643486
CIFAR100 epoch 414/1000 iteration 150/195 loss=81.9517 lr=0.00643096
CIFAR100 epoch 414/1000 iteration 195/195 loss=81.8232 lr=0.00642746
CIFAR100 epoch 415/1000 iteration 50/195 loss=77.8047 lr=0.00642356
CIFAR100 epoch 415/1000 iteration 100/195 loss=78.9160 lr=0.00641966
CIFAR100 epoch 415/1000 iteration 150/195 loss=79.3265 lr=0.00641576
CIFAR100 epoch 415/1000 iteration 195/195 loss=79.5987 lr=0.00641225
CIFAR100 epoch 416/1000 iteration 50/195 loss=80.6770 lr=0.00640835
CIFAR100 epoch 416/1000 iteration 100/195 loss=80.4629 lr=0.00640445
CIFAR100 epoch 416/1000 iteration 150/195 loss=80.8742 lr=0.00640055
CIFAR100 epoch 416/1000 iteration 195/195 loss=80.9084 lr=0.00639704
CIFAR100 epoch 417/1000 iteration 50/195 loss=79.5993 lr=0.00639313
CIFAR100 epoch 417/1000 iteration 100/195 loss=80.1516 lr=0.00638923
CIFAR100 epoch 417/1000 iteration 150/195 loss=80.5952 lr=0.00638532
CIFAR100 epoch 417/1000 iteration 195/195 loss=80.9895 lr=0.00638181
CIFAR100 epoch 418/1000 iteration 50/195 loss=79.9022 lr=0.0063779
CIFAR100 epoch 418/1000 iteration 100/195 loss=80.7355 lr=0.00637399
CIFAR100 epoch 418/1000 iteration 150/195 loss=80.7195 lr=0.00637008
CIFAR100 epoch 418/1000 iteration 195/195 loss=80.7404 lr=0.00636656
CIFAR100 epoch 419/1000 iteration 50/195 loss=80.5892 lr=0.00636265
CIFAR100 epoch 419/1000 iteration 100/195 loss=80.7819 lr=0.00635874
CIFAR100 epoch 419/1000 iteration 150/195 loss=80.4247 lr=0.00635483
CIFAR100 epoch 419/1000 iteration 195/195 loss=80.1306 lr=0.00635131
CIFAR100 epoch 420/1000 iteration 50/195 loss=80.8684 lr=0.00634739
CIFAR100 epoch 420/1000 iteration 100/195 loss=80.8583 lr=0.00634348
CIFAR100 epoch 420/1000 iteration 150/195 loss=80.6269 lr=0.00633956
CIFAR100 epoch 420/1000 iteration 195/195 loss=80.5992 lr=0.00633604
[epoch 420/1000] saved backbone: /home/mmoslem3/scratch/MKDT/krrst_teacher_ckpt/barlow_twins_resnet18_cifar100.pt
CIFAR100 epoch 421/1000 iteration 50/195 loss=79.9065 lr=0.00633212
CIFAR100 epoch 421/1000 iteration 100/195 loss=80.6805 lr=0.0063282
CIFAR100 epoch 421/1000 iteration 150/195 loss=81.0197 lr=0.00632428
CIFAR100 epoch 421/1000 iteration 195/195 loss=81.1193 lr=0.00632075
CIFAR100 epoch 422/1000 iteration 50/195 loss=81.7440 lr=0.00631683
CIFAR100 epoch 422/1000 iteration 100/195 loss=80.7597 lr=0.00631291
CIFAR100 epoch 422/1000 iteration 150/195 loss=81.2343 lr=0.00630899
CIFAR100 epoch 422/1000 iteration 195/195 loss=81.1608 lr=0.00630545
CIFAR100 epoch 423/1000 iteration 50/195 loss=80.0736 lr=0.00630153
CIFAR100 epoch 423/1000 iteration 100/195 loss=81.0513 lr=0.0062976
CIFAR100 epoch 423/1000 iteration 150/195 loss=81.0277 lr=0.00629368
CIFAR100 epoch 423/1000 iteration 195/195 loss=81.0280 lr=0.00629014
CIFAR100 epoch 424/1000 iteration 50/195 loss=79.7962 lr=0.00628622
CIFAR100 epoch 424/1000 iteration 100/195 loss=80.9866 lr=0.00628229
CIFAR100 epoch 424/1000 iteration 150/195 loss=80.8933 lr=0.00627836
CIFAR100 epoch 424/1000 iteration 195/195 loss=80.8363 lr=0.00627482
CIFAR100 epoch 425/1000 iteration 50/195 loss=79.7035 lr=0.00627089
CIFAR100 epoch 425/1000 iteration 100/195 loss=80.1757 lr=0.00626696
CIFAR100 epoch 425/1000 iteration 150/195 loss=80.2957 lr=0.00626302
CIFAR100 epoch 425/1000 iteration 195/195 loss=80.3677 lr=0.00625948
CIFAR100 epoch 426/1000 iteration 50/195 loss=80.2654 lr=0.00625555
CIFAR100 epoch 426/1000 iteration 100/195 loss=79.8503 lr=0.00625161
CIFAR100 epoch 426/1000 iteration 150/195 loss=79.8797 lr=0.00624768
CIFAR100 epoch 426/1000 iteration 195/195 loss=79.9233 lr=0.00624414
CIFAR100 epoch 427/1000 iteration 50/195 loss=79.6427 lr=0.0062402
CIFAR100 epoch 427/1000 iteration 100/195 loss=80.5369 lr=0.00623626
CIFAR100 epoch 427/1000 iteration 150/195 loss=80.3716 lr=0.00623232
CIFAR100 epoch 427/1000 iteration 195/195 loss=80.0945 lr=0.00622877
CIFAR100 epoch 428/1000 iteration 50/195 loss=80.6351 lr=0.00622483
CIFAR100 epoch 428/1000 iteration 100/195 loss=80.6582 lr=0.00622089
CIFAR100 epoch 428/1000 iteration 150/195 loss=80.7887 lr=0.00621695
CIFAR100 epoch 428/1000 iteration 195/195 loss=80.5514 lr=0.0062134
CIFAR100 epoch 429/1000 iteration 50/195 loss=80.4814 lr=0.00620946
CIFAR100 epoch 429/1000 iteration 100/195 loss=80.1935 lr=0.00620551
CIFAR100 epoch 429/1000 iteration 150/195 loss=80.5173 lr=0.00620157
CIFAR100 epoch 429/1000 iteration 195/195 loss=80.1555 lr=0.00619801
CIFAR100 epoch 430/1000 iteration 50/195 loss=80.9179 lr=0.00619407
CIFAR100 epoch 430/1000 iteration 100/195 loss=80.7108 lr=0.00619012
CIFAR100 epoch 430/1000 iteration 150/195 loss=80.4210 lr=0.00618617
CIFAR100 epoch 430/1000 iteration 195/195 loss=80.4109 lr=0.00618262
[epoch 430/1000] saved backbone: /home/mmoslem3/scratch/MKDT/krrst_teacher_ckpt/barlow_twins_resnet18_cifar100.pt
CIFAR100 epoch 431/1000 iteration 50/195 loss=81.5413 lr=0.00617867
CIFAR100 epoch 431/1000 iteration 100/195 loss=81.1215 lr=0.00617471
CIFAR100 epoch 431/1000 iteration 150/195 loss=80.8628 lr=0.00617076
CIFAR100 epoch 431/1000 iteration 195/195 loss=80.7619 lr=0.00616721
CIFAR100 epoch 432/1000 iteration 50/195 loss=79.4548 lr=0.00616325
CIFAR100 epoch 432/1000 iteration 100/195 loss=79.3339 lr=0.0061593
CIFAR100 epoch 432/1000 iteration 150/195 loss=80.0319 lr=0.00615534
CIFAR100 epoch 432/1000 iteration 195/195 loss=79.9529 lr=0.00615178
CIFAR100 epoch 433/1000 iteration 50/195 loss=79.3726 lr=0.00614783
CIFAR100 epoch 433/1000 iteration 100/195 loss=79.4132 lr=0.00614387
CIFAR100 epoch 433/1000 iteration 150/195 loss=79.7215 lr=0.00613991
CIFAR100 epoch 433/1000 iteration 195/195 loss=79.8795 lr=0.00613635
CIFAR100 epoch 434/1000 iteration 50/195 loss=81.0729 lr=0.00613239
CIFAR100 epoch 434/1000 iteration 100/195 loss=80.1376 lr=0.00612843
CIFAR100 epoch 434/1000 iteration 150/195 loss=80.2518 lr=0.00612447
CIFAR100 epoch 434/1000 iteration 195/195 loss=80.1802 lr=0.00612091
CIFAR100 epoch 435/1000 iteration 50/195 loss=79.3802 lr=0.00611694
CIFAR100 epoch 435/1000 iteration 100/195 loss=79.8669 lr=0.00611298
CIFAR100 epoch 435/1000 iteration 150/195 loss=79.9028 lr=0.00610902
CIFAR100 epoch 435/1000 iteration 195/195 loss=80.2476 lr=0.00610545
CIFAR100 epoch 436/1000 iteration 50/195 loss=78.5393 lr=0.00610149
CIFAR100 epoch 436/1000 iteration 100/195 loss=79.1567 lr=0.00609752
CIFAR100 epoch 436/1000 iteration 150/195 loss=79.3635 lr=0.00609355
CIFAR100 epoch 436/1000 iteration 195/195 loss=79.4856 lr=0.00608998
CIFAR100 epoch 437/1000 iteration 50/195 loss=78.5967 lr=0.00608602
CIFAR100 epoch 437/1000 iteration 100/195 loss=79.3887 lr=0.00608205
CIFAR100 epoch 437/1000 iteration 150/195 loss=79.8753 lr=0.00607808
CIFAR100 epoch 437/1000 iteration 195/195 loss=80.2925 lr=0.00607451
CIFAR100 epoch 438/1000 iteration 50/195 loss=80.6421 lr=0.00607054
CIFAR100 epoch 438/1000 iteration 100/195 loss=79.5122 lr=0.00606657
CIFAR100 epoch 438/1000 iteration 150/195 loss=79.6074 lr=0.00606259
CIFAR100 epoch 438/1000 iteration 195/195 loss=79.3185 lr=0.00605902
CIFAR100 epoch 439/1000 iteration 50/195 loss=78.7195 lr=0.00605504
CIFAR100 epoch 439/1000 iteration 100/195 loss=78.9372 lr=0.00605107
CIFAR100 epoch 439/1000 iteration 150/195 loss=78.8286 lr=0.0060471
CIFAR100 epoch 439/1000 iteration 195/195 loss=79.4707 lr=0.00604352
CIFAR100 epoch 440/1000 iteration 50/195 loss=79.8661 lr=0.00603954
CIFAR100 epoch 440/1000 iteration 100/195 loss=78.5313 lr=0.00603557
CIFAR100 epoch 440/1000 iteration 150/195 loss=78.8741 lr=0.00603159
CIFAR100 epoch 440/1000 iteration 195/195 loss=79.2309 lr=0.00602801
[epoch 440/1000] saved backbone: /home/mmoslem3/scratch/MKDT/krrst_teacher_ckpt/barlow_twins_resnet18_cifar100.pt
CIFAR100 epoch 441/1000 iteration 50/195 loss=79.1428 lr=0.00602403
CIFAR100 epoch 441/1000 iteration 100/195 loss=79.7493 lr=0.00602005
CIFAR100 epoch 441/1000 iteration 150/195 loss=79.7438 lr=0.00601607
CIFAR100 epoch 441/1000 iteration 195/195 loss=79.3621 lr=0.00601249
CIFAR100 epoch 442/1000 iteration 50/195 loss=78.0838 lr=0.00600851
CIFAR100 epoch 442/1000 iteration 100/195 loss=78.7973 lr=0.00600453
CIFAR100 epoch 442/1000 iteration 150/195 loss=79.3978 lr=0.00600054
CIFAR100 epoch 442/1000 iteration 195/195 loss=79.5940 lr=0.00599696
CIFAR100 epoch 443/1000 iteration 50/195 loss=78.0136 lr=0.00599298
CIFAR100 epoch 443/1000 iteration 100/195 loss=78.3496 lr=0.00598899
CIFAR100 epoch 443/1000 iteration 150/195 loss=78.9279 lr=0.00598501
CIFAR100 epoch 443/1000 iteration 195/195 loss=79.5761 lr=0.00598142
CIFAR100 epoch 444/1000 iteration 50/195 loss=79.6661 lr=0.00597743
CIFAR100 epoch 444/1000 iteration 100/195 loss=79.5156 lr=0.00597345
CIFAR100 epoch 444/1000 iteration 150/195 loss=79.7349 lr=0.00596946
CIFAR100 epoch 444/1000 iteration 195/195 loss=79.8138 lr=0.00596587
CIFAR100 epoch 445/1000 iteration 50/195 loss=77.4956 lr=0.00596188
CIFAR100 epoch 445/1000 iteration 100/195 loss=77.1642 lr=0.00595789
CIFAR100 epoch 445/1000 iteration 150/195 loss=77.9524 lr=0.0059539
CIFAR100 epoch 445/1000 iteration 195/195 loss=78.3651 lr=0.00595031
CIFAR100 epoch 446/1000 iteration 50/195 loss=79.3457 lr=0.00594632
CIFAR100 epoch 446/1000 iteration 100/195 loss=79.5457 lr=0.00594233
CIFAR100 epoch 446/1000 iteration 150/195 loss=80.1261 lr=0.00593833
CIFAR100 epoch 446/1000 iteration 195/195 loss=79.5970 lr=0.00593474
CIFAR100 epoch 447/1000 iteration 50/195 loss=78.5016 lr=0.00593075
CIFAR100 epoch 447/1000 iteration 100/195 loss=78.5895 lr=0.00592675
CIFAR100 epoch 447/1000 iteration 150/195 loss=78.7673 lr=0.00592276
CIFAR100 epoch 447/1000 iteration 195/195 loss=78.6744 lr=0.00591916
CIFAR100 epoch 448/1000 iteration 50/195 loss=79.7895 lr=0.00591517
CIFAR100 epoch 448/1000 iteration 100/195 loss=79.6376 lr=0.00591117
CIFAR100 epoch 448/1000 iteration 150/195 loss=79.0799 lr=0.00590717
CIFAR100 epoch 448/1000 iteration 195/195 loss=79.4087 lr=0.00590357
CIFAR100 epoch 449/1000 iteration 50/195 loss=78.9707 lr=0.00589958
CIFAR100 epoch 449/1000 iteration 100/195 loss=78.4820 lr=0.00589558
CIFAR100 epoch 449/1000 iteration 150/195 loss=78.3431 lr=0.00589158
CIFAR100 epoch 449/1000 iteration 195/195 loss=78.5478 lr=0.00588798
CIFAR100 epoch 450/1000 iteration 50/195 loss=79.2548 lr=0.00588398
CIFAR100 epoch 450/1000 iteration 100/195 loss=79.1582 lr=0.00587998
CIFAR100 epoch 450/1000 iteration 150/195 loss=79.0694 lr=0.00587597
CIFAR100 epoch 450/1000 iteration 195/195 loss=79.2811 lr=0.00587237
[epoch 450/1000] saved backbone: /home/mmoslem3/scratch/MKDT/krrst_teacher_ckpt/barlow_twins_resnet18_cifar100.pt
CIFAR100 epoch 451/1000 iteration 50/195 loss=78.4631 lr=0.00586837
CIFAR100 epoch 451/1000 iteration 100/195 loss=78.7591 lr=0.00586437
CIFAR100 epoch 451/1000 iteration 150/195 loss=79.0109 lr=0.00586036
CIFAR100 epoch 451/1000 iteration 195/195 loss=79.3017 lr=0.00585676
CIFAR100 epoch 452/1000 iteration 50/195 loss=78.1907 lr=0.00585275
CIFAR100 epoch 452/1000 iteration 100/195 loss=78.1900 lr=0.00584875
CIFAR100 epoch 452/1000 iteration 150/195 loss=78.7201 lr=0.00584474
CIFAR100 epoch 452/1000 iteration 195/195 loss=78.7284 lr=0.00584114
CIFAR100 epoch 453/1000 iteration 50/195 loss=79.2427 lr=0.00583713
CIFAR100 epoch 453/1000 iteration 100/195 loss=78.6309 lr=0.00583312
CIFAR100 epoch 453/1000 iteration 150/195 loss=78.9579 lr=0.00582911
CIFAR100 epoch 453/1000 iteration 195/195 loss=78.8269 lr=0.0058255
CIFAR100 epoch 454/1000 iteration 50/195 loss=79.6732 lr=0.00582149
CIFAR100 epoch 454/1000 iteration 100/195 loss=78.4640 lr=0.00581748
CIFAR100 epoch 454/1000 iteration 150/195 loss=78.5941 lr=0.00581347
CIFAR100 epoch 454/1000 iteration 195/195 loss=78.7594 lr=0.00580986
CIFAR100 epoch 455/1000 iteration 50/195 loss=79.0010 lr=0.00580585
CIFAR100 epoch 455/1000 iteration 100/195 loss=78.4710 lr=0.00580184
CIFAR100 epoch 455/1000 iteration 150/195 loss=78.0093 lr=0.00579783
CIFAR100 epoch 455/1000 iteration 195/195 loss=78.0406 lr=0.00579422
CIFAR100 epoch 456/1000 iteration 50/195 loss=79.2239 lr=0.0057902
CIFAR100 epoch 456/1000 iteration 100/195 loss=79.4586 lr=0.00578619
CIFAR100 epoch 456/1000 iteration 150/195 loss=79.1670 lr=0.00578217
CIFAR100 epoch 456/1000 iteration 195/195 loss=78.9533 lr=0.00577856
CIFAR100 epoch 457/1000 iteration 50/195 loss=78.3590 lr=0.00577455
CIFAR100 epoch 457/1000 iteration 100/195 loss=79.5341 lr=0.00577053
CIFAR100 epoch 457/1000 iteration 150/195 loss=79.2336 lr=0.00576651
CIFAR100 epoch 457/1000 iteration 195/195 loss=79.3805 lr=0.0057629
CIFAR100 epoch 458/1000 iteration 50/195 loss=77.9771 lr=0.00575888
CIFAR100 epoch 458/1000 iteration 100/195 loss=78.0344 lr=0.00575486
CIFAR100 epoch 458/1000 iteration 150/195 loss=77.7554 lr=0.00575084
CIFAR100 epoch 458/1000 iteration 195/195 loss=78.2605 lr=0.00574723
CIFAR100 epoch 459/1000 iteration 50/195 loss=78.9488 lr=0.00574321
CIFAR100 epoch 459/1000 iteration 100/195 loss=79.5235 lr=0.00573919
CIFAR100 epoch 459/1000 iteration 150/195 loss=79.4130 lr=0.00573517
CIFAR100 epoch 459/1000 iteration 195/195 loss=79.3041 lr=0.00573155
CIFAR100 epoch 460/1000 iteration 50/195 loss=79.4725 lr=0.00572753
CIFAR100 epoch 460/1000 iteration 100/195 loss=79.1820 lr=0.00572351
CIFAR100 epoch 460/1000 iteration 150/195 loss=79.3233 lr=0.00571948
CIFAR100 epoch 460/1000 iteration 195/195 loss=79.4953 lr=0.00571586
[epoch 460/1000] saved backbone: /home/mmoslem3/scratch/MKDT/krrst_teacher_ckpt/barlow_twins_resnet18_cifar100.pt
CIFAR100 epoch 461/1000 iteration 50/195 loss=79.0201 lr=0.00571184
CIFAR100 epoch 461/1000 iteration 100/195 loss=78.9001 lr=0.00570782
CIFAR100 epoch 461/1000 iteration 150/195 loss=79.0053 lr=0.00570379
CIFAR100 epoch 461/1000 iteration 195/195 loss=78.8848 lr=0.00570017
CIFAR100 epoch 462/1000 iteration 50/195 loss=77.4792 lr=0.00569614
CIFAR100 epoch 462/1000 iteration 100/195 loss=78.3303 lr=0.00569212
CIFAR100 epoch 462/1000 iteration 150/195 loss=78.4454 lr=0.00568809
CIFAR100 epoch 462/1000 iteration 195/195 loss=78.4894 lr=0.00568447
CIFAR100 epoch 463/1000 iteration 50/195 loss=78.0061 lr=0.00568044
CIFAR100 epoch 463/1000 iteration 100/195 loss=78.6629 lr=0.00567642
CIFAR100 epoch 463/1000 iteration 150/195 loss=78.5646 lr=0.00567239
CIFAR100 epoch 463/1000 iteration 195/195 loss=78.3580 lr=0.00566876
CIFAR100 epoch 464/1000 iteration 50/195 loss=78.8799 lr=0.00566473
CIFAR100 epoch 464/1000 iteration 100/195 loss=78.7702 lr=0.00566071
CIFAR100 epoch 464/1000 iteration 150/195 loss=78.3851 lr=0.00565668
CIFAR100 epoch 464/1000 iteration 195/195 loss=78.3462 lr=0.00565305
CIFAR100 epoch 465/1000 iteration 50/195 loss=79.8611 lr=0.00564902
CIFAR100 epoch 465/1000 iteration 100/195 loss=79.0441 lr=0.00564499
CIFAR100 epoch 465/1000 iteration 150/195 loss=78.6870 lr=0.00564096
CIFAR100 epoch 465/1000 iteration 195/195 loss=78.3360 lr=0.00563733
CIFAR100 epoch 466/1000 iteration 50/195 loss=77.4468 lr=0.0056333
CIFAR100 epoch 466/1000 iteration 100/195 loss=77.6620 lr=0.00562927
CIFAR100 epoch 466/1000 iteration 150/195 loss=77.7458 lr=0.00562523
CIFAR100 epoch 466/1000 iteration 195/195 loss=78.1409 lr=0.0056216
CIFAR100 epoch 467/1000 iteration 50/195 loss=77.6055 lr=0.00561757
CIFAR100 epoch 467/1000 iteration 100/195 loss=77.9338 lr=0.00561354
CIFAR100 epoch 467/1000 iteration 150/195 loss=77.8745 lr=0.0056095
CIFAR100 epoch 467/1000 iteration 195/195 loss=77.9386 lr=0.00560587
CIFAR100 epoch 468/1000 iteration 50/195 loss=77.8720 lr=0.00560184
CIFAR100 epoch 468/1000 iteration 100/195 loss=78.1415 lr=0.0055978
CIFAR100 epoch 468/1000 iteration 150/195 loss=77.9846 lr=0.00559376
CIFAR100 epoch 468/1000 iteration 195/195 loss=78.1372 lr=0.00559013
CIFAR100 epoch 469/1000 iteration 50/195 loss=77.3744 lr=0.0055861
CIFAR100 epoch 469/1000 iteration 100/195 loss=77.6077 lr=0.00558206
CIFAR100 epoch 469/1000 iteration 150/195 loss=77.8235 lr=0.00557802
CIFAR100 epoch 469/1000 iteration 195/195 loss=78.1896 lr=0.00557439
CIFAR100 epoch 470/1000 iteration 50/195 loss=77.5403 lr=0.00557035
CIFAR100 epoch 470/1000 iteration 100/195 loss=77.9048 lr=0.00556631
CIFAR100 epoch 470/1000 iteration 150/195 loss=78.3948 lr=0.00556227
CIFAR100 epoch 470/1000 iteration 195/195 loss=78.0781 lr=0.00555864
[epoch 470/1000] saved backbone: /home/mmoslem3/scratch/MKDT/krrst_teacher_ckpt/barlow_twins_resnet18_cifar100.pt
CIFAR100 epoch 471/1000 iteration 50/195 loss=77.9361 lr=0.0055546
CIFAR100 epoch 471/1000 iteration 100/195 loss=78.6529 lr=0.00555056
CIFAR100 epoch 471/1000 iteration 150/195 loss=78.4265 lr=0.00554652
CIFAR100 epoch 471/1000 iteration 195/195 loss=78.5159 lr=0.00554288
CIFAR100 epoch 472/1000 iteration 50/195 loss=78.9459 lr=0.00553884
CIFAR100 epoch 472/1000 iteration 100/195 loss=78.1995 lr=0.0055348
CIFAR100 epoch 472/1000 iteration 150/195 loss=77.9991 lr=0.00553076
CIFAR100 epoch 472/1000 iteration 195/195 loss=78.2199 lr=0.00552712
CIFAR100 epoch 473/1000 iteration 50/195 loss=78.1954 lr=0.00552308
CIFAR100 epoch 473/1000 iteration 100/195 loss=77.5622 lr=0.00551903
CIFAR100 epoch 473/1000 iteration 150/195 loss=77.3690 lr=0.00551499
CIFAR100 epoch 473/1000 iteration 195/195 loss=77.5885 lr=0.00551135
CIFAR100 epoch 474/1000 iteration 50/195 loss=78.0592 lr=0.00550731
CIFAR100 epoch 474/1000 iteration 100/195 loss=77.7212 lr=0.00550327
CIFAR100 epoch 474/1000 iteration 150/195 loss=77.9140 lr=0.00549922
CIFAR100 epoch 474/1000 iteration 195/195 loss=78.0303 lr=0.00549558
CIFAR100 epoch 475/1000 iteration 50/195 loss=78.7275 lr=0.00549154
CIFAR100 epoch 475/1000 iteration 100/195 loss=78.5151 lr=0.00548749
CIFAR100 epoch 475/1000 iteration 150/195 loss=78.7113 lr=0.00548345
CIFAR100 epoch 475/1000 iteration 195/195 loss=78.4189 lr=0.0054798
CIFAR100 epoch 476/1000 iteration 50/195 loss=78.7242 lr=0.00547576
CIFAR100 epoch 476/1000 iteration 100/195 loss=78.2580 lr=0.00547171
CIFAR100 epoch 476/1000 iteration 150/195 loss=78.4674 lr=0.00546767
CIFAR100 epoch 476/1000 iteration 195/195 loss=78.7730 lr=0.00546402
CIFAR100 epoch 477/1000 iteration 50/195 loss=77.7104 lr=0.00545998
CIFAR100 epoch 477/1000 iteration 100/195 loss=77.4010 lr=0.00545593
CIFAR100 epoch 477/1000 iteration 150/195 loss=77.2270 lr=0.00545188
CIFAR100 epoch 477/1000 iteration 195/195 loss=77.4294 lr=0.00544824
CIFAR100 epoch 478/1000 iteration 50/195 loss=77.8836 lr=0.00544419
CIFAR100 epoch 478/1000 iteration 100/195 loss=77.6472 lr=0.00544014
CIFAR100 epoch 478/1000 iteration 150/195 loss=77.5395 lr=0.00543609
CIFAR100 epoch 478/1000 iteration 195/195 loss=77.4588 lr=0.00543245
CIFAR100 epoch 479/1000 iteration 50/195 loss=76.8951 lr=0.0054284
CIFAR100 epoch 479/1000 iteration 100/195 loss=78.1425 lr=0.00542435
CIFAR100 epoch 479/1000 iteration 150/195 loss=77.9309 lr=0.0054203
CIFAR100 epoch 479/1000 iteration 195/195 loss=77.9507 lr=0.00541665
CIFAR100 epoch 480/1000 iteration 50/195 loss=79.2054 lr=0.0054126
CIFAR100 epoch 480/1000 iteration 100/195 loss=78.3358 lr=0.00540855
CIFAR100 epoch 480/1000 iteration 150/195 loss=78.2947 lr=0.0054045
CIFAR100 epoch 480/1000 iteration 195/195 loss=77.8925 lr=0.00540085
[epoch 480/1000] saved backbone: /home/mmoslem3/scratch/MKDT/krrst_teacher_ckpt/barlow_twins_resnet18_cifar100.pt
CIFAR100 epoch 481/1000 iteration 50/195 loss=77.3671 lr=0.0053968
CIFAR100 epoch 481/1000 iteration 100/195 loss=76.8683 lr=0.00539275
CIFAR100 epoch 481/1000 iteration 150/195 loss=77.7867 lr=0.0053887
CIFAR100 epoch 481/1000 iteration 195/195 loss=77.8857 lr=0.00538505
CIFAR100 epoch 482/1000 iteration 50/195 loss=77.6014 lr=0.005381
CIFAR100 epoch 482/1000 iteration 100/195 loss=76.8740 lr=0.00537695
CIFAR100 epoch 482/1000 iteration 150/195 loss=76.9913 lr=0.00537289
CIFAR100 epoch 482/1000 iteration 195/195 loss=77.1926 lr=0.00536924
CIFAR100 epoch 483/1000 iteration 50/195 loss=77.7028 lr=0.00536519
CIFAR100 epoch 483/1000 iteration 100/195 loss=78.7654 lr=0.00536114
CIFAR100 epoch 483/1000 iteration 150/195 loss=78.5709 lr=0.00535708
CIFAR100 epoch 483/1000 iteration 195/195 loss=78.5332 lr=0.00535343
CIFAR100 epoch 484/1000 iteration 50/195 loss=77.0728 lr=0.00534938
CIFAR100 epoch 484/1000 iteration 100/195 loss=76.9501 lr=0.00534532
CIFAR100 epoch 484/1000 iteration 150/195 loss=77.1160 lr=0.00534127
CIFAR100 epoch 484/1000 iteration 195/195 loss=77.0726 lr=0.00533762
CIFAR100 epoch 485/1000 iteration 50/195 loss=77.5225 lr=0.00533356
CIFAR100 epoch 485/1000 iteration 100/195 loss=77.8543 lr=0.00532951
CIFAR100 epoch 485/1000 iteration 150/195 loss=77.8761 lr=0.00532545
CIFAR100 epoch 485/1000 iteration 195/195 loss=77.5951 lr=0.0053218
CIFAR100 epoch 486/1000 iteration 50/195 loss=76.8948 lr=0.00531775
CIFAR100 epoch 486/1000 iteration 100/195 loss=77.1054 lr=0.00531369
CIFAR100 epoch 486/1000 iteration 150/195 loss=77.4034 lr=0.00530963
CIFAR100 epoch 486/1000 iteration 195/195 loss=77.6109 lr=0.00530598
CIFAR100 epoch 487/1000 iteration 50/195 loss=76.8947 lr=0.00530193
CIFAR100 epoch 487/1000 iteration 100/195 loss=76.1293 lr=0.00529787
CIFAR100 epoch 487/1000 iteration 150/195 loss=76.4636 lr=0.00529381
CIFAR100 epoch 487/1000 iteration 195/195 loss=76.8254 lr=0.00529016
CIFAR100 epoch 488/1000 iteration 50/195 loss=76.9860 lr=0.0052861
CIFAR100 epoch 488/1000 iteration 100/195 loss=77.5654 lr=0.00528204
CIFAR100 epoch 488/1000 iteration 150/195 loss=77.6706 lr=0.00527798
CIFAR100 epoch 488/1000 iteration 195/195 loss=77.5376 lr=0.00527433
CIFAR100 epoch 489/1000 iteration 50/195 loss=77.3796 lr=0.00527027
CIFAR100 epoch 489/1000 iteration 100/195 loss=77.4163 lr=0.00526622
CIFAR100 epoch 489/1000 iteration 150/195 loss=77.4694 lr=0.00526216
CIFAR100 epoch 489/1000 iteration 195/195 loss=77.6418 lr=0.0052585
CIFAR100 epoch 490/1000 iteration 50/195 loss=78.3033 lr=0.00525444
CIFAR100 epoch 490/1000 iteration 100/195 loss=77.2723 lr=0.00525038
CIFAR100 epoch 490/1000 iteration 150/195 loss=77.5592 lr=0.00524633
CIFAR100 epoch 490/1000 iteration 195/195 loss=77.3453 lr=0.00524267
[epoch 490/1000] saved backbone: /home/mmoslem3/scratch/MKDT/krrst_teacher_ckpt/barlow_twins_resnet18_cifar100.pt
CIFAR100 epoch 491/1000 iteration 50/195 loss=76.6923 lr=0.00523861
CIFAR100 epoch 491/1000 iteration 100/195 loss=76.4132 lr=0.00523455
CIFAR100 epoch 491/1000 iteration 150/195 loss=76.9229 lr=0.00523049
CIFAR100 epoch 491/1000 iteration 195/195 loss=76.8124 lr=0.00522684
CIFAR100 epoch 492/1000 iteration 50/195 loss=78.1894 lr=0.00522278
CIFAR100 epoch 492/1000 iteration 100/195 loss=77.1366 lr=0.00521872
CIFAR100 epoch 492/1000 iteration 150/195 loss=76.7421 lr=0.00521466
CIFAR100 epoch 492/1000 iteration 195/195 loss=76.4343 lr=0.005211
CIFAR100 epoch 493/1000 iteration 50/195 loss=76.9172 lr=0.00520694
CIFAR100 epoch 493/1000 iteration 100/195 loss=76.2392 lr=0.00520288
CIFAR100 epoch 493/1000 iteration 150/195 loss=76.9880 lr=0.00519882
CIFAR100 epoch 493/1000 iteration 195/195 loss=77.2155 lr=0.00519516
CIFAR100 epoch 494/1000 iteration 50/195 loss=77.7100 lr=0.0051911
CIFAR100 epoch 494/1000 iteration 100/195 loss=77.6930 lr=0.00518704
CIFAR100 epoch 494/1000 iteration 150/195 loss=77.6796 lr=0.00518298
CIFAR100 epoch 494/1000 iteration 195/195 loss=77.4537 lr=0.00517932
CIFAR100 epoch 495/1000 iteration 50/195 loss=77.8474 lr=0.00517526
CIFAR100 epoch 495/1000 iteration 100/195 loss=77.0491 lr=0.0051712
CIFAR100 epoch 495/1000 iteration 150/195 loss=77.4027 lr=0.00516714
CIFAR100 epoch 495/1000 iteration 195/195 loss=77.3199 lr=0.00516348
CIFAR100 epoch 496/1000 iteration 50/195 loss=77.6138 lr=0.00515942
CIFAR100 epoch 496/1000 iteration 100/195 loss=77.6393 lr=0.00515536
CIFAR100 epoch 496/1000 iteration 150/195 loss=76.8881 lr=0.00515129
CIFAR100 epoch 496/1000 iteration 195/195 loss=76.8549 lr=0.00514764
CIFAR100 epoch 497/1000 iteration 50/195 loss=76.4960 lr=0.00514357
CIFAR100 epoch 497/1000 iteration 100/195 loss=76.8712 lr=0.00513951
CIFAR100 epoch 497/1000 iteration 150/195 loss=76.5277 lr=0.00513545
CIFAR100 epoch 497/1000 iteration 195/195 loss=76.7092 lr=0.00513179
CIFAR100 epoch 498/1000 iteration 50/195 loss=76.8196 lr=0.00512773
CIFAR100 epoch 498/1000 iteration 100/195 loss=76.4758 lr=0.00512367
CIFAR100 epoch 498/1000 iteration 150/195 loss=77.1044 lr=0.0051196
CIFAR100 epoch 498/1000 iteration 195/195 loss=77.2967 lr=0.00511595
CIFAR100 epoch 499/1000 iteration 50/195 loss=75.5860 lr=0.00511188
CIFAR100 epoch 499/1000 iteration 100/195 loss=76.1936 lr=0.00510782
CIFAR100 epoch 499/1000 iteration 150/195 loss=76.5341 lr=0.00510376
CIFAR100 epoch 499/1000 iteration 195/195 loss=76.5737 lr=0.0051001
CIFAR100 epoch 500/1000 iteration 50/195 loss=76.7763 lr=0.00509604
CIFAR100 epoch 500/1000 iteration 100/195 loss=76.9189 lr=0.00509197
CIFAR100 epoch 500/1000 iteration 150/195 loss=76.6225 lr=0.00508791
CIFAR100 epoch 500/1000 iteration 195/195 loss=76.6362 lr=0.00508425
[epoch 500/1000] saved backbone: /home/mmoslem3/scratch/MKDT/krrst_teacher_ckpt/barlow_twins_resnet18_cifar100.pt
CIFAR100 epoch 501/1000 iteration 50/195 loss=77.3524 lr=0.00508019
CIFAR100 epoch 501/1000 iteration 100/195 loss=76.7614 lr=0.00507612
CIFAR100 epoch 501/1000 iteration 150/195 loss=76.9183 lr=0.00507206
CIFAR100 epoch 501/1000 iteration 195/195 loss=77.0061 lr=0.0050684
CIFAR100 epoch 502/1000 iteration 50/195 loss=76.1402 lr=0.00506434
CIFAR100 epoch 502/1000 iteration 100/195 loss=77.5574 lr=0.00506027
CIFAR100 epoch 502/1000 iteration 150/195 loss=77.2890 lr=0.00505621
CIFAR100 epoch 502/1000 iteration 195/195 loss=77.0689 lr=0.00505255
CIFAR100 epoch 503/1000 iteration 50/195 loss=75.2458 lr=0.00504849
CIFAR100 epoch 503/1000 iteration 100/195 loss=74.9484 lr=0.00504442
CIFAR100 epoch 503/1000 iteration 150/195 loss=75.7163 lr=0.00504036
CIFAR100 epoch 503/1000 iteration 195/195 loss=76.1480 lr=0.0050367
CIFAR100 epoch 504/1000 iteration 50/195 loss=75.1397 lr=0.00503264
CIFAR100 epoch 504/1000 iteration 100/195 loss=75.6403 lr=0.00502857
CIFAR100 epoch 504/1000 iteration 150/195 loss=75.9206 lr=0.00502451
CIFAR100 epoch 504/1000 iteration 195/195 loss=76.2014 lr=0.00502085
CIFAR100 epoch 505/1000 iteration 50/195 loss=76.4554 lr=0.00501679
CIFAR100 epoch 505/1000 iteration 100/195 loss=75.8836 lr=0.00501272
CIFAR100 epoch 505/1000 iteration 150/195 loss=76.1818 lr=0.00500866
CIFAR100 epoch 505/1000 iteration 195/195 loss=76.7334 lr=0.005005
CIFAR100 epoch 506/1000 iteration 50/195 loss=75.3547 lr=0.00500094
CIFAR100 epoch 506/1000 iteration 100/195 loss=76.4777 lr=0.00499687
CIFAR100 epoch 506/1000 iteration 150/195 loss=76.7316 lr=0.00499281
CIFAR100 epoch 506/1000 iteration 195/195 loss=76.8121 lr=0.00498915
CIFAR100 epoch 507/1000 iteration 50/195 loss=76.7062 lr=0.00498508
CIFAR100 epoch 507/1000 iteration 100/195 loss=76.3860 lr=0.00498102
CIFAR100 epoch 507/1000 iteration 150/195 loss=76.4799 lr=0.00497696
CIFAR100 epoch 507/1000 iteration 195/195 loss=76.3193 lr=0.0049733
CIFAR100 epoch 508/1000 iteration 50/195 loss=76.1812 lr=0.00496923
CIFAR100 epoch 508/1000 iteration 100/195 loss=76.0171 lr=0.00496517
CIFAR100 epoch 508/1000 iteration 150/195 loss=75.8615 lr=0.00496111
CIFAR100 epoch 508/1000 iteration 195/195 loss=75.7228 lr=0.00495745
CIFAR100 epoch 509/1000 iteration 50/195 loss=76.0795 lr=0.00495338
CIFAR100 epoch 509/1000 iteration 100/195 loss=76.2603 lr=0.00494932
CIFAR100 epoch 509/1000 iteration 150/195 loss=76.2417 lr=0.00494526
CIFAR100 epoch 509/1000 iteration 195/195 loss=76.2925 lr=0.0049416
CIFAR100 epoch 510/1000 iteration 50/195 loss=76.6312 lr=0.00493753
CIFAR100 epoch 510/1000 iteration 100/195 loss=76.0399 lr=0.00493347
CIFAR100 epoch 510/1000 iteration 150/195 loss=76.2820 lr=0.00492941
CIFAR100 epoch 510/1000 iteration 195/195 loss=76.1951 lr=0.00492575
[epoch 510/1000] saved backbone: /home/mmoslem3/scratch/MKDT/krrst_teacher_ckpt/barlow_twins_resnet18_cifar100.pt
CIFAR100 epoch 511/1000 iteration 50/195 loss=75.3187 lr=0.00492169
CIFAR100 epoch 511/1000 iteration 100/195 loss=75.7233 lr=0.00491762
CIFAR100 epoch 511/1000 iteration 150/195 loss=75.9148 lr=0.00491356
CIFAR100 epoch 511/1000 iteration 195/195 loss=75.9546 lr=0.0049099
CIFAR100 epoch 512/1000 iteration 50/195 loss=76.0375 lr=0.00490584
CIFAR100 epoch 512/1000 iteration 100/195 loss=76.5742 lr=0.00490177
CIFAR100 epoch 512/1000 iteration 150/195 loss=76.5776 lr=0.00489771
CIFAR100 epoch 512/1000 iteration 195/195 loss=76.4877 lr=0.00489405
CIFAR100 epoch 513/1000 iteration 50/195 loss=78.2707 lr=0.00488999
CIFAR100 epoch 513/1000 iteration 100/195 loss=76.5510 lr=0.00488593
CIFAR100 epoch 513/1000 iteration 150/195 loss=76.1538 lr=0.00488186
CIFAR100 epoch 513/1000 iteration 195/195 loss=76.3252 lr=0.00487821
CIFAR100 epoch 514/1000 iteration 50/195 loss=75.6421 lr=0.00487414
CIFAR100 epoch 514/1000 iteration 100/195 loss=75.6237 lr=0.00487008
CIFAR100 epoch 514/1000 iteration 150/195 loss=76.1525 lr=0.00486602
CIFAR100 epoch 514/1000 iteration 195/195 loss=76.2905 lr=0.00486236
CIFAR100 epoch 515/1000 iteration 50/195 loss=75.2479 lr=0.0048583
CIFAR100 epoch 515/1000 iteration 100/195 loss=75.7165 lr=0.00485424
CIFAR100 epoch 515/1000 iteration 150/195 loss=75.4115 lr=0.00485018
CIFAR100 epoch 515/1000 iteration 195/195 loss=75.7241 lr=0.00484652
CIFAR100 epoch 516/1000 iteration 50/195 loss=76.0910 lr=0.00484246
CIFAR100 epoch 516/1000 iteration 100/195 loss=75.6007 lr=0.00483839
CIFAR100 epoch 516/1000 iteration 150/195 loss=75.8220 lr=0.00483433
CIFAR100 epoch 516/1000 iteration 195/195 loss=75.6749 lr=0.00483068
CIFAR100 epoch 517/1000 iteration 50/195 loss=74.8958 lr=0.00482662
CIFAR100 epoch 517/1000 iteration 100/195 loss=75.5707 lr=0.00482255
CIFAR100 epoch 517/1000 iteration 150/195 loss=75.5251 lr=0.00481849
CIFAR100 epoch 517/1000 iteration 195/195 loss=75.4299 lr=0.00481484
CIFAR100 epoch 518/1000 iteration 50/195 loss=77.8362 lr=0.00481078
CIFAR100 epoch 518/1000 iteration 100/195 loss=77.2815 lr=0.00480671
CIFAR100 epoch 518/1000 iteration 150/195 loss=76.7884 lr=0.00480265
CIFAR100 epoch 518/1000 iteration 195/195 loss=76.1844 lr=0.004799
CIFAR100 epoch 519/1000 iteration 50/195 loss=75.5498 lr=0.00479494
CIFAR100 epoch 519/1000 iteration 100/195 loss=75.7918 lr=0.00479088
CIFAR100 epoch 519/1000 iteration 150/195 loss=75.5969 lr=0.00478682
CIFAR100 epoch 519/1000 iteration 195/195 loss=75.8550 lr=0.00478316
CIFAR100 epoch 520/1000 iteration 50/195 loss=75.8307 lr=0.0047791
CIFAR100 epoch 520/1000 iteration 100/195 loss=75.7456 lr=0.00477504
CIFAR100 epoch 520/1000 iteration 150/195 loss=75.7107 lr=0.00477098
CIFAR100 epoch 520/1000 iteration 195/195 loss=75.7195 lr=0.00476733
[epoch 520/1000] saved backbone: /home/mmoslem3/scratch/MKDT/krrst_teacher_ckpt/barlow_twins_resnet18_cifar100.pt
CIFAR100 epoch 521/1000 iteration 50/195 loss=75.7245 lr=0.00476327
CIFAR100 epoch 521/1000 iteration 100/195 loss=75.4896 lr=0.00475921
CIFAR100 epoch 521/1000 iteration 150/195 loss=75.3629 lr=0.00475515
CIFAR100 epoch 521/1000 iteration 195/195 loss=75.4785 lr=0.0047515
CIFAR100 epoch 522/1000 iteration 50/195 loss=75.2585 lr=0.00474744
CIFAR100 epoch 522/1000 iteration 100/195 loss=75.8435 lr=0.00474338
CIFAR100 epoch 522/1000 iteration 150/195 loss=75.8148 lr=0.00473932
CIFAR100 epoch 522/1000 iteration 195/195 loss=75.8258 lr=0.00473567
CIFAR100 epoch 523/1000 iteration 50/195 loss=74.9736 lr=0.00473161
CIFAR100 epoch 523/1000 iteration 100/195 loss=75.2552 lr=0.00472755
CIFAR100 epoch 523/1000 iteration 150/195 loss=75.4365 lr=0.00472349
CIFAR100 epoch 523/1000 iteration 195/195 loss=75.4977 lr=0.00471984
CIFAR100 epoch 524/1000 iteration 50/195 loss=76.0367 lr=0.00471578
CIFAR100 epoch 524/1000 iteration 100/195 loss=75.7081 lr=0.00471173
CIFAR100 epoch 524/1000 iteration 150/195 loss=75.8438 lr=0.00470767
CIFAR100 epoch 524/1000 iteration 195/195 loss=75.8845 lr=0.00470402
CIFAR100 epoch 525/1000 iteration 50/195 loss=75.4417 lr=0.00469996
CIFAR100 epoch 525/1000 iteration 100/195 loss=74.8752 lr=0.0046959
CIFAR100 epoch 525/1000 iteration 150/195 loss=75.0968 lr=0.00469185
CIFAR100 epoch 525/1000 iteration 195/195 loss=75.2576 lr=0.0046882
CIFAR100 epoch 526/1000 iteration 50/195 loss=74.6403 lr=0.00468414
CIFAR100 epoch 526/1000 iteration 100/195 loss=75.6152 lr=0.00468009
CIFAR100 epoch 526/1000 iteration 150/195 loss=75.3907 lr=0.00467603
CIFAR100 epoch 526/1000 iteration 195/195 loss=75.2014 lr=0.00467238
CIFAR100 epoch 527/1000 iteration 50/195 loss=74.4845 lr=0.00466833
CIFAR100 epoch 527/1000 iteration 100/195 loss=75.5933 lr=0.00466427
CIFAR100 epoch 527/1000 iteration 150/195 loss=75.7059 lr=0.00466022
CIFAR100 epoch 527/1000 iteration 195/195 loss=75.7770 lr=0.00465657
CIFAR100 epoch 528/1000 iteration 50/195 loss=75.1362 lr=0.00465251
CIFAR100 epoch 528/1000 iteration 100/195 loss=75.4336 lr=0.00464846
CIFAR100 epoch 528/1000 iteration 150/195 loss=75.7281 lr=0.0046444
CIFAR100 epoch 528/1000 iteration 195/195 loss=75.7299 lr=0.00464076
CIFAR100 epoch 529/1000 iteration 50/195 loss=75.1675 lr=0.0046367
CIFAR100 epoch 529/1000 iteration 100/195 loss=75.3131 lr=0.00463265
CIFAR100 epoch 529/1000 iteration 150/195 loss=75.2684 lr=0.0046286
CIFAR100 epoch 529/1000 iteration 195/195 loss=75.5823 lr=0.00462495
CIFAR100 epoch 530/1000 iteration 50/195 loss=75.0903 lr=0.0046209
CIFAR100 epoch 530/1000 iteration 100/195 loss=75.0452 lr=0.00461684
CIFAR100 epoch 530/1000 iteration 150/195 loss=75.5549 lr=0.00461279
CIFAR100 epoch 530/1000 iteration 195/195 loss=75.3348 lr=0.00460915
[epoch 530/1000] saved backbone: /home/mmoslem3/scratch/MKDT/krrst_teacher_ckpt/barlow_twins_resnet18_cifar100.pt
CIFAR100 epoch 531/1000 iteration 50/195 loss=75.2983 lr=0.0046051
CIFAR100 epoch 531/1000 iteration 100/195 loss=75.3165 lr=0.00460104
CIFAR100 epoch 531/1000 iteration 150/195 loss=75.4215 lr=0.00459699
CIFAR100 epoch 531/1000 iteration 195/195 loss=75.4500 lr=0.00459335
CIFAR100 epoch 532/1000 iteration 50/195 loss=74.8423 lr=0.0045893
CIFAR100 epoch 532/1000 iteration 100/195 loss=75.4281 lr=0.00458525
CIFAR100 epoch 532/1000 iteration 150/195 loss=75.3986 lr=0.0045812
CIFAR100 epoch 532/1000 iteration 195/195 loss=75.2257 lr=0.00457755
CIFAR100 epoch 533/1000 iteration 50/195 loss=75.3658 lr=0.0045735
CIFAR100 epoch 533/1000 iteration 100/195 loss=75.4389 lr=0.00456945
CIFAR100 epoch 533/1000 iteration 150/195 loss=75.5036 lr=0.00456541
CIFAR100 epoch 533/1000 iteration 195/195 loss=75.6455 lr=0.00456176
CIFAR100 epoch 534/1000 iteration 50/195 loss=74.1090 lr=0.00455771
CIFAR100 epoch 534/1000 iteration 100/195 loss=74.1325 lr=0.00455367
CIFAR100 epoch 534/1000 iteration 150/195 loss=74.4350 lr=0.00454962
CIFAR100 epoch 534/1000 iteration 195/195 loss=74.6495 lr=0.00454598
CIFAR100 epoch 535/1000 iteration 50/195 loss=75.0841 lr=0.00454193
CIFAR100 epoch 535/1000 iteration 100/195 loss=75.2716 lr=0.00453788
CIFAR100 epoch 535/1000 iteration 150/195 loss=75.0683 lr=0.00453384
CIFAR100 epoch 535/1000 iteration 195/195 loss=75.4028 lr=0.0045302
CIFAR100 epoch 536/1000 iteration 50/195 loss=74.6719 lr=0.00452615
CIFAR100 epoch 536/1000 iteration 100/195 loss=74.1136 lr=0.0045221
CIFAR100 epoch 536/1000 iteration 150/195 loss=74.2466 lr=0.00451806
CIFAR100 epoch 536/1000 iteration 195/195 loss=74.6716 lr=0.00451442
CIFAR100 epoch 537/1000 iteration 50/195 loss=75.9903 lr=0.00451037
CIFAR100 epoch 537/1000 iteration 100/195 loss=76.2018 lr=0.00450633
CIFAR100 epoch 537/1000 iteration 150/195 loss=75.8765 lr=0.00450229
CIFAR100 epoch 537/1000 iteration 195/195 loss=75.4423 lr=0.00449865
CIFAR100 epoch 538/1000 iteration 50/195 loss=75.9894 lr=0.0044946
CIFAR100 epoch 538/1000 iteration 100/195 loss=75.4914 lr=0.00449056
CIFAR100 epoch 538/1000 iteration 150/195 loss=75.5075 lr=0.00448652
CIFAR100 epoch 538/1000 iteration 195/195 loss=75.2969 lr=0.00448288
CIFAR100 epoch 539/1000 iteration 50/195 loss=73.4977 lr=0.00447884
CIFAR100 epoch 539/1000 iteration 100/195 loss=75.0025 lr=0.0044748
CIFAR100 epoch 539/1000 iteration 150/195 loss=74.9019 lr=0.00447076
CIFAR100 epoch 539/1000 iteration 195/195 loss=74.6140 lr=0.00446712
CIFAR100 epoch 540/1000 iteration 50/195 loss=74.2915 lr=0.00446308
CIFAR100 epoch 540/1000 iteration 100/195 loss=74.8972 lr=0.00445904
CIFAR100 epoch 540/1000 iteration 150/195 loss=74.6116 lr=0.004455
CIFAR100 epoch 540/1000 iteration 195/195 loss=74.4471 lr=0.00445136
[epoch 540/1000] saved backbone: /home/mmoslem3/scratch/MKDT/krrst_teacher_ckpt/barlow_twins_resnet18_cifar100.pt
CIFAR100 epoch 541/1000 iteration 50/195 loss=75.2845 lr=0.00444732
CIFAR100 epoch 541/1000 iteration 100/195 loss=75.3824 lr=0.00444329
CIFAR100 epoch 541/1000 iteration 150/195 loss=75.4862 lr=0.00443925
CIFAR100 epoch 541/1000 iteration 195/195 loss=75.5318 lr=0.00443561
CIFAR100 epoch 542/1000 iteration 50/195 loss=73.7034 lr=0.00443158
CIFAR100 epoch 542/1000 iteration 100/195 loss=74.5042 lr=0.00442754
CIFAR100 epoch 542/1000 iteration 150/195 loss=74.7985 lr=0.0044235
CIFAR100 epoch 542/1000 iteration 195/195 loss=74.8378 lr=0.00441987
CIFAR100 epoch 543/1000 iteration 50/195 loss=73.6574 lr=0.00441583
CIFAR100 epoch 543/1000 iteration 100/195 loss=73.9683 lr=0.0044118
CIFAR100 epoch 543/1000 iteration 150/195 loss=74.1382 lr=0.00440776
CIFAR100 epoch 543/1000 iteration 195/195 loss=74.2270 lr=0.00440413
CIFAR100 epoch 544/1000 iteration 50/195 loss=73.7774 lr=0.0044001
CIFAR100 epoch 544/1000 iteration 100/195 loss=74.6734 lr=0.00439606
CIFAR100 epoch 544/1000 iteration 150/195 loss=74.7598 lr=0.00439203
CIFAR100 epoch 544/1000 iteration 195/195 loss=74.6522 lr=0.0043884
CIFAR100 epoch 545/1000 iteration 50/195 loss=73.9423 lr=0.00438436
CIFAR100 epoch 545/1000 iteration 100/195 loss=74.2662 lr=0.00438033
CIFAR100 epoch 545/1000 iteration 150/195 loss=74.4294 lr=0.0043763
CIFAR100 epoch 545/1000 iteration 195/195 loss=74.4059 lr=0.00437267
CIFAR100 epoch 546/1000 iteration 50/195 loss=75.1578 lr=0.00436864
CIFAR100 epoch 546/1000 iteration 100/195 loss=74.5822 lr=0.00436461
CIFAR100 epoch 546/1000 iteration 150/195 loss=74.5679 lr=0.00436058
CIFAR100 epoch 546/1000 iteration 195/195 loss=74.5479 lr=0.00435695
CIFAR100 epoch 547/1000 iteration 50/195 loss=73.2985 lr=0.00435292
CIFAR100 epoch 547/1000 iteration 100/195 loss=74.0558 lr=0.00434889
CIFAR100 epoch 547/1000 iteration 150/195 loss=74.6741 lr=0.00434486
CIFAR100 epoch 547/1000 iteration 195/195 loss=74.8196 lr=0.00434124
CIFAR100 epoch 548/1000 iteration 50/195 loss=75.0152 lr=0.00433721
CIFAR100 epoch 548/1000 iteration 100/195 loss=75.0910 lr=0.00433318
CIFAR100 epoch 548/1000 iteration 150/195 loss=74.8954 lr=0.00432915
CIFAR100 epoch 548/1000 iteration 195/195 loss=74.7794 lr=0.00432553
CIFAR100 epoch 549/1000 iteration 50/195 loss=73.7893 lr=0.0043215
CIFAR100 epoch 549/1000 iteration 100/195 loss=73.6611 lr=0.00431748
CIFAR100 epoch 549/1000 iteration 150/195 loss=73.8231 lr=0.00431345
CIFAR100 epoch 549/1000 iteration 195/195 loss=74.5566 lr=0.00430983
CIFAR100 epoch 550/1000 iteration 50/195 loss=74.9992 lr=0.00430581
CIFAR100 epoch 550/1000 iteration 100/195 loss=74.9955 lr=0.00430178
CIFAR100 epoch 550/1000 iteration 150/195 loss=75.1118 lr=0.00429776
CIFAR100 epoch 550/1000 iteration 195/195 loss=75.1039 lr=0.00429414
[epoch 550/1000] saved backbone: /home/mmoslem3/scratch/MKDT/krrst_teacher_ckpt/barlow_twins_resnet18_cifar100.pt
CIFAR100 epoch 551/1000 iteration 50/195 loss=73.5418 lr=0.00429011
CIFAR100 epoch 551/1000 iteration 100/195 loss=75.0529 lr=0.00428609
CIFAR100 epoch 551/1000 iteration 150/195 loss=74.6915 lr=0.00428207
CIFAR100 epoch 551/1000 iteration 195/195 loss=74.8740 lr=0.00427845
CIFAR100 epoch 552/1000 iteration 50/195 loss=74.9484 lr=0.00427443
CIFAR100 epoch 552/1000 iteration 100/195 loss=74.5097 lr=0.00427041
CIFAR100 epoch 552/1000 iteration 150/195 loss=74.1175 lr=0.00426639
CIFAR100 epoch 552/1000 iteration 195/195 loss=74.0592 lr=0.00426277
CIFAR100 epoch 553/1000 iteration 50/195 loss=73.3697 lr=0.00425875
CIFAR100 epoch 553/1000 iteration 100/195 loss=73.6894 lr=0.00425474
CIFAR100 epoch 553/1000 iteration 150/195 loss=73.8592 lr=0.00425072
CIFAR100 epoch 553/1000 iteration 195/195 loss=74.0363 lr=0.0042471
CIFAR100 epoch 554/1000 iteration 50/195 loss=74.1168 lr=0.00424309
CIFAR100 epoch 554/1000 iteration 100/195 loss=74.3550 lr=0.00423907
CIFAR100 epoch 554/1000 iteration 150/195 loss=74.0509 lr=0.00423505
CIFAR100 epoch 554/1000 iteration 195/195 loss=73.9631 lr=0.00423144
CIFAR100 epoch 555/1000 iteration 50/195 loss=73.4550 lr=0.00422742
CIFAR100 epoch 555/1000 iteration 100/195 loss=73.3687 lr=0.00422341
CIFAR100 epoch 555/1000 iteration 150/195 loss=73.8136 lr=0.0042194
CIFAR100 epoch 555/1000 iteration 195/195 loss=74.0924 lr=0.00421578
CIFAR100 epoch 556/1000 iteration 50/195 loss=75.9804 lr=0.00421177
CIFAR100 epoch 556/1000 iteration 100/195 loss=74.9629 lr=0.00420776
CIFAR100 epoch 556/1000 iteration 150/195 loss=74.6377 lr=0.00420375
CIFAR100 epoch 556/1000 iteration 195/195 loss=74.6462 lr=0.00420014
CIFAR100 epoch 557/1000 iteration 50/195 loss=74.0884 lr=0.00419612
CIFAR100 epoch 557/1000 iteration 100/195 loss=74.0550 lr=0.00419211
CIFAR100 epoch 557/1000 iteration 150/195 loss=73.6382 lr=0.0041881
CIFAR100 epoch 557/1000 iteration 195/195 loss=73.8040 lr=0.0041845
CIFAR100 epoch 558/1000 iteration 50/195 loss=73.2329 lr=0.00418049
CIFAR100 epoch 558/1000 iteration 100/195 loss=73.5246 lr=0.00417648
CIFAR100 epoch 558/1000 iteration 150/195 loss=73.7238 lr=0.00417247
CIFAR100 epoch 558/1000 iteration 195/195 loss=73.9298 lr=0.00416886
CIFAR100 epoch 559/1000 iteration 50/195 loss=74.0697 lr=0.00416486
CIFAR100 epoch 559/1000 iteration 100/195 loss=73.6999 lr=0.00416085
CIFAR100 epoch 559/1000 iteration 150/195 loss=73.7893 lr=0.00415685
CIFAR100 epoch 559/1000 iteration 195/195 loss=73.7606 lr=0.00415324
CIFAR100 epoch 560/1000 iteration 50/195 loss=73.7024 lr=0.00414924
CIFAR100 epoch 560/1000 iteration 100/195 loss=73.3582 lr=0.00414523
CIFAR100 epoch 560/1000 iteration 150/195 loss=73.5729 lr=0.00414123
CIFAR100 epoch 560/1000 iteration 195/195 loss=73.7349 lr=0.00413763
[epoch 560/1000] saved backbone: /home/mmoslem3/scratch/MKDT/krrst_teacher_ckpt/barlow_twins_resnet18_cifar100.pt
CIFAR100 epoch 561/1000 iteration 50/195 loss=73.1735 lr=0.00413363
CIFAR100 epoch 561/1000 iteration 100/195 loss=73.4696 lr=0.00412962
CIFAR100 epoch 561/1000 iteration 150/195 loss=73.9115 lr=0.00412562
CIFAR100 epoch 561/1000 iteration 195/195 loss=73.8353 lr=0.00412202
CIFAR100 epoch 562/1000 iteration 50/195 loss=73.5566 lr=0.00411802
CIFAR100 epoch 562/1000 iteration 100/195 loss=73.5393 lr=0.00411402
CIFAR100 epoch 562/1000 iteration 150/195 loss=73.8232 lr=0.00411002
CIFAR100 epoch 562/1000 iteration 195/195 loss=73.8022 lr=0.00410643
CIFAR100 epoch 563/1000 iteration 50/195 loss=74.0578 lr=0.00410243
CIFAR100 epoch 563/1000 iteration 100/195 loss=73.6879 lr=0.00409843
CIFAR100 epoch 563/1000 iteration 150/195 loss=73.7301 lr=0.00409443
CIFAR100 epoch 563/1000 iteration 195/195 loss=73.5311 lr=0.00409084
CIFAR100 epoch 564/1000 iteration 50/195 loss=73.3645 lr=0.00408684
CIFAR100 epoch 564/1000 iteration 100/195 loss=73.2363 lr=0.00408285
CIFAR100 epoch 564/1000 iteration 150/195 loss=73.5561 lr=0.00407885
CIFAR100 epoch 564/1000 iteration 195/195 loss=73.3598 lr=0.00407526
CIFAR100 epoch 565/1000 iteration 50/195 loss=72.9895 lr=0.00407127
CIFAR100 epoch 565/1000 iteration 100/195 loss=73.2660 lr=0.00406727
CIFAR100 epoch 565/1000 iteration 150/195 loss=73.2413 lr=0.00406328
CIFAR100 epoch 565/1000 iteration 195/195 loss=73.4857 lr=0.00405969
CIFAR100 epoch 566/1000 iteration 50/195 loss=73.7333 lr=0.0040557
CIFAR100 epoch 566/1000 iteration 100/195 loss=73.6110 lr=0.00405171
CIFAR100 epoch 566/1000 iteration 150/195 loss=73.8320 lr=0.00404772
CIFAR100 epoch 566/1000 iteration 195/195 loss=73.9574 lr=0.00404413
CIFAR100 epoch 567/1000 iteration 50/195 loss=73.4286 lr=0.00404014
CIFAR100 epoch 567/1000 iteration 100/195 loss=73.7234 lr=0.00403615
CIFAR100 epoch 567/1000 iteration 150/195 loss=73.7191 lr=0.00403217
CIFAR100 epoch 567/1000 iteration 195/195 loss=73.8046 lr=0.00402858
CIFAR100 epoch 568/1000 iteration 50/195 loss=74.2997 lr=0.0040246
CIFAR100 epoch 568/1000 iteration 100/195 loss=74.2069 lr=0.00402061
CIFAR100 epoch 568/1000 iteration 150/195 loss=73.9814 lr=0.00401663
CIFAR100 epoch 568/1000 iteration 195/195 loss=73.7228 lr=0.00401304
CIFAR100 epoch 569/1000 iteration 50/195 loss=74.1771 lr=0.00400906
CIFAR100 epoch 569/1000 iteration 100/195 loss=73.8301 lr=0.00400508
CIFAR100 epoch 569/1000 iteration 150/195 loss=73.9104 lr=0.00400109
CIFAR100 epoch 569/1000 iteration 195/195 loss=73.7812 lr=0.00399751
CIFAR100 epoch 570/1000 iteration 50/195 loss=73.7767 lr=0.00399353
CIFAR100 epoch 570/1000 iteration 100/195 loss=74.1112 lr=0.00398955
CIFAR100 epoch 570/1000 iteration 150/195 loss=73.7243 lr=0.00398557
CIFAR100 epoch 570/1000 iteration 195/195 loss=73.5443 lr=0.00398199
[epoch 570/1000] saved backbone: /home/mmoslem3/scratch/MKDT/krrst_teacher_ckpt/barlow_twins_resnet18_cifar100.pt
CIFAR100 epoch 571/1000 iteration 50/195 loss=73.6356 lr=0.00397801
CIFAR100 epoch 571/1000 iteration 100/195 loss=73.4930 lr=0.00397404
CIFAR100 epoch 571/1000 iteration 150/195 loss=73.6779 lr=0.00397006
CIFAR100 epoch 571/1000 iteration 195/195 loss=73.9795 lr=0.00396648
CIFAR100 epoch 572/1000 iteration 50/195 loss=73.2736 lr=0.00396251
CIFAR100 epoch 572/1000 iteration 100/195 loss=73.4523 lr=0.00395853
CIFAR100 epoch 572/1000 iteration 150/195 loss=73.7202 lr=0.00395456
CIFAR100 epoch 572/1000 iteration 195/195 loss=73.6453 lr=0.00395098
CIFAR100 epoch 573/1000 iteration 50/195 loss=73.4473 lr=0.00394701
CIFAR100 epoch 573/1000 iteration 100/195 loss=73.8928 lr=0.00394304
CIFAR100 epoch 573/1000 iteration 150/195 loss=74.0461 lr=0.00393907
CIFAR100 epoch 573/1000 iteration 195/195 loss=73.6661 lr=0.00393549
CIFAR100 epoch 574/1000 iteration 50/195 loss=74.0957 lr=0.00393152
CIFAR100 epoch 574/1000 iteration 100/195 loss=74.1060 lr=0.00392755
CIFAR100 epoch 574/1000 iteration 150/195 loss=74.3465 lr=0.00392359
CIFAR100 epoch 574/1000 iteration 195/195 loss=74.1189 lr=0.00392002
CIFAR100 epoch 575/1000 iteration 50/195 loss=74.5620 lr=0.00391605
CIFAR100 epoch 575/1000 iteration 100/195 loss=74.4910 lr=0.00391208
CIFAR100 epoch 575/1000 iteration 150/195 loss=74.2931 lr=0.00390812
CIFAR100 epoch 575/1000 iteration 195/195 loss=74.2606 lr=0.00390455
CIFAR100 epoch 576/1000 iteration 50/195 loss=72.8685 lr=0.00390058
CIFAR100 epoch 576/1000 iteration 100/195 loss=73.4474 lr=0.00389662
CIFAR100 epoch 576/1000 iteration 150/195 loss=73.5036 lr=0.00389266
CIFAR100 epoch 576/1000 iteration 195/195 loss=73.4128 lr=0.00388909
CIFAR100 epoch 577/1000 iteration 50/195 loss=71.5792 lr=0.00388513
CIFAR100 epoch 577/1000 iteration 100/195 loss=72.1154 lr=0.00388117
CIFAR100 epoch 577/1000 iteration 150/195 loss=72.3988 lr=0.00387721
CIFAR100 epoch 577/1000 iteration 195/195 loss=72.4554 lr=0.00387365
CIFAR100 epoch 578/1000 iteration 50/195 loss=73.1953 lr=0.00386969
CIFAR100 epoch 578/1000 iteration 100/195 loss=73.3246 lr=0.00386573
CIFAR100 epoch 578/1000 iteration 150/195 loss=73.2763 lr=0.00386178
CIFAR100 epoch 578/1000 iteration 195/195 loss=73.3809 lr=0.00385822
CIFAR100 epoch 579/1000 iteration 50/195 loss=72.1745 lr=0.00385426
CIFAR100 epoch 579/1000 iteration 100/195 loss=72.5056 lr=0.00385031
CIFAR100 epoch 579/1000 iteration 150/195 loss=73.0587 lr=0.00384635
CIFAR100 epoch 579/1000 iteration 195/195 loss=73.2047 lr=0.00384279
CIFAR100 epoch 580/1000 iteration 50/195 loss=73.0555 lr=0.00383884
CIFAR100 epoch 580/1000 iteration 100/195 loss=72.8617 lr=0.00383489
CIFAR100 epoch 580/1000 iteration 150/195 loss=73.0623 lr=0.00383094
CIFAR100 epoch 580/1000 iteration 195/195 loss=73.1609 lr=0.00382738
[epoch 580/1000] saved backbone: /home/mmoslem3/scratch/MKDT/krrst_teacher_ckpt/barlow_twins_resnet18_cifar100.pt
CIFAR100 epoch 581/1000 iteration 50/195 loss=70.9813 lr=0.00382343
CIFAR100 epoch 581/1000 iteration 100/195 loss=72.0972 lr=0.00381949
CIFAR100 epoch 581/1000 iteration 150/195 loss=72.3952 lr=0.00381554
CIFAR100 epoch 581/1000 iteration 195/195 loss=73.0535 lr=0.00381199
CIFAR100 epoch 582/1000 iteration 50/195 loss=72.2104 lr=0.00380804
CIFAR100 epoch 582/1000 iteration 100/195 loss=72.6562 lr=0.00380409
CIFAR100 epoch 582/1000 iteration 150/195 loss=72.5972 lr=0.00380015
CIFAR100 epoch 582/1000 iteration 195/195 loss=72.3959 lr=0.0037966
CIFAR100 epoch 583/1000 iteration 50/195 loss=72.9459 lr=0.00379266
CIFAR100 epoch 583/1000 iteration 100/195 loss=72.8291 lr=0.00378871
CIFAR100 epoch 583/1000 iteration 150/195 loss=72.6549 lr=0.00378477
CIFAR100 epoch 583/1000 iteration 195/195 loss=72.7627 lr=0.00378123
CIFAR100 epoch 584/1000 iteration 50/195 loss=72.2938 lr=0.00377729
CIFAR100 epoch 584/1000 iteration 100/195 loss=72.6968 lr=0.00377335
CIFAR100 epoch 584/1000 iteration 150/195 loss=72.7976 lr=0.00376941
CIFAR100 epoch 584/1000 iteration 195/195 loss=72.7128 lr=0.00376586
CIFAR100 epoch 585/1000 iteration 50/195 loss=72.0371 lr=0.00376193
CIFAR100 epoch 585/1000 iteration 100/195 loss=72.3842 lr=0.00375799
CIFAR100 epoch 585/1000 iteration 150/195 loss=73.1195 lr=0.00375406
CIFAR100 epoch 585/1000 iteration 195/195 loss=73.2537 lr=0.00375052
CIFAR100 epoch 586/1000 iteration 50/195 loss=74.0847 lr=0.00374658
CIFAR100 epoch 586/1000 iteration 100/195 loss=74.0515 lr=0.00374265
CIFAR100 epoch 586/1000 iteration 150/195 loss=73.7736 lr=0.00373872
CIFAR100 epoch 586/1000 iteration 195/195 loss=73.8481 lr=0.00373518
CIFAR100 epoch 587/1000 iteration 50/195 loss=73.0724 lr=0.00373125
CIFAR100 epoch 587/1000 iteration 100/195 loss=72.5417 lr=0.00372732
CIFAR100 epoch 587/1000 iteration 150/195 loss=72.8611 lr=0.00372339
CIFAR100 epoch 587/1000 iteration 195/195 loss=73.1353 lr=0.00371986
CIFAR100 epoch 588/1000 iteration 50/195 loss=72.6171 lr=0.00371593
CIFAR100 epoch 588/1000 iteration 100/195 loss=72.7247 lr=0.003712
CIFAR100 epoch 588/1000 iteration 150/195 loss=72.7815 lr=0.00370808
CIFAR100 epoch 588/1000 iteration 195/195 loss=72.8229 lr=0.00370455
CIFAR100 epoch 589/1000 iteration 50/195 loss=71.8186 lr=0.00370062
CIFAR100 epoch 589/1000 iteration 100/195 loss=72.4951 lr=0.0036967
CIFAR100 epoch 589/1000 iteration 150/195 loss=72.6538 lr=0.00369278
CIFAR100 epoch 589/1000 iteration 195/195 loss=72.7133 lr=0.00368925
CIFAR100 epoch 590/1000 iteration 50/195 loss=73.8891 lr=0.00368533
CIFAR100 epoch 590/1000 iteration 100/195 loss=72.9374 lr=0.00368141
CIFAR100 epoch 590/1000 iteration 150/195 loss=72.7213 lr=0.00367749
CIFAR100 epoch 590/1000 iteration 195/195 loss=72.4244 lr=0.00367396
[epoch 590/1000] saved backbone: /home/mmoslem3/scratch/MKDT/krrst_teacher_ckpt/barlow_twins_resnet18_cifar100.pt
CIFAR100 epoch 591/1000 iteration 50/195 loss=71.1742 lr=0.00367005
CIFAR100 epoch 591/1000 iteration 100/195 loss=71.0498 lr=0.00366613
CIFAR100 epoch 591/1000 iteration 150/195 loss=71.8138 lr=0.00366222
CIFAR100 epoch 591/1000 iteration 195/195 loss=71.9069 lr=0.00365869
CIFAR100 epoch 592/1000 iteration 50/195 loss=71.8483 lr=0.00365478
CIFAR100 epoch 592/1000 iteration 100/195 loss=71.9396 lr=0.00365087
CIFAR100 epoch 592/1000 iteration 150/195 loss=72.5769 lr=0.00364695
CIFAR100 epoch 592/1000 iteration 195/195 loss=72.4627 lr=0.00364344
CIFAR100 epoch 593/1000 iteration 50/195 loss=72.7555 lr=0.00363953
CIFAR100 epoch 593/1000 iteration 100/195 loss=72.2818 lr=0.00363562
CIFAR100 epoch 593/1000 iteration 150/195 loss=72.3629 lr=0.00363171
CIFAR100 epoch 593/1000 iteration 195/195 loss=72.6501 lr=0.00362819
CIFAR100 epoch 594/1000 iteration 50/195 loss=71.3967 lr=0.00362429
CIFAR100 epoch 594/1000 iteration 100/195 loss=72.0729 lr=0.00362038
CIFAR100 epoch 594/1000 iteration 150/195 loss=72.2475 lr=0.00361647
CIFAR100 epoch 594/1000 iteration 195/195 loss=72.4073 lr=0.00361296
CIFAR100 epoch 595/1000 iteration 50/195 loss=72.1555 lr=0.00360906
CIFAR100 epoch 595/1000 iteration 100/195 loss=72.1514 lr=0.00360516
CIFAR100 epoch 595/1000 iteration 150/195 loss=72.1370 lr=0.00360126
CIFAR100 epoch 595/1000 iteration 195/195 loss=72.4518 lr=0.00359775
CIFAR100 epoch 596/1000 iteration 50/195 loss=72.7856 lr=0.00359385
CIFAR100 epoch 596/1000 iteration 100/195 loss=72.4093 lr=0.00358995
CIFAR100 epoch 596/1000 iteration 150/195 loss=72.3624 lr=0.00358605
CIFAR100 epoch 596/1000 iteration 195/195 loss=72.5918 lr=0.00358254
CIFAR100 epoch 597/1000 iteration 50/195 loss=72.8013 lr=0.00357865
CIFAR100 epoch 597/1000 iteration 100/195 loss=73.0138 lr=0.00357475
CIFAR100 epoch 597/1000 iteration 150/195 loss=72.9836 lr=0.00357086
CIFAR100 epoch 597/1000 iteration 195/195 loss=72.8087 lr=0.00356736
CIFAR100 epoch 598/1000 iteration 50/195 loss=73.0198 lr=0.00356347
CIFAR100 epoch 598/1000 iteration 100/195 loss=72.3770 lr=0.00355957
CIFAR100 epoch 598/1000 iteration 150/195 loss=72.3389 lr=0.00355568
CIFAR100 epoch 598/1000 iteration 195/195 loss=72.2826 lr=0.00355218
CIFAR100 epoch 599/1000 iteration 50/195 loss=70.9503 lr=0.0035483
CIFAR100 epoch 599/1000 iteration 100/195 loss=71.0063 lr=0.00354441
CIFAR100 epoch 599/1000 iteration 150/195 loss=71.5595 lr=0.00354052
CIFAR100 epoch 599/1000 iteration 195/195 loss=72.0678 lr=0.00353703
CIFAR100 epoch 600/1000 iteration 50/195 loss=72.8166 lr=0.00353314
CIFAR100 epoch 600/1000 iteration 100/195 loss=72.4309 lr=0.00352926
CIFAR100 epoch 600/1000 iteration 150/195 loss=72.3366 lr=0.00352538
CIFAR100 epoch 600/1000 iteration 195/195 loss=72.1188 lr=0.00352188
[epoch 600/1000] saved backbone: /home/mmoslem3/scratch/MKDT/krrst_teacher_ckpt/barlow_twins_resnet18_cifar100.pt
CIFAR100 epoch 601/1000 iteration 50/195 loss=71.3334 lr=0.003518
CIFAR100 epoch 601/1000 iteration 100/195 loss=71.5130 lr=0.00351412
CIFAR100 epoch 601/1000 iteration 150/195 loss=71.8512 lr=0.00351024
CIFAR100 epoch 601/1000 iteration 195/195 loss=71.9446 lr=0.00350675
CIFAR100 epoch 602/1000 iteration 50/195 loss=70.9732 lr=0.00350288
CIFAR100 epoch 602/1000 iteration 100/195 loss=71.4777 lr=0.003499
CIFAR100 epoch 602/1000 iteration 150/195 loss=71.7011 lr=0.00349513
CIFAR100 epoch 602/1000 iteration 195/195 loss=72.0803 lr=0.00349164
CIFAR100 epoch 603/1000 iteration 50/195 loss=71.4098 lr=0.00348777
CIFAR100 epoch 603/1000 iteration 100/195 loss=71.9958 lr=0.0034839
CIFAR100 epoch 603/1000 iteration 150/195 loss=72.2348 lr=0.00348003
CIFAR100 epoch 603/1000 iteration 195/195 loss=72.3921 lr=0.00347654
CIFAR100 epoch 604/1000 iteration 50/195 loss=72.4080 lr=0.00347267
CIFAR100 epoch 604/1000 iteration 100/195 loss=72.3467 lr=0.00346881
CIFAR100 epoch 604/1000 iteration 150/195 loss=72.3546 lr=0.00346494
CIFAR100 epoch 604/1000 iteration 195/195 loss=72.2036 lr=0.00346146
CIFAR100 epoch 605/1000 iteration 50/195 loss=71.7175 lr=0.0034576
CIFAR100 epoch 605/1000 iteration 100/195 loss=71.9253 lr=0.00345373
CIFAR100 epoch 605/1000 iteration 150/195 loss=71.9121 lr=0.00344987
CIFAR100 epoch 605/1000 iteration 195/195 loss=72.0827 lr=0.00344639
CIFAR100 epoch 606/1000 iteration 50/195 loss=72.2123 lr=0.00344253
CIFAR100 epoch 606/1000 iteration 100/195 loss=71.9610 lr=0.00343867
CIFAR100 epoch 606/1000 iteration 150/195 loss=71.9448 lr=0.00343481
CIFAR100 epoch 606/1000 iteration 195/195 loss=72.2688 lr=0.00343134
CIFAR100 epoch 607/1000 iteration 50/195 loss=71.8552 lr=0.00342748
CIFAR100 epoch 607/1000 iteration 100/195 loss=71.3761 lr=0.00342363
CIFAR100 epoch 607/1000 iteration 150/195 loss=71.9855 lr=0.00341977
CIFAR100 epoch 607/1000 iteration 195/195 loss=72.2644 lr=0.00341631
CIFAR100 epoch 608/1000 iteration 50/195 loss=71.5337 lr=0.00341245
CIFAR100 epoch 608/1000 iteration 100/195 loss=71.6401 lr=0.0034086
CIFAR100 epoch 608/1000 iteration 150/195 loss=71.8824 lr=0.00340475
CIFAR100 epoch 608/1000 iteration 195/195 loss=72.1122 lr=0.00340129
CIFAR100 epoch 609/1000 iteration 50/195 loss=71.5066 lr=0.00339744
CIFAR100 epoch 609/1000 iteration 100/195 loss=71.4248 lr=0.00339359
CIFAR100 epoch 609/1000 iteration 150/195 loss=71.3729 lr=0.00338974
CIFAR100 epoch 609/1000 iteration 195/195 loss=71.3533 lr=0.00338628
CIFAR100 epoch 610/1000 iteration 50/195 loss=72.3425 lr=0.00338244
CIFAR100 epoch 610/1000 iteration 100/195 loss=72.6758 lr=0.00337859
CIFAR100 epoch 610/1000 iteration 150/195 loss=72.2135 lr=0.00337475
CIFAR100 epoch 610/1000 iteration 195/195 loss=72.3284 lr=0.0033713
[epoch 610/1000] saved backbone: /home/mmoslem3/scratch/MKDT/krrst_teacher_ckpt/barlow_twins_resnet18_cifar100.pt
CIFAR100 epoch 611/1000 iteration 50/195 loss=72.0731 lr=0.00336746
CIFAR100 epoch 611/1000 iteration 100/195 loss=71.5806 lr=0.00336362
CIFAR100 epoch 611/1000 iteration 150/195 loss=71.2473 lr=0.00335978
CIFAR100 epoch 611/1000 iteration 195/195 loss=71.3984 lr=0.00335632
CIFAR100 epoch 612/1000 iteration 50/195 loss=71.2935 lr=0.00335249
CIFAR100 epoch 612/1000 iteration 100/195 loss=72.1989 lr=0.00334865
CIFAR100 epoch 612/1000 iteration 150/195 loss=72.4495 lr=0.00334482
CIFAR100 epoch 612/1000 iteration 195/195 loss=72.3423 lr=0.00334137
CIFAR100 epoch 613/1000 iteration 50/195 loss=71.6255 lr=0.00333754
CIFAR100 epoch 613/1000 iteration 100/195 loss=72.1960 lr=0.00333371
CIFAR100 epoch 613/1000 iteration 150/195 loss=71.9779 lr=0.00332988
CIFAR100 epoch 613/1000 iteration 195/195 loss=72.1213 lr=0.00332643
CIFAR100 epoch 614/1000 iteration 50/195 loss=70.9016 lr=0.00332261
CIFAR100 epoch 614/1000 iteration 100/195 loss=70.4831 lr=0.00331878
CIFAR100 epoch 614/1000 iteration 150/195 loss=71.3261 lr=0.00331495
CIFAR100 epoch 614/1000 iteration 195/195 loss=71.5671 lr=0.00331151
CIFAR100 epoch 615/1000 iteration 50/195 loss=72.6881 lr=0.00330769
CIFAR100 epoch 615/1000 iteration 100/195 loss=71.9472 lr=0.00330387
CIFAR100 epoch 615/1000 iteration 150/195 loss=71.7787 lr=0.00330005
CIFAR100 epoch 615/1000 iteration 195/195 loss=71.8911 lr=0.00329661
CIFAR100 epoch 616/1000 iteration 50/195 loss=72.0347 lr=0.00329279
CIFAR100 epoch 616/1000 iteration 100/195 loss=71.6589 lr=0.00328897
CIFAR100 epoch 616/1000 iteration 150/195 loss=71.7865 lr=0.00328516
CIFAR100 epoch 616/1000 iteration 195/195 loss=71.5259 lr=0.00328172
CIFAR100 epoch 617/1000 iteration 50/195 loss=70.6290 lr=0.00327791
CIFAR100 epoch 617/1000 iteration 100/195 loss=70.8845 lr=0.0032741
CIFAR100 epoch 617/1000 iteration 150/195 loss=70.9902 lr=0.00327028
CIFAR100 epoch 617/1000 iteration 195/195 loss=70.9881 lr=0.00326685
CIFAR100 epoch 618/1000 iteration 50/195 loss=72.2737 lr=0.00326304
CIFAR100 epoch 618/1000 iteration 100/195 loss=72.0752 lr=0.00325924
CIFAR100 epoch 618/1000 iteration 150/195 loss=71.8506 lr=0.00325543
CIFAR100 epoch 618/1000 iteration 195/195 loss=71.8847 lr=0.003252
CIFAR100 epoch 619/1000 iteration 50/195 loss=71.2144 lr=0.0032482
CIFAR100 epoch 619/1000 iteration 100/195 loss=71.9514 lr=0.00324439
CIFAR100 epoch 619/1000 iteration 150/195 loss=71.9755 lr=0.00324059
CIFAR100 epoch 619/1000 iteration 195/195 loss=71.8280 lr=0.00323717
CIFAR100 epoch 620/1000 iteration 50/195 loss=70.9544 lr=0.00323337
CIFAR100 epoch 620/1000 iteration 100/195 loss=71.0779 lr=0.00322957
CIFAR100 epoch 620/1000 iteration 150/195 loss=71.0589 lr=0.00322577
CIFAR100 epoch 620/1000 iteration 195/195 loss=71.3475 lr=0.00322235
[epoch 620/1000] saved backbone: /home/mmoslem3/scratch/MKDT/krrst_teacher_ckpt/barlow_twins_resnet18_cifar100.pt
CIFAR100 epoch 621/1000 iteration 50/195 loss=70.8505 lr=0.00321856
CIFAR100 epoch 621/1000 iteration 100/195 loss=70.7522 lr=0.00321476
CIFAR100 epoch 621/1000 iteration 150/195 loss=71.3372 lr=0.00321097
CIFAR100 epoch 621/1000 iteration 195/195 loss=71.4480 lr=0.00320756
CIFAR100 epoch 622/1000 iteration 50/195 loss=70.7187 lr=0.00320376
CIFAR100 epoch 622/1000 iteration 100/195 loss=71.2360 lr=0.00319997
CIFAR100 epoch 622/1000 iteration 150/195 loss=71.0202 lr=0.00319618
CIFAR100 epoch 622/1000 iteration 195/195 loss=71.3681 lr=0.00319278
CIFAR100 epoch 623/1000 iteration 50/195 loss=70.0791 lr=0.00318899
CIFAR100 epoch 623/1000 iteration 100/195 loss=71.0186 lr=0.0031852
CIFAR100 epoch 623/1000 iteration 150/195 loss=71.2659 lr=0.00318142
CIFAR100 epoch 623/1000 iteration 195/195 loss=71.3301 lr=0.00317801
CIFAR100 epoch 624/1000 iteration 50/195 loss=70.6614 lr=0.00317423
CIFAR100 epoch 624/1000 iteration 100/195 loss=71.0688 lr=0.00317045
CIFAR100 epoch 624/1000 iteration 150/195 loss=71.2390 lr=0.00316667
CIFAR100 epoch 624/1000 iteration 195/195 loss=71.2484 lr=0.00316327
CIFAR100 epoch 625/1000 iteration 50/195 loss=70.7992 lr=0.00315949
CIFAR100 epoch 625/1000 iteration 100/195 loss=70.6160 lr=0.00315572
CIFAR100 epoch 625/1000 iteration 150/195 loss=70.6692 lr=0.00315194
CIFAR100 epoch 625/1000 iteration 195/195 loss=70.8426 lr=0.00314855
CIFAR100 epoch 626/1000 iteration 50/195 loss=70.7986 lr=0.00314477
CIFAR100 epoch 626/1000 iteration 100/195 loss=71.2496 lr=0.003141
CIFAR100 epoch 626/1000 iteration 150/195 loss=71.1984 lr=0.00313723
CIFAR100 epoch 626/1000 iteration 195/195 loss=71.2914 lr=0.00313384
CIFAR100 epoch 627/1000 iteration 50/195 loss=70.6346 lr=0.00313007
CIFAR100 epoch 627/1000 iteration 100/195 loss=71.0799 lr=0.00312631
CIFAR100 epoch 627/1000 iteration 150/195 loss=71.6792 lr=0.00312254
CIFAR100 epoch 627/1000 iteration 195/195 loss=71.5972 lr=0.00311915
CIFAR100 epoch 628/1000 iteration 50/195 loss=70.5304 lr=0.00311539
CIFAR100 epoch 628/1000 iteration 100/195 loss=71.1999 lr=0.00311163
CIFAR100 epoch 628/1000 iteration 150/195 loss=71.3138 lr=0.00310787
CIFAR100 epoch 628/1000 iteration 195/195 loss=71.7303 lr=0.00310448
CIFAR100 epoch 629/1000 iteration 50/195 loss=70.6286 lr=0.00310073
CIFAR100 epoch 629/1000 iteration 100/195 loss=71.4619 lr=0.00309697
CIFAR100 epoch 629/1000 iteration 150/195 loss=71.1042 lr=0.00309321
CIFAR100 epoch 629/1000 iteration 195/195 loss=71.2980 lr=0.00308984
CIFAR100 epoch 630/1000 iteration 50/195 loss=71.9184 lr=0.00308608
CIFAR100 epoch 630/1000 iteration 100/195 loss=71.8195 lr=0.00308233
CIFAR100 epoch 630/1000 iteration 150/195 loss=71.3234 lr=0.00307858
CIFAR100 epoch 630/1000 iteration 195/195 loss=71.5067 lr=0.00307521
[epoch 630/1000] saved backbone: /home/mmoslem3/scratch/MKDT/krrst_teacher_ckpt/barlow_twins_resnet18_cifar100.pt
CIFAR100 epoch 631/1000 iteration 50/195 loss=73.0151 lr=0.00307146
CIFAR100 epoch 631/1000 iteration 100/195 loss=72.7418 lr=0.00306771
CIFAR100 epoch 631/1000 iteration 150/195 loss=72.3457 lr=0.00306397
CIFAR100 epoch 631/1000 iteration 195/195 loss=72.1281 lr=0.0030606
CIFAR100 epoch 632/1000 iteration 50/195 loss=69.9837 lr=0.00305685
CIFAR100 epoch 632/1000 iteration 100/195 loss=71.3311 lr=0.00305311
CIFAR100 epoch 632/1000 iteration 150/195 loss=70.7324 lr=0.00304937
CIFAR100 epoch 632/1000 iteration 195/195 loss=71.0057 lr=0.00304601
CIFAR100 epoch 633/1000 iteration 50/195 loss=70.9415 lr=0.00304227
CIFAR100 epoch 633/1000 iteration 100/195 loss=71.3002 lr=0.00303853
CIFAR100 epoch 633/1000 iteration 150/195 loss=71.3374 lr=0.00303479
CIFAR100 epoch 633/1000 iteration 195/195 loss=71.5245 lr=0.00303143
CIFAR100 epoch 634/1000 iteration 50/195 loss=71.8657 lr=0.0030277
CIFAR100 epoch 634/1000 iteration 100/195 loss=71.5224 lr=0.00302397
CIFAR100 epoch 634/1000 iteration 150/195 loss=71.7152 lr=0.00302024
CIFAR100 epoch 634/1000 iteration 195/195 loss=71.5935 lr=0.00301688
CIFAR100 epoch 635/1000 iteration 50/195 loss=70.5357 lr=0.00301316
CIFAR100 epoch 635/1000 iteration 100/195 loss=70.2183 lr=0.00300943
CIFAR100 epoch 635/1000 iteration 150/195 loss=70.4060 lr=0.0030057
CIFAR100 epoch 635/1000 iteration 195/195 loss=70.5090 lr=0.00300235
CIFAR100 epoch 636/1000 iteration 50/195 loss=71.7785 lr=0.00299863
CIFAR100 epoch 636/1000 iteration 100/195 loss=70.8122 lr=0.00299491
CIFAR100 epoch 636/1000 iteration 150/195 loss=71.0120 lr=0.00299119
CIFAR100 epoch 636/1000 iteration 195/195 loss=71.1022 lr=0.00298784
CIFAR100 epoch 637/1000 iteration 50/195 loss=71.2619 lr=0.00298412
CIFAR100 epoch 637/1000 iteration 100/195 loss=70.7698 lr=0.00298041
CIFAR100 epoch 637/1000 iteration 150/195 loss=70.7366 lr=0.00297669
CIFAR100 epoch 637/1000 iteration 195/195 loss=71.1483 lr=0.00297335
CIFAR100 epoch 638/1000 iteration 50/195 loss=71.0293 lr=0.00296964
CIFAR100 epoch 638/1000 iteration 100/195 loss=71.3265 lr=0.00296593
CIFAR100 epoch 638/1000 iteration 150/195 loss=71.5143 lr=0.00296222
CIFAR100 epoch 638/1000 iteration 195/195 loss=71.2917 lr=0.00295888
CIFAR100 epoch 639/1000 iteration 50/195 loss=70.1957 lr=0.00295517
CIFAR100 epoch 639/1000 iteration 100/195 loss=71.0120 lr=0.00295147
CIFAR100 epoch 639/1000 iteration 150/195 loss=70.6576 lr=0.00294776
CIFAR100 epoch 639/1000 iteration 195/195 loss=70.5526 lr=0.00294443
CIFAR100 epoch 640/1000 iteration 50/195 loss=69.1276 lr=0.00294073
CIFAR100 epoch 640/1000 iteration 100/195 loss=70.2488 lr=0.00293703
CIFAR100 epoch 640/1000 iteration 150/195 loss=70.9073 lr=0.00293333
CIFAR100 epoch 640/1000 iteration 195/195 loss=70.9750 lr=0.00293
[epoch 640/1000] saved backbone: /home/mmoslem3/scratch/MKDT/krrst_teacher_ckpt/barlow_twins_resnet18_cifar100.pt
CIFAR100 epoch 641/1000 iteration 50/195 loss=69.8040 lr=0.00292631
CIFAR100 epoch 641/1000 iteration 100/195 loss=70.3498 lr=0.00292261
CIFAR100 epoch 641/1000 iteration 150/195 loss=70.6798 lr=0.00291892
CIFAR100 epoch 641/1000 iteration 195/195 loss=70.8183 lr=0.00291559
CIFAR100 epoch 642/1000 iteration 50/195 loss=70.8804 lr=0.0029119
CIFAR100 epoch 642/1000 iteration 100/195 loss=71.0188 lr=0.00290821
CIFAR100 epoch 642/1000 iteration 150/195 loss=70.6920 lr=0.00290453
CIFAR100 epoch 642/1000 iteration 195/195 loss=71.0894 lr=0.00290121
CIFAR100 epoch 643/1000 iteration 50/195 loss=70.4036 lr=0.00289752
CIFAR100 epoch 643/1000 iteration 100/195 loss=70.6792 lr=0.00289384
CIFAR100 epoch 643/1000 iteration 150/195 loss=70.7321 lr=0.00289015
CIFAR100 epoch 643/1000 iteration 195/195 loss=70.5256 lr=0.00288684
CIFAR100 epoch 644/1000 iteration 50/195 loss=70.7470 lr=0.00288316
CIFAR100 epoch 644/1000 iteration 100/195 loss=70.3797 lr=0.00287948
CIFAR100 epoch 644/1000 iteration 150/195 loss=70.7187 lr=0.00287581
CIFAR100 epoch 644/1000 iteration 195/195 loss=70.8755 lr=0.0028725
CIFAR100 epoch 645/1000 iteration 50/195 loss=69.9396 lr=0.00286882
CIFAR100 epoch 645/1000 iteration 100/195 loss=69.6205 lr=0.00286515
CIFAR100 epoch 645/1000 iteration 150/195 loss=69.9890 lr=0.00286148
CIFAR100 epoch 645/1000 iteration 195/195 loss=70.2960 lr=0.00285817
CIFAR100 epoch 646/1000 iteration 50/195 loss=69.7286 lr=0.00285451
CIFAR100 epoch 646/1000 iteration 100/195 loss=70.4759 lr=0.00285084
CIFAR100 epoch 646/1000 iteration 150/195 loss=70.5670 lr=0.00284717
CIFAR100 epoch 646/1000 iteration 195/195 loss=70.4202 lr=0.00284387
CIFAR100 epoch 647/1000 iteration 50/195 loss=70.5894 lr=0.00284021
CIFAR100 epoch 647/1000 iteration 100/195 loss=70.3241 lr=0.00283655
CIFAR100 epoch 647/1000 iteration 150/195 loss=70.7882 lr=0.00283289
CIFAR100 epoch 647/1000 iteration 195/195 loss=70.6990 lr=0.00282959
CIFAR100 epoch 648/1000 iteration 50/195 loss=70.7336 lr=0.00282594
CIFAR100 epoch 648/1000 iteration 100/195 loss=70.5544 lr=0.00282228
CIFAR100 epoch 648/1000 iteration 150/195 loss=70.4065 lr=0.00281862
CIFAR100 epoch 648/1000 iteration 195/195 loss=70.5276 lr=0.00281534
CIFAR100 epoch 649/1000 iteration 50/195 loss=70.7804 lr=0.00281168
CIFAR100 epoch 649/1000 iteration 100/195 loss=70.8214 lr=0.00280803
CIFAR100 epoch 649/1000 iteration 150/195 loss=70.7570 lr=0.00280438
CIFAR100 epoch 649/1000 iteration 195/195 loss=70.8551 lr=0.0028011
CIFAR100 epoch 650/1000 iteration 50/195 loss=71.1972 lr=0.00279745
CIFAR100 epoch 650/1000 iteration 100/195 loss=70.9136 lr=0.00279381
CIFAR100 epoch 650/1000 iteration 150/195 loss=70.9981 lr=0.00279017
CIFAR100 epoch 650/1000 iteration 195/195 loss=70.8155 lr=0.00278689
[epoch 650/1000] saved backbone: /home/mmoslem3/scratch/MKDT/krrst_teacher_ckpt/barlow_twins_resnet18_cifar100.pt
CIFAR100 epoch 651/1000 iteration 50/195 loss=70.6389 lr=0.00278325
CIFAR100 epoch 651/1000 iteration 100/195 loss=70.5339 lr=0.00277961
CIFAR100 epoch 651/1000 iteration 150/195 loss=70.6306 lr=0.00277597
CIFAR100 epoch 651/1000 iteration 195/195 loss=70.7132 lr=0.0027727
CIFAR100 epoch 652/1000 iteration 50/195 loss=70.4504 lr=0.00276906
CIFAR100 epoch 652/1000 iteration 100/195 loss=70.1056 lr=0.00276543
CIFAR100 epoch 652/1000 iteration 150/195 loss=70.2091 lr=0.0027618
CIFAR100 epoch 652/1000 iteration 195/195 loss=70.4513 lr=0.00275853
CIFAR100 epoch 653/1000 iteration 50/195 loss=69.9905 lr=0.0027549
CIFAR100 epoch 653/1000 iteration 100/195 loss=70.1957 lr=0.00275127
CIFAR100 epoch 653/1000 iteration 150/195 loss=70.3082 lr=0.00274764
CIFAR100 epoch 653/1000 iteration 195/195 loss=70.2080 lr=0.00274438
CIFAR100 epoch 654/1000 iteration 50/195 loss=70.7673 lr=0.00274076
CIFAR100 epoch 654/1000 iteration 100/195 loss=70.2728 lr=0.00273714
CIFAR100 epoch 654/1000 iteration 150/195 loss=70.3657 lr=0.00273352
CIFAR100 epoch 654/1000 iteration 195/195 loss=70.1889 lr=0.00273026
CIFAR100 epoch 655/1000 iteration 50/195 loss=69.9924 lr=0.00272664
CIFAR100 epoch 655/1000 iteration 100/195 loss=70.4582 lr=0.00272302
CIFAR100 epoch 655/1000 iteration 150/195 loss=70.4085 lr=0.00271941
CIFAR100 epoch 655/1000 iteration 195/195 loss=70.3715 lr=0.00271616
CIFAR100 epoch 656/1000 iteration 50/195 loss=70.2601 lr=0.00271255
CIFAR100 epoch 656/1000 iteration 100/195 loss=70.1607 lr=0.00270894
CIFAR100 epoch 656/1000 iteration 150/195 loss=70.3670 lr=0.00270533
CIFAR100 epoch 656/1000 iteration 195/195 loss=70.2416 lr=0.00270208
CIFAR100 epoch 657/1000 iteration 50/195 loss=69.8562 lr=0.00269848
CIFAR100 epoch 657/1000 iteration 100/195 loss=69.8154 lr=0.00269487
CIFAR100 epoch 657/1000 iteration 150/195 loss=70.2435 lr=0.00269127
CIFAR100 epoch 657/1000 iteration 195/195 loss=70.4056 lr=0.00268803
CIFAR100 epoch 658/1000 iteration 50/195 loss=69.7071 lr=0.00268443
CIFAR100 epoch 658/1000 iteration 100/195 loss=69.6511 lr=0.00268083
CIFAR100 epoch 658/1000 iteration 150/195 loss=69.9468 lr=0.00267723
CIFAR100 epoch 658/1000 iteration 195/195 loss=70.0427 lr=0.002674
CIFAR100 epoch 659/1000 iteration 50/195 loss=70.2495 lr=0.0026704
CIFAR100 epoch 659/1000 iteration 100/195 loss=70.1623 lr=0.00266681
CIFAR100 epoch 659/1000 iteration 150/195 loss=70.4385 lr=0.00266322
CIFAR100 epoch 659/1000 iteration 195/195 loss=70.2822 lr=0.00265999
CIFAR100 epoch 660/1000 iteration 50/195 loss=69.1074 lr=0.0026564
CIFAR100 epoch 660/1000 iteration 100/195 loss=69.6171 lr=0.00265282
CIFAR100 epoch 660/1000 iteration 150/195 loss=69.6869 lr=0.00264923
CIFAR100 epoch 660/1000 iteration 195/195 loss=69.8725 lr=0.00264601
[epoch 660/1000] saved backbone: /home/mmoslem3/scratch/MKDT/krrst_teacher_ckpt/barlow_twins_resnet18_cifar100.pt
CIFAR100 epoch 661/1000 iteration 50/195 loss=69.4841 lr=0.00264242
CIFAR100 epoch 661/1000 iteration 100/195 loss=69.5593 lr=0.00263884
CIFAR100 epoch 661/1000 iteration 150/195 loss=69.7801 lr=0.00263527
CIFAR100 epoch 661/1000 iteration 195/195 loss=69.9944 lr=0.00263205
CIFAR100 epoch 662/1000 iteration 50/195 loss=70.1061 lr=0.00262847
CIFAR100 epoch 662/1000 iteration 100/195 loss=70.1263 lr=0.0026249
CIFAR100 epoch 662/1000 iteration 150/195 loss=69.6433 lr=0.00262132
CIFAR100 epoch 662/1000 iteration 195/195 loss=69.8941 lr=0.00261811
CIFAR100 epoch 663/1000 iteration 50/195 loss=69.2299 lr=0.00261454
CIFAR100 epoch 663/1000 iteration 100/195 loss=69.5099 lr=0.00261097
CIFAR100 epoch 663/1000 iteration 150/195 loss=69.3318 lr=0.00260741
CIFAR100 epoch 663/1000 iteration 195/195 loss=69.8077 lr=0.0026042
CIFAR100 epoch 664/1000 iteration 50/195 loss=70.4608 lr=0.00260064
CIFAR100 epoch 664/1000 iteration 100/195 loss=70.5565 lr=0.00259707
CIFAR100 epoch 664/1000 iteration 150/195 loss=70.6697 lr=0.00259351
CIFAR100 epoch 664/1000 iteration 195/195 loss=70.8425 lr=0.00259031
CIFAR100 epoch 665/1000 iteration 50/195 loss=69.2342 lr=0.00258675
CIFAR100 epoch 665/1000 iteration 100/195 loss=69.2913 lr=0.0025832
CIFAR100 epoch 665/1000 iteration 150/195 loss=69.6597 lr=0.00257964
CIFAR100 epoch 665/1000 iteration 195/195 loss=69.6979 lr=0.00257645
CIFAR100 epoch 666/1000 iteration 50/195 loss=69.7713 lr=0.0025729
CIFAR100 epoch 666/1000 iteration 100/195 loss=70.0272 lr=0.00256935
CIFAR100 epoch 666/1000 iteration 150/195 loss=69.8238 lr=0.0025658
CIFAR100 epoch 666/1000 iteration 195/195 loss=69.7507 lr=0.00256261
CIFAR100 epoch 667/1000 iteration 50/195 loss=69.4768 lr=0.00255906
CIFAR100 epoch 667/1000 iteration 100/195 loss=69.6096 lr=0.00255552
CIFAR100 epoch 667/1000 iteration 150/195 loss=69.9391 lr=0.00255198
CIFAR100 epoch 667/1000 iteration 195/195 loss=69.8648 lr=0.00254879
CIFAR100 epoch 668/1000 iteration 50/195 loss=68.1994 lr=0.00254526
CIFAR100 epoch 668/1000 iteration 100/195 loss=69.3033 lr=0.00254172
CIFAR100 epoch 668/1000 iteration 150/195 loss=69.8570 lr=0.00253818
CIFAR100 epoch 668/1000 iteration 195/195 loss=69.8820 lr=0.002535
CIFAR100 epoch 669/1000 iteration 50/195 loss=69.0551 lr=0.00253147
CIFAR100 epoch 669/1000 iteration 100/195 loss=69.5914 lr=0.00252794
CIFAR100 epoch 669/1000 iteration 150/195 loss=69.6888 lr=0.00252441
CIFAR100 epoch 669/1000 iteration 195/195 loss=69.6913 lr=0.00252124
CIFAR100 epoch 670/1000 iteration 50/195 loss=70.5778 lr=0.00251771
CIFAR100 epoch 670/1000 iteration 100/195 loss=70.4112 lr=0.00251419
CIFAR100 epoch 670/1000 iteration 150/195 loss=70.1576 lr=0.00251067
CIFAR100 epoch 670/1000 iteration 195/195 loss=70.2701 lr=0.0025075
[epoch 670/1000] saved backbone: /home/mmoslem3/scratch/MKDT/krrst_teacher_ckpt/barlow_twins_resnet18_cifar100.pt
CIFAR100 epoch 671/1000 iteration 50/195 loss=70.2424 lr=0.00250398
CIFAR100 epoch 671/1000 iteration 100/195 loss=69.9465 lr=0.00250046
CIFAR100 epoch 671/1000 iteration 150/195 loss=69.7178 lr=0.00249695
CIFAR100 epoch 671/1000 iteration 195/195 loss=69.8142 lr=0.00249379
CIFAR100 epoch 672/1000 iteration 50/195 loss=68.6442 lr=0.00249027
CIFAR100 epoch 672/1000 iteration 100/195 loss=69.4373 lr=0.00248676
CIFAR100 epoch 672/1000 iteration 150/195 loss=70.0044 lr=0.00248325
CIFAR100 epoch 672/1000 iteration 195/195 loss=69.8897 lr=0.0024801
CIFAR100 epoch 673/1000 iteration 50/195 loss=69.8230 lr=0.00247659
CIFAR100 epoch 673/1000 iteration 100/195 loss=70.1194 lr=0.00247309
CIFAR100 epoch 673/1000 iteration 150/195 loss=70.0379 lr=0.00246958
CIFAR100 epoch 673/1000 iteration 195/195 loss=70.1139 lr=0.00246643
CIFAR100 epoch 674/1000 iteration 50/195 loss=70.8633 lr=0.00246293
CIFAR100 epoch 674/1000 iteration 100/195 loss=70.1755 lr=0.00245944
CIFAR100 epoch 674/1000 iteration 150/195 loss=69.8311 lr=0.00245594
CIFAR100 epoch 674/1000 iteration 195/195 loss=70.0057 lr=0.00245279
CIFAR100 epoch 675/1000 iteration 50/195 loss=68.7925 lr=0.0024493
CIFAR100 epoch 675/1000 iteration 100/195 loss=69.1801 lr=0.00244581
CIFAR100 epoch 675/1000 iteration 150/195 loss=69.1794 lr=0.00244232
CIFAR100 epoch 675/1000 iteration 195/195 loss=69.3211 lr=0.00243918
CIFAR100 epoch 676/1000 iteration 50/195 loss=69.1345 lr=0.0024357
CIFAR100 epoch 676/1000 iteration 100/195 loss=68.9843 lr=0.00243221
CIFAR100 epoch 676/1000 iteration 150/195 loss=69.1821 lr=0.00242873
CIFAR100 epoch 676/1000 iteration 195/195 loss=69.3544 lr=0.00242559
CIFAR100 epoch 677/1000 iteration 50/195 loss=68.8470 lr=0.00242212
CIFAR100 epoch 677/1000 iteration 100/195 loss=68.9520 lr=0.00241864
CIFAR100 epoch 677/1000 iteration 150/195 loss=69.2904 lr=0.00241516
CIFAR100 epoch 677/1000 iteration 195/195 loss=69.6855 lr=0.00241203
CIFAR100 epoch 678/1000 iteration 50/195 loss=69.6119 lr=0.00240856
CIFAR100 epoch 678/1000 iteration 100/195 loss=69.9594 lr=0.00240509
CIFAR100 epoch 678/1000 iteration 150/195 loss=70.1071 lr=0.00240162
CIFAR100 epoch 678/1000 iteration 195/195 loss=70.0770 lr=0.0023985
CIFAR100 epoch 679/1000 iteration 50/195 loss=69.0321 lr=0.00239503
CIFAR100 epoch 679/1000 iteration 100/195 loss=68.5954 lr=0.00239157
CIFAR100 epoch 679/1000 iteration 150/195 loss=68.7483 lr=0.00238811
CIFAR100 epoch 679/1000 iteration 195/195 loss=69.0579 lr=0.00238499
CIFAR100 epoch 680/1000 iteration 50/195 loss=69.5666 lr=0.00238153
CIFAR100 epoch 680/1000 iteration 100/195 loss=68.9039 lr=0.00237807
CIFAR100 epoch 680/1000 iteration 150/195 loss=69.1359 lr=0.00237462
CIFAR100 epoch 680/1000 iteration 195/195 loss=69.3769 lr=0.00237151
[epoch 680/1000] saved backbone: /home/mmoslem3/scratch/MKDT/krrst_teacher_ckpt/barlow_twins_resnet18_cifar100.pt
CIFAR100 epoch 681/1000 iteration 50/195 loss=69.1802 lr=0.00236806
CIFAR100 epoch 681/1000 iteration 100/195 loss=69.6594 lr=0.00236461
CIFAR100 epoch 681/1000 iteration 150/195 loss=69.2677 lr=0.00236116
CIFAR100 epoch 681/1000 iteration 195/195 loss=69.3152 lr=0.00235805
CIFAR100 epoch 682/1000 iteration 50/195 loss=69.2856 lr=0.00235461
CIFAR100 epoch 682/1000 iteration 100/195 loss=68.8863 lr=0.00235116
CIFAR100 epoch 682/1000 iteration 150/195 loss=68.8969 lr=0.00234772
CIFAR100 epoch 682/1000 iteration 195/195 loss=69.2440 lr=0.00234462
CIFAR100 epoch 683/1000 iteration 50/195 loss=68.8025 lr=0.00234119
CIFAR100 epoch 683/1000 iteration 100/195 loss=69.2776 lr=0.00233775
CIFAR100 epoch 683/1000 iteration 150/195 loss=69.2673 lr=0.00233431
CIFAR100 epoch 683/1000 iteration 195/195 loss=69.2846 lr=0.00233122
CIFAR100 epoch 684/1000 iteration 50/195 loss=69.6729 lr=0.00232779
CIFAR100 epoch 684/1000 iteration 100/195 loss=69.2654 lr=0.00232436
CIFAR100 epoch 684/1000 iteration 150/195 loss=69.3393 lr=0.00232093
CIFAR100 epoch 684/1000 iteration 195/195 loss=69.0563 lr=0.00231785
CIFAR100 epoch 685/1000 iteration 50/195 loss=68.5070 lr=0.00231442
CIFAR100 epoch 685/1000 iteration 100/195 loss=69.0694 lr=0.002311
CIFAR100 epoch 685/1000 iteration 150/195 loss=69.1846 lr=0.00230758
CIFAR100 epoch 685/1000 iteration 195/195 loss=69.3454 lr=0.0023045
CIFAR100 epoch 686/1000 iteration 50/195 loss=67.4196 lr=0.00230108
CIFAR100 epoch 686/1000 iteration 100/195 loss=68.4067 lr=0.00229766
CIFAR100 epoch 686/1000 iteration 150/195 loss=69.0358 lr=0.00229425
CIFAR100 epoch 686/1000 iteration 195/195 loss=69.1881 lr=0.00229118
CIFAR100 epoch 687/1000 iteration 50/195 loss=68.6511 lr=0.00228777
CIFAR100 epoch 687/1000 iteration 100/195 loss=68.7370 lr=0.00228436
CIFAR100 epoch 687/1000 iteration 150/195 loss=69.1113 lr=0.00228095
CIFAR100 epoch 687/1000 iteration 195/195 loss=69.1464 lr=0.00227788
CIFAR100 epoch 688/1000 iteration 50/195 loss=68.5221 lr=0.00227448
CIFAR100 epoch 688/1000 iteration 100/195 loss=69.0066 lr=0.00227108
CIFAR100 epoch 688/1000 iteration 150/195 loss=68.9684 lr=0.00226768
CIFAR100 epoch 688/1000 iteration 195/195 loss=68.7668 lr=0.00226462
CIFAR100 epoch 689/1000 iteration 50/195 loss=68.4882 lr=0.00226122
CIFAR100 epoch 689/1000 iteration 100/195 loss=68.6719 lr=0.00225783
CIFAR100 epoch 689/1000 iteration 150/195 loss=69.0618 lr=0.00225443
CIFAR100 epoch 689/1000 iteration 195/195 loss=69.0950 lr=0.00225138
CIFAR100 epoch 690/1000 iteration 50/195 loss=69.5214 lr=0.00224799
CIFAR100 epoch 690/1000 iteration 100/195 loss=68.6879 lr=0.0022446
CIFAR100 epoch 690/1000 iteration 150/195 loss=68.5973 lr=0.00224122
CIFAR100 epoch 690/1000 iteration 195/195 loss=68.6415 lr=0.00223817
[epoch 690/1000] saved backbone: /home/mmoslem3/scratch/MKDT/krrst_teacher_ckpt/barlow_twins_resnet18_cifar100.pt
CIFAR100 epoch 691/1000 iteration 50/195 loss=68.8298 lr=0.00223479
CIFAR100 epoch 691/1000 iteration 100/195 loss=68.5508 lr=0.00223141
CIFAR100 epoch 691/1000 iteration 150/195 loss=68.2904 lr=0.00222803
CIFAR100 epoch 691/1000 iteration 195/195 loss=68.3760 lr=0.00222499
CIFAR100 epoch 692/1000 iteration 50/195 loss=68.3617 lr=0.00222161
CIFAR100 epoch 692/1000 iteration 100/195 loss=68.7426 lr=0.00221824
CIFAR100 epoch 692/1000 iteration 150/195 loss=69.0018 lr=0.00221486
CIFAR100 epoch 692/1000 iteration 195/195 loss=68.9405 lr=0.00221183
CIFAR100 epoch 693/1000 iteration 50/195 loss=67.4829 lr=0.00220846
CIFAR100 epoch 693/1000 iteration 100/195 loss=67.9557 lr=0.0022051
CIFAR100 epoch 693/1000 iteration 150/195 loss=68.3485 lr=0.00220173
CIFAR100 epoch 693/1000 iteration 195/195 loss=68.3968 lr=0.0021987
CIFAR100 epoch 694/1000 iteration 50/195 loss=68.0493 lr=0.00219534
CIFAR100 epoch 694/1000 iteration 100/195 loss=68.7690 lr=0.00219198
CIFAR100 epoch 694/1000 iteration 150/195 loss=69.0330 lr=0.00218863
CIFAR100 epoch 694/1000 iteration 195/195 loss=68.9803 lr=0.00218561
CIFAR100 epoch 695/1000 iteration 50/195 loss=70.1198 lr=0.00218225
CIFAR100 epoch 695/1000 iteration 100/195 loss=69.6315 lr=0.0021789
CIFAR100 epoch 695/1000 iteration 150/195 loss=69.3013 lr=0.00217555
CIFAR100 epoch 695/1000 iteration 195/195 loss=69.0581 lr=0.00217254
CIFAR100 epoch 696/1000 iteration 50/195 loss=68.4252 lr=0.00216919
CIFAR100 epoch 696/1000 iteration 100/195 loss=68.5439 lr=0.00216584
CIFAR100 epoch 696/1000 iteration 150/195 loss=68.6228 lr=0.0021625
CIFAR100 epoch 696/1000 iteration 195/195 loss=68.7241 lr=0.00215949
CIFAR100 epoch 697/1000 iteration 50/195 loss=69.8763 lr=0.00215615
CIFAR100 epoch 697/1000 iteration 100/195 loss=69.2065 lr=0.00215282
CIFAR100 epoch 697/1000 iteration 150/195 loss=69.1073 lr=0.00214948
CIFAR100 epoch 697/1000 iteration 195/195 loss=68.8781 lr=0.00214648
CIFAR100 epoch 698/1000 iteration 50/195 loss=67.9885 lr=0.00214315
CIFAR100 epoch 698/1000 iteration 100/195 loss=68.1644 lr=0.00213982
CIFAR100 epoch 698/1000 iteration 150/195 loss=68.6963 lr=0.00213649
CIFAR100 epoch 698/1000 iteration 195/195 loss=68.7011 lr=0.0021335
CIFAR100 epoch 699/1000 iteration 50/195 loss=70.0899 lr=0.00213017
CIFAR100 epoch 699/1000 iteration 100/195 loss=69.4450 lr=0.00212685
CIFAR100 epoch 699/1000 iteration 150/195 loss=69.3119 lr=0.00212353
CIFAR100 epoch 699/1000 iteration 195/195 loss=68.7067 lr=0.00212054
CIFAR100 epoch 700/1000 iteration 50/195 loss=68.3513 lr=0.00211722
CIFAR100 epoch 700/1000 iteration 100/195 loss=68.0580 lr=0.00211391
CIFAR100 epoch 700/1000 iteration 150/195 loss=67.9261 lr=0.0021106
CIFAR100 epoch 700/1000 iteration 195/195 loss=67.8855 lr=0.00210762
[epoch 700/1000] saved backbone: /home/mmoslem3/scratch/MKDT/krrst_teacher_ckpt/barlow_twins_resnet18_cifar100.pt
CIFAR100 epoch 701/1000 iteration 50/195 loss=69.4359 lr=0.00210431
CIFAR100 epoch 701/1000 iteration 100/195 loss=68.7549 lr=0.002101
CIFAR100 epoch 701/1000 iteration 150/195 loss=68.6000 lr=0.00209769
CIFAR100 epoch 701/1000 iteration 195/195 loss=68.6319 lr=0.00209472
CIFAR100 epoch 702/1000 iteration 50/195 loss=68.5056 lr=0.00209142
CIFAR100 epoch 702/1000 iteration 100/195 loss=68.4811 lr=0.00208812
CIFAR100 epoch 702/1000 iteration 150/195 loss=68.5646 lr=0.00208482
CIFAR100 epoch 702/1000 iteration 195/195 loss=68.5362 lr=0.00208185
CIFAR100 epoch 703/1000 iteration 50/195 loss=68.5083 lr=0.00207856
CIFAR100 epoch 703/1000 iteration 100/195 loss=68.2965 lr=0.00207526
CIFAR100 epoch 703/1000 iteration 150/195 loss=68.3941 lr=0.00207197
CIFAR100 epoch 703/1000 iteration 195/195 loss=68.2407 lr=0.00206901
CIFAR100 epoch 704/1000 iteration 50/195 loss=68.5043 lr=0.00206573
CIFAR100 epoch 704/1000 iteration 100/195 loss=68.2789 lr=0.00206244
CIFAR100 epoch 704/1000 iteration 150/195 loss=68.0045 lr=0.00205916
CIFAR100 epoch 704/1000 iteration 195/195 loss=68.3969 lr=0.0020562
CIFAR100 epoch 705/1000 iteration 50/195 loss=68.0075 lr=0.00205292
CIFAR100 epoch 705/1000 iteration 100/195 loss=68.0196 lr=0.00204965
CIFAR100 epoch 705/1000 iteration 150/195 loss=68.1570 lr=0.00204637
CIFAR100 epoch 705/1000 iteration 195/195 loss=68.1410 lr=0.00204342
CIFAR100 epoch 706/1000 iteration 50/195 loss=67.5933 lr=0.00204015
CIFAR100 epoch 706/1000 iteration 100/195 loss=67.6332 lr=0.00203688
CIFAR100 epoch 706/1000 iteration 150/195 loss=68.2306 lr=0.00203362
CIFAR100 epoch 706/1000 iteration 195/195 loss=68.3681 lr=0.00203068
CIFAR100 epoch 707/1000 iteration 50/195 loss=68.6568 lr=0.00202741
CIFAR100 epoch 707/1000 iteration 100/195 loss=68.4455 lr=0.00202415
CIFAR100 epoch 707/1000 iteration 150/195 loss=68.5890 lr=0.00202089
CIFAR100 epoch 707/1000 iteration 195/195 loss=68.5840 lr=0.00201796
CIFAR100 epoch 708/1000 iteration 50/195 loss=68.4313 lr=0.0020147
CIFAR100 epoch 708/1000 iteration 100/195 loss=68.2269 lr=0.00201145
CIFAR100 epoch 708/1000 iteration 150/195 loss=67.9732 lr=0.00200819
CIFAR100 epoch 708/1000 iteration 195/195 loss=68.0366 lr=0.00200527
CIFAR100 epoch 709/1000 iteration 50/195 loss=68.0458 lr=0.00200202
CIFAR100 epoch 709/1000 iteration 100/195 loss=67.4172 lr=0.00199877
CIFAR100 epoch 709/1000 iteration 150/195 loss=67.9061 lr=0.00199553
CIFAR100 epoch 709/1000 iteration 195/195 loss=68.1880 lr=0.00199261
CIFAR100 epoch 710/1000 iteration 50/195 loss=68.5638 lr=0.00198937
CIFAR100 epoch 710/1000 iteration 100/195 loss=67.6243 lr=0.00198613
CIFAR100 epoch 710/1000 iteration 150/195 loss=67.8301 lr=0.00198289
CIFAR100 epoch 710/1000 iteration 195/195 loss=68.1995 lr=0.00197998
[epoch 710/1000] saved backbone: /home/mmoslem3/scratch/MKDT/krrst_teacher_ckpt/barlow_twins_resnet18_cifar100.pt
CIFAR100 epoch 711/1000 iteration 50/195 loss=67.9562 lr=0.00197675
CIFAR100 epoch 711/1000 iteration 100/195 loss=68.1068 lr=0.00197352
CIFAR100 epoch 711/1000 iteration 150/195 loss=68.0989 lr=0.00197029
CIFAR100 epoch 711/1000 iteration 195/195 loss=68.0168 lr=0.00196738
CIFAR100 epoch 712/1000 iteration 50/195 loss=68.4141 lr=0.00196416
CIFAR100 epoch 712/1000 iteration 100/195 loss=68.8557 lr=0.00196093
CIFAR100 epoch 712/1000 iteration 150/195 loss=68.8006 lr=0.00195771
CIFAR100 epoch 712/1000 iteration 195/195 loss=68.6937 lr=0.00195481
CIFAR100 epoch 713/1000 iteration 50/195 loss=68.6428 lr=0.0019516
CIFAR100 epoch 713/1000 iteration 100/195 loss=68.1650 lr=0.00194838
CIFAR100 epoch 713/1000 iteration 150/195 loss=68.0903 lr=0.00194517
CIFAR100 epoch 713/1000 iteration 195/195 loss=68.2466 lr=0.00194228
CIFAR100 epoch 714/1000 iteration 50/195 loss=68.0181 lr=0.00193907
CIFAR100 epoch 714/1000 iteration 100/195 loss=68.1373 lr=0.00193586
CIFAR100 epoch 714/1000 iteration 150/195 loss=68.0414 lr=0.00193265
CIFAR100 epoch 714/1000 iteration 195/195 loss=67.9976 lr=0.00192977
CIFAR100 epoch 715/1000 iteration 50/195 loss=67.9389 lr=0.00192657
CIFAR100 epoch 715/1000 iteration 100/195 loss=67.8930 lr=0.00192337
CIFAR100 epoch 715/1000 iteration 150/195 loss=67.6502 lr=0.00192017
CIFAR100 epoch 715/1000 iteration 195/195 loss=67.8395 lr=0.0019173
CIFAR100 epoch 716/1000 iteration 50/195 loss=67.4658 lr=0.0019141
CIFAR100 epoch 716/1000 iteration 100/195 loss=67.5817 lr=0.00191091
CIFAR100 epoch 716/1000 iteration 150/195 loss=67.6043 lr=0.00190772
CIFAR100 epoch 716/1000 iteration 195/195 loss=67.6852 lr=0.00190485
CIFAR100 epoch 717/1000 iteration 50/195 loss=68.1022 lr=0.00190167
CIFAR100 epoch 717/1000 iteration 100/195 loss=67.4652 lr=0.00189848
CIFAR100 epoch 717/1000 iteration 150/195 loss=67.9396 lr=0.0018953
CIFAR100 epoch 717/1000 iteration 195/195 loss=68.1121 lr=0.00189244
CIFAR100 epoch 718/1000 iteration 50/195 loss=68.0093 lr=0.00188926
CIFAR100 epoch 718/1000 iteration 100/195 loss=67.9362 lr=0.00188609
CIFAR100 epoch 718/1000 iteration 150/195 loss=67.8798 lr=0.00188291
CIFAR100 epoch 718/1000 iteration 195/195 loss=67.6497 lr=0.00188006
CIFAR100 epoch 719/1000 iteration 50/195 loss=68.3137 lr=0.00187689
CIFAR100 epoch 719/1000 iteration 100/195 loss=67.8332 lr=0.00187372
CIFAR100 epoch 719/1000 iteration 150/195 loss=67.7552 lr=0.00187055
CIFAR100 epoch 719/1000 iteration 195/195 loss=67.4294 lr=0.00186771
CIFAR100 epoch 720/1000 iteration 50/195 loss=67.5515 lr=0.00186455
CIFAR100 epoch 720/1000 iteration 100/195 loss=67.2701 lr=0.00186139
CIFAR100 epoch 720/1000 iteration 150/195 loss=68.0635 lr=0.00185823
CIFAR100 epoch 720/1000 iteration 195/195 loss=68.2142 lr=0.00185539
[epoch 720/1000] saved backbone: /home/mmoslem3/scratch/MKDT/krrst_teacher_ckpt/barlow_twins_resnet18_cifar100.pt
CIFAR100 epoch 721/1000 iteration 50/195 loss=67.9662 lr=0.00185224
CIFAR100 epoch 721/1000 iteration 100/195 loss=67.8495 lr=0.00184908
CIFAR100 epoch 721/1000 iteration 150/195 loss=67.7345 lr=0.00184594
CIFAR100 epoch 721/1000 iteration 195/195 loss=67.7215 lr=0.0018431
CIFAR100 epoch 722/1000 iteration 50/195 loss=66.8898 lr=0.00183996
CIFAR100 epoch 722/1000 iteration 100/195 loss=67.2729 lr=0.00183681
CIFAR100 epoch 722/1000 iteration 150/195 loss=67.4815 lr=0.00183367
CIFAR100 epoch 722/1000 iteration 195/195 loss=67.4937 lr=0.00183085
CIFAR100 epoch 723/1000 iteration 50/195 loss=67.9189 lr=0.00182771
CIFAR100 epoch 723/1000 iteration 100/195 loss=68.3285 lr=0.00182458
CIFAR100 epoch 723/1000 iteration 150/195 loss=67.9387 lr=0.00182144
CIFAR100 epoch 723/1000 iteration 195/195 loss=68.0371 lr=0.00181863
CIFAR100 epoch 724/1000 iteration 50/195 loss=67.9092 lr=0.0018155
CIFAR100 epoch 724/1000 iteration 100/195 loss=67.7418 lr=0.00181237
CIFAR100 epoch 724/1000 iteration 150/195 loss=67.7246 lr=0.00180924
CIFAR100 epoch 724/1000 iteration 195/195 loss=67.8228 lr=0.00180643
CIFAR100 epoch 725/1000 iteration 50/195 loss=68.4379 lr=0.00180331
CIFAR100 epoch 725/1000 iteration 100/195 loss=68.2678 lr=0.0018002
CIFAR100 epoch 725/1000 iteration 150/195 loss=67.8019 lr=0.00179708
CIFAR100 epoch 725/1000 iteration 195/195 loss=67.8982 lr=0.00179428
CIFAR100 epoch 726/1000 iteration 50/195 loss=68.4913 lr=0.00179116
CIFAR100 epoch 726/1000 iteration 100/195 loss=68.2530 lr=0.00178805
CIFAR100 epoch 726/1000 iteration 150/195 loss=68.5637 lr=0.00178495
CIFAR100 epoch 726/1000 iteration 195/195 loss=68.3238 lr=0.00178215
CIFAR100 epoch 727/1000 iteration 50/195 loss=67.9320 lr=0.00177905
CIFAR100 epoch 727/1000 iteration 100/195 loss=67.8433 lr=0.00177594
CIFAR100 epoch 727/1000 iteration 150/195 loss=67.8618 lr=0.00177284
CIFAR100 epoch 727/1000 iteration 195/195 loss=67.9289 lr=0.00177006
CIFAR100 epoch 728/1000 iteration 50/195 loss=66.8245 lr=0.00176696
CIFAR100 epoch 728/1000 iteration 100/195 loss=67.0961 lr=0.00176387
CIFAR100 epoch 728/1000 iteration 150/195 loss=67.1257 lr=0.00176078
CIFAR100 epoch 728/1000 iteration 195/195 loss=67.2994 lr=0.00175799
CIFAR100 epoch 729/1000 iteration 50/195 loss=67.5895 lr=0.00175491
CIFAR100 epoch 729/1000 iteration 100/195 loss=67.2755 lr=0.00175182
CIFAR100 epoch 729/1000 iteration 150/195 loss=67.1814 lr=0.00174874
CIFAR100 epoch 729/1000 iteration 195/195 loss=67.2789 lr=0.00174597
CIFAR100 epoch 730/1000 iteration 50/195 loss=68.0512 lr=0.00174289
CIFAR100 epoch 730/1000 iteration 100/195 loss=68.0852 lr=0.00173981
CIFAR100 epoch 730/1000 iteration 150/195 loss=67.7728 lr=0.00173674
CIFAR100 epoch 730/1000 iteration 195/195 loss=68.0459 lr=0.00173397
[epoch 730/1000] saved backbone: /home/mmoslem3/scratch/MKDT/krrst_teacher_ckpt/barlow_twins_resnet18_cifar100.pt
CIFAR100 epoch 731/1000 iteration 50/195 loss=68.1724 lr=0.0017309
CIFAR100 epoch 731/1000 iteration 100/195 loss=67.5043 lr=0.00172783
CIFAR100 epoch 731/1000 iteration 150/195 loss=67.5541 lr=0.00172477
CIFAR100 epoch 731/1000 iteration 195/195 loss=67.8943 lr=0.00172201
CIFAR100 epoch 732/1000 iteration 50/195 loss=67.3814 lr=0.00171895
CIFAR100 epoch 732/1000 iteration 100/195 loss=67.8686 lr=0.00171589
CIFAR100 epoch 732/1000 iteration 150/195 loss=67.7660 lr=0.00171283
CIFAR100 epoch 732/1000 iteration 195/195 loss=67.9009 lr=0.00171008
CIFAR100 epoch 733/1000 iteration 50/195 loss=68.2687 lr=0.00170702
CIFAR100 epoch 733/1000 iteration 100/195 loss=68.2785 lr=0.00170397
CIFAR100 epoch 733/1000 iteration 150/195 loss=68.4457 lr=0.00170092
CIFAR100 epoch 733/1000 iteration 195/195 loss=68.2792 lr=0.00169818
CIFAR100 epoch 734/1000 iteration 50/195 loss=66.8534 lr=0.00169514
CIFAR100 epoch 734/1000 iteration 100/195 loss=67.2052 lr=0.00169209
CIFAR100 epoch 734/1000 iteration 150/195 loss=67.6078 lr=0.00168905
CIFAR100 epoch 734/1000 iteration 195/195 loss=67.4721 lr=0.00168632
CIFAR100 epoch 735/1000 iteration 50/195 loss=68.8682 lr=0.00168328
CIFAR100 epoch 735/1000 iteration 100/195 loss=68.3397 lr=0.00168025
CIFAR100 epoch 735/1000 iteration 150/195 loss=68.3682 lr=0.00167722
CIFAR100 epoch 735/1000 iteration 195/195 loss=68.0820 lr=0.00167449
CIFAR100 epoch 736/1000 iteration 50/195 loss=67.8545 lr=0.00167146
CIFAR100 epoch 736/1000 iteration 100/195 loss=67.3836 lr=0.00166844
CIFAR100 epoch 736/1000 iteration 150/195 loss=67.4765 lr=0.00166541
CIFAR100 epoch 736/1000 iteration 195/195 loss=67.3933 lr=0.00166269
CIFAR100 epoch 737/1000 iteration 50/195 loss=67.8691 lr=0.00165967
CIFAR100 epoch 737/1000 iteration 100/195 loss=67.8587 lr=0.00165666
CIFAR100 epoch 737/1000 iteration 150/195 loss=68.1333 lr=0.00165364
CIFAR100 epoch 737/1000 iteration 195/195 loss=67.8979 lr=0.00165093
CIFAR100 epoch 738/1000 iteration 50/195 loss=67.7986 lr=0.00164792
CIFAR100 epoch 738/1000 iteration 100/195 loss=67.0849 lr=0.00164491
CIFAR100 epoch 738/1000 iteration 150/195 loss=67.3160 lr=0.0016419
CIFAR100 epoch 738/1000 iteration 195/195 loss=67.4952 lr=0.0016392
CIFAR100 epoch 739/1000 iteration 50/195 loss=67.3357 lr=0.0016362
CIFAR100 epoch 739/1000 iteration 100/195 loss=67.3258 lr=0.0016332
CIFAR100 epoch 739/1000 iteration 150/195 loss=67.1484 lr=0.0016302
CIFAR100 epoch 739/1000 iteration 195/195 loss=67.3258 lr=0.00162751
CIFAR100 epoch 740/1000 iteration 50/195 loss=66.3912 lr=0.00162451
CIFAR100 epoch 740/1000 iteration 100/195 loss=66.9777 lr=0.00162152
CIFAR100 epoch 740/1000 iteration 150/195 loss=67.1238 lr=0.00161853
CIFAR100 epoch 740/1000 iteration 195/195 loss=67.2817 lr=0.00161585
[epoch 740/1000] saved backbone: /home/mmoslem3/scratch/MKDT/krrst_teacher_ckpt/barlow_twins_resnet18_cifar100.pt
CIFAR100 epoch 741/1000 iteration 50/195 loss=68.5246 lr=0.00161286
CIFAR100 epoch 741/1000 iteration 100/195 loss=67.6721 lr=0.00160988
CIFAR100 epoch 741/1000 iteration 150/195 loss=67.5364 lr=0.0016069
CIFAR100 epoch 741/1000 iteration 195/195 loss=67.2734 lr=0.00160422
CIFAR100 epoch 742/1000 iteration 50/195 loss=67.2914 lr=0.00160124
CIFAR100 epoch 742/1000 iteration 100/195 loss=67.5141 lr=0.00159827
CIFAR100 epoch 742/1000 iteration 150/195 loss=67.4857 lr=0.0015953
CIFAR100 epoch 742/1000 iteration 195/195 loss=67.4808 lr=0.00159263
CIFAR100 epoch 743/1000 iteration 50/195 loss=66.7234 lr=0.00158966
CIFAR100 epoch 743/1000 iteration 100/195 loss=66.7886 lr=0.00158669
CIFAR100 epoch 743/1000 iteration 150/195 loss=67.0597 lr=0.00158373
CIFAR100 epoch 743/1000 iteration 195/195 loss=67.0418 lr=0.00158107
CIFAR100 epoch 744/1000 iteration 50/195 loss=67.1026 lr=0.00157811
CIFAR100 epoch 744/1000 iteration 100/195 loss=67.2033 lr=0.00157515
CIFAR100 epoch 744/1000 iteration 150/195 loss=66.9699 lr=0.0015722
CIFAR100 epoch 744/1000 iteration 195/195 loss=67.0568 lr=0.00156954
CIFAR100 epoch 745/1000 iteration 50/195 loss=67.5740 lr=0.0015666
CIFAR100 epoch 745/1000 iteration 100/195 loss=67.0661 lr=0.00156365
CIFAR100 epoch 745/1000 iteration 150/195 loss=67.0225 lr=0.0015607
CIFAR100 epoch 745/1000 iteration 195/195 loss=67.0883 lr=0.00155806
CIFAR100 epoch 746/1000 iteration 50/195 loss=66.2794 lr=0.00155512
CIFAR100 epoch 746/1000 iteration 100/195 loss=66.2155 lr=0.00155218
CIFAR100 epoch 746/1000 iteration 150/195 loss=66.6969 lr=0.00154924
CIFAR100 epoch 746/1000 iteration 195/195 loss=66.7243 lr=0.0015466
CIFAR100 epoch 747/1000 iteration 50/195 loss=67.0098 lr=0.00154367
CIFAR100 epoch 747/1000 iteration 100/195 loss=67.4204 lr=0.00154074
CIFAR100 epoch 747/1000 iteration 150/195 loss=67.4710 lr=0.00153781
CIFAR100 epoch 747/1000 iteration 195/195 loss=67.6292 lr=0.00153518
CIFAR100 epoch 748/1000 iteration 50/195 loss=68.5051 lr=0.00153226
CIFAR100 epoch 748/1000 iteration 100/195 loss=67.6188 lr=0.00152934
CIFAR100 epoch 748/1000 iteration 150/195 loss=67.6155 lr=0.00152642
CIFAR100 epoch 748/1000 iteration 195/195 loss=67.5308 lr=0.0015238
CIFAR100 epoch 749/1000 iteration 50/195 loss=66.8634 lr=0.00152088
CIFAR100 epoch 749/1000 iteration 100/195 loss=66.9690 lr=0.00151797
CIFAR100 epoch 749/1000 iteration 150/195 loss=66.8858 lr=0.00151506
CIFAR100 epoch 749/1000 iteration 195/195 loss=66.8919 lr=0.00151245
CIFAR100 epoch 750/1000 iteration 50/195 loss=66.6617 lr=0.00150954
CIFAR100 epoch 750/1000 iteration 100/195 loss=66.6039 lr=0.00150664
CIFAR100 epoch 750/1000 iteration 150/195 loss=66.5482 lr=0.00150374
CIFAR100 epoch 750/1000 iteration 195/195 loss=66.6713 lr=0.00150113
[epoch 750/1000] saved backbone: /home/mmoslem3/scratch/MKDT/krrst_teacher_ckpt/barlow_twins_resnet18_cifar100.pt
CIFAR100 epoch 751/1000 iteration 50/195 loss=65.9763 lr=0.00149824
CIFAR100 epoch 751/1000 iteration 100/195 loss=66.2309 lr=0.00149534
CIFAR100 epoch 751/1000 iteration 150/195 loss=66.5762 lr=0.00149245
CIFAR100 epoch 751/1000 iteration 195/195 loss=66.4942 lr=0.00148985
CIFAR100 epoch 752/1000 iteration 50/195 loss=67.8340 lr=0.00148697
CIFAR100 epoch 752/1000 iteration 100/195 loss=67.5288 lr=0.00148408
CIFAR100 epoch 752/1000 iteration 150/195 loss=67.1747 lr=0.0014812
CIFAR100 epoch 752/1000 iteration 195/195 loss=67.1923 lr=0.00147861
CIFAR100 epoch 753/1000 iteration 50/195 loss=67.2347 lr=0.00147573
CIFAR100 epoch 753/1000 iteration 100/195 loss=67.1425 lr=0.00147286
CIFAR100 epoch 753/1000 iteration 150/195 loss=67.3184 lr=0.00146999
CIFAR100 epoch 753/1000 iteration 195/195 loss=67.3010 lr=0.0014674
CIFAR100 epoch 754/1000 iteration 50/195 loss=67.1328 lr=0.00146453
CIFAR100 epoch 754/1000 iteration 100/195 loss=66.4931 lr=0.00146167
CIFAR100 epoch 754/1000 iteration 150/195 loss=66.7338 lr=0.0014588
CIFAR100 epoch 754/1000 iteration 195/195 loss=66.4946 lr=0.00145623
CIFAR100 epoch 755/1000 iteration 50/195 loss=66.2438 lr=0.00145337
CIFAR100 epoch 755/1000 iteration 100/195 loss=67.1605 lr=0.00145051
CIFAR100 epoch 755/1000 iteration 150/195 loss=67.2931 lr=0.00144766
CIFAR100 epoch 755/1000 iteration 195/195 loss=66.9343 lr=0.00144509
CIFAR100 epoch 756/1000 iteration 50/195 loss=66.5143 lr=0.00144224
CIFAR100 epoch 756/1000 iteration 100/195 loss=66.7745 lr=0.0014394
CIFAR100 epoch 756/1000 iteration 150/195 loss=67.0475 lr=0.00143655
CIFAR100 epoch 756/1000 iteration 195/195 loss=66.8547 lr=0.00143399
CIFAR100 epoch 757/1000 iteration 50/195 loss=65.7380 lr=0.00143115
CIFAR100 epoch 757/1000 iteration 100/195 loss=66.2314 lr=0.00142831
CIFAR100 epoch 757/1000 iteration 150/195 loss=66.0379 lr=0.00142548
CIFAR100 epoch 757/1000 iteration 195/195 loss=66.1260 lr=0.00142293
CIFAR100 epoch 758/1000 iteration 50/195 loss=67.9903 lr=0.0014201
CIFAR100 epoch 758/1000 iteration 100/195 loss=67.4456 lr=0.00141727
CIFAR100 epoch 758/1000 iteration 150/195 loss=67.1167 lr=0.00141444
CIFAR100 epoch 758/1000 iteration 195/195 loss=67.1354 lr=0.0014119
CIFAR100 epoch 759/1000 iteration 50/195 loss=66.8037 lr=0.00140908
CIFAR100 epoch 759/1000 iteration 100/195 loss=66.7198 lr=0.00140626
CIFAR100 epoch 759/1000 iteration 150/195 loss=66.8293 lr=0.00140344
CIFAR100 epoch 759/1000 iteration 195/195 loss=66.9536 lr=0.0014009
CIFAR100 epoch 760/1000 iteration 50/195 loss=67.0526 lr=0.00139809
CIFAR100 epoch 760/1000 iteration 100/195 loss=66.5870 lr=0.00139528
CIFAR100 epoch 760/1000 iteration 150/195 loss=66.4741 lr=0.00139247
CIFAR100 epoch 760/1000 iteration 195/195 loss=66.3207 lr=0.00138995
[epoch 760/1000] saved backbone: /home/mmoslem3/scratch/MKDT/krrst_teacher_ckpt/barlow_twins_resnet18_cifar100.pt
CIFAR100 epoch 761/1000 iteration 50/195 loss=66.6783 lr=0.00138714
CIFAR100 epoch 761/1000 iteration 100/195 loss=66.2428 lr=0.00138434
CIFAR100 epoch 761/1000 iteration 150/195 loss=66.7130 lr=0.00138155
CIFAR100 epoch 761/1000 iteration 195/195 loss=66.8142 lr=0.00137903
CIFAR100 epoch 762/1000 iteration 50/195 loss=66.9628 lr=0.00137623
CIFAR100 epoch 762/1000 iteration 100/195 loss=66.8547 lr=0.00137344
CIFAR100 epoch 762/1000 iteration 150/195 loss=66.7800 lr=0.00137065
CIFAR100 epoch 762/1000 iteration 195/195 loss=66.6716 lr=0.00136814
CIFAR100 epoch 763/1000 iteration 50/195 loss=67.2766 lr=0.00136536
CIFAR100 epoch 763/1000 iteration 100/195 loss=67.0021 lr=0.00136258
CIFAR100 epoch 763/1000 iteration 150/195 loss=66.8528 lr=0.0013598
CIFAR100 epoch 763/1000 iteration 195/195 loss=66.8225 lr=0.0013573
CIFAR100 epoch 764/1000 iteration 50/195 loss=67.6702 lr=0.00135452
CIFAR100 epoch 764/1000 iteration 100/195 loss=67.9505 lr=0.00135175
CIFAR100 epoch 764/1000 iteration 150/195 loss=67.4234 lr=0.00134898
CIFAR100 epoch 764/1000 iteration 195/195 loss=67.1578 lr=0.00134649
CIFAR100 epoch 765/1000 iteration 50/195 loss=66.4602 lr=0.00134372
CIFAR100 epoch 765/1000 iteration 100/195 loss=66.3703 lr=0.00134096
CIFAR100 epoch 765/1000 iteration 150/195 loss=66.6326 lr=0.0013382
CIFAR100 epoch 765/1000 iteration 195/195 loss=66.6580 lr=0.00133571
CIFAR100 epoch 766/1000 iteration 50/195 loss=65.2795 lr=0.00133296
CIFAR100 epoch 766/1000 iteration 100/195 loss=65.6157 lr=0.0013302
CIFAR100 epoch 766/1000 iteration 150/195 loss=65.8209 lr=0.00132745
CIFAR100 epoch 766/1000 iteration 195/195 loss=66.0457 lr=0.00132498
CIFAR100 epoch 767/1000 iteration 50/195 loss=66.7054 lr=0.00132223
CIFAR100 epoch 767/1000 iteration 100/195 loss=66.6647 lr=0.00131949
CIFAR100 epoch 767/1000 iteration 150/195 loss=66.7813 lr=0.00131674
CIFAR100 epoch 767/1000 iteration 195/195 loss=66.8375 lr=0.00131428
CIFAR100 epoch 768/1000 iteration 50/195 loss=66.5373 lr=0.00131154
CIFAR100 epoch 768/1000 iteration 100/195 loss=66.1694 lr=0.00130881
CIFAR100 epoch 768/1000 iteration 150/195 loss=66.2339 lr=0.00130607
CIFAR100 epoch 768/1000 iteration 195/195 loss=66.4585 lr=0.00130362
CIFAR100 epoch 769/1000 iteration 50/195 loss=65.8799 lr=0.00130089
CIFAR100 epoch 769/1000 iteration 100/195 loss=66.1792 lr=0.00129816
CIFAR100 epoch 769/1000 iteration 150/195 loss=66.2174 lr=0.00129544
CIFAR100 epoch 769/1000 iteration 195/195 loss=66.4162 lr=0.00129299
CIFAR100 epoch 770/1000 iteration 50/195 loss=64.9070 lr=0.00129027
CIFAR100 epoch 770/1000 iteration 100/195 loss=65.9841 lr=0.00128756
CIFAR100 epoch 770/1000 iteration 150/195 loss=66.2002 lr=0.00128484
CIFAR100 epoch 770/1000 iteration 195/195 loss=66.2704 lr=0.0012824
[epoch 770/1000] saved backbone: /home/mmoslem3/scratch/MKDT/krrst_teacher_ckpt/barlow_twins_resnet18_cifar100.pt
CIFAR100 epoch 771/1000 iteration 50/195 loss=66.0441 lr=0.0012797
CIFAR100 epoch 771/1000 iteration 100/195 loss=66.3286 lr=0.00127699
CIFAR100 epoch 771/1000 iteration 150/195 loss=66.3719 lr=0.00127429
CIFAR100 epoch 771/1000 iteration 195/195 loss=66.5731 lr=0.00127185
CIFAR100 epoch 772/1000 iteration 50/195 loss=65.4061 lr=0.00126915
CIFAR100 epoch 772/1000 iteration 100/195 loss=65.7348 lr=0.00126646
CIFAR100 epoch 772/1000 iteration 150/195 loss=65.9560 lr=0.00126376
CIFAR100 epoch 772/1000 iteration 195/195 loss=66.0564 lr=0.00126134
CIFAR100 epoch 773/1000 iteration 50/195 loss=66.2709 lr=0.00125865
CIFAR100 epoch 773/1000 iteration 100/195 loss=66.4925 lr=0.00125597
CIFAR100 epoch 773/1000 iteration 150/195 loss=66.7026 lr=0.00125328
CIFAR100 epoch 773/1000 iteration 195/195 loss=66.7225 lr=0.00125087
CIFAR100 epoch 774/1000 iteration 50/195 loss=66.6970 lr=0.00124819
CIFAR100 epoch 774/1000 iteration 100/195 loss=65.8550 lr=0.00124551
CIFAR100 epoch 774/1000 iteration 150/195 loss=65.9190 lr=0.00124284
CIFAR100 epoch 774/1000 iteration 195/195 loss=66.1541 lr=0.00124043
CIFAR100 epoch 775/1000 iteration 50/195 loss=66.4788 lr=0.00123776
CIFAR100 epoch 775/1000 iteration 100/195 loss=66.8206 lr=0.00123509
CIFAR100 epoch 775/1000 iteration 150/195 loss=66.6206 lr=0.00123243
CIFAR100 epoch 775/1000 iteration 195/195 loss=66.5225 lr=0.00123003
CIFAR100 epoch 776/1000 iteration 50/195 loss=66.7810 lr=0.00122737
CIFAR100 epoch 776/1000 iteration 100/195 loss=66.6596 lr=0.00122471
CIFAR100 epoch 776/1000 iteration 150/195 loss=66.2971 lr=0.00122206
CIFAR100 epoch 776/1000 iteration 195/195 loss=66.2387 lr=0.00121967
CIFAR100 epoch 777/1000 iteration 50/195 loss=66.1067 lr=0.00121702
CIFAR100 epoch 777/1000 iteration 100/195 loss=66.9642 lr=0.00121437
CIFAR100 epoch 777/1000 iteration 150/195 loss=66.6155 lr=0.00121173
CIFAR100 epoch 777/1000 iteration 195/195 loss=66.2895 lr=0.00120935
CIFAR100 epoch 778/1000 iteration 50/195 loss=65.5092 lr=0.00120671
CIFAR100 epoch 778/1000 iteration 100/195 loss=66.0256 lr=0.00120407
CIFAR100 epoch 778/1000 iteration 150/195 loss=66.0615 lr=0.00120143
CIFAR100 epoch 778/1000 iteration 195/195 loss=66.3185 lr=0.00119906
CIFAR100 epoch 779/1000 iteration 50/195 loss=66.8102 lr=0.00119643
CIFAR100 epoch 779/1000 iteration 100/195 loss=66.2387 lr=0.0011938
CIFAR100 epoch 779/1000 iteration 150/195 loss=65.9542 lr=0.00119118
CIFAR100 epoch 779/1000 iteration 195/195 loss=65.9995 lr=0.00118882
CIFAR100 epoch 780/1000 iteration 50/195 loss=65.9811 lr=0.00118619
CIFAR100 epoch 780/1000 iteration 100/195 loss=66.3174 lr=0.00118358
CIFAR100 epoch 780/1000 iteration 150/195 loss=66.1454 lr=0.00118096
CIFAR100 epoch 780/1000 iteration 195/195 loss=66.0337 lr=0.00117861
[epoch 780/1000] saved backbone: /home/mmoslem3/scratch/MKDT/krrst_teacher_ckpt/barlow_twins_resnet18_cifar100.pt
CIFAR100 epoch 781/1000 iteration 50/195 loss=65.7329 lr=0.001176
CIFAR100 epoch 781/1000 iteration 100/195 loss=66.2438 lr=0.00117339
CIFAR100 epoch 781/1000 iteration 150/195 loss=66.0008 lr=0.00117078
CIFAR100 epoch 781/1000 iteration 195/195 loss=65.9269 lr=0.00116844
CIFAR100 epoch 782/1000 iteration 50/195 loss=66.1353 lr=0.00116584
CIFAR100 epoch 782/1000 iteration 100/195 loss=65.7763 lr=0.00116324
CIFAR100 epoch 782/1000 iteration 150/195 loss=66.2870 lr=0.00116064
CIFAR100 epoch 782/1000 iteration 195/195 loss=66.2770 lr=0.00115831
CIFAR100 epoch 783/1000 iteration 50/195 loss=65.5879 lr=0.00115572
CIFAR100 epoch 783/1000 iteration 100/195 loss=65.7422 lr=0.00115313
CIFAR100 epoch 783/1000 iteration 150/195 loss=66.0311 lr=0.00115054
CIFAR100 epoch 783/1000 iteration 195/195 loss=66.2679 lr=0.00114822
CIFAR100 epoch 784/1000 iteration 50/195 loss=65.3450 lr=0.00114563
CIFAR100 epoch 784/1000 iteration 100/195 loss=65.7952 lr=0.00114306
CIFAR100 epoch 784/1000 iteration 150/195 loss=65.9886 lr=0.00114048
CIFAR100 epoch 784/1000 iteration 195/195 loss=65.8103 lr=0.00113816
CIFAR100 epoch 785/1000 iteration 50/195 loss=65.8396 lr=0.00113559
CIFAR100 epoch 785/1000 iteration 100/195 loss=66.1799 lr=0.00113302
CIFAR100 epoch 785/1000 iteration 150/195 loss=66.6853 lr=0.00113046
CIFAR100 epoch 785/1000 iteration 195/195 loss=67.0771 lr=0.00112815
CIFAR100 epoch 786/1000 iteration 50/195 loss=65.7638 lr=0.00112559
CIFAR100 epoch 786/1000 iteration 100/195 loss=65.2272 lr=0.00112303
CIFAR100 epoch 786/1000 iteration 150/195 loss=65.7721 lr=0.00112047
CIFAR100 epoch 786/1000 iteration 195/195 loss=65.9914 lr=0.00111817
CIFAR100 epoch 787/1000 iteration 50/195 loss=67.1473 lr=0.00111562
CIFAR100 epoch 787/1000 iteration 100/195 loss=66.8226 lr=0.00111307
CIFAR100 epoch 787/1000 iteration 150/195 loss=66.5776 lr=0.00111053
CIFAR100 epoch 787/1000 iteration 195/195 loss=66.4234 lr=0.00110824
CIFAR100 epoch 788/1000 iteration 50/195 loss=66.2793 lr=0.0011057
CIFAR100 epoch 788/1000 iteration 100/195 loss=65.5117 lr=0.00110316
CIFAR100 epoch 788/1000 iteration 150/195 loss=65.7554 lr=0.00110062
CIFAR100 epoch 788/1000 iteration 195/195 loss=65.7322 lr=0.00109834
CIFAR100 epoch 789/1000 iteration 50/195 loss=65.7990 lr=0.00109581
CIFAR100 epoch 789/1000 iteration 100/195 loss=66.0868 lr=0.00109328
CIFAR100 epoch 789/1000 iteration 150/195 loss=66.2234 lr=0.00109075
CIFAR100 epoch 789/1000 iteration 195/195 loss=66.1789 lr=0.00108848
CIFAR100 epoch 790/1000 iteration 50/195 loss=66.6572 lr=0.00108596
CIFAR100 epoch 790/1000 iteration 100/195 loss=66.3643 lr=0.00108344
CIFAR100 epoch 790/1000 iteration 150/195 loss=66.3653 lr=0.00108093
CIFAR100 epoch 790/1000 iteration 195/195 loss=66.4736 lr=0.00107866
[epoch 790/1000] saved backbone: /home/mmoslem3/scratch/MKDT/krrst_teacher_ckpt/barlow_twins_resnet18_cifar100.pt
CIFAR100 epoch 791/1000 iteration 50/195 loss=65.4830 lr=0.00107615
CIFAR100 epoch 791/1000 iteration 100/195 loss=65.8236 lr=0.00107365
CIFAR100 epoch 791/1000 iteration 150/195 loss=65.6512 lr=0.00107114
CIFAR100 epoch 791/1000 iteration 195/195 loss=65.8739 lr=0.00106889
CIFAR100 epoch 792/1000 iteration 50/195 loss=66.6815 lr=0.00106639
CIFAR100 epoch 792/1000 iteration 100/195 loss=66.8739 lr=0.00106389
CIFAR100 epoch 792/1000 iteration 150/195 loss=66.4372 lr=0.00106139
CIFAR100 epoch 792/1000 iteration 195/195 loss=66.2892 lr=0.00105915
CIFAR100 epoch 793/1000 iteration 50/195 loss=65.2473 lr=0.00105666
CIFAR100 epoch 793/1000 iteration 100/195 loss=65.7603 lr=0.00105417
CIFAR100 epoch 793/1000 iteration 150/195 loss=65.4380 lr=0.00105168
CIFAR100 epoch 793/1000 iteration 195/195 loss=65.7449 lr=0.00104945
CIFAR100 epoch 794/1000 iteration 50/195 loss=64.9747 lr=0.00104697
CIFAR100 epoch 794/1000 iteration 100/195 loss=65.0159 lr=0.00104449
CIFAR100 epoch 794/1000 iteration 150/195 loss=65.4044 lr=0.00104201
CIFAR100 epoch 794/1000 iteration 195/195 loss=65.7256 lr=0.00103979
CIFAR100 epoch 795/1000 iteration 50/195 loss=65.2925 lr=0.00103732
CIFAR100 epoch 795/1000 iteration 100/195 loss=65.4210 lr=0.00103485
CIFAR100 epoch 795/1000 iteration 150/195 loss=65.5761 lr=0.00103239
CIFAR100 epoch 795/1000 iteration 195/195 loss=65.8283 lr=0.00103017
CIFAR100 epoch 796/1000 iteration 50/195 loss=66.4621 lr=0.00102771
CIFAR100 epoch 796/1000 iteration 100/195 loss=66.4839 lr=0.00102525
CIFAR100 epoch 796/1000 iteration 150/195 loss=66.5312 lr=0.0010228
CIFAR100 epoch 796/1000 iteration 195/195 loss=66.3587 lr=0.00102059
CIFAR100 epoch 797/1000 iteration 50/195 loss=65.0961 lr=0.00101814
CIFAR100 epoch 797/1000 iteration 100/195 loss=64.6072 lr=0.00101569
CIFAR100 epoch 797/1000 iteration 150/195 loss=65.2222 lr=0.00101325
CIFAR100 epoch 797/1000 iteration 195/195 loss=65.4587 lr=0.00101105
CIFAR100 epoch 798/1000 iteration 50/195 loss=66.2904 lr=0.00100861
CIFAR100 epoch 798/1000 iteration 100/195 loss=65.7438 lr=0.00100617
CIFAR100 epoch 798/1000 iteration 150/195 loss=65.9652 lr=0.00100374
CIFAR100 epoch 798/1000 iteration 195/195 loss=65.7504 lr=0.00100155
CIFAR100 epoch 799/1000 iteration 50/195 loss=65.4341 lr=0.000999123
CIFAR100 epoch 799/1000 iteration 100/195 loss=65.9339 lr=0.000996696
CIFAR100 epoch 799/1000 iteration 150/195 loss=66.0285 lr=0.000994273
CIFAR100 epoch 799/1000 iteration 195/195 loss=65.9548 lr=0.000992093
CIFAR100 epoch 800/1000 iteration 50/195 loss=65.6421 lr=0.000989675
CIFAR100 epoch 800/1000 iteration 100/195 loss=65.4744 lr=0.000987258
CIFAR100 epoch 800/1000 iteration 150/195 loss=65.5519 lr=0.000984845
CIFAR100 epoch 800/1000 iteration 195/195 loss=65.5827 lr=0.000982675
[epoch 800/1000] saved backbone: /home/mmoslem3/scratch/MKDT/krrst_teacher_ckpt/barlow_twins_resnet18_cifar100.pt
CIFAR100 epoch 801/1000 iteration 50/195 loss=65.6476 lr=0.000980267
CIFAR100 epoch 801/1000 iteration 100/195 loss=65.4778 lr=0.000977861
CIFAR100 epoch 801/1000 iteration 150/195 loss=65.5779 lr=0.000975458
CIFAR100 epoch 801/1000 iteration 195/195 loss=65.4574 lr=0.000973297
CIFAR100 epoch 802/1000 iteration 50/195 loss=65.2087 lr=0.000970899
CIFAR100 epoch 802/1000 iteration 100/195 loss=65.7012 lr=0.000968504
CIFAR100 epoch 802/1000 iteration 150/195 loss=65.8602 lr=0.000966111
CIFAR100 epoch 802/1000 iteration 195/195 loss=66.0806 lr=0.00096396
CIFAR100 epoch 803/1000 iteration 50/195 loss=66.2341 lr=0.000961573
CIFAR100 epoch 803/1000 iteration 100/195 loss=66.1204 lr=0.000959188
CIFAR100 epoch 803/1000 iteration 150/195 loss=66.4912 lr=0.000956805
CIFAR100 epoch 803/1000 iteration 195/195 loss=66.4174 lr=0.000954664
CIFAR100 epoch 804/1000 iteration 50/195 loss=65.7095 lr=0.000952286
CIFAR100 epoch 804/1000 iteration 100/195 loss=65.4155 lr=0.000949912
CIFAR100 epoch 804/1000 iteration 150/195 loss=65.5163 lr=0.00094754
CIFAR100 epoch 804/1000 iteration 195/195 loss=65.7637 lr=0.000945408
CIFAR100 epoch 805/1000 iteration 50/195 loss=65.3875 lr=0.000943041
CIFAR100 epoch 805/1000 iteration 100/195 loss=65.8166 lr=0.000940677
CIFAR100 epoch 805/1000 iteration 150/195 loss=65.7081 lr=0.000938316
CIFAR100 epoch 805/1000 iteration 195/195 loss=66.0916 lr=0.000936193
CIFAR100 epoch 806/1000 iteration 50/195 loss=64.5306 lr=0.000933837
CIFAR100 epoch 806/1000 iteration 100/195 loss=65.0257 lr=0.000931483
CIFAR100 epoch 806/1000 iteration 150/195 loss=65.3560 lr=0.000929133
CIFAR100 epoch 806/1000 iteration 195/195 loss=65.3758 lr=0.000927019
CIFAR100 epoch 807/1000 iteration 50/195 loss=65.3730 lr=0.000924674
CIFAR100 epoch 807/1000 iteration 100/195 loss=65.3273 lr=0.000922331
CIFAR100 epoch 807/1000 iteration 150/195 loss=65.3982 lr=0.00091999
CIFAR100 epoch 807/1000 iteration 195/195 loss=65.3921 lr=0.000917886
CIFAR100 epoch 808/1000 iteration 50/195 loss=65.2992 lr=0.000915551
CIFAR100 epoch 808/1000 iteration 100/195 loss=65.5629 lr=0.000913219
CIFAR100 epoch 808/1000 iteration 150/195 loss=65.5103 lr=0.000910889
CIFAR100 epoch 808/1000 iteration 195/195 loss=65.5427 lr=0.000908795
CIFAR100 epoch 809/1000 iteration 50/195 loss=66.9557 lr=0.00090647
CIFAR100 epoch 809/1000 iteration 100/195 loss=65.8970 lr=0.000904149
CIFAR100 epoch 809/1000 iteration 150/195 loss=65.7152 lr=0.000901829
CIFAR100 epoch 809/1000 iteration 195/195 loss=65.7120 lr=0.000899745
CIFAR100 epoch 810/1000 iteration 50/195 loss=65.2709 lr=0.000897431
CIFAR100 epoch 810/1000 iteration 100/195 loss=65.5715 lr=0.000895119
CIFAR100 epoch 810/1000 iteration 150/195 loss=65.4386 lr=0.000892811
CIFAR100 epoch 810/1000 iteration 195/195 loss=65.3492 lr=0.000890735
[epoch 810/1000] saved backbone: /home/mmoslem3/scratch/MKDT/krrst_teacher_ckpt/barlow_twins_resnet18_cifar100.pt
CIFAR100 epoch 811/1000 iteration 50/195 loss=66.0987 lr=0.000888432
CIFAR100 epoch 811/1000 iteration 100/195 loss=65.9637 lr=0.000886132
CIFAR100 epoch 811/1000 iteration 150/195 loss=65.6462 lr=0.000883834
CIFAR100 epoch 811/1000 iteration 195/195 loss=65.8816 lr=0.000881768
CIFAR100 epoch 812/1000 iteration 50/195 loss=64.6717 lr=0.000879475
CIFAR100 epoch 812/1000 iteration 100/195 loss=65.1934 lr=0.000877185
CIFAR100 epoch 812/1000 iteration 150/195 loss=65.6956 lr=0.000874898
CIFAR100 epoch 812/1000 iteration 195/195 loss=65.7368 lr=0.000872842
CIFAR100 epoch 813/1000 iteration 50/195 loss=66.2443 lr=0.00087056
CIFAR100 epoch 813/1000 iteration 100/195 loss=65.4873 lr=0.00086828
CIFAR100 epoch 813/1000 iteration 150/195 loss=65.4422 lr=0.000866004
CIFAR100 epoch 813/1000 iteration 195/195 loss=65.4656 lr=0.000863957
CIFAR100 epoch 814/1000 iteration 50/195 loss=66.4678 lr=0.000861686
CIFAR100 epoch 814/1000 iteration 100/195 loss=65.6715 lr=0.000859417
CIFAR100 epoch 814/1000 iteration 150/195 loss=65.5146 lr=0.000857151
CIFAR100 epoch 814/1000 iteration 195/195 loss=65.4782 lr=0.000855115
CIFAR100 epoch 815/1000 iteration 50/195 loss=64.5093 lr=0.000852854
CIFAR100 epoch 815/1000 iteration 100/195 loss=65.1078 lr=0.000850596
CIFAR100 epoch 815/1000 iteration 150/195 loss=65.1692 lr=0.000848341
CIFAR100 epoch 815/1000 iteration 195/195 loss=65.3991 lr=0.000846314
CIFAR100 epoch 816/1000 iteration 50/195 loss=64.3986 lr=0.000844064
CIFAR100 epoch 816/1000 iteration 100/195 loss=65.4625 lr=0.000841816
CIFAR100 epoch 816/1000 iteration 150/195 loss=65.6497 lr=0.000839572
CIFAR100 epoch 816/1000 iteration 195/195 loss=65.8002 lr=0.000837554
CIFAR100 epoch 817/1000 iteration 50/195 loss=64.9251 lr=0.000835315
CIFAR100 epoch 817/1000 iteration 100/195 loss=65.0291 lr=0.000833079
CIFAR100 epoch 817/1000 iteration 150/195 loss=65.1627 lr=0.000830845
CIFAR100 epoch 817/1000 iteration 195/195 loss=65.1785 lr=0.000828837
CIFAR100 epoch 818/1000 iteration 50/195 loss=66.4426 lr=0.000826609
CIFAR100 epoch 818/1000 iteration 100/195 loss=65.4465 lr=0.000824383
CIFAR100 epoch 818/1000 iteration 150/195 loss=65.4800 lr=0.00082216
CIFAR100 epoch 818/1000 iteration 195/195 loss=65.5062 lr=0.000820162
CIFAR100 epoch 819/1000 iteration 50/195 loss=64.8629 lr=0.000817945
CIFAR100 epoch 819/1000 iteration 100/195 loss=65.5046 lr=0.00081573
CIFAR100 epoch 819/1000 iteration 150/195 loss=65.4153 lr=0.000813518
CIFAR100 epoch 819/1000 iteration 195/195 loss=65.5186 lr=0.000811529
CIFAR100 epoch 820/1000 iteration 50/195 loss=64.8335 lr=0.000809323
CIFAR100 epoch 820/1000 iteration 100/195 loss=65.0958 lr=0.000807119
CIFAR100 epoch 820/1000 iteration 150/195 loss=65.1048 lr=0.000804917
CIFAR100 epoch 820/1000 iteration 195/195 loss=65.0701 lr=0.000802939
[epoch 820/1000] saved backbone: /home/mmoslem3/scratch/MKDT/krrst_teacher_ckpt/barlow_twins_resnet18_cifar100.pt
CIFAR100 epoch 821/1000 iteration 50/195 loss=65.8625 lr=0.000800743
CIFAR100 epoch 821/1000 iteration 100/195 loss=65.5367 lr=0.00079855
CIFAR100 epoch 821/1000 iteration 150/195 loss=65.2220 lr=0.000796359
CIFAR100 epoch 821/1000 iteration 195/195 loss=65.0623 lr=0.00079439
CIFAR100 epoch 822/1000 iteration 50/195 loss=66.1987 lr=0.000792205
CIFAR100 epoch 822/1000 iteration 100/195 loss=65.7683 lr=0.000790023
CIFAR100 epoch 822/1000 iteration 150/195 loss=65.3589 lr=0.000787843
CIFAR100 epoch 822/1000 iteration 195/195 loss=65.4601 lr=0.000785884
CIFAR100 epoch 823/1000 iteration 50/195 loss=64.9417 lr=0.00078371
CIFAR100 epoch 823/1000 iteration 100/195 loss=65.2650 lr=0.000781539
CIFAR100 epoch 823/1000 iteration 150/195 loss=65.3179 lr=0.00077937
CIFAR100 epoch 823/1000 iteration 195/195 loss=65.4542 lr=0.000777421
CIFAR100 epoch 824/1000 iteration 50/195 loss=66.8633 lr=0.000775257
CIFAR100 epoch 824/1000 iteration 100/195 loss=65.8115 lr=0.000773097
CIFAR100 epoch 824/1000 iteration 150/195 loss=65.3222 lr=0.000770939
CIFAR100 epoch 824/1000 iteration 195/195 loss=65.4604 lr=0.000769
CIFAR100 epoch 825/1000 iteration 50/195 loss=64.1603 lr=0.000766847
CIFAR100 epoch 825/1000 iteration 100/195 loss=64.7937 lr=0.000764698
CIFAR100 epoch 825/1000 iteration 150/195 loss=64.9751 lr=0.000762551
CIFAR100 epoch 825/1000 iteration 195/195 loss=65.1091 lr=0.000760621
CIFAR100 epoch 826/1000 iteration 50/195 loss=65.6640 lr=0.00075848
CIFAR100 epoch 826/1000 iteration 100/195 loss=65.5950 lr=0.000756341
CIFAR100 epoch 826/1000 iteration 150/195 loss=65.4573 lr=0.000754206
CIFAR100 epoch 826/1000 iteration 195/195 loss=65.2401 lr=0.000752286
CIFAR100 epoch 827/1000 iteration 50/195 loss=64.6766 lr=0.000750156
CIFAR100 epoch 827/1000 iteration 100/195 loss=64.7046 lr=0.000748028
CIFAR100 epoch 827/1000 iteration 150/195 loss=64.7490 lr=0.000745903
CIFAR100 epoch 827/1000 iteration 195/195 loss=64.9090 lr=0.000743993
CIFAR100 epoch 828/1000 iteration 50/195 loss=64.7289 lr=0.000741874
CIFAR100 epoch 828/1000 iteration 100/195 loss=65.0411 lr=0.000739757
CIFAR100 epoch 828/1000 iteration 150/195 loss=64.7910 lr=0.000737643
CIFAR100 epoch 828/1000 iteration 195/195 loss=65.0248 lr=0.000735743
CIFAR100 epoch 829/1000 iteration 50/195 loss=63.4433 lr=0.000733635
CIFAR100 epoch 829/1000 iteration 100/195 loss=64.2081 lr=0.000731529
CIFAR100 epoch 829/1000 iteration 150/195 loss=64.9758 lr=0.000729427
CIFAR100 epoch 829/1000 iteration 195/195 loss=65.0781 lr=0.000727537
CIFAR100 epoch 830/1000 iteration 50/195 loss=65.4798 lr=0.000725439
CIFAR100 epoch 830/1000 iteration 100/195 loss=65.4349 lr=0.000723345
CIFAR100 epoch 830/1000 iteration 150/195 loss=65.3218 lr=0.000721253
CIFAR100 epoch 830/1000 iteration 195/195 loss=65.0112 lr=0.000719373
[epoch 830/1000] saved backbone: /home/mmoslem3/scratch/MKDT/krrst_teacher_ckpt/barlow_twins_resnet18_cifar100.pt
CIFAR100 epoch 831/1000 iteration 50/195 loss=65.0013 lr=0.000717287
CIFAR100 epoch 831/1000 iteration 100/195 loss=64.6972 lr=0.000715203
CIFAR100 epoch 831/1000 iteration 150/195 loss=64.7171 lr=0.000713122
CIFAR100 epoch 831/1000 iteration 195/195 loss=64.6666 lr=0.000711252
CIFAR100 epoch 832/1000 iteration 50/195 loss=64.5155 lr=0.000709177
CIFAR100 epoch 832/1000 iteration 100/195 loss=65.0897 lr=0.000707105
CIFAR100 epoch 832/1000 iteration 150/195 loss=65.3348 lr=0.000705035
CIFAR100 epoch 832/1000 iteration 195/195 loss=65.4134 lr=0.000703175
CIFAR100 epoch 833/1000 iteration 50/195 loss=65.2145 lr=0.000701111
CIFAR100 epoch 833/1000 iteration 100/195 loss=65.4938 lr=0.000699049
CIFAR100 epoch 833/1000 iteration 150/195 loss=65.1587 lr=0.000696991
CIFAR100 epoch 833/1000 iteration 195/195 loss=65.2512 lr=0.000695141
CIFAR100 epoch 834/1000 iteration 50/195 loss=65.2971 lr=0.000693088
CIFAR100 epoch 834/1000 iteration 100/195 loss=64.6375 lr=0.000691038
CIFAR100 epoch 834/1000 iteration 150/195 loss=64.6045 lr=0.00068899
CIFAR100 epoch 834/1000 iteration 195/195 loss=64.8654 lr=0.00068715
CIFAR100 epoch 835/1000 iteration 50/195 loss=64.2092 lr=0.000685108
CIFAR100 epoch 835/1000 iteration 100/195 loss=64.8270 lr=0.000683069
CIFAR100 epoch 835/1000 iteration 150/195 loss=65.0646 lr=0.000681033
CIFAR100 epoch 835/1000 iteration 195/195 loss=65.3007 lr=0.000679203
CIFAR100 epoch 836/1000 iteration 50/195 loss=64.5981 lr=0.000677172
CIFAR100 epoch 836/1000 iteration 100/195 loss=64.4252 lr=0.000675145
CIFAR100 epoch 836/1000 iteration 150/195 loss=64.4926 lr=0.00067312
CIFAR100 epoch 836/1000 iteration 195/195 loss=64.4729 lr=0.0006713
CIFAR100 epoch 837/1000 iteration 50/195 loss=65.1519 lr=0.00066928
CIFAR100 epoch 837/1000 iteration 100/195 loss=64.9603 lr=0.000667263
CIFAR100 epoch 837/1000 iteration 150/195 loss=64.8076 lr=0.00066525
CIFAR100 epoch 837/1000 iteration 195/195 loss=65.0535 lr=0.00066344
CIFAR100 epoch 838/1000 iteration 50/195 loss=65.3214 lr=0.000661431
CIFAR100 epoch 838/1000 iteration 100/195 loss=64.9180 lr=0.000659426
CIFAR100 epoch 838/1000 iteration 150/195 loss=64.8714 lr=0.000657423
CIFAR100 epoch 838/1000 iteration 195/195 loss=64.7996 lr=0.000655623
CIFAR100 epoch 839/1000 iteration 50/195 loss=65.7081 lr=0.000653626
CIFAR100 epoch 839/1000 iteration 100/195 loss=65.2040 lr=0.000651632
CIFAR100 epoch 839/1000 iteration 150/195 loss=65.2219 lr=0.000649641
CIFAR100 epoch 839/1000 iteration 195/195 loss=64.9745 lr=0.000647851
CIFAR100 epoch 840/1000 iteration 50/195 loss=65.2599 lr=0.000645865
CIFAR100 epoch 840/1000 iteration 100/195 loss=65.1557 lr=0.000643882
CIFAR100 epoch 840/1000 iteration 150/195 loss=64.9693 lr=0.000641902
CIFAR100 epoch 840/1000 iteration 195/195 loss=64.6610 lr=0.000640122
[epoch 840/1000] saved backbone: /home/mmoslem3/scratch/MKDT/krrst_teacher_ckpt/barlow_twins_resnet18_cifar100.pt
CIFAR100 epoch 841/1000 iteration 50/195 loss=64.6497 lr=0.000638148
CIFAR100 epoch 841/1000 iteration 100/195 loss=64.5813 lr=0.000636176
CIFAR100 epoch 841/1000 iteration 150/195 loss=64.5420 lr=0.000634207
CIFAR100 epoch 841/1000 iteration 195/195 loss=64.7020 lr=0.000632438
CIFAR100 epoch 842/1000 iteration 50/195 loss=65.3999 lr=0.000630474
CIFAR100 epoch 842/1000 iteration 100/195 loss=65.6295 lr=0.000628514
CIFAR100 epoch 842/1000 iteration 150/195 loss=65.3210 lr=0.000626556
CIFAR100 epoch 842/1000 iteration 195/195 loss=65.3501 lr=0.000624797
CIFAR100 epoch 843/1000 iteration 50/195 loss=65.3763 lr=0.000622845
CIFAR100 epoch 843/1000 iteration 100/195 loss=64.6759 lr=0.000620896
CIFAR100 epoch 843/1000 iteration 150/195 loss=64.7693 lr=0.00061895
CIFAR100 epoch 843/1000 iteration 195/195 loss=64.7391 lr=0.000617201
CIFAR100 epoch 844/1000 iteration 50/195 loss=64.5288 lr=0.00061526
CIFAR100 epoch 844/1000 iteration 100/195 loss=64.6392 lr=0.000613322
CIFAR100 epoch 844/1000 iteration 150/195 loss=65.0656 lr=0.000611387
CIFAR100 epoch 844/1000 iteration 195/195 loss=64.8275 lr=0.000609648
CIFAR100 epoch 845/1000 iteration 50/195 loss=64.3723 lr=0.000607719
CIFAR100 epoch 845/1000 iteration 100/195 loss=65.0262 lr=0.000605793
CIFAR100 epoch 845/1000 iteration 150/195 loss=65.1574 lr=0.000603869
CIFAR100 epoch 845/1000 iteration 195/195 loss=65.1429 lr=0.00060214
CIFAR100 epoch 846/1000 iteration 50/195 loss=65.3597 lr=0.000600222
CIFAR100 epoch 846/1000 iteration 100/195 loss=65.3280 lr=0.000598307
CIFAR100 epoch 846/1000 iteration 150/195 loss=65.0090 lr=0.000596395
CIFAR100 epoch 846/1000 iteration 195/195 loss=65.0908 lr=0.000594677
CIFAR100 epoch 847/1000 iteration 50/195 loss=64.0773 lr=0.00059277
CIFAR100 epoch 847/1000 iteration 100/195 loss=64.9439 lr=0.000590866
CIFAR100 epoch 847/1000 iteration 150/195 loss=65.2012 lr=0.000588966
CIFAR100 epoch 847/1000 iteration 195/195 loss=65.2034 lr=0.000587258
CIFAR100 epoch 848/1000 iteration 50/195 loss=65.3209 lr=0.000585362
CIFAR100 epoch 848/1000 iteration 100/195 loss=65.2388 lr=0.00058347
CIFAR100 epoch 848/1000 iteration 150/195 loss=65.2211 lr=0.000581581
CIFAR100 epoch 848/1000 iteration 195/195 loss=65.1103 lr=0.000579883
CIFAR100 epoch 849/1000 iteration 50/195 loss=64.5834 lr=0.000577999
CIFAR100 epoch 849/1000 iteration 100/195 loss=64.1300 lr=0.000576118
CIFAR100 epoch 849/1000 iteration 150/195 loss=64.9491 lr=0.00057424
CIFAR100 epoch 849/1000 iteration 195/195 loss=65.1599 lr=0.000572553
CIFAR100 epoch 850/1000 iteration 50/195 loss=64.3901 lr=0.00057068
CIFAR100 epoch 850/1000 iteration 100/195 loss=64.4167 lr=0.000568811
CIFAR100 epoch 850/1000 iteration 150/195 loss=64.6427 lr=0.000566944
CIFAR100 epoch 850/1000 iteration 195/195 loss=64.7973 lr=0.000565267
[epoch 850/1000] saved backbone: /home/mmoslem3/scratch/MKDT/krrst_teacher_ckpt/barlow_twins_resnet18_cifar100.pt
CIFAR100 epoch 851/1000 iteration 50/195 loss=64.4256 lr=0.000563406
CIFAR100 epoch 851/1000 iteration 100/195 loss=63.9132 lr=0.000561548
CIFAR100 epoch 851/1000 iteration 150/195 loss=64.0532 lr=0.000559693
CIFAR100 epoch 851/1000 iteration 195/195 loss=64.1875 lr=0.000558026
CIFAR100 epoch 852/1000 iteration 50/195 loss=64.4258 lr=0.000556177
CIFAR100 epoch 852/1000 iteration 100/195 loss=64.5086 lr=0.00055433
CIFAR100 epoch 852/1000 iteration 150/195 loss=64.9539 lr=0.000552487
CIFAR100 epoch 852/1000 iteration 195/195 loss=64.9928 lr=0.00055083
CIFAR100 epoch 853/1000 iteration 50/195 loss=64.1881 lr=0.000548992
CIFAR100 epoch 853/1000 iteration 100/195 loss=64.7368 lr=0.000547157
CIFAR100 epoch 853/1000 iteration 150/195 loss=64.6859 lr=0.000545325
CIFAR100 epoch 853/1000 iteration 195/195 loss=64.5623 lr=0.000543679
CIFAR100 epoch 854/1000 iteration 50/195 loss=64.4526 lr=0.000541852
CIFAR100 epoch 854/1000 iteration 100/195 loss=64.6735 lr=0.000540029
CIFAR100 epoch 854/1000 iteration 150/195 loss=64.7806 lr=0.000538208
CIFAR100 epoch 854/1000 iteration 195/195 loss=64.6194 lr=0.000536572
CIFAR100 epoch 855/1000 iteration 50/195 loss=64.2910 lr=0.000534758
CIFAR100 epoch 855/1000 iteration 100/195 loss=64.5192 lr=0.000532946
CIFAR100 epoch 855/1000 iteration 150/195 loss=64.5277 lr=0.000531137
CIFAR100 epoch 855/1000 iteration 195/195 loss=64.7966 lr=0.000529511
CIFAR100 epoch 856/1000 iteration 50/195 loss=65.0568 lr=0.000527708
CIFAR100 epoch 856/1000 iteration 100/195 loss=64.7836 lr=0.000525907
CIFAR100 epoch 856/1000 iteration 150/195 loss=64.7661 lr=0.00052411
CIFAR100 epoch 856/1000 iteration 195/195 loss=64.7037 lr=0.000522495
CIFAR100 epoch 857/1000 iteration 50/195 loss=64.3130 lr=0.000520703
CIFAR100 epoch 857/1000 iteration 100/195 loss=64.4548 lr=0.000518914
CIFAR100 epoch 857/1000 iteration 150/195 loss=64.4484 lr=0.000517128
CIFAR100 epoch 857/1000 iteration 195/195 loss=64.5859 lr=0.000515524
CIFAR100 epoch 858/1000 iteration 50/195 loss=64.7988 lr=0.000513744
CIFAR100 epoch 858/1000 iteration 100/195 loss=64.5357 lr=0.000511966
CIFAR100 epoch 858/1000 iteration 150/195 loss=64.6641 lr=0.000510192
CIFAR100 epoch 858/1000 iteration 195/195 loss=64.5360 lr=0.000508598
CIFAR100 epoch 859/1000 iteration 50/195 loss=65.2072 lr=0.000506829
CIFAR100 epoch 859/1000 iteration 100/195 loss=65.1029 lr=0.000505064
CIFAR100 epoch 859/1000 iteration 150/195 loss=64.3025 lr=0.000503301
CIFAR100 epoch 859/1000 iteration 195/195 loss=64.2588 lr=0.000501717
CIFAR100 epoch 860/1000 iteration 50/195 loss=64.5995 lr=0.00049996
CIFAR100 epoch 860/1000 iteration 100/195 loss=64.2529 lr=0.000498206
CIFAR100 epoch 860/1000 iteration 150/195 loss=64.4139 lr=0.000496455
CIFAR100 epoch 860/1000 iteration 195/195 loss=64.6198 lr=0.000494882
[epoch 860/1000] saved backbone: /home/mmoslem3/scratch/MKDT/krrst_teacher_ckpt/barlow_twins_resnet18_cifar100.pt
CIFAR100 epoch 861/1000 iteration 50/195 loss=65.4875 lr=0.000493137
CIFAR100 epoch 861/1000 iteration 100/195 loss=65.1045 lr=0.000491394
CIFAR100 epoch 861/1000 iteration 150/195 loss=64.9604 lr=0.000489655
CIFAR100 epoch 861/1000 iteration 195/195 loss=64.8692 lr=0.000488092
CIFAR100 epoch 862/1000 iteration 50/195 loss=65.7189 lr=0.000486358
CIFAR100 epoch 862/1000 iteration 100/195 loss=64.8379 lr=0.000484628
CIFAR100 epoch 862/1000 iteration 150/195 loss=64.9112 lr=0.0004829
CIFAR100 epoch 862/1000 iteration 195/195 loss=64.8979 lr=0.000481348
CIFAR100 epoch 863/1000 iteration 50/195 loss=65.2381 lr=0.000479626
CIFAR100 epoch 863/1000 iteration 100/195 loss=65.1292 lr=0.000477907
CIFAR100 epoch 863/1000 iteration 150/195 loss=64.8714 lr=0.000476191
CIFAR100 epoch 863/1000 iteration 195/195 loss=64.6945 lr=0.000474649
CIFAR100 epoch 864/1000 iteration 50/195 loss=64.3426 lr=0.000472939
CIFAR100 epoch 864/1000 iteration 100/195 loss=64.6527 lr=0.000471231
CIFAR100 epoch 864/1000 iteration 150/195 loss=64.7572 lr=0.000469527
CIFAR100 epoch 864/1000 iteration 195/195 loss=64.6613 lr=0.000467996
CIFAR100 epoch 865/1000 iteration 50/195 loss=64.3392 lr=0.000466297
CIFAR100 epoch 865/1000 iteration 100/195 loss=64.2907 lr=0.000464602
CIFAR100 epoch 865/1000 iteration 150/195 loss=64.5190 lr=0.000462909
CIFAR100 epoch 865/1000 iteration 195/195 loss=64.6000 lr=0.000461388
CIFAR100 epoch 866/1000 iteration 50/195 loss=64.9359 lr=0.000459701
CIFAR100 epoch 866/1000 iteration 100/195 loss=64.6337 lr=0.000458017
CIFAR100 epoch 866/1000 iteration 150/195 loss=64.5707 lr=0.000456337
CIFAR100 epoch 866/1000 iteration 195/195 loss=64.4116 lr=0.000454826
CIFAR100 epoch 867/1000 iteration 50/195 loss=64.9661 lr=0.000453151
CIFAR100 epoch 867/1000 iteration 100/195 loss=64.9720 lr=0.000451479
CIFAR100 epoch 867/1000 iteration 150/195 loss=64.9373 lr=0.00044981
CIFAR100 epoch 867/1000 iteration 195/195 loss=64.8056 lr=0.00044831
CIFAR100 epoch 868/1000 iteration 50/195 loss=64.1090 lr=0.000446647
CIFAR100 epoch 868/1000 iteration 100/195 loss=63.9427 lr=0.000444987
CIFAR100 epoch 868/1000 iteration 150/195 loss=64.1822 lr=0.000443329
CIFAR100 epoch 868/1000 iteration 195/195 loss=64.2026 lr=0.00044184
CIFAR100 epoch 869/1000 iteration 50/195 loss=64.5132 lr=0.000440189
CIFAR100 epoch 869/1000 iteration 100/195 loss=64.0639 lr=0.00043854
CIFAR100 epoch 869/1000 iteration 150/195 loss=64.1523 lr=0.000436895
CIFAR100 epoch 869/1000 iteration 195/195 loss=63.8907 lr=0.000435416
CIFAR100 epoch 870/1000 iteration 50/195 loss=63.9945 lr=0.000433777
CIFAR100 epoch 870/1000 iteration 100/195 loss=64.6943 lr=0.00043214
CIFAR100 epoch 870/1000 iteration 150/195 loss=64.5990 lr=0.000430506
CIFAR100 epoch 870/1000 iteration 195/195 loss=64.4763 lr=0.000429038
[epoch 870/1000] saved backbone: /home/mmoslem3/scratch/MKDT/krrst_teacher_ckpt/barlow_twins_resnet18_cifar100.pt
CIFAR100 epoch 871/1000 iteration 50/195 loss=64.2958 lr=0.00042741
CIFAR100 epoch 871/1000 iteration 100/195 loss=64.2934 lr=0.000425785
CIFAR100 epoch 871/1000 iteration 150/195 loss=64.3272 lr=0.000424163
CIFAR100 epoch 871/1000 iteration 195/195 loss=64.3538 lr=0.000422706
CIFAR100 epoch 872/1000 iteration 50/195 loss=63.6591 lr=0.00042109
CIFAR100 epoch 872/1000 iteration 100/195 loss=63.7321 lr=0.000419477
CIFAR100 epoch 872/1000 iteration 150/195 loss=64.0917 lr=0.000417867
CIFAR100 epoch 872/1000 iteration 195/195 loss=64.2378 lr=0.00041642
CIFAR100 epoch 873/1000 iteration 50/195 loss=64.7899 lr=0.000414816
CIFAR100 epoch 873/1000 iteration 100/195 loss=64.5672 lr=0.000413215
CIFAR100 epoch 873/1000 iteration 150/195 loss=64.4767 lr=0.000411617
CIFAR100 epoch 873/1000 iteration 195/195 loss=64.4193 lr=0.000410181
CIFAR100 epoch 874/1000 iteration 50/195 loss=64.6013 lr=0.000408588
CIFAR100 epoch 874/1000 iteration 100/195 loss=64.4062 lr=0.000406999
CIFAR100 epoch 874/1000 iteration 150/195 loss=64.2618 lr=0.000405412
CIFAR100 epoch 874/1000 iteration 195/195 loss=64.3179 lr=0.000403987
CIFAR100 epoch 875/1000 iteration 50/195 loss=64.6637 lr=0.000402407
CIFAR100 epoch 875/1000 iteration 100/195 loss=64.5986 lr=0.000400829
CIFAR100 epoch 875/1000 iteration 150/195 loss=64.7158 lr=0.000399255
CIFAR100 epoch 875/1000 iteration 195/195 loss=64.5669 lr=0.00039784
CIFAR100 epoch 876/1000 iteration 50/195 loss=64.4731 lr=0.000396272
CIFAR100 epoch 876/1000 iteration 100/195 loss=64.5106 lr=0.000394706
CIFAR100 epoch 876/1000 iteration 150/195 loss=64.5412 lr=0.000393143
CIFAR100 epoch 876/1000 iteration 195/195 loss=64.3964 lr=0.00039174
CIFAR100 epoch 877/1000 iteration 50/195 loss=63.7836 lr=0.000390183
CIFAR100 epoch 877/1000 iteration 100/195 loss=64.4909 lr=0.000388629
CIFAR100 epoch 877/1000 iteration 150/195 loss=64.7642 lr=0.000387078
CIFAR100 epoch 877/1000 iteration 195/195 loss=64.6609 lr=0.000385685
CIFAR100 epoch 878/1000 iteration 50/195 loss=64.3902 lr=0.000384141
CIFAR100 epoch 878/1000 iteration 100/195 loss=64.2443 lr=0.000382599
CIFAR100 epoch 878/1000 iteration 150/195 loss=64.2697 lr=0.00038106
CIFAR100 epoch 878/1000 iteration 195/195 loss=64.2471 lr=0.000379678
CIFAR100 epoch 879/1000 iteration 50/195 loss=64.2350 lr=0.000378145
CIFAR100 epoch 879/1000 iteration 100/195 loss=64.9002 lr=0.000376615
CIFAR100 epoch 879/1000 iteration 150/195 loss=64.5689 lr=0.000375088
CIFAR100 epoch 879/1000 iteration 195/195 loss=64.4750 lr=0.000373717
CIFAR100 epoch 880/1000 iteration 50/195 loss=64.3967 lr=0.000372196
CIFAR100 epoch 880/1000 iteration 100/195 loss=64.4685 lr=0.000370678
CIFAR100 epoch 880/1000 iteration 150/195 loss=64.9027 lr=0.000369163
CIFAR100 epoch 880/1000 iteration 195/195 loss=64.5546 lr=0.000367802
[epoch 880/1000] saved backbone: /home/mmoslem3/scratch/MKDT/krrst_teacher_ckpt/barlow_twins_resnet18_cifar100.pt
CIFAR100 epoch 881/1000 iteration 50/195 loss=64.0216 lr=0.000366293
CIFAR100 epoch 881/1000 iteration 100/195 loss=64.4203 lr=0.000364787
CIFAR100 epoch 881/1000 iteration 150/195 loss=64.1390 lr=0.000363284
CIFAR100 epoch 881/1000 iteration 195/195 loss=64.1893 lr=0.000361934
CIFAR100 epoch 882/1000 iteration 50/195 loss=64.2146 lr=0.000360437
CIFAR100 epoch 882/1000 iteration 100/195 loss=64.2328 lr=0.000358943
CIFAR100 epoch 882/1000 iteration 150/195 loss=64.2145 lr=0.000357453
CIFAR100 epoch 882/1000 iteration 195/195 loss=64.2841 lr=0.000356113
CIFAR100 epoch 883/1000 iteration 50/195 loss=62.8400 lr=0.000354628
CIFAR100 epoch 883/1000 iteration 100/195 loss=63.4963 lr=0.000353146
CIFAR100 epoch 883/1000 iteration 150/195 loss=63.8151 lr=0.000351668
CIFAR100 epoch 883/1000 iteration 195/195 loss=63.9556 lr=0.000350339
CIFAR100 epoch 884/1000 iteration 50/195 loss=64.4639 lr=0.000348866
CIFAR100 epoch 884/1000 iteration 100/195 loss=64.5664 lr=0.000347396
CIFAR100 epoch 884/1000 iteration 150/195 loss=64.6474 lr=0.000345929
CIFAR100 epoch 884/1000 iteration 195/195 loss=64.7467 lr=0.000344612
CIFAR100 epoch 885/1000 iteration 50/195 loss=64.6667 lr=0.000343151
CIFAR100 epoch 885/1000 iteration 100/195 loss=64.7927 lr=0.000341693
CIFAR100 epoch 885/1000 iteration 150/195 loss=64.4016 lr=0.000340238
CIFAR100 epoch 885/1000 iteration 195/195 loss=64.5812 lr=0.000338931
CIFAR100 epoch 886/1000 iteration 50/195 loss=64.8696 lr=0.000337482
CIFAR100 epoch 886/1000 iteration 100/195 loss=64.4917 lr=0.000336037
CIFAR100 epoch 886/1000 iteration 150/195 loss=64.2848 lr=0.000334594
CIFAR100 epoch 886/1000 iteration 195/195 loss=64.2459 lr=0.000333298
CIFAR100 epoch 887/1000 iteration 50/195 loss=64.0936 lr=0.000331861
CIFAR100 epoch 887/1000 iteration 100/195 loss=64.1138 lr=0.000330427
CIFAR100 epoch 887/1000 iteration 150/195 loss=64.0667 lr=0.000328997
CIFAR100 epoch 887/1000 iteration 195/195 loss=64.2087 lr=0.000327712
CIFAR100 epoch 888/1000 iteration 50/195 loss=64.3457 lr=0.000326287
CIFAR100 epoch 888/1000 iteration 100/195 loss=64.1728 lr=0.000324865
CIFAR100 epoch 888/1000 iteration 150/195 loss=64.3875 lr=0.000323446
CIFAR100 epoch 888/1000 iteration 195/195 loss=64.2524 lr=0.000322172
CIFAR100 epoch 889/1000 iteration 50/195 loss=64.3050 lr=0.00032076
CIFAR100 epoch 889/1000 iteration 100/195 loss=63.9821 lr=0.00031935
CIFAR100 epoch 889/1000 iteration 150/195 loss=63.8419 lr=0.000317943
CIFAR100 epoch 889/1000 iteration 195/195 loss=64.0690 lr=0.00031668
CIFAR100 epoch 890/1000 iteration 50/195 loss=64.1412 lr=0.00031528
CIFAR100 epoch 890/1000 iteration 100/195 loss=64.9375 lr=0.000313882
CIFAR100 epoch 890/1000 iteration 150/195 loss=64.5224 lr=0.000312488
CIFAR100 epoch 890/1000 iteration 195/195 loss=64.3968 lr=0.000311235
[epoch 890/1000] saved backbone: /home/mmoslem3/scratch/MKDT/krrst_teacher_ckpt/barlow_twins_resnet18_cifar100.pt
CIFAR100 epoch 891/1000 iteration 50/195 loss=63.7700 lr=0.000309847
CIFAR100 epoch 891/1000 iteration 100/195 loss=64.1953 lr=0.000308461
CIFAR100 epoch 891/1000 iteration 150/195 loss=64.2420 lr=0.000307079
CIFAR100 epoch 891/1000 iteration 195/195 loss=64.4386 lr=0.000305838
CIFAR100 epoch 892/1000 iteration 50/195 loss=62.7371 lr=0.000304461
CIFAR100 epoch 892/1000 iteration 100/195 loss=63.4284 lr=0.000303088
CIFAR100 epoch 892/1000 iteration 150/195 loss=63.9449 lr=0.000301718
CIFAR100 epoch 892/1000 iteration 195/195 loss=64.1794 lr=0.000300487
CIFAR100 epoch 893/1000 iteration 50/195 loss=64.9868 lr=0.000299123
CIFAR100 epoch 893/1000 iteration 100/195 loss=64.3075 lr=0.000297762
CIFAR100 epoch 893/1000 iteration 150/195 loss=64.5332 lr=0.000296404
CIFAR100 epoch 893/1000 iteration 195/195 loss=64.5808 lr=0.000295184
CIFAR100 epoch 894/1000 iteration 50/195 loss=64.6366 lr=0.000293832
CIFAR100 epoch 894/1000 iteration 100/195 loss=64.7097 lr=0.000292483
CIFAR100 epoch 894/1000 iteration 150/195 loss=64.2327 lr=0.000291138
CIFAR100 epoch 894/1000 iteration 195/195 loss=64.0940 lr=0.000289929
CIFAR100 epoch 895/1000 iteration 50/195 loss=63.2535 lr=0.000288589
CIFAR100 epoch 895/1000 iteration 100/195 loss=63.7251 lr=0.000287252
CIFAR100 epoch 895/1000 iteration 150/195 loss=63.9010 lr=0.000285919
CIFAR100 epoch 895/1000 iteration 195/195 loss=64.1381 lr=0.000284721
CIFAR100 epoch 896/1000 iteration 50/195 loss=63.3349 lr=0.000283393
CIFAR100 epoch 896/1000 iteration 100/195 loss=63.2563 lr=0.000282069
CIFAR100 epoch 896/1000 iteration 150/195 loss=63.7476 lr=0.000280747
CIFAR100 epoch 896/1000 iteration 195/195 loss=64.0234 lr=0.00027956
CIFAR100 epoch 897/1000 iteration 50/195 loss=65.4838 lr=0.000278245
CIFAR100 epoch 897/1000 iteration 100/195 loss=65.0836 lr=0.000276932
CIFAR100 epoch 897/1000 iteration 150/195 loss=64.3794 lr=0.000275623
CIFAR100 epoch 897/1000 iteration 195/195 loss=64.4360 lr=0.000274447
CIFAR100 epoch 898/1000 iteration 50/195 loss=64.6017 lr=0.000273144
CIFAR100 epoch 898/1000 iteration 100/195 loss=64.8388 lr=0.000271844
CIFAR100 epoch 898/1000 iteration 150/195 loss=64.2028 lr=0.000270547
CIFAR100 epoch 898/1000 iteration 195/195 loss=64.4320 lr=0.000269382
CIFAR100 epoch 899/1000 iteration 50/195 loss=63.1757 lr=0.000268091
CIFAR100 epoch 899/1000 iteration 100/195 loss=64.1722 lr=0.000266803
CIFAR100 epoch 899/1000 iteration 150/195 loss=64.1635 lr=0.000265518
CIFAR100 epoch 899/1000 iteration 195/195 loss=64.3007 lr=0.000264365
CIFAR100 epoch 900/1000 iteration 50/195 loss=63.6853 lr=0.000263086
CIFAR100 epoch 900/1000 iteration 100/195 loss=63.4499 lr=0.00026181
CIFAR100 epoch 900/1000 iteration 150/195 loss=63.3836 lr=0.000260537
CIFAR100 epoch 900/1000 iteration 195/195 loss=63.6227 lr=0.000259395
[epoch 900/1000] saved backbone: /home/mmoslem3/scratch/MKDT/krrst_teacher_ckpt/barlow_twins_resnet18_cifar100.pt
CIFAR100 epoch 901/1000 iteration 50/195 loss=64.1102 lr=0.000258128
CIFAR100 epoch 901/1000 iteration 100/195 loss=64.2276 lr=0.000256865
CIFAR100 epoch 901/1000 iteration 150/195 loss=64.1090 lr=0.000255604
CIFAR100 epoch 901/1000 iteration 195/195 loss=64.1047 lr=0.000254473
CIFAR100 epoch 902/1000 iteration 50/195 loss=64.0786 lr=0.000253218
CIFAR100 epoch 902/1000 iteration 100/195 loss=64.4414 lr=0.000251967
CIFAR100 epoch 902/1000 iteration 150/195 loss=64.1463 lr=0.000250719
CIFAR100 epoch 902/1000 iteration 195/195 loss=64.1632 lr=0.000249598
CIFAR100 epoch 903/1000 iteration 50/195 loss=63.0856 lr=0.000248356
CIFAR100 epoch 903/1000 iteration 100/195 loss=63.8221 lr=0.000247117
CIFAR100 epoch 903/1000 iteration 150/195 loss=64.0081 lr=0.000245882
CIFAR100 epoch 903/1000 iteration 195/195 loss=64.1738 lr=0.000244772
CIFAR100 epoch 904/1000 iteration 50/195 loss=63.9885 lr=0.000243542
CIFAR100 epoch 904/1000 iteration 100/195 loss=64.0125 lr=0.000242316
CIFAR100 epoch 904/1000 iteration 150/195 loss=63.9550 lr=0.000241092
CIFAR100 epoch 904/1000 iteration 195/195 loss=63.8784 lr=0.000239994
CIFAR100 epoch 905/1000 iteration 50/195 loss=63.7859 lr=0.000238776
CIFAR100 epoch 905/1000 iteration 100/195 loss=64.4371 lr=0.000237562
CIFAR100 epoch 905/1000 iteration 150/195 loss=64.0973 lr=0.000236351
CIFAR100 epoch 905/1000 iteration 195/195 loss=64.1087 lr=0.000235263
CIFAR100 epoch 906/1000 iteration 50/195 loss=62.5829 lr=0.000234058
CIFAR100 epoch 906/1000 iteration 100/195 loss=62.9311 lr=0.000232856
CIFAR100 epoch 906/1000 iteration 150/195 loss=63.3302 lr=0.000231657
CIFAR100 epoch 906/1000 iteration 195/195 loss=63.4054 lr=0.000230581
CIFAR100 epoch 907/1000 iteration 50/195 loss=64.1711 lr=0.000229388
CIFAR100 epoch 907/1000 iteration 100/195 loss=64.3006 lr=0.000228198
CIFAR100 epoch 907/1000 iteration 150/195 loss=64.1695 lr=0.000227012
CIFAR100 epoch 907/1000 iteration 195/195 loss=64.1196 lr=0.000225947
CIFAR100 epoch 908/1000 iteration 50/195 loss=64.3460 lr=0.000224766
CIFAR100 epoch 908/1000 iteration 100/195 loss=64.3274 lr=0.000223589
CIFAR100 epoch 908/1000 iteration 150/195 loss=64.0197 lr=0.000222414
CIFAR100 epoch 908/1000 iteration 195/195 loss=63.9040 lr=0.00022136
CIFAR100 epoch 909/1000 iteration 50/195 loss=63.8319 lr=0.000220192
CIFAR100 epoch 909/1000 iteration 100/195 loss=64.2551 lr=0.000219027
CIFAR100 epoch 909/1000 iteration 150/195 loss=64.2848 lr=0.000217865
CIFAR100 epoch 909/1000 iteration 195/195 loss=64.1448 lr=0.000216822
CIFAR100 epoch 910/1000 iteration 50/195 loss=64.2614 lr=0.000215667
CIFAR100 epoch 910/1000 iteration 100/195 loss=64.0880 lr=0.000214514
CIFAR100 epoch 910/1000 iteration 150/195 loss=63.5789 lr=0.000213364
CIFAR100 epoch 910/1000 iteration 195/195 loss=63.7087 lr=0.000212333
[epoch 910/1000] saved backbone: /home/mmoslem3/scratch/MKDT/krrst_teacher_ckpt/barlow_twins_resnet18_cifar100.pt
CIFAR100 epoch 911/1000 iteration 50/195 loss=64.7072 lr=0.000211189
CIFAR100 epoch 911/1000 iteration 100/195 loss=63.6994 lr=0.000210049
CIFAR100 epoch 911/1000 iteration 150/195 loss=64.1547 lr=0.000208912
CIFAR100 epoch 911/1000 iteration 195/195 loss=63.6931 lr=0.000207891
CIFAR100 epoch 912/1000 iteration 50/195 loss=64.7915 lr=0.00020676
CIFAR100 epoch 912/1000 iteration 100/195 loss=64.5554 lr=0.000205632
CIFAR100 epoch 912/1000 iteration 150/195 loss=64.2908 lr=0.000204507
CIFAR100 epoch 912/1000 iteration 195/195 loss=64.0257 lr=0.000203498
CIFAR100 epoch 913/1000 iteration 50/195 loss=62.5709 lr=0.000202379
CIFAR100 epoch 913/1000 iteration 100/195 loss=63.1420 lr=0.000201264
CIFAR100 epoch 913/1000 iteration 150/195 loss=63.5514 lr=0.000200151
CIFAR100 epoch 913/1000 iteration 195/195 loss=63.5293 lr=0.000199153
CIFAR100 epoch 914/1000 iteration 50/195 loss=62.9697 lr=0.000198047
CIFAR100 epoch 914/1000 iteration 100/195 loss=63.2610 lr=0.000196944
CIFAR100 epoch 914/1000 iteration 150/195 loss=63.6644 lr=0.000195844
CIFAR100 epoch 914/1000 iteration 195/195 loss=63.9741 lr=0.000194856
CIFAR100 epoch 915/1000 iteration 50/195 loss=63.4434 lr=0.000193763
CIFAR100 epoch 915/1000 iteration 100/195 loss=63.4932 lr=0.000192672
CIFAR100 epoch 915/1000 iteration 150/195 loss=63.4894 lr=0.000191584
CIFAR100 epoch 915/1000 iteration 195/195 loss=63.6587 lr=0.000190608
CIFAR100 epoch 916/1000 iteration 50/195 loss=64.5707 lr=0.000189527
CIFAR100 epoch 916/1000 iteration 100/195 loss=64.7761 lr=0.000188449
CIFAR100 epoch 916/1000 iteration 150/195 loss=64.3952 lr=0.000187374
CIFAR100 epoch 916/1000 iteration 195/195 loss=64.3399 lr=0.000186409
CIFAR100 epoch 917/1000 iteration 50/195 loss=64.1754 lr=0.00018534
CIFAR100 epoch 917/1000 iteration 100/195 loss=64.4916 lr=0.000184274
CIFAR100 epoch 917/1000 iteration 150/195 loss=64.3821 lr=0.000183211
CIFAR100 epoch 917/1000 iteration 195/195 loss=64.2142 lr=0.000182258
CIFAR100 epoch 918/1000 iteration 50/195 loss=64.2767 lr=0.000181201
CIFAR100 epoch 918/1000 iteration 100/195 loss=64.6397 lr=0.000180148
CIFAR100 epoch 918/1000 iteration 150/195 loss=64.6052 lr=0.000179098
CIFAR100 epoch 918/1000 iteration 195/195 loss=64.6055 lr=0.000178155
CIFAR100 epoch 919/1000 iteration 50/195 loss=64.4183 lr=0.000177111
CIFAR100 epoch 919/1000 iteration 100/195 loss=64.8232 lr=0.00017607
CIFAR100 epoch 919/1000 iteration 150/195 loss=64.8177 lr=0.000175033
CIFAR100 epoch 919/1000 iteration 195/195 loss=64.5460 lr=0.000174101
CIFAR100 epoch 920/1000 iteration 50/195 loss=64.1747 lr=0.00017307
CIFAR100 epoch 920/1000 iteration 100/195 loss=63.6546 lr=0.000172041
CIFAR100 epoch 920/1000 iteration 150/195 loss=63.6889 lr=0.000171016
CIFAR100 epoch 920/1000 iteration 195/195 loss=63.7193 lr=0.000170096
[epoch 920/1000] saved backbone: /home/mmoslem3/scratch/MKDT/krrst_teacher_ckpt/barlow_twins_resnet18_cifar100.pt
CIFAR100 epoch 921/1000 iteration 50/195 loss=63.5397 lr=0.000169077
CIFAR100 epoch 921/1000 iteration 100/195 loss=63.2917 lr=0.000168061
CIFAR100 epoch 921/1000 iteration 150/195 loss=63.4166 lr=0.000167048
CIFAR100 epoch 921/1000 iteration 195/195 loss=63.7645 lr=0.00016614
CIFAR100 epoch 922/1000 iteration 50/195 loss=63.3729 lr=0.000165133
CIFAR100 epoch 922/1000 iteration 100/195 loss=63.6790 lr=0.00016413
CIFAR100 epoch 922/1000 iteration 150/195 loss=64.1682 lr=0.000163129
CIFAR100 epoch 922/1000 iteration 195/195 loss=64.0939 lr=0.000162232
CIFAR100 epoch 923/1000 iteration 50/195 loss=63.2822 lr=0.000161238
CIFAR100 epoch 923/1000 iteration 100/195 loss=63.8341 lr=0.000160247
CIFAR100 epoch 923/1000 iteration 150/195 loss=64.0288 lr=0.000159259
CIFAR100 epoch 923/1000 iteration 195/195 loss=64.1826 lr=0.000158373
CIFAR100 epoch 924/1000 iteration 50/195 loss=63.3751 lr=0.000157391
CIFAR100 epoch 924/1000 iteration 100/195 loss=63.7221 lr=0.000156413
CIFAR100 epoch 924/1000 iteration 150/195 loss=63.7780 lr=0.000155438
CIFAR100 epoch 924/1000 iteration 195/195 loss=63.7457 lr=0.000154563
CIFAR100 epoch 925/1000 iteration 50/195 loss=64.8532 lr=0.000153593
CIFAR100 epoch 925/1000 iteration 100/195 loss=64.3032 lr=0.000152628
CIFAR100 epoch 925/1000 iteration 150/195 loss=64.1108 lr=0.000151665
CIFAR100 epoch 925/1000 iteration 195/195 loss=64.1221 lr=0.000150801
CIFAR100 epoch 926/1000 iteration 50/195 loss=62.5907 lr=0.000149845
CIFAR100 epoch 926/1000 iteration 100/195 loss=63.6714 lr=0.000148891
CIFAR100 epoch 926/1000 iteration 150/195 loss=63.9665 lr=0.000147941
CIFAR100 epoch 926/1000 iteration 195/195 loss=63.9536 lr=0.000147089
CIFAR100 epoch 927/1000 iteration 50/195 loss=63.3343 lr=0.000146145
[2026-09-28T23:29:31.014] error: *** STEP 5730820.0 ON kn169 CANCELLED AT 2026-09-28T23:29:31 DUE TO TIME LIMIT ***
[2026-09-28T23:29:31.014] error: *** JOB 5730820 ON kn169 CANCELLED AT 2026-09-28T23:29:31 DUE TO TIME LIMIT ***
srun: Job step aborted: Waiting up to 62 seconds for job step to finish.
