PyTorch: 2.9.1 CUDA: True GPU: NVIDIA H100 80GB HBM3
Starting Tiny ImageNet teacher on kn177 at Mon Sep 28 05:49:11 PM EDT 2026
CUDA_VISIBLE_DEVICES=0
MKDT Barlow Twins Tiny ImageNet teacher settings
  data file:          /home/mmoslem3/scratch/data/tinyimagenet.pt
  checkpoint dir:     /home/mmoslem3/scratch/MKDT/krrst_teacher_ckpt
  device:             0
  epochs:             2000
  batch size:         256
  learning rate:      0.01
  schedule:           10-epoch warmup + cosine decay
  weight decay:       1e-6
  projection dim:     1024
  representation dim: 512
  Barlow lambda:      0.0009765
  input format:       auto
  log every:          50 iterations
Command: python3 train_teacher.py --dataset Tiny --data_path /home/mmoslem3/scratch/data --data_file /home/mmoslem3/scratch/data/tinyimagenet.pt --tiny_input_format auto --ckpt_dir /home/mmoslem3/scratch/MKDT/krrst_teacher_ckpt --device 0 --epochs 2000 --batch_size 256 --lr 0.01 --weight_decay 1e-6 --proj_dim 1024 --lambd 0.0009765 --warmup_epochs 10 --num_workers 1 --seed 0 --checkpoint_every 10 --log_every 50
Resolved teacher configuration:
  dataset:          Tiny
  data source:      /home/mmoslem3/scratch/data/tinyimagenet.pt
  input format:     uint8
  examples:         100000
  device:           cuda:0
  epochs:           2000
  batch size:       256
  base LR:          0.01
  warmup epochs:    10
  schedule:         cosine
  weight decay:     1e-06
  projection dim:   1024
  representation:   512
  Barlow lambda:    0.0009765
  log every:        50 iterations
Tiny epoch 1/2000 iteration 50/390 loss=491.6220 lr=0.000128205
Tiny epoch 1/2000 iteration 100/390 loss=361.2218 lr=0.00025641
Tiny epoch 1/2000 iteration 150/390 loss=299.4476 lr=0.000384615
Tiny epoch 1/2000 iteration 200/390 loss=262.9898 lr=0.000512821
Tiny epoch 1/2000 iteration 250/390 loss=237.9742 lr=0.000641026
Tiny epoch 1/2000 iteration 300/390 loss=220.5851 lr=0.000769231
Tiny epoch 1/2000 iteration 350/390 loss=207.3072 lr=0.000897436
Tiny epoch 1/2000 iteration 390/390 loss=198.4438 lr=0.001
Tiny epoch 2/2000 iteration 50/390 loss=116.0123 lr=0.00112821
Tiny epoch 2/2000 iteration 100/390 loss=113.4905 lr=0.00125641
Tiny epoch 2/2000 iteration 150/390 loss=112.5007 lr=0.00138462
Tiny epoch 2/2000 iteration 200/390 loss=110.5236 lr=0.00151282
Tiny epoch 2/2000 iteration 250/390 loss=108.2950 lr=0.00164103
Tiny epoch 2/2000 iteration 300/390 loss=106.3070 lr=0.00176923
Tiny epoch 2/2000 iteration 350/390 loss=105.2291 lr=0.00189744
Tiny epoch 2/2000 iteration 390/390 loss=103.8978 lr=0.002
Tiny epoch 3/2000 iteration 50/390 loss=89.8266 lr=0.00212821
Tiny epoch 3/2000 iteration 100/390 loss=88.4741 lr=0.00225641
Tiny epoch 3/2000 iteration 150/390 loss=88.3411 lr=0.00238462
Tiny epoch 3/2000 iteration 200/390 loss=87.0159 lr=0.00251282
Tiny epoch 3/2000 iteration 250/390 loss=86.0717 lr=0.00264103
Tiny epoch 3/2000 iteration 300/390 loss=85.5836 lr=0.00276923
Tiny epoch 3/2000 iteration 350/390 loss=84.9131 lr=0.00289744
Tiny epoch 3/2000 iteration 390/390 loss=84.1030 lr=0.003
Tiny epoch 4/2000 iteration 50/390 loss=75.3128 lr=0.00312821
Tiny epoch 4/2000 iteration 100/390 loss=75.4745 lr=0.00325641
Tiny epoch 4/2000 iteration 150/390 loss=75.2901 lr=0.00338462
Tiny epoch 4/2000 iteration 200/390 loss=75.0835 lr=0.00351282
Tiny epoch 4/2000 iteration 250/390 loss=74.5410 lr=0.00364103
Tiny epoch 4/2000 iteration 300/390 loss=74.3695 lr=0.00376923
Tiny epoch 4/2000 iteration 350/390 loss=73.9359 lr=0.00389744
Tiny epoch 4/2000 iteration 390/390 loss=73.6857 lr=0.004
Tiny epoch 5/2000 iteration 50/390 loss=70.8765 lr=0.00412821
Tiny epoch 5/2000 iteration 100/390 loss=69.3770 lr=0.00425641
Tiny epoch 5/2000 iteration 150/390 loss=68.5729 lr=0.00438462
Tiny epoch 5/2000 iteration 200/390 loss=67.9896 lr=0.00451282
Tiny epoch 5/2000 iteration 250/390 loss=67.6391 lr=0.00464103
Tiny epoch 5/2000 iteration 300/390 loss=67.3415 lr=0.00476923
Tiny epoch 5/2000 iteration 350/390 loss=67.0917 lr=0.00489744
Tiny epoch 5/2000 iteration 390/390 loss=66.8813 lr=0.005
Tiny epoch 6/2000 iteration 50/390 loss=64.9654 lr=0.00512821
Tiny epoch 6/2000 iteration 100/390 loss=64.6205 lr=0.00525641
Tiny epoch 6/2000 iteration 150/390 loss=64.3622 lr=0.00538462
Tiny epoch 6/2000 iteration 200/390 loss=64.0784 lr=0.00551282
Tiny epoch 6/2000 iteration 250/390 loss=63.7786 lr=0.00564103
Tiny epoch 6/2000 iteration 300/390 loss=63.5015 lr=0.00576923
Tiny epoch 6/2000 iteration 350/390 loss=63.3166 lr=0.00589744
Tiny epoch 6/2000 iteration 390/390 loss=63.0736 lr=0.006
Tiny epoch 7/2000 iteration 50/390 loss=59.6064 lr=0.00612821
Tiny epoch 7/2000 iteration 100/390 loss=59.5438 lr=0.00625641
Tiny epoch 7/2000 iteration 150/390 loss=59.9708 lr=0.00638462
Tiny epoch 7/2000 iteration 200/390 loss=59.6856 lr=0.00651282
Tiny epoch 7/2000 iteration 250/390 loss=59.4952 lr=0.00664103
Tiny epoch 7/2000 iteration 300/390 loss=59.2841 lr=0.00676923
Tiny epoch 7/2000 iteration 350/390 loss=59.2671 lr=0.00689744
Tiny epoch 7/2000 iteration 390/390 loss=59.1962 lr=0.007
Tiny epoch 8/2000 iteration 50/390 loss=56.8940 lr=0.00712821
Tiny epoch 8/2000 iteration 100/390 loss=56.8525 lr=0.00725641
Tiny epoch 8/2000 iteration 150/390 loss=56.6178 lr=0.00738462
Tiny epoch 8/2000 iteration 200/390 loss=56.7247 lr=0.00751282
Tiny epoch 8/2000 iteration 250/390 loss=56.6584 lr=0.00764103
Tiny epoch 8/2000 iteration 300/390 loss=56.7636 lr=0.00776923
Tiny epoch 8/2000 iteration 350/390 loss=56.8874 lr=0.00789744
Tiny epoch 8/2000 iteration 390/390 loss=56.8818 lr=0.008
Tiny epoch 9/2000 iteration 50/390 loss=55.8614 lr=0.00812821
Tiny epoch 9/2000 iteration 100/390 loss=55.7977 lr=0.00825641
Tiny epoch 9/2000 iteration 150/390 loss=55.6970 lr=0.00838462
Tiny epoch 9/2000 iteration 200/390 loss=55.4208 lr=0.00851282
Tiny epoch 9/2000 iteration 250/390 loss=54.9883 lr=0.00864103
Tiny epoch 9/2000 iteration 300/390 loss=54.7682 lr=0.00876923
Tiny epoch 9/2000 iteration 350/390 loss=54.6683 lr=0.00889744
Tiny epoch 9/2000 iteration 390/390 loss=54.6395 lr=0.009
Tiny epoch 10/2000 iteration 50/390 loss=54.1140 lr=0.00912821
Tiny epoch 10/2000 iteration 100/390 loss=53.3435 lr=0.00925641
Tiny epoch 10/2000 iteration 150/390 loss=53.2031 lr=0.00938462
Tiny epoch 10/2000 iteration 200/390 loss=53.3465 lr=0.00951282
Tiny epoch 10/2000 iteration 250/390 loss=53.1249 lr=0.00964103
Tiny epoch 10/2000 iteration 300/390 loss=52.8006 lr=0.00976923
Tiny epoch 10/2000 iteration 350/390 loss=52.6086 lr=0.00989744
Tiny epoch 10/2000 iteration 390/390 loss=52.6637 lr=0.01
[epoch 10/2000] saved backbone: /home/mmoslem3/scratch/MKDT/krrst_teacher_ckpt/barlow_twins_resnet18_tinyimagenet.pt
Tiny epoch 11/2000 iteration 50/390 loss=52.1907 lr=0.01
Tiny epoch 11/2000 iteration 100/390 loss=51.9164 lr=0.01
Tiny epoch 11/2000 iteration 150/390 loss=51.7188 lr=0.01
Tiny epoch 11/2000 iteration 200/390 loss=51.6232 lr=0.01
Tiny epoch 11/2000 iteration 250/390 loss=51.5620 lr=0.01
Tiny epoch 11/2000 iteration 300/390 loss=51.5096 lr=0.01
Tiny epoch 11/2000 iteration 350/390 loss=51.3506 lr=0.00999999
Tiny epoch 11/2000 iteration 390/390 loss=51.2214 lr=0.00999999
Tiny epoch 12/2000 iteration 50/390 loss=49.5775 lr=0.00999999
Tiny epoch 12/2000 iteration 100/390 loss=49.9660 lr=0.00999999
Tiny epoch 12/2000 iteration 150/390 loss=50.3987 lr=0.00999999
Tiny epoch 12/2000 iteration 200/390 loss=49.9845 lr=0.00999999
Tiny epoch 12/2000 iteration 250/390 loss=50.0511 lr=0.00999998
Tiny epoch 12/2000 iteration 300/390 loss=49.8498 lr=0.00999998
Tiny epoch 12/2000 iteration 350/390 loss=49.8258 lr=0.00999998
Tiny epoch 12/2000 iteration 390/390 loss=49.7697 lr=0.00999998
Tiny epoch 13/2000 iteration 50/390 loss=48.9778 lr=0.00999997
Tiny epoch 13/2000 iteration 100/390 loss=49.0359 lr=0.00999997
Tiny epoch 13/2000 iteration 150/390 loss=48.8669 lr=0.00999996
Tiny epoch 13/2000 iteration 200/390 loss=48.7400 lr=0.00999996
Tiny epoch 13/2000 iteration 250/390 loss=48.3943 lr=0.00999996
Tiny epoch 13/2000 iteration 300/390 loss=48.5327 lr=0.00999995
Tiny epoch 13/2000 iteration 350/390 loss=48.4544 lr=0.00999995
Tiny epoch 13/2000 iteration 390/390 loss=48.3094 lr=0.00999994
Tiny epoch 14/2000 iteration 50/390 loss=47.2938 lr=0.00999994
Tiny epoch 14/2000 iteration 100/390 loss=46.7656 lr=0.00999993
Tiny epoch 14/2000 iteration 150/390 loss=46.9086 lr=0.00999993
Tiny epoch 14/2000 iteration 200/390 loss=47.1088 lr=0.00999992
Tiny epoch 14/2000 iteration 250/390 loss=47.0723 lr=0.00999992
Tiny epoch 14/2000 iteration 300/390 loss=47.0417 lr=0.00999991
Tiny epoch 14/2000 iteration 350/390 loss=47.0871 lr=0.00999991
Tiny epoch 14/2000 iteration 390/390 loss=47.1961 lr=0.0099999
Tiny epoch 15/2000 iteration 50/390 loss=46.5126 lr=0.00999989
Tiny epoch 15/2000 iteration 100/390 loss=46.4286 lr=0.00999989
Tiny epoch 15/2000 iteration 150/390 loss=46.4002 lr=0.00999988
Tiny epoch 15/2000 iteration 200/390 loss=46.3213 lr=0.00999987
Tiny epoch 15/2000 iteration 250/390 loss=46.2960 lr=0.00999987
Tiny epoch 15/2000 iteration 300/390 loss=46.3918 lr=0.00999986
Tiny epoch 15/2000 iteration 350/390 loss=46.4569 lr=0.00999985
Tiny epoch 15/2000 iteration 390/390 loss=46.3786 lr=0.00999984
Tiny epoch 16/2000 iteration 50/390 loss=45.5019 lr=0.00999984
Tiny epoch 16/2000 iteration 100/390 loss=45.9821 lr=0.00999983
Tiny epoch 16/2000 iteration 150/390 loss=45.7326 lr=0.00999982
Tiny epoch 16/2000 iteration 200/390 loss=45.5069 lr=0.00999981
Tiny epoch 16/2000 iteration 250/390 loss=45.5579 lr=0.0099998
Tiny epoch 16/2000 iteration 300/390 loss=45.4913 lr=0.00999979
Tiny epoch 16/2000 iteration 350/390 loss=45.6036 lr=0.00999978
Tiny epoch 16/2000 iteration 390/390 loss=45.6063 lr=0.00999978
Tiny epoch 17/2000 iteration 50/390 loss=45.0210 lr=0.00999977
Tiny epoch 17/2000 iteration 100/390 loss=44.6326 lr=0.00999976
Tiny epoch 17/2000 iteration 150/390 loss=44.7987 lr=0.00999975
Tiny epoch 17/2000 iteration 200/390 loss=44.8934 lr=0.00999974
Tiny epoch 17/2000 iteration 250/390 loss=44.8330 lr=0.00999973
Tiny epoch 17/2000 iteration 300/390 loss=44.7019 lr=0.00999971
Tiny epoch 17/2000 iteration 350/390 loss=44.6726 lr=0.0099997
Tiny epoch 17/2000 iteration 390/390 loss=44.6365 lr=0.0099997
Tiny epoch 18/2000 iteration 50/390 loss=44.2260 lr=0.00999968
Tiny epoch 18/2000 iteration 100/390 loss=44.3018 lr=0.00999967
Tiny epoch 18/2000 iteration 150/390 loss=44.1586 lr=0.00999966
Tiny epoch 18/2000 iteration 200/390 loss=44.2781 lr=0.00999965
Tiny epoch 18/2000 iteration 250/390 loss=44.1624 lr=0.00999964
Tiny epoch 18/2000 iteration 300/390 loss=44.2141 lr=0.00999962
Tiny epoch 18/2000 iteration 350/390 loss=44.1996 lr=0.00999961
Tiny epoch 18/2000 iteration 390/390 loss=44.1410 lr=0.0099996
Tiny epoch 19/2000 iteration 50/390 loss=42.6506 lr=0.00999959
Tiny epoch 19/2000 iteration 100/390 loss=42.8195 lr=0.00999958
Tiny epoch 19/2000 iteration 150/390 loss=43.0622 lr=0.00999956
Tiny epoch 19/2000 iteration 200/390 loss=43.1624 lr=0.00999955
Tiny epoch 19/2000 iteration 250/390 loss=43.1003 lr=0.00999954
Tiny epoch 19/2000 iteration 300/390 loss=43.1260 lr=0.00999952
Tiny epoch 19/2000 iteration 350/390 loss=43.2236 lr=0.00999951
Tiny epoch 19/2000 iteration 390/390 loss=43.1929 lr=0.0099995
Tiny epoch 20/2000 iteration 50/390 loss=42.3205 lr=0.00999948
Tiny epoch 20/2000 iteration 100/390 loss=42.4823 lr=0.00999947
Tiny epoch 20/2000 iteration 150/390 loss=42.7535 lr=0.00999945
Tiny epoch 20/2000 iteration 200/390 loss=42.9083 lr=0.00999944
Tiny epoch 20/2000 iteration 250/390 loss=42.9363 lr=0.00999942
Tiny epoch 20/2000 iteration 300/390 loss=42.9803 lr=0.00999941
Tiny epoch 20/2000 iteration 350/390 loss=42.9289 lr=0.00999939
Tiny epoch 20/2000 iteration 390/390 loss=43.0277 lr=0.00999938
[epoch 20/2000] saved backbone: /home/mmoslem3/scratch/MKDT/krrst_teacher_ckpt/barlow_twins_resnet18_tinyimagenet.pt
Tiny epoch 21/2000 iteration 50/390 loss=41.4880 lr=0.00999936
Tiny epoch 21/2000 iteration 100/390 loss=41.1921 lr=0.00999935
Tiny epoch 21/2000 iteration 150/390 loss=41.6339 lr=0.00999933
Tiny epoch 21/2000 iteration 200/390 loss=41.9934 lr=0.00999931
Tiny epoch 21/2000 iteration 250/390 loss=42.0889 lr=0.0099993
Tiny epoch 21/2000 iteration 300/390 loss=42.2178 lr=0.00999928
Tiny epoch 21/2000 iteration 350/390 loss=42.2343 lr=0.00999926
Tiny epoch 21/2000 iteration 390/390 loss=42.3517 lr=0.00999925
Tiny epoch 22/2000 iteration 50/390 loss=42.2353 lr=0.00999923
Tiny epoch 22/2000 iteration 100/390 loss=42.4390 lr=0.00999921
Tiny epoch 22/2000 iteration 150/390 loss=42.7103 lr=0.00999919
Tiny epoch 22/2000 iteration 200/390 loss=42.4190 lr=0.00999918
Tiny epoch 22/2000 iteration 250/390 loss=42.2845 lr=0.00999916
Tiny epoch 22/2000 iteration 300/390 loss=42.2005 lr=0.00999914
Tiny epoch 22/2000 iteration 350/390 loss=42.0388 lr=0.00999912
Tiny epoch 22/2000 iteration 390/390 loss=41.9982 lr=0.0099991
Tiny epoch 23/2000 iteration 50/390 loss=41.7305 lr=0.00999908
Tiny epoch 23/2000 iteration 100/390 loss=42.0277 lr=0.00999906
Tiny epoch 23/2000 iteration 150/390 loss=42.1419 lr=0.00999905
Tiny epoch 23/2000 iteration 200/390 loss=41.8428 lr=0.00999903
Tiny epoch 23/2000 iteration 250/390 loss=41.7454 lr=0.00999901
Tiny epoch 23/2000 iteration 300/390 loss=41.7868 lr=0.00999899
Tiny epoch 23/2000 iteration 350/390 loss=41.7831 lr=0.00999896
Tiny epoch 23/2000 iteration 390/390 loss=41.8003 lr=0.00999895
Tiny epoch 24/2000 iteration 50/390 loss=41.6049 lr=0.00999893
Tiny epoch 24/2000 iteration 100/390 loss=40.8418 lr=0.00999891
Tiny epoch 24/2000 iteration 150/390 loss=40.9275 lr=0.00999888
Tiny epoch 24/2000 iteration 200/390 loss=40.8536 lr=0.00999886
Tiny epoch 24/2000 iteration 250/390 loss=40.9124 lr=0.00999884
Tiny epoch 24/2000 iteration 300/390 loss=40.9644 lr=0.00999882
Tiny epoch 24/2000 iteration 350/390 loss=41.1298 lr=0.0099988
Tiny epoch 24/2000 iteration 390/390 loss=41.2685 lr=0.00999878
Tiny epoch 25/2000 iteration 50/390 loss=40.2070 lr=0.00999876
Tiny epoch 25/2000 iteration 100/390 loss=40.2383 lr=0.00999873
Tiny epoch 25/2000 iteration 150/390 loss=40.0793 lr=0.00999871
Tiny epoch 25/2000 iteration 200/390 loss=40.2539 lr=0.00999869
Tiny epoch 25/2000 iteration 250/390 loss=40.3450 lr=0.00999867
Tiny epoch 25/2000 iteration 300/390 loss=40.4320 lr=0.00999864
Tiny epoch 25/2000 iteration 350/390 loss=40.5492 lr=0.00999862
Tiny epoch 25/2000 iteration 390/390 loss=40.5856 lr=0.0099986
Tiny epoch 26/2000 iteration 50/390 loss=40.0955 lr=0.00999858
Tiny epoch 26/2000 iteration 100/390 loss=40.3529 lr=0.00999855
Tiny epoch 26/2000 iteration 150/390 loss=40.1142 lr=0.00999853
Tiny epoch 26/2000 iteration 200/390 loss=40.2927 lr=0.0099985
Tiny epoch 26/2000 iteration 250/390 loss=40.2841 lr=0.00999848
Tiny epoch 26/2000 iteration 300/390 loss=40.3402 lr=0.00999845
Tiny epoch 26/2000 iteration 350/390 loss=40.2462 lr=0.00999843
Tiny epoch 26/2000 iteration 390/390 loss=40.2634 lr=0.00999841
Tiny epoch 27/2000 iteration 50/390 loss=40.0084 lr=0.00999838
Tiny epoch 27/2000 iteration 100/390 loss=39.8244 lr=0.00999836
Tiny epoch 27/2000 iteration 150/390 loss=40.0042 lr=0.00999833
Tiny epoch 27/2000 iteration 200/390 loss=40.0599 lr=0.0099983
Tiny epoch 27/2000 iteration 250/390 loss=39.9492 lr=0.00999828
Tiny epoch 27/2000 iteration 300/390 loss=39.8325 lr=0.00999825
Tiny epoch 27/2000 iteration 350/390 loss=39.7881 lr=0.00999822
Tiny epoch 27/2000 iteration 390/390 loss=39.7191 lr=0.0099982
Tiny epoch 28/2000 iteration 50/390 loss=38.7252 lr=0.00999817
Tiny epoch 28/2000 iteration 100/390 loss=39.0805 lr=0.00999815
Tiny epoch 28/2000 iteration 150/390 loss=39.1333 lr=0.00999812
Tiny epoch 28/2000 iteration 200/390 loss=39.1694 lr=0.00999809
Tiny epoch 28/2000 iteration 250/390 loss=39.1947 lr=0.00999806
Tiny epoch 28/2000 iteration 300/390 loss=39.2397 lr=0.00999803
Tiny epoch 28/2000 iteration 350/390 loss=39.1793 lr=0.00999801
Tiny epoch 28/2000 iteration 390/390 loss=39.1719 lr=0.00999798
Tiny epoch 29/2000 iteration 50/390 loss=38.7146 lr=0.00999795
Tiny epoch 29/2000 iteration 100/390 loss=38.9339 lr=0.00999793
Tiny epoch 29/2000 iteration 150/390 loss=38.9846 lr=0.0099979
Tiny epoch 29/2000 iteration 200/390 loss=38.8931 lr=0.00999787
Tiny epoch 29/2000 iteration 250/390 loss=38.9592 lr=0.00999784
Tiny epoch 29/2000 iteration 300/390 loss=38.7803 lr=0.00999781
Tiny epoch 29/2000 iteration 350/390 loss=38.8121 lr=0.00999778
Tiny epoch 29/2000 iteration 390/390 loss=38.7572 lr=0.00999775
Tiny epoch 30/2000 iteration 50/390 loss=38.3660 lr=0.00999772
Tiny epoch 30/2000 iteration 100/390 loss=37.9591 lr=0.00999769
Tiny epoch 30/2000 iteration 150/390 loss=38.2428 lr=0.00999766
Tiny epoch 30/2000 iteration 200/390 loss=38.4137 lr=0.00999763
Tiny epoch 30/2000 iteration 250/390 loss=38.3976 lr=0.0099976
Tiny epoch 30/2000 iteration 300/390 loss=38.5418 lr=0.00999757
Tiny epoch 30/2000 iteration 350/390 loss=38.4872 lr=0.00999754
Tiny epoch 30/2000 iteration 390/390 loss=38.4687 lr=0.00999751
[epoch 30/2000] saved backbone: /home/mmoslem3/scratch/MKDT/krrst_teacher_ckpt/barlow_twins_resnet18_tinyimagenet.pt
Tiny epoch 31/2000 iteration 50/390 loss=38.3893 lr=0.00999748
Tiny epoch 31/2000 iteration 100/390 loss=38.1539 lr=0.00999745
Tiny epoch 31/2000 iteration 150/390 loss=38.1626 lr=0.00999741
Tiny epoch 31/2000 iteration 200/390 loss=38.0273 lr=0.00999738
Tiny epoch 31/2000 iteration 250/390 loss=37.9234 lr=0.00999735
Tiny epoch 31/2000 iteration 300/390 loss=37.9084 lr=0.00999732
Tiny epoch 31/2000 iteration 350/390 loss=37.8471 lr=0.00999728
Tiny epoch 31/2000 iteration 390/390 loss=37.8210 lr=0.00999726
Tiny epoch 32/2000 iteration 50/390 loss=36.7402 lr=0.00999722
Tiny epoch 32/2000 iteration 100/390 loss=37.1646 lr=0.00999719
Tiny epoch 32/2000 iteration 150/390 loss=37.6225 lr=0.00999715
Tiny epoch 32/2000 iteration 200/390 loss=37.5981 lr=0.00999712
Tiny epoch 32/2000 iteration 250/390 loss=37.6418 lr=0.00999709
Tiny epoch 32/2000 iteration 300/390 loss=37.7478 lr=0.00999705
Tiny epoch 32/2000 iteration 350/390 loss=37.6192 lr=0.00999702
Tiny epoch 32/2000 iteration 390/390 loss=37.6706 lr=0.00999699
Tiny epoch 33/2000 iteration 50/390 loss=36.5295 lr=0.00999695
Tiny epoch 33/2000 iteration 100/390 loss=36.7725 lr=0.00999692
Tiny epoch 33/2000 iteration 150/390 loss=36.9839 lr=0.00999688
Tiny epoch 33/2000 iteration 200/390 loss=37.1259 lr=0.00999685
Tiny epoch 33/2000 iteration 250/390 loss=36.9240 lr=0.00999681
Tiny epoch 33/2000 iteration 300/390 loss=36.9238 lr=0.00999677
Tiny epoch 33/2000 iteration 350/390 loss=36.9499 lr=0.00999674
Tiny epoch 33/2000 iteration 390/390 loss=36.9234 lr=0.00999671
Tiny epoch 34/2000 iteration 50/390 loss=37.3130 lr=0.00999667
Tiny epoch 34/2000 iteration 100/390 loss=36.8356 lr=0.00999663
Tiny epoch 34/2000 iteration 150/390 loss=36.8566 lr=0.0099966
Tiny epoch 34/2000 iteration 200/390 loss=36.7460 lr=0.00999656
Tiny epoch 34/2000 iteration 250/390 loss=36.8776 lr=0.00999652
Tiny epoch 34/2000 iteration 300/390 loss=36.7754 lr=0.00999648
Tiny epoch 34/2000 iteration 350/390 loss=36.7892 lr=0.00999645
Tiny epoch 34/2000 iteration 390/390 loss=36.7753 lr=0.00999642
Tiny epoch 35/2000 iteration 50/390 loss=36.3588 lr=0.00999638
Tiny epoch 35/2000 iteration 100/390 loss=37.1074 lr=0.00999634
Tiny epoch 35/2000 iteration 150/390 loss=36.8862 lr=0.0099963
Tiny epoch 35/2000 iteration 200/390 loss=36.6072 lr=0.00999626
Tiny epoch 35/2000 iteration 250/390 loss=36.5809 lr=0.00999622
Tiny epoch 35/2000 iteration 300/390 loss=36.4252 lr=0.00999618
Tiny epoch 35/2000 iteration 350/390 loss=36.3875 lr=0.00999614
Tiny epoch 35/2000 iteration 390/390 loss=36.2641 lr=0.00999611
Tiny epoch 36/2000 iteration 50/390 loss=36.4816 lr=0.00999607
Tiny epoch 36/2000 iteration 100/390 loss=35.6738 lr=0.00999603
Tiny epoch 36/2000 iteration 150/390 loss=35.9324 lr=0.00999599
Tiny epoch 36/2000 iteration 200/390 loss=36.0029 lr=0.00999595
Tiny epoch 36/2000 iteration 250/390 loss=35.9877 lr=0.00999591
Tiny epoch 36/2000 iteration 300/390 loss=35.9641 lr=0.00999587
Tiny epoch 36/2000 iteration 350/390 loss=36.0180 lr=0.00999583
Tiny epoch 36/2000 iteration 390/390 loss=36.1183 lr=0.00999579
Tiny epoch 37/2000 iteration 50/390 loss=36.7460 lr=0.00999575
Tiny epoch 37/2000 iteration 100/390 loss=36.3901 lr=0.00999571
Tiny epoch 37/2000 iteration 150/390 loss=36.1679 lr=0.00999567
Tiny epoch 37/2000 iteration 200/390 loss=36.0384 lr=0.00999563
Tiny epoch 37/2000 iteration 250/390 loss=36.0115 lr=0.00999558
Tiny epoch 37/2000 iteration 300/390 loss=35.9488 lr=0.00999554
Tiny epoch 37/2000 iteration 350/390 loss=35.8423 lr=0.0099955
Tiny epoch 37/2000 iteration 390/390 loss=35.7868 lr=0.00999546
Tiny epoch 38/2000 iteration 50/390 loss=35.5659 lr=0.00999542
Tiny epoch 38/2000 iteration 100/390 loss=35.7322 lr=0.00999538
Tiny epoch 38/2000 iteration 150/390 loss=35.5956 lr=0.00999533
Tiny epoch 38/2000 iteration 200/390 loss=35.5272 lr=0.00999529
Tiny epoch 38/2000 iteration 250/390 loss=35.3124 lr=0.00999525
Tiny epoch 38/2000 iteration 300/390 loss=35.1539 lr=0.0099952
Tiny epoch 38/2000 iteration 350/390 loss=35.2330 lr=0.00999516
Tiny epoch 38/2000 iteration 390/390 loss=35.1788 lr=0.00999512
Tiny epoch 39/2000 iteration 50/390 loss=35.4398 lr=0.00999508
Tiny epoch 39/2000 iteration 100/390 loss=35.4068 lr=0.00999503
Tiny epoch 39/2000 iteration 150/390 loss=35.3503 lr=0.00999499
Tiny epoch 39/2000 iteration 200/390 loss=35.2755 lr=0.00999494
Tiny epoch 39/2000 iteration 250/390 loss=35.2741 lr=0.00999489
Tiny epoch 39/2000 iteration 300/390 loss=35.1721 lr=0.00999485
Tiny epoch 39/2000 iteration 350/390 loss=35.0721 lr=0.0099948
Tiny epoch 39/2000 iteration 390/390 loss=35.0137 lr=0.00999477
Tiny epoch 40/2000 iteration 50/390 loss=35.6989 lr=0.00999472
Tiny epoch 40/2000 iteration 100/390 loss=35.4539 lr=0.00999467
Tiny epoch 40/2000 iteration 150/390 loss=34.8159 lr=0.00999463
Tiny epoch 40/2000 iteration 200/390 loss=34.8663 lr=0.00999458
Tiny epoch 40/2000 iteration 250/390 loss=34.9235 lr=0.00999453
Tiny epoch 40/2000 iteration 300/390 loss=34.9188 lr=0.00999448
Tiny epoch 40/2000 iteration 350/390 loss=34.9106 lr=0.00999444
Tiny epoch 40/2000 iteration 390/390 loss=34.8453 lr=0.0099944
[epoch 40/2000] saved backbone: /home/mmoslem3/scratch/MKDT/krrst_teacher_ckpt/barlow_twins_resnet18_tinyimagenet.pt
Tiny epoch 41/2000 iteration 50/390 loss=34.0016 lr=0.00999435
Tiny epoch 41/2000 iteration 100/390 loss=33.8060 lr=0.0099943
Tiny epoch 41/2000 iteration 150/390 loss=33.8689 lr=0.00999425
Tiny epoch 41/2000 iteration 200/390 loss=34.1372 lr=0.00999421
Tiny epoch 41/2000 iteration 250/390 loss=34.3323 lr=0.00999416
Tiny epoch 41/2000 iteration 300/390 loss=34.4283 lr=0.00999411
Tiny epoch 41/2000 iteration 350/390 loss=34.3505 lr=0.00999406
Tiny epoch 41/2000 iteration 390/390 loss=34.3137 lr=0.00999402
Tiny epoch 42/2000 iteration 50/390 loss=34.6554 lr=0.00999397
Tiny epoch 42/2000 iteration 100/390 loss=34.6026 lr=0.00999392
Tiny epoch 42/2000 iteration 150/390 loss=34.6840 lr=0.00999387
Tiny epoch 42/2000 iteration 200/390 loss=34.9022 lr=0.00999382
Tiny epoch 42/2000 iteration 250/390 loss=34.8581 lr=0.00999377
Tiny epoch 42/2000 iteration 300/390 loss=34.7936 lr=0.00999372
Tiny epoch 42/2000 iteration 350/390 loss=34.8107 lr=0.00999367
Tiny epoch 42/2000 iteration 390/390 loss=34.8101 lr=0.00999363
Tiny epoch 43/2000 iteration 50/390 loss=33.5730 lr=0.00999358
Tiny epoch 43/2000 iteration 100/390 loss=33.6488 lr=0.00999353
Tiny epoch 43/2000 iteration 150/390 loss=33.4886 lr=0.00999347
Tiny epoch 43/2000 iteration 200/390 loss=33.8928 lr=0.00999342
Tiny epoch 43/2000 iteration 250/390 loss=33.8383 lr=0.00999337
Tiny epoch 43/2000 iteration 300/390 loss=33.8729 lr=0.00999332
Tiny epoch 43/2000 iteration 350/390 loss=33.9039 lr=0.00999327
Tiny epoch 43/2000 iteration 390/390 loss=33.8673 lr=0.00999322
Tiny epoch 44/2000 iteration 50/390 loss=33.3063 lr=0.00999317
Tiny epoch 44/2000 iteration 100/390 loss=33.7995 lr=0.00999312
Tiny epoch 44/2000 iteration 150/390 loss=33.6866 lr=0.00999306
Tiny epoch 44/2000 iteration 200/390 loss=33.8675 lr=0.00999301
Tiny epoch 44/2000 iteration 250/390 loss=33.9877 lr=0.00999296
Tiny epoch 44/2000 iteration 300/390 loss=34.1097 lr=0.0099929
Tiny epoch 44/2000 iteration 350/390 loss=34.0280 lr=0.00999285
Tiny epoch 44/2000 iteration 390/390 loss=33.9150 lr=0.00999281
Tiny epoch 45/2000 iteration 50/390 loss=32.6597 lr=0.00999275
Tiny epoch 45/2000 iteration 100/390 loss=32.8575 lr=0.0099927
Tiny epoch 45/2000 iteration 150/390 loss=33.1134 lr=0.00999264
Tiny epoch 45/2000 iteration 200/390 loss=33.0715 lr=0.00999259
Tiny epoch 45/2000 iteration 250/390 loss=33.0280 lr=0.00999253
Tiny epoch 45/2000 iteration 300/390 loss=33.0351 lr=0.00999248
Tiny epoch 45/2000 iteration 350/390 loss=33.1009 lr=0.00999242
Tiny epoch 45/2000 iteration 390/390 loss=33.1941 lr=0.00999238
Tiny epoch 46/2000 iteration 50/390 loss=32.3837 lr=0.00999232
Tiny epoch 46/2000 iteration 100/390 loss=33.0312 lr=0.00999226
Tiny epoch 46/2000 iteration 150/390 loss=32.9112 lr=0.00999221
Tiny epoch 46/2000 iteration 200/390 loss=33.0544 lr=0.00999215
Tiny epoch 46/2000 iteration 250/390 loss=33.0017 lr=0.0099921
Tiny epoch 46/2000 iteration 300/390 loss=33.0535 lr=0.00999204
Tiny epoch 46/2000 iteration 350/390 loss=33.0370 lr=0.00999198
Tiny epoch 46/2000 iteration 390/390 loss=33.0869 lr=0.00999194
Tiny epoch 47/2000 iteration 50/390 loss=33.0937 lr=0.00999188
Tiny epoch 47/2000 iteration 100/390 loss=33.0849 lr=0.00999182
Tiny epoch 47/2000 iteration 150/390 loss=33.0640 lr=0.00999176
Tiny epoch 47/2000 iteration 200/390 loss=33.0216 lr=0.0099917
Tiny epoch 47/2000 iteration 250/390 loss=33.0426 lr=0.00999165
Tiny epoch 47/2000 iteration 300/390 loss=33.0350 lr=0.00999159
Tiny epoch 47/2000 iteration 350/390 loss=32.9514 lr=0.00999153
Tiny epoch 47/2000 iteration 390/390 loss=33.0406 lr=0.00999148
Tiny epoch 48/2000 iteration 50/390 loss=32.8737 lr=0.00999142
Tiny epoch 48/2000 iteration 100/390 loss=32.4534 lr=0.00999136
Tiny epoch 48/2000 iteration 150/390 loss=32.4085 lr=0.0099913
Tiny epoch 48/2000 iteration 200/390 loss=32.6168 lr=0.00999124
Tiny epoch 48/2000 iteration 250/390 loss=32.5876 lr=0.00999118
Tiny epoch 48/2000 iteration 300/390 loss=32.7027 lr=0.00999112
Tiny epoch 48/2000 iteration 350/390 loss=32.6231 lr=0.00999106
Tiny epoch 48/2000 iteration 390/390 loss=32.6527 lr=0.00999101
Tiny epoch 49/2000 iteration 50/390 loss=32.6961 lr=0.00999095
Tiny epoch 49/2000 iteration 100/390 loss=32.1368 lr=0.00999089
Tiny epoch 49/2000 iteration 150/390 loss=32.2212 lr=0.00999083
Tiny epoch 49/2000 iteration 200/390 loss=32.5249 lr=0.00999077
Tiny epoch 49/2000 iteration 250/390 loss=32.3721 lr=0.00999071
Tiny epoch 49/2000 iteration 300/390 loss=32.4828 lr=0.00999065
Tiny epoch 49/2000 iteration 350/390 loss=32.5742 lr=0.00999059
Tiny epoch 49/2000 iteration 390/390 loss=32.4983 lr=0.00999054
Tiny epoch 50/2000 iteration 50/390 loss=33.2022 lr=0.00999047
Tiny epoch 50/2000 iteration 100/390 loss=32.7296 lr=0.00999041
Tiny epoch 50/2000 iteration 150/390 loss=32.7154 lr=0.00999035
Tiny epoch 50/2000 iteration 200/390 loss=32.5224 lr=0.00999029
Tiny epoch 50/2000 iteration 250/390 loss=32.4633 lr=0.00999022
Tiny epoch 50/2000 iteration 300/390 loss=32.4945 lr=0.00999016
Tiny epoch 50/2000 iteration 350/390 loss=32.3605 lr=0.0099901
Tiny epoch 50/2000 iteration 390/390 loss=32.3826 lr=0.00999004
[epoch 50/2000] saved backbone: /home/mmoslem3/scratch/MKDT/krrst_teacher_ckpt/barlow_twins_resnet18_tinyimagenet.pt
Tiny epoch 51/2000 iteration 50/390 loss=31.8918 lr=0.00998998
Tiny epoch 51/2000 iteration 100/390 loss=32.3183 lr=0.00998992
Tiny epoch 51/2000 iteration 150/390 loss=32.2293 lr=0.00998985
Tiny epoch 51/2000 iteration 200/390 loss=32.1780 lr=0.00998979
Tiny epoch 51/2000 iteration 250/390 loss=32.1445 lr=0.00998972
Tiny epoch 51/2000 iteration 300/390 loss=32.2077 lr=0.00998966
Tiny epoch 51/2000 iteration 350/390 loss=32.2087 lr=0.00998959
Tiny epoch 51/2000 iteration 390/390 loss=32.2322 lr=0.00998954
Tiny epoch 52/2000 iteration 50/390 loss=32.1760 lr=0.00998947
Tiny epoch 52/2000 iteration 100/390 loss=32.1582 lr=0.00998941
Tiny epoch 52/2000 iteration 150/390 loss=31.9094 lr=0.00998934
Tiny epoch 52/2000 iteration 200/390 loss=31.8426 lr=0.00998928
Tiny epoch 52/2000 iteration 250/390 loss=31.8129 lr=0.00998921
Tiny epoch 52/2000 iteration 300/390 loss=31.8544 lr=0.00998914
Tiny epoch 52/2000 iteration 350/390 loss=31.8180 lr=0.00998908
Tiny epoch 52/2000 iteration 390/390 loss=31.7894 lr=0.00998902
Tiny epoch 53/2000 iteration 50/390 loss=31.0772 lr=0.00998896
Tiny epoch 53/2000 iteration 100/390 loss=31.0700 lr=0.00998889
Tiny epoch 53/2000 iteration 150/390 loss=31.2937 lr=0.00998882
Tiny epoch 53/2000 iteration 200/390 loss=31.4980 lr=0.00998875
Tiny epoch 53/2000 iteration 250/390 loss=31.6478 lr=0.00998869
Tiny epoch 53/2000 iteration 300/390 loss=31.7784 lr=0.00998862
Tiny epoch 53/2000 iteration 350/390 loss=31.7128 lr=0.00998855
Tiny epoch 53/2000 iteration 390/390 loss=31.6195 lr=0.0099885
Tiny epoch 54/2000 iteration 50/390 loss=30.9113 lr=0.00998843
Tiny epoch 54/2000 iteration 100/390 loss=31.1694 lr=0.00998836
Tiny epoch 54/2000 iteration 150/390 loss=31.3703 lr=0.00998829
Tiny epoch 54/2000 iteration 200/390 loss=31.4984 lr=0.00998822
Tiny epoch 54/2000 iteration 250/390 loss=31.5367 lr=0.00998815
Tiny epoch 54/2000 iteration 300/390 loss=31.5906 lr=0.00998808
Tiny epoch 54/2000 iteration 350/390 loss=31.6572 lr=0.00998801
Tiny epoch 54/2000 iteration 390/390 loss=31.6756 lr=0.00998795
Tiny epoch 55/2000 iteration 50/390 loss=31.5943 lr=0.00998788
Tiny epoch 55/2000 iteration 100/390 loss=31.2395 lr=0.00998781
Tiny epoch 55/2000 iteration 150/390 loss=31.4166 lr=0.00998774
Tiny epoch 55/2000 iteration 200/390 loss=31.6175 lr=0.00998767
Tiny epoch 55/2000 iteration 250/390 loss=31.5576 lr=0.0099876
Tiny epoch 55/2000 iteration 300/390 loss=31.6056 lr=0.00998753
Tiny epoch 55/2000 iteration 350/390 loss=31.5293 lr=0.00998746
Tiny epoch 55/2000 iteration 390/390 loss=31.5094 lr=0.0099874
Tiny epoch 56/2000 iteration 50/390 loss=30.9114 lr=0.00998733
Tiny epoch 56/2000 iteration 100/390 loss=30.8064 lr=0.00998726
Tiny epoch 56/2000 iteration 150/390 loss=31.1700 lr=0.00998718
Tiny epoch 56/2000 iteration 200/390 loss=31.1769 lr=0.00998711
Tiny epoch 56/2000 iteration 250/390 loss=31.0840 lr=0.00998704
Tiny epoch 56/2000 iteration 300/390 loss=31.1280 lr=0.00998697
Tiny epoch 56/2000 iteration 350/390 loss=31.1709 lr=0.00998689
Tiny epoch 56/2000 iteration 390/390 loss=31.1848 lr=0.00998683
Tiny epoch 57/2000 iteration 50/390 loss=31.4894 lr=0.00998676
Tiny epoch 57/2000 iteration 100/390 loss=30.8876 lr=0.00998669
Tiny epoch 57/2000 iteration 150/390 loss=30.7767 lr=0.00998661
Tiny epoch 57/2000 iteration 200/390 loss=30.7368 lr=0.00998654
Tiny epoch 57/2000 iteration 250/390 loss=30.7010 lr=0.00998647
Tiny epoch 57/2000 iteration 300/390 loss=30.6965 lr=0.00998639
Tiny epoch 57/2000 iteration 350/390 loss=30.7355 lr=0.00998632
Tiny epoch 57/2000 iteration 390/390 loss=30.8300 lr=0.00998626
Tiny epoch 58/2000 iteration 50/390 loss=30.7974 lr=0.00998618
Tiny epoch 58/2000 iteration 100/390 loss=30.8904 lr=0.00998611
Tiny epoch 58/2000 iteration 150/390 loss=30.7736 lr=0.00998603
Tiny epoch 58/2000 iteration 200/390 loss=30.6973 lr=0.00998596
Tiny epoch 58/2000 iteration 250/390 loss=30.6864 lr=0.00998588
Tiny epoch 58/2000 iteration 300/390 loss=30.7191 lr=0.0099858
Tiny epoch 58/2000 iteration 350/390 loss=30.7643 lr=0.00998573
Tiny epoch 58/2000 iteration 390/390 loss=30.8181 lr=0.00998567
Tiny epoch 59/2000 iteration 50/390 loss=30.5386 lr=0.00998559
Tiny epoch 59/2000 iteration 100/390 loss=30.3798 lr=0.00998551
Tiny epoch 59/2000 iteration 150/390 loss=30.4329 lr=0.00998544
Tiny epoch 59/2000 iteration 200/390 loss=30.5450 lr=0.00998536
Tiny epoch 59/2000 iteration 250/390 loss=30.5809 lr=0.00998528
Tiny epoch 59/2000 iteration 300/390 loss=30.6744 lr=0.0099852
Tiny epoch 59/2000 iteration 350/390 loss=30.7131 lr=0.00998513
Tiny epoch 59/2000 iteration 390/390 loss=30.7533 lr=0.00998506
Tiny epoch 60/2000 iteration 50/390 loss=30.3011 lr=0.00998498
Tiny epoch 60/2000 iteration 100/390 loss=30.1816 lr=0.00998491
Tiny epoch 60/2000 iteration 150/390 loss=30.1726 lr=0.00998483
Tiny epoch 60/2000 iteration 200/390 loss=30.3420 lr=0.00998475
Tiny epoch 60/2000 iteration 250/390 loss=30.3950 lr=0.00998467
Tiny epoch 60/2000 iteration 300/390 loss=30.3569 lr=0.00998459
Tiny epoch 60/2000 iteration 350/390 loss=30.4562 lr=0.00998451
Tiny epoch 60/2000 iteration 390/390 loss=30.4879 lr=0.00998445
[epoch 60/2000] saved backbone: /home/mmoslem3/scratch/MKDT/krrst_teacher_ckpt/barlow_twins_resnet18_tinyimagenet.pt
Tiny epoch 61/2000 iteration 50/390 loss=30.6640 lr=0.00998437
Tiny epoch 61/2000 iteration 100/390 loss=30.0584 lr=0.00998429
Tiny epoch 61/2000 iteration 150/390 loss=30.1038 lr=0.00998421
Tiny epoch 61/2000 iteration 200/390 loss=30.0707 lr=0.00998413
Tiny epoch 61/2000 iteration 250/390 loss=30.1785 lr=0.00998405
Tiny epoch 61/2000 iteration 300/390 loss=30.2445 lr=0.00998397
Tiny epoch 61/2000 iteration 350/390 loss=30.3458 lr=0.00998388
Tiny epoch 61/2000 iteration 390/390 loss=30.3394 lr=0.00998382
Tiny epoch 62/2000 iteration 50/390 loss=30.1603 lr=0.00998374
Tiny epoch 62/2000 iteration 100/390 loss=30.7417 lr=0.00998366
Tiny epoch 62/2000 iteration 150/390 loss=30.5461 lr=0.00998357
Tiny epoch 62/2000 iteration 200/390 loss=30.4544 lr=0.00998349
Tiny epoch 62/2000 iteration 250/390 loss=30.3873 lr=0.00998341
Tiny epoch 62/2000 iteration 300/390 loss=30.3673 lr=0.00998333
Tiny epoch 62/2000 iteration 350/390 loss=30.3046 lr=0.00998324
Tiny epoch 62/2000 iteration 390/390 loss=30.2952 lr=0.00998318
Tiny epoch 63/2000 iteration 50/390 loss=30.3490 lr=0.0099831
Tiny epoch 63/2000 iteration 100/390 loss=30.3548 lr=0.00998301
Tiny epoch 63/2000 iteration 150/390 loss=30.5537 lr=0.00998293
Tiny epoch 63/2000 iteration 200/390 loss=30.5108 lr=0.00998285
Tiny epoch 63/2000 iteration 250/390 loss=30.3461 lr=0.00998276
Tiny epoch 63/2000 iteration 300/390 loss=30.3496 lr=0.00998268
Tiny epoch 63/2000 iteration 350/390 loss=30.3504 lr=0.00998259
Tiny epoch 63/2000 iteration 390/390 loss=30.2699 lr=0.00998253
Tiny epoch 64/2000 iteration 50/390 loss=29.4537 lr=0.00998244
Tiny epoch 64/2000 iteration 100/390 loss=29.5803 lr=0.00998236
Tiny epoch 64/2000 iteration 150/390 loss=29.7956 lr=0.00998227
Tiny epoch 64/2000 iteration 200/390 loss=29.9400 lr=0.00998219
Tiny epoch 64/2000 iteration 250/390 loss=29.9479 lr=0.0099821
Tiny epoch 64/2000 iteration 300/390 loss=30.0267 lr=0.00998202
Tiny epoch 64/2000 iteration 350/390 loss=30.0274 lr=0.00998193
Tiny epoch 64/2000 iteration 390/390 loss=30.0825 lr=0.00998186
Tiny epoch 65/2000 iteration 50/390 loss=30.7034 lr=0.00998177
Tiny epoch 65/2000 iteration 100/390 loss=30.1576 lr=0.00998169
Tiny epoch 65/2000 iteration 150/390 loss=30.0436 lr=0.0099816
Tiny epoch 65/2000 iteration 200/390 loss=29.9593 lr=0.00998151
Tiny epoch 65/2000 iteration 250/390 loss=29.8786 lr=0.00998143
Tiny epoch 65/2000 iteration 300/390 loss=29.8404 lr=0.00998134
Tiny epoch 65/2000 iteration 350/390 loss=29.8496 lr=0.00998125
Tiny epoch 65/2000 iteration 390/390 loss=29.8222 lr=0.00998118
Tiny epoch 66/2000 iteration 50/390 loss=29.6163 lr=0.0099811
Tiny epoch 66/2000 iteration 100/390 loss=29.9108 lr=0.00998101
Tiny epoch 66/2000 iteration 150/390 loss=29.7711 lr=0.00998092
Tiny epoch 66/2000 iteration 200/390 loss=29.8299 lr=0.00998083
Tiny epoch 66/2000 iteration 250/390 loss=29.7347 lr=0.00998074
Tiny epoch 66/2000 iteration 300/390 loss=29.6325 lr=0.00998065
Tiny epoch 66/2000 iteration 350/390 loss=29.5863 lr=0.00998056
Tiny epoch 66/2000 iteration 390/390 loss=29.5924 lr=0.00998049
Tiny epoch 67/2000 iteration 50/390 loss=28.3405 lr=0.0099804
Tiny epoch 67/2000 iteration 100/390 loss=29.1561 lr=0.00998031
Tiny epoch 67/2000 iteration 150/390 loss=29.4487 lr=0.00998022
Tiny epoch 67/2000 iteration 200/390 loss=29.4016 lr=0.00998013
Tiny epoch 67/2000 iteration 250/390 loss=29.4775 lr=0.00998004
Tiny epoch 67/2000 iteration 300/390 loss=29.4595 lr=0.00997995
Tiny epoch 67/2000 iteration 350/390 loss=29.5581 lr=0.00997986
Tiny epoch 67/2000 iteration 390/390 loss=29.5745 lr=0.00997979
Tiny epoch 68/2000 iteration 50/390 loss=29.4511 lr=0.0099797
Tiny epoch 68/2000 iteration 100/390 loss=29.7069 lr=0.00997961
Tiny epoch 68/2000 iteration 150/390 loss=29.6653 lr=0.00997952
Tiny epoch 68/2000 iteration 200/390 loss=29.5900 lr=0.00997943
Tiny epoch 68/2000 iteration 250/390 loss=29.6426 lr=0.00997933
Tiny epoch 68/2000 iteration 300/390 loss=29.7418 lr=0.00997924
Tiny epoch 68/2000 iteration 350/390 loss=29.7574 lr=0.00997915
Tiny epoch 68/2000 iteration 390/390 loss=29.7813 lr=0.00997908
Tiny epoch 69/2000 iteration 50/390 loss=29.5519 lr=0.00997898
Tiny epoch 69/2000 iteration 100/390 loss=29.6807 lr=0.00997889
Tiny epoch 69/2000 iteration 150/390 loss=29.4083 lr=0.0099788
Tiny epoch 69/2000 iteration 200/390 loss=29.3907 lr=0.0099787
Tiny epoch 69/2000 iteration 250/390 loss=29.3901 lr=0.00997861
Tiny epoch 69/2000 iteration 300/390 loss=29.4797 lr=0.00997852
Tiny epoch 69/2000 iteration 350/390 loss=29.4678 lr=0.00997842
Tiny epoch 69/2000 iteration 390/390 loss=29.5053 lr=0.00997835
Tiny epoch 70/2000 iteration 50/390 loss=29.1296 lr=0.00997825
Tiny epoch 70/2000 iteration 100/390 loss=29.0078 lr=0.00997816
Tiny epoch 70/2000 iteration 150/390 loss=28.8529 lr=0.00997807
Tiny epoch 70/2000 iteration 200/390 loss=28.9872 lr=0.00997797
Tiny epoch 70/2000 iteration 250/390 loss=29.1292 lr=0.00997788
Tiny epoch 70/2000 iteration 300/390 loss=29.1468 lr=0.00997778
Tiny epoch 70/2000 iteration 350/390 loss=29.1566 lr=0.00997769
Tiny epoch 70/2000 iteration 390/390 loss=29.1838 lr=0.00997761
[epoch 70/2000] saved backbone: /home/mmoslem3/scratch/MKDT/krrst_teacher_ckpt/barlow_twins_resnet18_tinyimagenet.pt
Tiny epoch 71/2000 iteration 50/390 loss=29.0048 lr=0.00997751
Tiny epoch 71/2000 iteration 100/390 loss=29.0688 lr=0.00997742
Tiny epoch 71/2000 iteration 150/390 loss=29.1332 lr=0.00997732
Tiny epoch 71/2000 iteration 200/390 loss=28.9994 lr=0.00997722
Tiny epoch 71/2000 iteration 250/390 loss=28.9113 lr=0.00997713
Tiny epoch 71/2000 iteration 300/390 loss=29.0084 lr=0.00997703
Tiny epoch 71/2000 iteration 350/390 loss=29.0113 lr=0.00997693
Tiny epoch 71/2000 iteration 390/390 loss=29.0200 lr=0.00997686
Tiny epoch 72/2000 iteration 50/390 loss=29.5260 lr=0.00997676
Tiny epoch 72/2000 iteration 100/390 loss=29.2831 lr=0.00997666
Tiny epoch 72/2000 iteration 150/390 loss=29.0932 lr=0.00997656
Tiny epoch 72/2000 iteration 200/390 loss=28.9801 lr=0.00997647
Tiny epoch 72/2000 iteration 250/390 loss=28.9749 lr=0.00997637
Tiny epoch 72/2000 iteration 300/390 loss=28.9924 lr=0.00997627
Tiny epoch 72/2000 iteration 350/390 loss=29.0193 lr=0.00997617
Tiny epoch 72/2000 iteration 390/390 loss=29.0070 lr=0.00997609
Tiny epoch 73/2000 iteration 50/390 loss=28.1667 lr=0.00997599
Tiny epoch 73/2000 iteration 100/390 loss=28.3137 lr=0.00997589
Tiny epoch 73/2000 iteration 150/390 loss=28.4451 lr=0.0099758
Tiny epoch 73/2000 iteration 200/390 loss=28.4891 lr=0.0099757
Tiny epoch 73/2000 iteration 250/390 loss=28.5941 lr=0.0099756
Tiny epoch 73/2000 iteration 300/390 loss=28.7744 lr=0.0099755
Tiny epoch 73/2000 iteration 350/390 loss=28.8952 lr=0.0099754
Tiny epoch 73/2000 iteration 390/390 loss=28.9113 lr=0.00997532
Tiny epoch 74/2000 iteration 50/390 loss=29.1190 lr=0.00997522
Tiny epoch 74/2000 iteration 100/390 loss=28.7852 lr=0.00997511
Tiny epoch 74/2000 iteration 150/390 loss=28.6491 lr=0.00997501
Tiny epoch 74/2000 iteration 200/390 loss=28.6393 lr=0.00997491
Tiny epoch 74/2000 iteration 250/390 loss=28.7450 lr=0.00997481
Tiny epoch 74/2000 iteration 300/390 loss=28.7893 lr=0.00997471
Tiny epoch 74/2000 iteration 350/390 loss=28.7560 lr=0.00997461
Tiny epoch 74/2000 iteration 390/390 loss=28.7986 lr=0.00997453
Tiny epoch 75/2000 iteration 50/390 loss=28.8102 lr=0.00997442
Tiny epoch 75/2000 iteration 100/390 loss=28.8147 lr=0.00997432
Tiny epoch 75/2000 iteration 150/390 loss=28.6905 lr=0.00997422
Tiny epoch 75/2000 iteration 200/390 loss=28.7190 lr=0.00997412
Tiny epoch 75/2000 iteration 250/390 loss=28.7051 lr=0.00997401
Tiny epoch 75/2000 iteration 300/390 loss=28.8281 lr=0.00997391
Tiny epoch 75/2000 iteration 350/390 loss=28.9672 lr=0.00997381
Tiny epoch 75/2000 iteration 390/390 loss=28.9072 lr=0.00997372
Tiny epoch 76/2000 iteration 50/390 loss=27.8958 lr=0.00997362
Tiny epoch 76/2000 iteration 100/390 loss=28.0918 lr=0.00997352
Tiny epoch 76/2000 iteration 150/390 loss=28.3533 lr=0.00997341
Tiny epoch 76/2000 iteration 200/390 loss=28.3965 lr=0.00997331
Tiny epoch 76/2000 iteration 250/390 loss=28.5751 lr=0.0099732
Tiny epoch 76/2000 iteration 300/390 loss=28.6824 lr=0.0099731
Tiny epoch 76/2000 iteration 350/390 loss=28.7804 lr=0.00997299
Tiny epoch 76/2000 iteration 390/390 loss=28.7539 lr=0.00997291
Tiny epoch 77/2000 iteration 50/390 loss=28.7952 lr=0.00997281
Tiny epoch 77/2000 iteration 100/390 loss=28.7831 lr=0.0099727
Tiny epoch 77/2000 iteration 150/390 loss=28.4997 lr=0.00997259
Tiny epoch 77/2000 iteration 200/390 loss=28.4436 lr=0.00997249
Tiny epoch 77/2000 iteration 250/390 loss=28.4534 lr=0.00997238
Tiny epoch 77/2000 iteration 300/390 loss=28.5047 lr=0.00997228
Tiny epoch 77/2000 iteration 350/390 loss=28.4712 lr=0.00997217
Tiny epoch 77/2000 iteration 390/390 loss=28.4713 lr=0.00997208
Tiny epoch 78/2000 iteration 50/390 loss=28.4940 lr=0.00997198
Tiny epoch 78/2000 iteration 100/390 loss=28.2498 lr=0.00997187
Tiny epoch 78/2000 iteration 150/390 loss=28.2452 lr=0.00997176
Tiny epoch 78/2000 iteration 200/390 loss=28.4278 lr=0.00997166
Tiny epoch 78/2000 iteration 250/390 loss=28.6487 lr=0.00997155
Tiny epoch 78/2000 iteration 300/390 loss=28.8383 lr=0.00997144
Tiny epoch 78/2000 iteration 350/390 loss=28.9059 lr=0.00997133
Tiny epoch 78/2000 iteration 390/390 loss=28.7411 lr=0.00997125
Tiny epoch 79/2000 iteration 50/390 loss=28.1311 lr=0.00997114
Tiny epoch 79/2000 iteration 100/390 loss=28.0036 lr=0.00997103
Tiny epoch 79/2000 iteration 150/390 loss=28.1444 lr=0.00997092
Tiny epoch 79/2000 iteration 200/390 loss=28.0226 lr=0.00997081
Tiny epoch 79/2000 iteration 250/390 loss=28.2399 lr=0.0099707
Tiny epoch 79/2000 iteration 300/390 loss=28.2234 lr=0.00997059
Tiny epoch 79/2000 iteration 350/390 loss=28.2704 lr=0.00997048
Tiny epoch 79/2000 iteration 390/390 loss=28.2670 lr=0.00997039
Tiny epoch 80/2000 iteration 50/390 loss=27.9457 lr=0.00997028
Tiny epoch 80/2000 iteration 100/390 loss=28.2777 lr=0.00997017
Tiny epoch 80/2000 iteration 150/390 loss=28.1077 lr=0.00997006
Tiny epoch 80/2000 iteration 200/390 loss=28.0778 lr=0.00996995
Tiny epoch 80/2000 iteration 250/390 loss=28.1372 lr=0.00996984
Tiny epoch 80/2000 iteration 300/390 loss=28.1841 lr=0.00996973
Tiny epoch 80/2000 iteration 350/390 loss=28.1663 lr=0.00996962
Tiny epoch 80/2000 iteration 390/390 loss=28.1594 lr=0.00996953
[epoch 80/2000] saved backbone: /home/mmoslem3/scratch/MKDT/krrst_teacher_ckpt/barlow_twins_resnet18_tinyimagenet.pt
Tiny epoch 81/2000 iteration 50/390 loss=27.5105 lr=0.00996942
Tiny epoch 81/2000 iteration 100/390 loss=27.6528 lr=0.00996931
Tiny epoch 81/2000 iteration 150/390 loss=27.8991 lr=0.0099692
Tiny epoch 81/2000 iteration 200/390 loss=28.0323 lr=0.00996908
Tiny epoch 81/2000 iteration 250/390 loss=28.0313 lr=0.00996897
Tiny epoch 81/2000 iteration 300/390 loss=28.0916 lr=0.00996886
Tiny epoch 81/2000 iteration 350/390 loss=28.1750 lr=0.00996875
Tiny epoch 81/2000 iteration 390/390 loss=28.3473 lr=0.00996866
Tiny epoch 82/2000 iteration 50/390 loss=28.2519 lr=0.00996854
Tiny epoch 82/2000 iteration 100/390 loss=27.7649 lr=0.00996843
Tiny epoch 82/2000 iteration 150/390 loss=28.0218 lr=0.00996832
Tiny epoch 82/2000 iteration 200/390 loss=28.1615 lr=0.0099682
Tiny epoch 82/2000 iteration 250/390 loss=28.1760 lr=0.00996809
Tiny epoch 82/2000 iteration 300/390 loss=28.1208 lr=0.00996797
Tiny epoch 82/2000 iteration 350/390 loss=28.0731 lr=0.00996786
Tiny epoch 82/2000 iteration 390/390 loss=28.0865 lr=0.00996777
Tiny epoch 83/2000 iteration 50/390 loss=27.8372 lr=0.00996765
Tiny epoch 83/2000 iteration 100/390 loss=27.9892 lr=0.00996754
Tiny epoch 83/2000 iteration 150/390 loss=27.6853 lr=0.00996742
Tiny epoch 83/2000 iteration 200/390 loss=27.8208 lr=0.00996731
Tiny epoch 83/2000 iteration 250/390 loss=27.9240 lr=0.00996719
Tiny epoch 83/2000 iteration 300/390 loss=27.9433 lr=0.00996708
Tiny epoch 83/2000 iteration 350/390 loss=28.1422 lr=0.00996696
Tiny epoch 83/2000 iteration 390/390 loss=28.1456 lr=0.00996687
Tiny epoch 84/2000 iteration 50/390 loss=27.4659 lr=0.00996675
Tiny epoch 84/2000 iteration 100/390 loss=27.5705 lr=0.00996663
Tiny epoch 84/2000 iteration 150/390 loss=27.7930 lr=0.00996652
Tiny epoch 84/2000 iteration 200/390 loss=27.8647 lr=0.0099664
Tiny epoch 84/2000 iteration 250/390 loss=27.9298 lr=0.00996628
Tiny epoch 84/2000 iteration 300/390 loss=27.9048 lr=0.00996617
Tiny epoch 84/2000 iteration 350/390 loss=27.8446 lr=0.00996605
Tiny epoch 84/2000 iteration 390/390 loss=27.9293 lr=0.00996595
Tiny epoch 85/2000 iteration 50/390 loss=28.2989 lr=0.00996584
Tiny epoch 85/2000 iteration 100/390 loss=27.8525 lr=0.00996572
Tiny epoch 85/2000 iteration 150/390 loss=27.9252 lr=0.0099656
Tiny epoch 85/2000 iteration 200/390 loss=27.9992 lr=0.00996548
Tiny epoch 85/2000 iteration 250/390 loss=27.9720 lr=0.00996536
Tiny epoch 85/2000 iteration 300/390 loss=27.8755 lr=0.00996524
Tiny epoch 85/2000 iteration 350/390 loss=27.9357 lr=0.00996512
Tiny epoch 85/2000 iteration 390/390 loss=27.9631 lr=0.00996503
Tiny epoch 86/2000 iteration 50/390 loss=27.9518 lr=0.00996491
Tiny epoch 86/2000 iteration 100/390 loss=28.2593 lr=0.00996479
Tiny epoch 86/2000 iteration 150/390 loss=28.1319 lr=0.00996467
Tiny epoch 86/2000 iteration 200/390 loss=27.9848 lr=0.00996455
Tiny epoch 86/2000 iteration 250/390 loss=27.9209 lr=0.00996443
Tiny epoch 86/2000 iteration 300/390 loss=27.9324 lr=0.00996431
Tiny epoch 86/2000 iteration 350/390 loss=27.9690 lr=0.00996419
Tiny epoch 86/2000 iteration 390/390 loss=27.9559 lr=0.00996409
Tiny epoch 87/2000 iteration 50/390 loss=27.1386 lr=0.00996397
Tiny epoch 87/2000 iteration 100/390 loss=27.2137 lr=0.00996385
Tiny epoch 87/2000 iteration 150/390 loss=27.2998 lr=0.00996373
Tiny epoch 87/2000 iteration 200/390 loss=27.4241 lr=0.00996361
Tiny epoch 87/2000 iteration 250/390 loss=27.4214 lr=0.00996348
Tiny epoch 87/2000 iteration 300/390 loss=27.4982 lr=0.00996336
Tiny epoch 87/2000 iteration 350/390 loss=27.5492 lr=0.00996324
Tiny epoch 87/2000 iteration 390/390 loss=27.5619 lr=0.00996314
Tiny epoch 88/2000 iteration 50/390 loss=27.1307 lr=0.00996302
Tiny epoch 88/2000 iteration 100/390 loss=27.5714 lr=0.0099629
Tiny epoch 88/2000 iteration 150/390 loss=27.6517 lr=0.00996277
Tiny epoch 88/2000 iteration 200/390 loss=27.6277 lr=0.00996265
Tiny epoch 88/2000 iteration 250/390 loss=27.6649 lr=0.00996253
Tiny epoch 88/2000 iteration 300/390 loss=27.6801 lr=0.0099624
Tiny epoch 88/2000 iteration 350/390 loss=27.6458 lr=0.00996228
Tiny epoch 88/2000 iteration 390/390 loss=27.6649 lr=0.00996218
Tiny epoch 89/2000 iteration 50/390 loss=27.4063 lr=0.00996205
Tiny epoch 89/2000 iteration 100/390 loss=27.3645 lr=0.00996193
Tiny epoch 89/2000 iteration 150/390 loss=27.4128 lr=0.00996181
Tiny epoch 89/2000 iteration 200/390 loss=27.3192 lr=0.00996168
Tiny epoch 89/2000 iteration 250/390 loss=27.3548 lr=0.00996156
Tiny epoch 89/2000 iteration 300/390 loss=27.3593 lr=0.00996143
Tiny epoch 89/2000 iteration 350/390 loss=27.4554 lr=0.0099613
Tiny epoch 89/2000 iteration 390/390 loss=27.5424 lr=0.0099612
Tiny epoch 90/2000 iteration 50/390 loss=27.1954 lr=0.00996108
Tiny epoch 90/2000 iteration 100/390 loss=27.4162 lr=0.00996095
Tiny epoch 90/2000 iteration 150/390 loss=27.5186 lr=0.00996083
Tiny epoch 90/2000 iteration 200/390 loss=27.6361 lr=0.0099607
Tiny epoch 90/2000 iteration 250/390 loss=27.5916 lr=0.00996057
Tiny epoch 90/2000 iteration 300/390 loss=27.6084 lr=0.00996045
Tiny epoch 90/2000 iteration 350/390 loss=27.5981 lr=0.00996032
Tiny epoch 90/2000 iteration 390/390 loss=27.5443 lr=0.00996022
[epoch 90/2000] saved backbone: /home/mmoslem3/scratch/MKDT/krrst_teacher_ckpt/barlow_twins_resnet18_tinyimagenet.pt
Tiny epoch 91/2000 iteration 50/390 loss=26.9832 lr=0.00996009
Tiny epoch 91/2000 iteration 100/390 loss=27.2648 lr=0.00995996
Tiny epoch 91/2000 iteration 150/390 loss=27.3188 lr=0.00995983
Tiny epoch 91/2000 iteration 200/390 loss=27.3315 lr=0.00995971
Tiny epoch 91/2000 iteration 250/390 loss=27.2649 lr=0.00995958
Tiny epoch 91/2000 iteration 300/390 loss=27.2997 lr=0.00995945
Tiny epoch 91/2000 iteration 350/390 loss=27.3344 lr=0.00995932
Tiny epoch 91/2000 iteration 390/390 loss=27.2674 lr=0.00995922
Tiny epoch 92/2000 iteration 50/390 loss=27.5484 lr=0.00995909
Tiny epoch 92/2000 iteration 100/390 loss=27.4064 lr=0.00995896
Tiny epoch 92/2000 iteration 150/390 loss=27.4497 lr=0.00995883
Tiny epoch 92/2000 iteration 200/390 loss=27.4670 lr=0.0099587
Tiny epoch 92/2000 iteration 250/390 loss=27.2719 lr=0.00995857
Tiny epoch 92/2000 iteration 300/390 loss=27.2051 lr=0.00995844
Tiny epoch 92/2000 iteration 350/390 loss=27.2457 lr=0.00995831
Tiny epoch 92/2000 iteration 390/390 loss=27.3094 lr=0.00995821
Tiny epoch 93/2000 iteration 50/390 loss=27.2348 lr=0.00995807
Tiny epoch 93/2000 iteration 100/390 loss=27.0410 lr=0.00995794
Tiny epoch 93/2000 iteration 150/390 loss=27.1894 lr=0.00995781
Tiny epoch 93/2000 iteration 200/390 loss=27.1549 lr=0.00995768
Tiny epoch 93/2000 iteration 250/390 loss=27.3032 lr=0.00995755
Tiny epoch 93/2000 iteration 300/390 loss=27.3847 lr=0.00995742
Tiny epoch 93/2000 iteration 350/390 loss=27.3295 lr=0.00995729
Tiny epoch 93/2000 iteration 390/390 loss=27.3862 lr=0.00995718
Tiny epoch 94/2000 iteration 50/390 loss=26.6844 lr=0.00995705
Tiny epoch 94/2000 iteration 100/390 loss=27.0706 lr=0.00995692
Tiny epoch 94/2000 iteration 150/390 loss=27.1498 lr=0.00995678
Tiny epoch 94/2000 iteration 200/390 loss=27.3089 lr=0.00995665
Tiny epoch 94/2000 iteration 250/390 loss=27.2697 lr=0.00995652
Tiny epoch 94/2000 iteration 300/390 loss=27.3099 lr=0.00995639
Tiny epoch 94/2000 iteration 350/390 loss=27.2086 lr=0.00995625
Tiny epoch 94/2000 iteration 390/390 loss=27.2322 lr=0.00995614
Tiny epoch 95/2000 iteration 50/390 loss=27.5639 lr=0.00995601
Tiny epoch 95/2000 iteration 100/390 loss=27.1275 lr=0.00995588
Tiny epoch 95/2000 iteration 150/390 loss=27.2686 lr=0.00995574
Tiny epoch 95/2000 iteration 200/390 loss=27.2901 lr=0.00995561
Tiny epoch 95/2000 iteration 250/390 loss=27.1522 lr=0.00995547
Tiny epoch 95/2000 iteration 300/390 loss=27.1167 lr=0.00995534
Tiny epoch 95/2000 iteration 350/390 loss=26.9943 lr=0.0099552
Tiny epoch 95/2000 iteration 390/390 loss=27.0665 lr=0.0099551
Tiny epoch 96/2000 iteration 50/390 loss=27.4808 lr=0.00995496
Tiny epoch 96/2000 iteration 100/390 loss=26.9707 lr=0.00995483
Tiny epoch 96/2000 iteration 150/390 loss=27.1731 lr=0.00995469
Tiny epoch 96/2000 iteration 200/390 loss=27.1695 lr=0.00995455
Tiny epoch 96/2000 iteration 250/390 loss=27.0714 lr=0.00995442
Tiny epoch 96/2000 iteration 300/390 loss=27.0360 lr=0.00995428
Tiny epoch 96/2000 iteration 350/390 loss=27.0091 lr=0.00995414
Tiny epoch 96/2000 iteration 390/390 loss=27.0198 lr=0.00995403
Tiny epoch 97/2000 iteration 50/390 loss=26.8657 lr=0.0099539
Tiny epoch 97/2000 iteration 100/390 loss=26.8039 lr=0.00995376
Tiny epoch 97/2000 iteration 150/390 loss=26.6537 lr=0.00995362
Tiny epoch 97/2000 iteration 200/390 loss=26.8621 lr=0.00995349
Tiny epoch 97/2000 iteration 250/390 loss=26.9279 lr=0.00995335
Tiny epoch 97/2000 iteration 300/390 loss=27.0825 lr=0.00995321
Tiny epoch 97/2000 iteration 350/390 loss=27.1690 lr=0.00995307
Tiny epoch 97/2000 iteration 390/390 loss=27.1095 lr=0.00995296
Tiny epoch 98/2000 iteration 50/390 loss=26.4341 lr=0.00995282
Tiny epoch 98/2000 iteration 100/390 loss=26.3729 lr=0.00995268
Tiny epoch 98/2000 iteration 150/390 loss=26.6371 lr=0.00995255
Tiny epoch 98/2000 iteration 200/390 loss=26.7220 lr=0.00995241
Tiny epoch 98/2000 iteration 250/390 loss=26.6620 lr=0.00995227
Tiny epoch 98/2000 iteration 300/390 loss=26.6845 lr=0.00995213
Tiny epoch 98/2000 iteration 350/390 loss=26.6903 lr=0.00995199
Tiny epoch 98/2000 iteration 390/390 loss=26.6687 lr=0.00995188
Tiny epoch 99/2000 iteration 50/390 loss=26.9454 lr=0.00995174
Tiny epoch 99/2000 iteration 100/390 loss=26.5680 lr=0.0099516
Tiny epoch 99/2000 iteration 150/390 loss=26.9007 lr=0.00995145
Tiny epoch 99/2000 iteration 200/390 loss=26.9542 lr=0.00995131
Tiny epoch 99/2000 iteration 250/390 loss=26.8802 lr=0.00995117
Tiny epoch 99/2000 iteration 300/390 loss=26.9876 lr=0.00995103
Tiny epoch 99/2000 iteration 350/390 loss=26.9936 lr=0.00995089
Tiny epoch 99/2000 iteration 390/390 loss=27.0787 lr=0.00995078
Tiny epoch 100/2000 iteration 50/390 loss=27.0496 lr=0.00995064
Tiny epoch 100/2000 iteration 100/390 loss=26.7165 lr=0.00995049
Tiny epoch 100/2000 iteration 150/390 loss=26.4753 lr=0.00995035
Tiny epoch 100/2000 iteration 200/390 loss=26.6157 lr=0.00995021
Tiny epoch 100/2000 iteration 250/390 loss=26.7093 lr=0.00995007
Tiny epoch 100/2000 iteration 300/390 loss=26.6133 lr=0.00994992
Tiny epoch 100/2000 iteration 350/390 loss=26.5945 lr=0.00994978
Tiny epoch 100/2000 iteration 390/390 loss=26.6475 lr=0.00994967
[epoch 100/2000] saved backbone: /home/mmoslem3/scratch/MKDT/krrst_teacher_ckpt/barlow_twins_resnet18_tinyimagenet.pt
Tiny epoch 101/2000 iteration 50/390 loss=27.2288 lr=0.00994952
Tiny epoch 101/2000 iteration 100/390 loss=27.0638 lr=0.00994938
Tiny epoch 101/2000 iteration 150/390 loss=26.8625 lr=0.00994924
Tiny epoch 101/2000 iteration 200/390 loss=26.7788 lr=0.00994909
Tiny epoch 101/2000 iteration 250/390 loss=26.5304 lr=0.00994895
Tiny epoch 101/2000 iteration 300/390 loss=26.6759 lr=0.0099488
Tiny epoch 101/2000 iteration 350/390 loss=26.8142 lr=0.00994866
Tiny epoch 101/2000 iteration 390/390 loss=26.8336 lr=0.00994854
Tiny epoch 102/2000 iteration 50/390 loss=25.9142 lr=0.0099484
Tiny epoch 102/2000 iteration 100/390 loss=25.9551 lr=0.00994825
Tiny epoch 102/2000 iteration 150/390 loss=26.4587 lr=0.00994811
Tiny epoch 102/2000 iteration 200/390 loss=26.6067 lr=0.00994796
Tiny epoch 102/2000 iteration 250/390 loss=26.6100 lr=0.00994782
Tiny epoch 102/2000 iteration 300/390 loss=26.6394 lr=0.00994767
Tiny epoch 102/2000 iteration 350/390 loss=26.7566 lr=0.00994753
Tiny epoch 102/2000 iteration 390/390 loss=26.6971 lr=0.00994741
Tiny epoch 103/2000 iteration 50/390 loss=26.6007 lr=0.00994726
Tiny epoch 103/2000 iteration 100/390 loss=26.3757 lr=0.00994712
Tiny epoch 103/2000 iteration 150/390 loss=26.5544 lr=0.00994697
Tiny epoch 103/2000 iteration 200/390 loss=26.6025 lr=0.00994682
Tiny epoch 103/2000 iteration 250/390 loss=26.6677 lr=0.00994667
Tiny epoch 103/2000 iteration 300/390 loss=26.6641 lr=0.00994653
Tiny epoch 103/2000 iteration 350/390 loss=26.6919 lr=0.00994638
Tiny epoch 103/2000 iteration 390/390 loss=26.8146 lr=0.00994626
Tiny epoch 104/2000 iteration 50/390 loss=26.5867 lr=0.00994611
Tiny epoch 104/2000 iteration 100/390 loss=26.4203 lr=0.00994597
Tiny epoch 104/2000 iteration 150/390 loss=26.3293 lr=0.00994582
Tiny epoch 104/2000 iteration 200/390 loss=26.4431 lr=0.00994567
Tiny epoch 104/2000 iteration 250/390 loss=26.4966 lr=0.00994552
Tiny epoch 104/2000 iteration 300/390 loss=26.5558 lr=0.00994537
Tiny epoch 104/2000 iteration 350/390 loss=26.5093 lr=0.00994522
Tiny epoch 104/2000 iteration 390/390 loss=26.5315 lr=0.0099451
Tiny epoch 105/2000 iteration 50/390 loss=26.3751 lr=0.00994495
Tiny epoch 105/2000 iteration 100/390 loss=26.6425 lr=0.0099448
Tiny epoch 105/2000 iteration 150/390 loss=26.6605 lr=0.00994465
Tiny epoch 105/2000 iteration 200/390 loss=26.8286 lr=0.0099445
Tiny epoch 105/2000 iteration 250/390 loss=26.8614 lr=0.00994435
Tiny epoch 105/2000 iteration 300/390 loss=26.8342 lr=0.0099442
Tiny epoch 105/2000 iteration 350/390 loss=27.0138 lr=0.00994405
Tiny epoch 105/2000 iteration 390/390 loss=26.9122 lr=0.00994393
Tiny epoch 106/2000 iteration 50/390 loss=26.4303 lr=0.00994378
Tiny epoch 106/2000 iteration 100/390 loss=26.4182 lr=0.00994363
Tiny epoch 106/2000 iteration 150/390 loss=26.3114 lr=0.00994348
Tiny epoch 106/2000 iteration 200/390 loss=26.2276 lr=0.00994332
Tiny epoch 106/2000 iteration 250/390 loss=26.3023 lr=0.00994317
Tiny epoch 106/2000 iteration 300/390 loss=26.4681 lr=0.00994302
Tiny epoch 106/2000 iteration 350/390 loss=26.4917 lr=0.00994287
Tiny epoch 106/2000 iteration 390/390 loss=26.4656 lr=0.00994275
Tiny epoch 107/2000 iteration 50/390 loss=26.1314 lr=0.00994259
Tiny epoch 107/2000 iteration 100/390 loss=26.4452 lr=0.00994244
Tiny epoch 107/2000 iteration 150/390 loss=26.7999 lr=0.00994229
Tiny epoch 107/2000 iteration 200/390 loss=26.6464 lr=0.00994213
Tiny epoch 107/2000 iteration 250/390 loss=26.6095 lr=0.00994198
Tiny epoch 107/2000 iteration 300/390 loss=26.5592 lr=0.00994183
Tiny epoch 107/2000 iteration 350/390 loss=26.5713 lr=0.00994167
Tiny epoch 107/2000 iteration 390/390 loss=26.4899 lr=0.00994155
Tiny epoch 108/2000 iteration 50/390 loss=27.0751 lr=0.00994139
Tiny epoch 108/2000 iteration 100/390 loss=26.5188 lr=0.00994124
Tiny epoch 108/2000 iteration 150/390 loss=26.5441 lr=0.00994109
Tiny epoch 108/2000 iteration 200/390 loss=26.5819 lr=0.00994093
Tiny epoch 108/2000 iteration 250/390 loss=26.6029 lr=0.00994078
Tiny epoch 108/2000 iteration 300/390 loss=26.4435 lr=0.00994062
Tiny epoch 108/2000 iteration 350/390 loss=26.4952 lr=0.00994046
Tiny epoch 108/2000 iteration 390/390 loss=26.4585 lr=0.00994034
Tiny epoch 109/2000 iteration 50/390 loss=26.1251 lr=0.00994018
Tiny epoch 109/2000 iteration 100/390 loss=26.3702 lr=0.00994003
Tiny epoch 109/2000 iteration 150/390 loss=26.4128 lr=0.00993987
Tiny epoch 109/2000 iteration 200/390 loss=26.5123 lr=0.00993972
Tiny epoch 109/2000 iteration 250/390 loss=26.4808 lr=0.00993956
Tiny epoch 109/2000 iteration 300/390 loss=26.5476 lr=0.0099394
Tiny epoch 109/2000 iteration 350/390 loss=26.6240 lr=0.00993924
Tiny epoch 109/2000 iteration 390/390 loss=26.5923 lr=0.00993912
Tiny epoch 110/2000 iteration 50/390 loss=25.7586 lr=0.00993896
Tiny epoch 110/2000 iteration 100/390 loss=26.1103 lr=0.0099388
Tiny epoch 110/2000 iteration 150/390 loss=26.0432 lr=0.00993865
Tiny epoch 110/2000 iteration 200/390 loss=26.0966 lr=0.00993849
Tiny epoch 110/2000 iteration 250/390 loss=26.0452 lr=0.00993833
Tiny epoch 110/2000 iteration 300/390 loss=26.0454 lr=0.00993817
Tiny epoch 110/2000 iteration 350/390 loss=26.0485 lr=0.00993801
Tiny epoch 110/2000 iteration 390/390 loss=26.0534 lr=0.00993788
[epoch 110/2000] saved backbone: /home/mmoslem3/scratch/MKDT/krrst_teacher_ckpt/barlow_twins_resnet18_tinyimagenet.pt
Tiny epoch 111/2000 iteration 50/390 loss=26.0413 lr=0.00993773
Tiny epoch 111/2000 iteration 100/390 loss=26.5306 lr=0.00993757
Tiny epoch 111/2000 iteration 150/390 loss=26.3210 lr=0.00993741
Tiny epoch 111/2000 iteration 200/390 loss=26.4821 lr=0.00993725
Tiny epoch 111/2000 iteration 250/390 loss=26.3741 lr=0.00993709
Tiny epoch 111/2000 iteration 300/390 loss=26.2734 lr=0.00993693
Tiny epoch 111/2000 iteration 350/390 loss=26.2980 lr=0.00993677
Tiny epoch 111/2000 iteration 390/390 loss=26.2863 lr=0.00993664
Tiny epoch 112/2000 iteration 50/390 loss=26.2467 lr=0.00993648
Tiny epoch 112/2000 iteration 100/390 loss=25.5868 lr=0.00993632
Tiny epoch 112/2000 iteration 150/390 loss=25.5119 lr=0.00993616
Tiny epoch 112/2000 iteration 200/390 loss=25.6175 lr=0.009936
Tiny epoch 112/2000 iteration 250/390 loss=25.7131 lr=0.00993583
Tiny epoch 112/2000 iteration 300/390 loss=25.8056 lr=0.00993567
Tiny epoch 112/2000 iteration 350/390 loss=25.8933 lr=0.00993551
Tiny epoch 112/2000 iteration 390/390 loss=25.9135 lr=0.00993538
Tiny epoch 113/2000 iteration 50/390 loss=26.2484 lr=0.00993522
Tiny epoch 113/2000 iteration 100/390 loss=26.0886 lr=0.00993506
Tiny epoch 113/2000 iteration 150/390 loss=26.1408 lr=0.00993489
Tiny epoch 113/2000 iteration 200/390 loss=26.2331 lr=0.00993473
Tiny epoch 113/2000 iteration 250/390 loss=26.3952 lr=0.00993457
Tiny epoch 113/2000 iteration 300/390 loss=26.3650 lr=0.0099344
Tiny epoch 113/2000 iteration 350/390 loss=26.2869 lr=0.00993424
Tiny epoch 113/2000 iteration 390/390 loss=26.2858 lr=0.00993411
Tiny epoch 114/2000 iteration 50/390 loss=25.4805 lr=0.00993395
Tiny epoch 114/2000 iteration 100/390 loss=25.6670 lr=0.00993378
Tiny epoch 114/2000 iteration 150/390 loss=25.7827 lr=0.00993362
Tiny epoch 114/2000 iteration 200/390 loss=25.7179 lr=0.00993345
Tiny epoch 114/2000 iteration 250/390 loss=25.7664 lr=0.00993329
Tiny epoch 114/2000 iteration 300/390 loss=25.8410 lr=0.00993312
Tiny epoch 114/2000 iteration 350/390 loss=25.9476 lr=0.00993296
Tiny epoch 114/2000 iteration 390/390 loss=26.0182 lr=0.00993283
Tiny epoch 115/2000 iteration 50/390 loss=25.7471 lr=0.00993266
Tiny epoch 115/2000 iteration 100/390 loss=25.7993 lr=0.0099325
Tiny epoch 115/2000 iteration 150/390 loss=26.1278 lr=0.00993233
Tiny epoch 115/2000 iteration 200/390 loss=26.1509 lr=0.00993217
Tiny epoch 115/2000 iteration 250/390 loss=26.1276 lr=0.009932
Tiny epoch 115/2000 iteration 300/390 loss=26.1250 lr=0.00993183
Tiny epoch 115/2000 iteration 350/390 loss=26.1078 lr=0.00993167
Tiny epoch 115/2000 iteration 390/390 loss=26.1496 lr=0.00993153
Tiny epoch 116/2000 iteration 50/390 loss=25.5063 lr=0.00993137
Tiny epoch 116/2000 iteration 100/390 loss=25.4062 lr=0.0099312
Tiny epoch 116/2000 iteration 150/390 loss=25.4523 lr=0.00993103
Tiny epoch 116/2000 iteration 200/390 loss=25.4973 lr=0.00993086
Tiny epoch 116/2000 iteration 250/390 loss=25.5750 lr=0.0099307
Tiny epoch 116/2000 iteration 300/390 loss=25.6723 lr=0.00993053
Tiny epoch 116/2000 iteration 350/390 loss=25.7542 lr=0.00993036
Tiny epoch 116/2000 iteration 390/390 loss=25.6552 lr=0.00993023
Tiny epoch 117/2000 iteration 50/390 loss=25.7995 lr=0.00993006
Tiny epoch 117/2000 iteration 100/390 loss=25.5013 lr=0.00992989
Tiny epoch 117/2000 iteration 150/390 loss=25.6159 lr=0.00992972
Tiny epoch 117/2000 iteration 200/390 loss=25.8104 lr=0.00992955
Tiny epoch 117/2000 iteration 250/390 loss=25.8182 lr=0.00992938
Tiny epoch 117/2000 iteration 300/390 loss=25.8280 lr=0.00992921
Tiny epoch 117/2000 iteration 350/390 loss=25.8723 lr=0.00992904
Tiny epoch 117/2000 iteration 390/390 loss=25.9049 lr=0.00992891
Tiny epoch 118/2000 iteration 50/390 loss=25.8351 lr=0.00992874
Tiny epoch 118/2000 iteration 100/390 loss=25.9549 lr=0.00992857
Tiny epoch 118/2000 iteration 150/390 loss=25.9282 lr=0.0099284
Tiny epoch 118/2000 iteration 200/390 loss=25.7554 lr=0.00992822
Tiny epoch 118/2000 iteration 250/390 loss=25.8855 lr=0.00992805
Tiny epoch 118/2000 iteration 300/390 loss=25.7946 lr=0.00992788
Tiny epoch 118/2000 iteration 350/390 loss=25.7681 lr=0.00992771
Tiny epoch 118/2000 iteration 390/390 loss=25.8050 lr=0.00992757
Tiny epoch 119/2000 iteration 50/390 loss=25.8584 lr=0.0099274
Tiny epoch 119/2000 iteration 100/390 loss=26.1010 lr=0.00992723
Tiny epoch 119/2000 iteration 150/390 loss=25.9123 lr=0.00992706
Tiny epoch 119/2000 iteration 200/390 loss=25.9380 lr=0.00992689
Tiny epoch 119/2000 iteration 250/390 loss=25.8609 lr=0.00992671
Tiny epoch 119/2000 iteration 300/390 loss=25.8841 lr=0.00992654
Tiny epoch 119/2000 iteration 350/390 loss=25.9059 lr=0.00992637
Tiny epoch 119/2000 iteration 390/390 loss=25.9518 lr=0.00992623
Tiny epoch 120/2000 iteration 50/390 loss=25.5485 lr=0.00992606
Tiny epoch 120/2000 iteration 100/390 loss=25.6260 lr=0.00992588
Tiny epoch 120/2000 iteration 150/390 loss=25.6544 lr=0.00992571
Tiny epoch 120/2000 iteration 200/390 loss=25.6555 lr=0.00992554
Tiny epoch 120/2000 iteration 250/390 loss=25.6552 lr=0.00992536
Tiny epoch 120/2000 iteration 300/390 loss=25.6668 lr=0.00992519
Tiny epoch 120/2000 iteration 350/390 loss=25.7591 lr=0.00992501
Tiny epoch 120/2000 iteration 390/390 loss=25.9179 lr=0.00992487
[epoch 120/2000] saved backbone: /home/mmoslem3/scratch/MKDT/krrst_teacher_ckpt/barlow_twins_resnet18_tinyimagenet.pt
Tiny epoch 121/2000 iteration 50/390 loss=25.1532 lr=0.0099247
Tiny epoch 121/2000 iteration 100/390 loss=25.1593 lr=0.00992452
Tiny epoch 121/2000 iteration 150/390 loss=25.2568 lr=0.00992435
Tiny epoch 121/2000 iteration 200/390 loss=25.3228 lr=0.00992417
Tiny epoch 121/2000 iteration 250/390 loss=25.3737 lr=0.009924
Tiny epoch 121/2000 iteration 300/390 loss=25.4573 lr=0.00992382
Tiny epoch 121/2000 iteration 350/390 loss=25.4509 lr=0.00992365
Tiny epoch 121/2000 iteration 390/390 loss=25.5014 lr=0.0099235
Tiny epoch 122/2000 iteration 50/390 loss=25.3458 lr=0.00992333
Tiny epoch 122/2000 iteration 100/390 loss=25.5227 lr=0.00992315
Tiny epoch 122/2000 iteration 150/390 loss=25.6143 lr=0.00992298
Tiny epoch 122/2000 iteration 200/390 loss=25.7026 lr=0.0099228
Tiny epoch 122/2000 iteration 250/390 loss=25.7544 lr=0.00992262
Tiny epoch 122/2000 iteration 300/390 loss=25.7101 lr=0.00992244
Tiny epoch 122/2000 iteration 350/390 loss=25.7890 lr=0.00992227
Tiny epoch 122/2000 iteration 390/390 loss=25.7922 lr=0.00992212
Tiny epoch 123/2000 iteration 50/390 loss=25.4375 lr=0.00992195
Tiny epoch 123/2000 iteration 100/390 loss=25.6546 lr=0.00992177
Tiny epoch 123/2000 iteration 150/390 loss=25.7585 lr=0.00992159
Tiny epoch 123/2000 iteration 200/390 loss=25.7081 lr=0.00992141
Tiny epoch 123/2000 iteration 250/390 loss=25.6968 lr=0.00992123
Tiny epoch 123/2000 iteration 300/390 loss=25.7457 lr=0.00992105
Tiny epoch 123/2000 iteration 350/390 loss=25.7325 lr=0.00992087
Tiny epoch 123/2000 iteration 390/390 loss=25.7655 lr=0.00992073
Tiny epoch 124/2000 iteration 50/390 loss=25.3044 lr=0.00992055
Tiny epoch 124/2000 iteration 100/390 loss=25.5718 lr=0.00992037
Tiny epoch 124/2000 iteration 150/390 loss=25.4960 lr=0.00992019
Tiny epoch 124/2000 iteration 200/390 loss=25.5629 lr=0.00992001
Tiny epoch 124/2000 iteration 250/390 loss=25.6317 lr=0.00991983
Tiny epoch 124/2000 iteration 300/390 loss=25.6519 lr=0.00991965
Tiny epoch 124/2000 iteration 350/390 loss=25.6023 lr=0.00991947
Tiny epoch 124/2000 iteration 390/390 loss=25.5701 lr=0.00991933
Tiny epoch 125/2000 iteration 50/390 loss=25.2272 lr=0.00991914
Tiny epoch 125/2000 iteration 100/390 loss=25.2501 lr=0.00991896
Tiny epoch 125/2000 iteration 150/390 loss=25.5017 lr=0.00991878
Tiny epoch 125/2000 iteration 200/390 loss=25.5025 lr=0.0099186
Tiny epoch 125/2000 iteration 250/390 loss=25.5736 lr=0.00991842
Tiny epoch 125/2000 iteration 300/390 loss=25.5683 lr=0.00991824
Tiny epoch 125/2000 iteration 350/390 loss=25.4792 lr=0.00991805
Tiny epoch 125/2000 iteration 390/390 loss=25.4858 lr=0.00991791
Tiny epoch 126/2000 iteration 50/390 loss=25.2828 lr=0.00991773
Tiny epoch 126/2000 iteration 100/390 loss=25.4594 lr=0.00991754
Tiny epoch 126/2000 iteration 150/390 loss=25.3986 lr=0.00991736
Tiny epoch 126/2000 iteration 200/390 loss=25.5406 lr=0.00991718
Tiny epoch 126/2000 iteration 250/390 loss=25.5412 lr=0.00991699
Tiny epoch 126/2000 iteration 300/390 loss=25.6147 lr=0.00991681
Tiny epoch 126/2000 iteration 350/390 loss=25.5677 lr=0.00991663
Tiny epoch 126/2000 iteration 390/390 loss=25.5480 lr=0.00991648
Tiny epoch 127/2000 iteration 50/390 loss=25.3846 lr=0.00991629
Tiny epoch 127/2000 iteration 100/390 loss=25.8018 lr=0.00991611
Tiny epoch 127/2000 iteration 150/390 loss=25.6011 lr=0.00991592
Tiny epoch 127/2000 iteration 200/390 loss=25.5521 lr=0.00991574
Tiny epoch 127/2000 iteration 250/390 loss=25.5437 lr=0.00991555
Tiny epoch 127/2000 iteration 300/390 loss=25.5593 lr=0.00991537
Tiny epoch 127/2000 iteration 350/390 loss=25.6567 lr=0.00991518
Tiny epoch 127/2000 iteration 390/390 loss=25.6438 lr=0.00991504
Tiny epoch 128/2000 iteration 50/390 loss=24.9738 lr=0.00991485
Tiny epoch 128/2000 iteration 100/390 loss=25.0828 lr=0.00991466
Tiny epoch 128/2000 iteration 150/390 loss=25.1414 lr=0.00991448
Tiny epoch 128/2000 iteration 200/390 loss=25.0898 lr=0.00991429
Tiny epoch 128/2000 iteration 250/390 loss=25.1176 lr=0.0099141
Tiny epoch 128/2000 iteration 300/390 loss=25.2832 lr=0.00991392
Tiny epoch 128/2000 iteration 350/390 loss=25.4300 lr=0.00991373
Tiny epoch 128/2000 iteration 390/390 loss=25.4509 lr=0.00991358
Tiny epoch 129/2000 iteration 50/390 loss=25.1766 lr=0.00991339
Tiny epoch 129/2000 iteration 100/390 loss=24.9892 lr=0.00991321
Tiny epoch 129/2000 iteration 150/390 loss=25.1000 lr=0.00991302
Tiny epoch 129/2000 iteration 200/390 loss=25.2291 lr=0.00991283
Tiny epoch 129/2000 iteration 250/390 loss=25.4282 lr=0.00991264
Tiny epoch 129/2000 iteration 300/390 loss=25.5292 lr=0.00991245
Tiny epoch 129/2000 iteration 350/390 loss=25.6239 lr=0.00991227
Tiny epoch 129/2000 iteration 390/390 loss=25.6079 lr=0.00991211
Tiny epoch 130/2000 iteration 50/390 loss=25.1120 lr=0.00991193
Tiny epoch 130/2000 iteration 100/390 loss=25.1550 lr=0.00991174
Tiny epoch 130/2000 iteration 150/390 loss=25.0852 lr=0.00991155
Tiny epoch 130/2000 iteration 200/390 loss=25.0459 lr=0.00991136
Tiny epoch 130/2000 iteration 250/390 loss=25.2318 lr=0.00991117
Tiny epoch 130/2000 iteration 300/390 loss=25.3042 lr=0.00991098
Tiny epoch 130/2000 iteration 350/390 loss=25.3508 lr=0.00991079
Tiny epoch 130/2000 iteration 390/390 loss=25.4065 lr=0.00991064
[epoch 130/2000] saved backbone: /home/mmoslem3/scratch/MKDT/krrst_teacher_ckpt/barlow_twins_resnet18_tinyimagenet.pt
Tiny epoch 131/2000 iteration 50/390 loss=25.5335 lr=0.00991045
Tiny epoch 131/2000 iteration 100/390 loss=25.3964 lr=0.00991025
Tiny epoch 131/2000 iteration 150/390 loss=25.2465 lr=0.00991006
Tiny epoch 131/2000 iteration 200/390 loss=25.2650 lr=0.00990987
Tiny epoch 131/2000 iteration 250/390 loss=25.1599 lr=0.00990968
Tiny epoch 131/2000 iteration 300/390 loss=25.2543 lr=0.00990949
Tiny epoch 131/2000 iteration 350/390 loss=25.2109 lr=0.0099093
Tiny epoch 131/2000 iteration 390/390 loss=25.2324 lr=0.00990914
Tiny epoch 132/2000 iteration 50/390 loss=24.9524 lr=0.00990895
Tiny epoch 132/2000 iteration 100/390 loss=25.2145 lr=0.00990876
Tiny epoch 132/2000 iteration 150/390 loss=25.0312 lr=0.00990857
Tiny epoch 132/2000 iteration 200/390 loss=25.2050 lr=0.00990838
Tiny epoch 132/2000 iteration 250/390 loss=25.2643 lr=0.00990818
Tiny epoch 132/2000 iteration 300/390 loss=25.2553 lr=0.00990799
Tiny epoch 132/2000 iteration 350/390 loss=25.3289 lr=0.0099078
Tiny epoch 132/2000 iteration 390/390 loss=25.3559 lr=0.00990764
Tiny epoch 133/2000 iteration 50/390 loss=24.6782 lr=0.00990745
Tiny epoch 133/2000 iteration 100/390 loss=25.1358 lr=0.00990725
Tiny epoch 133/2000 iteration 150/390 loss=25.1140 lr=0.00990706
Tiny epoch 133/2000 iteration 200/390 loss=25.0796 lr=0.00990687
Tiny epoch 133/2000 iteration 250/390 loss=25.1637 lr=0.00990667
Tiny epoch 133/2000 iteration 300/390 loss=25.2128 lr=0.00990648
Tiny epoch 133/2000 iteration 350/390 loss=25.2449 lr=0.00990628
Tiny epoch 133/2000 iteration 390/390 loss=25.2749 lr=0.00990613
Tiny epoch 134/2000 iteration 50/390 loss=25.0584 lr=0.00990593
Tiny epoch 134/2000 iteration 100/390 loss=25.1092 lr=0.00990574
Tiny epoch 134/2000 iteration 150/390 loss=25.1284 lr=0.00990554
Tiny epoch 134/2000 iteration 200/390 loss=25.1710 lr=0.00990534
Tiny epoch 134/2000 iteration 250/390 loss=25.4300 lr=0.00990515
Tiny epoch 134/2000 iteration 300/390 loss=25.4536 lr=0.00990495
Tiny epoch 134/2000 iteration 350/390 loss=25.2710 lr=0.00990476
Tiny epoch 134/2000 iteration 390/390 loss=25.2088 lr=0.0099046
Tiny epoch 135/2000 iteration 50/390 loss=25.6939 lr=0.0099044
Tiny epoch 135/2000 iteration 100/390 loss=25.5560 lr=0.0099042
Tiny epoch 135/2000 iteration 150/390 loss=25.4276 lr=0.00990401
Tiny epoch 135/2000 iteration 200/390 loss=25.5295 lr=0.00990381
Tiny epoch 135/2000 iteration 250/390 loss=25.4723 lr=0.00990361
Tiny epoch 135/2000 iteration 300/390 loss=25.4232 lr=0.00990342
Tiny epoch 135/2000 iteration 350/390 loss=25.3994 lr=0.00990322
Tiny epoch 135/2000 iteration 390/390 loss=25.4087 lr=0.00990306
Tiny epoch 136/2000 iteration 50/390 loss=24.4430 lr=0.00990286
Tiny epoch 136/2000 iteration 100/390 loss=24.7727 lr=0.00990266
Tiny epoch 136/2000 iteration 150/390 loss=24.9444 lr=0.00990246
Tiny epoch 136/2000 iteration 200/390 loss=25.1167 lr=0.00990226
Tiny epoch 136/2000 iteration 250/390 loss=25.2004 lr=0.00990207
Tiny epoch 136/2000 iteration 300/390 loss=25.1836 lr=0.00990187
Tiny epoch 136/2000 iteration 350/390 loss=25.1024 lr=0.00990167
Tiny epoch 136/2000 iteration 390/390 loss=25.1232 lr=0.00990151
Tiny epoch 137/2000 iteration 50/390 loss=25.1975 lr=0.00990131
Tiny epoch 137/2000 iteration 100/390 loss=25.2469 lr=0.00990111
Tiny epoch 137/2000 iteration 150/390 loss=25.1505 lr=0.00990091
Tiny epoch 137/2000 iteration 200/390 loss=25.1602 lr=0.00990071
Tiny epoch 137/2000 iteration 250/390 loss=25.1052 lr=0.00990051
Tiny epoch 137/2000 iteration 300/390 loss=25.0395 lr=0.0099003
Tiny epoch 137/2000 iteration 350/390 loss=25.0919 lr=0.0099001
Tiny epoch 137/2000 iteration 390/390 loss=25.1629 lr=0.00989994
Tiny epoch 138/2000 iteration 50/390 loss=24.5065 lr=0.00989974
Tiny epoch 138/2000 iteration 100/390 loss=24.6256 lr=0.00989954
Tiny epoch 138/2000 iteration 150/390 loss=24.7857 lr=0.00989934
Tiny epoch 138/2000 iteration 200/390 loss=24.9685 lr=0.00989914
Tiny epoch 138/2000 iteration 250/390 loss=24.8709 lr=0.00989893
Tiny epoch 138/2000 iteration 300/390 loss=24.9648 lr=0.00989873
Tiny epoch 138/2000 iteration 350/390 loss=25.0666 lr=0.00989853
Tiny epoch 138/2000 iteration 390/390 loss=25.1275 lr=0.00989837
Tiny epoch 139/2000 iteration 50/390 loss=24.5658 lr=0.00989816
Tiny epoch 139/2000 iteration 100/390 loss=24.8490 lr=0.00989796
Tiny epoch 139/2000 iteration 150/390 loss=24.9403 lr=0.00989776
Tiny epoch 139/2000 iteration 200/390 loss=25.2099 lr=0.00989755
Tiny epoch 139/2000 iteration 250/390 loss=25.2944 lr=0.00989735
Tiny epoch 139/2000 iteration 300/390 loss=25.2736 lr=0.00989714
Tiny epoch 139/2000 iteration 350/390 loss=25.3143 lr=0.00989694
Tiny epoch 139/2000 iteration 390/390 loss=25.2584 lr=0.00989678
Tiny epoch 140/2000 iteration 50/390 loss=24.5872 lr=0.00989657
Tiny epoch 140/2000 iteration 100/390 loss=25.0721 lr=0.00989637
Tiny epoch 140/2000 iteration 150/390 loss=25.1612 lr=0.00989616
Tiny epoch 140/2000 iteration 200/390 loss=25.1536 lr=0.00989596
Tiny epoch 140/2000 iteration 250/390 loss=25.0569 lr=0.00989575
Tiny epoch 140/2000 iteration 300/390 loss=25.0729 lr=0.00989555
Tiny epoch 140/2000 iteration 350/390 loss=25.1184 lr=0.00989534
Tiny epoch 140/2000 iteration 390/390 loss=25.0697 lr=0.00989518
[epoch 140/2000] saved backbone: /home/mmoslem3/scratch/MKDT/krrst_teacher_ckpt/barlow_twins_resnet18_tinyimagenet.pt
Tiny epoch 141/2000 iteration 50/390 loss=24.9720 lr=0.00989497
Tiny epoch 141/2000 iteration 100/390 loss=24.7274 lr=0.00989476
Tiny epoch 141/2000 iteration 150/390 loss=24.8228 lr=0.00989456
Tiny epoch 141/2000 iteration 200/390 loss=24.7948 lr=0.00989435
Tiny epoch 141/2000 iteration 250/390 loss=24.8474 lr=0.00989414
Tiny epoch 141/2000 iteration 300/390 loss=24.9287 lr=0.00989394
Tiny epoch 141/2000 iteration 350/390 loss=24.9849 lr=0.00989373
Tiny epoch 141/2000 iteration 390/390 loss=24.9792 lr=0.00989356
Tiny epoch 142/2000 iteration 50/390 loss=25.0505 lr=0.00989336
Tiny epoch 142/2000 iteration 100/390 loss=24.8989 lr=0.00989315
Tiny epoch 142/2000 iteration 150/390 loss=24.8081 lr=0.00989294
Tiny epoch 142/2000 iteration 200/390 loss=24.7693 lr=0.00989273
Tiny epoch 142/2000 iteration 250/390 loss=24.8044 lr=0.00989252
Tiny epoch 142/2000 iteration 300/390 loss=24.8333 lr=0.00989231
Tiny epoch 142/2000 iteration 350/390 loss=24.8574 lr=0.0098921
Tiny epoch 142/2000 iteration 390/390 loss=24.9039 lr=0.00989194
Tiny epoch 143/2000 iteration 50/390 loss=24.8438 lr=0.00989173
Tiny epoch 143/2000 iteration 100/390 loss=24.8906 lr=0.00989152
Tiny epoch 143/2000 iteration 150/390 loss=24.8335 lr=0.00989131
Tiny epoch 143/2000 iteration 200/390 loss=24.8720 lr=0.0098911
Tiny epoch 143/2000 iteration 250/390 loss=24.9281 lr=0.00989089
Tiny epoch 143/2000 iteration 300/390 loss=25.0126 lr=0.00989068
Tiny epoch 143/2000 iteration 350/390 loss=24.9552 lr=0.00989047
Tiny epoch 143/2000 iteration 390/390 loss=24.9714 lr=0.0098903
Tiny epoch 144/2000 iteration 50/390 loss=24.2509 lr=0.00989009
Tiny epoch 144/2000 iteration 100/390 loss=24.6852 lr=0.00988988
Tiny epoch 144/2000 iteration 150/390 loss=24.8628 lr=0.00988967
Tiny epoch 144/2000 iteration 200/390 loss=24.8674 lr=0.00988946
Tiny epoch 144/2000 iteration 250/390 loss=24.9559 lr=0.00988924
Tiny epoch 144/2000 iteration 300/390 loss=24.8995 lr=0.00988903
Tiny epoch 144/2000 iteration 350/390 loss=25.0734 lr=0.00988882
Tiny epoch 144/2000 iteration 390/390 loss=25.1283 lr=0.00988865
Tiny epoch 145/2000 iteration 50/390 loss=24.9847 lr=0.00988844
Tiny epoch 145/2000 iteration 100/390 loss=25.1393 lr=0.00988823
Tiny epoch 145/2000 iteration 150/390 loss=25.0339 lr=0.00988801
Tiny epoch 145/2000 iteration 200/390 loss=24.9753 lr=0.0098878
Tiny epoch 145/2000 iteration 250/390 loss=24.9571 lr=0.00988759
Tiny epoch 145/2000 iteration 300/390 loss=24.9712 lr=0.00988737
Tiny epoch 145/2000 iteration 350/390 loss=24.9989 lr=0.00988716
Tiny epoch 145/2000 iteration 390/390 loss=24.9799 lr=0.00988699
Tiny epoch 146/2000 iteration 50/390 loss=24.6234 lr=0.00988677
Tiny epoch 146/2000 iteration 100/390 loss=25.1035 lr=0.00988656
Tiny epoch 146/2000 iteration 150/390 loss=25.0843 lr=0.00988635
Tiny epoch 146/2000 iteration 200/390 loss=25.0289 lr=0.00988613
Tiny epoch 146/2000 iteration 250/390 loss=25.1315 lr=0.00988592
Tiny epoch 146/2000 iteration 300/390 loss=25.1985 lr=0.0098857
Tiny epoch 146/2000 iteration 350/390 loss=25.1415 lr=0.00988549
Tiny epoch 146/2000 iteration 390/390 loss=25.1282 lr=0.00988531
Tiny epoch 147/2000 iteration 50/390 loss=24.6816 lr=0.0098851
Tiny epoch 147/2000 iteration 100/390 loss=24.8072 lr=0.00988488
Tiny epoch 147/2000 iteration 150/390 loss=24.8666 lr=0.00988467
Tiny epoch 147/2000 iteration 200/390 loss=24.8338 lr=0.00988445
Tiny epoch 147/2000 iteration 250/390 loss=24.9435 lr=0.00988424
Tiny epoch 147/2000 iteration 300/390 loss=24.9390 lr=0.00988402
Tiny epoch 147/2000 iteration 350/390 loss=24.8026 lr=0.0098838
Tiny epoch 147/2000 iteration 390/390 loss=24.8412 lr=0.00988363
Tiny epoch 148/2000 iteration 50/390 loss=25.0398 lr=0.00988341
Tiny epoch 148/2000 iteration 100/390 loss=24.8895 lr=0.00988319
Tiny epoch 148/2000 iteration 150/390 loss=24.9885 lr=0.00988298
Tiny epoch 148/2000 iteration 200/390 loss=24.9701 lr=0.00988276
Tiny epoch 148/2000 iteration 250/390 loss=24.9013 lr=0.00988254
Tiny epoch 148/2000 iteration 300/390 loss=24.8655 lr=0.00988232
Tiny epoch 148/2000 iteration 350/390 loss=24.8661 lr=0.0098821
Tiny epoch 148/2000 iteration 390/390 loss=24.8542 lr=0.00988193
Tiny epoch 149/2000 iteration 50/390 loss=25.0791 lr=0.00988171
Tiny epoch 149/2000 iteration 100/390 loss=24.8893 lr=0.00988149
Tiny epoch 149/2000 iteration 150/390 loss=24.7770 lr=0.00988127
Tiny epoch 149/2000 iteration 200/390 loss=24.8247 lr=0.00988105
Tiny epoch 149/2000 iteration 250/390 loss=24.7336 lr=0.00988084
Tiny epoch 149/2000 iteration 300/390 loss=24.6515 lr=0.00988062
Tiny epoch 149/2000 iteration 350/390 loss=24.7229 lr=0.0098804
Tiny epoch 149/2000 iteration 390/390 loss=24.6688 lr=0.00988022
Tiny epoch 150/2000 iteration 50/390 loss=24.5722 lr=0.00988
Tiny epoch 150/2000 iteration 100/390 loss=24.7402 lr=0.00987978
Tiny epoch 150/2000 iteration 150/390 loss=24.6325 lr=0.00987956
Tiny epoch 150/2000 iteration 200/390 loss=24.4582 lr=0.00987934
Tiny epoch 150/2000 iteration 250/390 loss=24.4927 lr=0.00987912
Tiny epoch 150/2000 iteration 300/390 loss=24.6250 lr=0.0098789
Tiny epoch 150/2000 iteration 350/390 loss=24.6611 lr=0.00987867
Tiny epoch 150/2000 iteration 390/390 loss=24.7408 lr=0.0098785
[epoch 150/2000] saved backbone: /home/mmoslem3/scratch/MKDT/krrst_teacher_ckpt/barlow_twins_resnet18_tinyimagenet.pt
Tiny epoch 151/2000 iteration 50/390 loss=24.8176 lr=0.00987828
Tiny epoch 151/2000 iteration 100/390 loss=24.3260 lr=0.00987805
Tiny epoch 151/2000 iteration 150/390 loss=24.3067 lr=0.00987783
Tiny epoch 151/2000 iteration 200/390 loss=24.5283 lr=0.00987761
Tiny epoch 151/2000 iteration 250/390 loss=24.6243 lr=0.00987739
Tiny epoch 151/2000 iteration 300/390 loss=24.6676 lr=0.00987716
Tiny epoch 151/2000 iteration 350/390 loss=24.7509 lr=0.00987694
Tiny epoch 151/2000 iteration 390/390 loss=24.7795 lr=0.00987676
Tiny epoch 152/2000 iteration 50/390 loss=24.4224 lr=0.00987654
Tiny epoch 152/2000 iteration 100/390 loss=24.6888 lr=0.00987632
Tiny epoch 152/2000 iteration 150/390 loss=24.6471 lr=0.00987609
Tiny epoch 152/2000 iteration 200/390 loss=24.7540 lr=0.00987587
Tiny epoch 152/2000 iteration 250/390 loss=24.6199 lr=0.00987564
Tiny epoch 152/2000 iteration 300/390 loss=24.6053 lr=0.00987542
Tiny epoch 152/2000 iteration 350/390 loss=24.6355 lr=0.0098752
Tiny epoch 152/2000 iteration 390/390 loss=24.6637 lr=0.00987502
Tiny epoch 153/2000 iteration 50/390 loss=24.9589 lr=0.00987479
Tiny epoch 153/2000 iteration 100/390 loss=24.7417 lr=0.00987457
Tiny epoch 153/2000 iteration 150/390 loss=24.5404 lr=0.00987434
Tiny epoch 153/2000 iteration 200/390 loss=24.4961 lr=0.00987411
Tiny epoch 153/2000 iteration 250/390 loss=24.5988 lr=0.00987389
Tiny epoch 153/2000 iteration 300/390 loss=24.5826 lr=0.00987366
Tiny epoch 153/2000 iteration 350/390 loss=24.6059 lr=0.00987344
Tiny epoch 153/2000 iteration 390/390 loss=24.6170 lr=0.00987326
Tiny epoch 154/2000 iteration 50/390 loss=24.0501 lr=0.00987303
Tiny epoch 154/2000 iteration 100/390 loss=24.5117 lr=0.0098728
Tiny epoch 154/2000 iteration 150/390 loss=24.7073 lr=0.00987258
Tiny epoch 154/2000 iteration 200/390 loss=24.7022 lr=0.00987235
Tiny epoch 154/2000 iteration 250/390 loss=24.7987 lr=0.00987212
Tiny epoch 154/2000 iteration 300/390 loss=24.7808 lr=0.0098719
Tiny epoch 154/2000 iteration 350/390 loss=24.7981 lr=0.00987167
Tiny epoch 154/2000 iteration 390/390 loss=24.8116 lr=0.00987149
Tiny epoch 155/2000 iteration 50/390 loss=24.6735 lr=0.00987126
Tiny epoch 155/2000 iteration 100/390 loss=24.9972 lr=0.00987103
Tiny epoch 155/2000 iteration 150/390 loss=25.0729 lr=0.0098708
Tiny epoch 155/2000 iteration 200/390 loss=24.9333 lr=0.00987057
Tiny epoch 155/2000 iteration 250/390 loss=24.7390 lr=0.00987034
Tiny epoch 155/2000 iteration 300/390 loss=24.7232 lr=0.00987011
Tiny epoch 155/2000 iteration 350/390 loss=24.6707 lr=0.00986989
Tiny epoch 155/2000 iteration 390/390 loss=24.6983 lr=0.0098697
Tiny epoch 156/2000 iteration 50/390 loss=24.0019 lr=0.00986947
Tiny epoch 156/2000 iteration 100/390 loss=24.1804 lr=0.00986924
Tiny epoch 156/2000 iteration 150/390 loss=24.3441 lr=0.00986901
Tiny epoch 156/2000 iteration 200/390 loss=24.4529 lr=0.00986878
Tiny epoch 156/2000 iteration 250/390 loss=24.3887 lr=0.00986855
Tiny epoch 156/2000 iteration 300/390 loss=24.4810 lr=0.00986832
Tiny epoch 156/2000 iteration 350/390 loss=24.4293 lr=0.00986809
Tiny epoch 156/2000 iteration 390/390 loss=24.3971 lr=0.00986791
Tiny epoch 157/2000 iteration 50/390 loss=23.8580 lr=0.00986768
Tiny epoch 157/2000 iteration 100/390 loss=24.2521 lr=0.00986744
Tiny epoch 157/2000 iteration 150/390 loss=24.6670 lr=0.00986721
Tiny epoch 157/2000 iteration 200/390 loss=24.6837 lr=0.00986698
Tiny epoch 157/2000 iteration 250/390 loss=24.7608 lr=0.00986675
Tiny epoch 157/2000 iteration 300/390 loss=24.7612 lr=0.00986652
Tiny epoch 157/2000 iteration 350/390 loss=24.7843 lr=0.00986628
Tiny epoch 157/2000 iteration 390/390 loss=24.7870 lr=0.0098661
Tiny epoch 158/2000 iteration 50/390 loss=24.0983 lr=0.00986587
Tiny epoch 158/2000 iteration 100/390 loss=24.3977 lr=0.00986563
Tiny epoch 158/2000 iteration 150/390 loss=24.4918 lr=0.0098654
Tiny epoch 158/2000 iteration 200/390 loss=24.6851 lr=0.00986517
Tiny epoch 158/2000 iteration 250/390 loss=24.6519 lr=0.00986493
Tiny epoch 158/2000 iteration 300/390 loss=24.5713 lr=0.0098647
Tiny epoch 158/2000 iteration 350/390 loss=24.5762 lr=0.00986447
Tiny epoch 158/2000 iteration 390/390 loss=24.5878 lr=0.00986428
Tiny epoch 159/2000 iteration 50/390 loss=23.6787 lr=0.00986405
Tiny epoch 159/2000 iteration 100/390 loss=24.0605 lr=0.00986381
Tiny epoch 159/2000 iteration 150/390 loss=23.9956 lr=0.00986358
Tiny epoch 159/2000 iteration 200/390 loss=24.1642 lr=0.00986334
Tiny epoch 159/2000 iteration 250/390 loss=24.2552 lr=0.00986311
Tiny epoch 159/2000 iteration 300/390 loss=24.4223 lr=0.00986287
Tiny epoch 159/2000 iteration 350/390 loss=24.4122 lr=0.00986264
Tiny epoch 159/2000 iteration 390/390 loss=24.4838 lr=0.00986245
Tiny epoch 160/2000 iteration 50/390 loss=23.8594 lr=0.00986221
Tiny epoch 160/2000 iteration 100/390 loss=23.8917 lr=0.00986198
Tiny epoch 160/2000 iteration 150/390 loss=24.1331 lr=0.00986174
Tiny epoch 160/2000 iteration 200/390 loss=24.2730 lr=0.0098615
Tiny epoch 160/2000 iteration 250/390 loss=24.3842 lr=0.00986127
Tiny epoch 160/2000 iteration 300/390 loss=24.5201 lr=0.00986103
Tiny epoch 160/2000 iteration 350/390 loss=24.4864 lr=0.00986079
Tiny epoch 160/2000 iteration 390/390 loss=24.5234 lr=0.0098606
[epoch 160/2000] saved backbone: /home/mmoslem3/scratch/MKDT/krrst_teacher_ckpt/barlow_twins_resnet18_tinyimagenet.pt
Tiny epoch 161/2000 iteration 50/390 loss=24.3884 lr=0.00986037
Tiny epoch 161/2000 iteration 100/390 loss=24.2737 lr=0.00986013
Tiny epoch 161/2000 iteration 150/390 loss=24.2347 lr=0.00985989
Tiny epoch 161/2000 iteration 200/390 loss=24.2156 lr=0.00985965
Tiny epoch 161/2000 iteration 250/390 loss=24.2080 lr=0.00985942
Tiny epoch 161/2000 iteration 300/390 loss=24.2873 lr=0.00985918
Tiny epoch 161/2000 iteration 350/390 loss=24.3789 lr=0.00985894
Tiny epoch 161/2000 iteration 390/390 loss=24.4334 lr=0.00985875
Tiny epoch 162/2000 iteration 50/390 loss=24.9903 lr=0.00985851
Tiny epoch 162/2000 iteration 100/390 loss=24.5418 lr=0.00985827
Tiny epoch 162/2000 iteration 150/390 loss=24.2649 lr=0.00985803
Tiny epoch 162/2000 iteration 200/390 loss=24.2028 lr=0.00985779
Tiny epoch 162/2000 iteration 250/390 loss=24.1373 lr=0.00985755
Tiny epoch 162/2000 iteration 300/390 loss=24.2432 lr=0.00985731
Tiny epoch 162/2000 iteration 350/390 loss=24.2716 lr=0.00985707
Tiny epoch 162/2000 iteration 390/390 loss=24.2805 lr=0.00985688
Tiny epoch 163/2000 iteration 50/390 loss=24.6439 lr=0.00985664
Tiny epoch 163/2000 iteration 100/390 loss=24.3481 lr=0.0098564
Tiny epoch 163/2000 iteration 150/390 loss=24.2894 lr=0.00985616
Tiny epoch 163/2000 iteration 200/390 loss=24.3311 lr=0.00985592
Tiny epoch 163/2000 iteration 250/390 loss=24.3246 lr=0.00985568
Tiny epoch 163/2000 iteration 300/390 loss=24.2576 lr=0.00985543
Tiny epoch 163/2000 iteration 350/390 loss=24.3533 lr=0.00985519
Tiny epoch 163/2000 iteration 390/390 loss=24.4060 lr=0.009855
Tiny epoch 164/2000 iteration 50/390 loss=23.9746 lr=0.00985476
Tiny epoch 164/2000 iteration 100/390 loss=24.2093 lr=0.00985452
Tiny epoch 164/2000 iteration 150/390 loss=24.3642 lr=0.00985427
Tiny epoch 164/2000 iteration 200/390 loss=24.4630 lr=0.00985403
Tiny epoch 164/2000 iteration 250/390 loss=24.3994 lr=0.00985379
Tiny epoch 164/2000 iteration 300/390 loss=24.3388 lr=0.00985355
Tiny epoch 164/2000 iteration 350/390 loss=24.3957 lr=0.0098533
Tiny epoch 164/2000 iteration 390/390 loss=24.3874 lr=0.00985311
Tiny epoch 165/2000 iteration 50/390 loss=24.5309 lr=0.00985286
Tiny epoch 165/2000 iteration 100/390 loss=24.4317 lr=0.00985262
Tiny epoch 165/2000 iteration 150/390 loss=24.3438 lr=0.00985238
Tiny epoch 165/2000 iteration 200/390 loss=24.2835 lr=0.00985213
Tiny epoch 165/2000 iteration 250/390 loss=24.3302 lr=0.00985189
Tiny epoch 165/2000 iteration 300/390 loss=24.3446 lr=0.00985164
Tiny epoch 165/2000 iteration 350/390 loss=24.3801 lr=0.0098514
Tiny epoch 165/2000 iteration 390/390 loss=24.3927 lr=0.0098512
Tiny epoch 166/2000 iteration 50/390 loss=23.6866 lr=0.00985096
Tiny epoch 166/2000 iteration 100/390 loss=23.7199 lr=0.00985071
Tiny epoch 166/2000 iteration 150/390 loss=23.8710 lr=0.00985047
Tiny epoch 166/2000 iteration 200/390 loss=23.9080 lr=0.00985022
Tiny epoch 166/2000 iteration 250/390 loss=24.0147 lr=0.00984998
Tiny epoch 166/2000 iteration 300/390 loss=24.2219 lr=0.00984973
Tiny epoch 166/2000 iteration 350/390 loss=24.2413 lr=0.00984948
Tiny epoch 166/2000 iteration 390/390 loss=24.3166 lr=0.00984929
Tiny epoch 167/2000 iteration 50/390 loss=23.3379 lr=0.00984904
Tiny epoch 167/2000 iteration 100/390 loss=23.7701 lr=0.00984879
Tiny epoch 167/2000 iteration 150/390 loss=23.9388 lr=0.00984855
Tiny epoch 167/2000 iteration 200/390 loss=24.0587 lr=0.0098483
Tiny epoch 167/2000 iteration 250/390 loss=24.0368 lr=0.00984805
Tiny epoch 167/2000 iteration 300/390 loss=24.1052 lr=0.0098478
Tiny epoch 167/2000 iteration 350/390 loss=24.1425 lr=0.00984756
Tiny epoch 167/2000 iteration 390/390 loss=24.0799 lr=0.00984736
Tiny epoch 168/2000 iteration 50/390 loss=23.2272 lr=0.00984711
Tiny epoch 168/2000 iteration 100/390 loss=23.4526 lr=0.00984686
Tiny epoch 168/2000 iteration 150/390 loss=23.6033 lr=0.00984661
Tiny epoch 168/2000 iteration 200/390 loss=23.8437 lr=0.00984636
Tiny epoch 168/2000 iteration 250/390 loss=24.0158 lr=0.00984612
Tiny epoch 168/2000 iteration 300/390 loss=24.1676 lr=0.00984587
Tiny epoch 168/2000 iteration 350/390 loss=24.2631 lr=0.00984562
Tiny epoch 168/2000 iteration 390/390 loss=24.2958 lr=0.00984542
Tiny epoch 169/2000 iteration 50/390 loss=23.9730 lr=0.00984517
Tiny epoch 169/2000 iteration 100/390 loss=24.0250 lr=0.00984492
Tiny epoch 169/2000 iteration 150/390 loss=24.0006 lr=0.00984467
Tiny epoch 169/2000 iteration 200/390 loss=24.1027 lr=0.00984442
Tiny epoch 169/2000 iteration 250/390 loss=24.1102 lr=0.00984417
Tiny epoch 169/2000 iteration 300/390 loss=24.1890 lr=0.00984392
Tiny epoch 169/2000 iteration 350/390 loss=24.1391 lr=0.00984367
Tiny epoch 169/2000 iteration 390/390 loss=24.1817 lr=0.00984346
Tiny epoch 170/2000 iteration 50/390 loss=23.6978 lr=0.00984321
Tiny epoch 170/2000 iteration 100/390 loss=23.6644 lr=0.00984296
Tiny epoch 170/2000 iteration 150/390 loss=23.6509 lr=0.00984271
Tiny epoch 170/2000 iteration 200/390 loss=23.6924 lr=0.00984246
Tiny epoch 170/2000 iteration 250/390 loss=23.7840 lr=0.00984221
Tiny epoch 170/2000 iteration 300/390 loss=23.8634 lr=0.00984195
Tiny epoch 170/2000 iteration 350/390 loss=23.9756 lr=0.0098417
Tiny epoch 170/2000 iteration 390/390 loss=24.0044 lr=0.0098415
[epoch 170/2000] saved backbone: /home/mmoslem3/scratch/MKDT/krrst_teacher_ckpt/barlow_twins_resnet18_tinyimagenet.pt
Tiny epoch 171/2000 iteration 50/390 loss=24.1215 lr=0.00984125
Tiny epoch 171/2000 iteration 100/390 loss=24.2367 lr=0.00984099
Tiny epoch 171/2000 iteration 150/390 loss=24.2359 lr=0.00984074
Tiny epoch 171/2000 iteration 200/390 loss=24.4697 lr=0.00984049
Tiny epoch 171/2000 iteration 250/390 loss=24.4187 lr=0.00984023
Tiny epoch 171/2000 iteration 300/390 loss=24.4214 lr=0.00983998
Tiny epoch 171/2000 iteration 350/390 loss=24.3226 lr=0.00983973
Tiny epoch 171/2000 iteration 390/390 loss=24.3862 lr=0.00983952
Tiny epoch 172/2000 iteration 50/390 loss=24.0602 lr=0.00983927
Tiny epoch 172/2000 iteration 100/390 loss=23.6886 lr=0.00983901
Tiny epoch 172/2000 iteration 150/390 loss=23.6564 lr=0.00983876
Tiny epoch 172/2000 iteration 200/390 loss=23.8095 lr=0.00983851
Tiny epoch 172/2000 iteration 250/390 loss=23.8639 lr=0.00983825
Tiny epoch 172/2000 iteration 300/390 loss=23.9476 lr=0.00983799
Tiny epoch 172/2000 iteration 350/390 loss=23.9617 lr=0.00983774
Tiny epoch 172/2000 iteration 390/390 loss=24.0149 lr=0.00983753
Tiny epoch 173/2000 iteration 50/390 loss=24.0272 lr=0.00983728
Tiny epoch 173/2000 iteration 100/390 loss=23.8985 lr=0.00983702
Tiny epoch 173/2000 iteration 150/390 loss=23.8570 lr=0.00983677
Tiny epoch 173/2000 iteration 200/390 loss=23.9695 lr=0.00983651
Tiny epoch 173/2000 iteration 250/390 loss=24.1023 lr=0.00983625
Tiny epoch 173/2000 iteration 300/390 loss=24.1249 lr=0.009836
Tiny epoch 173/2000 iteration 350/390 loss=24.1411 lr=0.00983574
Tiny epoch 173/2000 iteration 390/390 loss=24.1062 lr=0.00983553
Tiny epoch 174/2000 iteration 50/390 loss=23.3263 lr=0.00983528
Tiny epoch 174/2000 iteration 100/390 loss=23.6150 lr=0.00983502
Tiny epoch 174/2000 iteration 150/390 loss=23.7807 lr=0.00983476
Tiny epoch 174/2000 iteration 200/390 loss=23.9701 lr=0.0098345
Tiny epoch 174/2000 iteration 250/390 loss=23.9791 lr=0.00983424
Tiny epoch 174/2000 iteration 300/390 loss=23.9341 lr=0.00983399
Tiny epoch 174/2000 iteration 350/390 loss=23.8796 lr=0.00983373
Tiny epoch 174/2000 iteration 390/390 loss=23.9291 lr=0.00983352
Tiny epoch 175/2000 iteration 50/390 loss=23.4830 lr=0.00983326
Tiny epoch 175/2000 iteration 100/390 loss=23.8681 lr=0.009833
Tiny epoch 175/2000 iteration 150/390 loss=23.8856 lr=0.00983274
Tiny epoch 175/2000 iteration 200/390 loss=24.1083 lr=0.00983248
Tiny epoch 175/2000 iteration 250/390 loss=24.1123 lr=0.00983222
Tiny epoch 175/2000 iteration 300/390 loss=24.1964 lr=0.00983196
Tiny epoch 175/2000 iteration 350/390 loss=24.3222 lr=0.0098317
Tiny epoch 175/2000 iteration 390/390 loss=24.3062 lr=0.0098315
Tiny epoch 176/2000 iteration 50/390 loss=24.2769 lr=0.00983124
Tiny epoch 176/2000 iteration 100/390 loss=24.2149 lr=0.00983097
Tiny epoch 176/2000 iteration 150/390 loss=24.1636 lr=0.00983071
Tiny epoch 176/2000 iteration 200/390 loss=24.0849 lr=0.00983045
Tiny epoch 176/2000 iteration 250/390 loss=24.0264 lr=0.00983019
Tiny epoch 176/2000 iteration 300/390 loss=24.0367 lr=0.00982993
Tiny epoch 176/2000 iteration 350/390 loss=24.0514 lr=0.00982967
Tiny epoch 176/2000 iteration 390/390 loss=24.1326 lr=0.00982946
Tiny epoch 177/2000 iteration 50/390 loss=23.8885 lr=0.0098292
Tiny epoch 177/2000 iteration 100/390 loss=23.7401 lr=0.00982893
Tiny epoch 177/2000 iteration 150/390 loss=24.0767 lr=0.00982867
Tiny epoch 177/2000 iteration 200/390 loss=24.1402 lr=0.00982841
Tiny epoch 177/2000 iteration 250/390 loss=24.1753 lr=0.00982815
Tiny epoch 177/2000 iteration 300/390 loss=24.0674 lr=0.00982788
Tiny epoch 177/2000 iteration 350/390 loss=23.9865 lr=0.00982762
Tiny epoch 177/2000 iteration 390/390 loss=23.9656 lr=0.00982741
Tiny epoch 178/2000 iteration 50/390 loss=23.6099 lr=0.00982715
Tiny epoch 178/2000 iteration 100/390 loss=24.0424 lr=0.00982688
Tiny epoch 178/2000 iteration 150/390 loss=24.0513 lr=0.00982662
Tiny epoch 178/2000 iteration 200/390 loss=23.9322 lr=0.00982635
Tiny epoch 178/2000 iteration 250/390 loss=24.1294 lr=0.00982609
Tiny epoch 178/2000 iteration 300/390 loss=24.0312 lr=0.00982583
Tiny epoch 178/2000 iteration 350/390 loss=24.0433 lr=0.00982556
Tiny epoch 178/2000 iteration 390/390 loss=24.0499 lr=0.00982535
Tiny epoch 179/2000 iteration 50/390 loss=23.4730 lr=0.00982508
Tiny epoch 179/2000 iteration 100/390 loss=23.8632 lr=0.00982482
Tiny epoch 179/2000 iteration 150/390 loss=23.9471 lr=0.00982455
Tiny epoch 179/2000 iteration 200/390 loss=24.0929 lr=0.00982429
Tiny epoch 179/2000 iteration 250/390 loss=23.9484 lr=0.00982402
Tiny epoch 179/2000 iteration 300/390 loss=23.9696 lr=0.00982376
Tiny epoch 179/2000 iteration 350/390 loss=24.0994 lr=0.00982349
Tiny epoch 179/2000 iteration 390/390 loss=24.1775 lr=0.00982328
Tiny epoch 180/2000 iteration 50/390 loss=23.6871 lr=0.00982301
Tiny epoch 180/2000 iteration 100/390 loss=23.9387 lr=0.00982274
Tiny epoch 180/2000 iteration 150/390 loss=23.9551 lr=0.00982248
Tiny epoch 180/2000 iteration 200/390 loss=24.1097 lr=0.00982221
Tiny epoch 180/2000 iteration 250/390 loss=24.0371 lr=0.00982194
Tiny epoch 180/2000 iteration 300/390 loss=23.8937 lr=0.00982167
Tiny epoch 180/2000 iteration 350/390 loss=23.8625 lr=0.00982141
Tiny epoch 180/2000 iteration 390/390 loss=23.9298 lr=0.00982119
[epoch 180/2000] saved backbone: /home/mmoslem3/scratch/MKDT/krrst_teacher_ckpt/barlow_twins_resnet18_tinyimagenet.pt
Tiny epoch 181/2000 iteration 50/390 loss=24.3617 lr=0.00982092
Tiny epoch 181/2000 iteration 100/390 loss=24.2742 lr=0.00982065
Tiny epoch 181/2000 iteration 150/390 loss=23.8777 lr=0.00982039
Tiny epoch 181/2000 iteration 200/390 loss=23.7848 lr=0.00982012
Tiny epoch 181/2000 iteration 250/390 loss=23.8813 lr=0.00981985
Tiny epoch 181/2000 iteration 300/390 loss=24.0417 lr=0.00981958
Tiny epoch 181/2000 iteration 350/390 loss=24.0804 lr=0.00981931
Tiny epoch 181/2000 iteration 390/390 loss=24.0387 lr=0.00981909
Tiny epoch 182/2000 iteration 50/390 loss=24.1226 lr=0.00981882
Tiny epoch 182/2000 iteration 100/390 loss=24.2208 lr=0.00981855
Tiny epoch 182/2000 iteration 150/390 loss=24.0052 lr=0.00981828
Tiny epoch 182/2000 iteration 200/390 loss=23.9816 lr=0.00981801
Tiny epoch 182/2000 iteration 250/390 loss=24.0779 lr=0.00981774
Tiny epoch 182/2000 iteration 300/390 loss=24.0494 lr=0.00981747
Tiny epoch 182/2000 iteration 350/390 loss=24.0916 lr=0.0098172
Tiny epoch 182/2000 iteration 390/390 loss=24.0885 lr=0.00981699
Tiny epoch 183/2000 iteration 50/390 loss=23.7516 lr=0.00981671
Tiny epoch 183/2000 iteration 100/390 loss=23.7454 lr=0.00981644
Tiny epoch 183/2000 iteration 150/390 loss=23.8658 lr=0.00981617
Tiny epoch 183/2000 iteration 200/390 loss=23.8562 lr=0.0098159
Tiny epoch 183/2000 iteration 250/390 loss=23.7992 lr=0.00981563
Tiny epoch 183/2000 iteration 300/390 loss=23.8211 lr=0.00981535
Tiny epoch 183/2000 iteration 350/390 loss=23.8938 lr=0.00981508
Tiny epoch 183/2000 iteration 390/390 loss=23.8676 lr=0.00981486
Tiny epoch 184/2000 iteration 50/390 loss=23.8199 lr=0.00981459
Tiny epoch 184/2000 iteration 100/390 loss=23.7449 lr=0.00981432
Tiny epoch 184/2000 iteration 150/390 loss=23.9518 lr=0.00981405
Tiny epoch 184/2000 iteration 200/390 loss=23.8356 lr=0.00981377
Tiny epoch 184/2000 iteration 250/390 loss=23.8622 lr=0.0098135
Tiny epoch 184/2000 iteration 300/390 loss=23.8780 lr=0.00981322
Tiny epoch 184/2000 iteration 350/390 loss=23.8307 lr=0.00981295
Tiny epoch 184/2000 iteration 390/390 loss=23.8295 lr=0.00981273
Tiny epoch 185/2000 iteration 50/390 loss=23.6151 lr=0.00981246
Tiny epoch 185/2000 iteration 100/390 loss=23.5065 lr=0.00981218
Tiny epoch 185/2000 iteration 150/390 loss=23.5797 lr=0.00981191
Tiny epoch 185/2000 iteration 200/390 loss=23.5024 lr=0.00981163
Tiny epoch 185/2000 iteration 250/390 loss=23.5860 lr=0.00981136
Tiny epoch 185/2000 iteration 300/390 loss=23.6547 lr=0.00981108
Tiny epoch 185/2000 iteration 350/390 loss=23.6982 lr=0.00981081
Tiny epoch 185/2000 iteration 390/390 loss=23.7666 lr=0.00981059
Tiny epoch 186/2000 iteration 50/390 loss=24.3211 lr=0.00981031
Tiny epoch 186/2000 iteration 100/390 loss=23.9250 lr=0.00981003
Tiny epoch 186/2000 iteration 150/390 loss=23.8147 lr=0.00980976
Tiny epoch 186/2000 iteration 200/390 loss=23.7175 lr=0.00980948
Tiny epoch 186/2000 iteration 250/390 loss=23.6977 lr=0.00980921
Tiny epoch 186/2000 iteration 300/390 loss=23.8266 lr=0.00980893
Tiny epoch 186/2000 iteration 350/390 loss=23.9348 lr=0.00980865
Tiny epoch 186/2000 iteration 390/390 loss=24.0182 lr=0.00980843
Tiny epoch 187/2000 iteration 50/390 loss=23.7890 lr=0.00980815
Tiny epoch 187/2000 iteration 100/390 loss=23.6406 lr=0.00980787
Tiny epoch 187/2000 iteration 150/390 loss=23.6480 lr=0.0098076
Tiny epoch 187/2000 iteration 200/390 loss=23.4978 lr=0.00980732
Tiny epoch 187/2000 iteration 250/390 loss=23.4852 lr=0.00980704
Tiny epoch 187/2000 iteration 300/390 loss=23.4568 lr=0.00980676
Tiny epoch 187/2000 iteration 350/390 loss=23.5320 lr=0.00980648
Tiny epoch 187/2000 iteration 390/390 loss=23.6084 lr=0.00980626
Tiny epoch 188/2000 iteration 50/390 loss=23.8841 lr=0.00980598
Tiny epoch 188/2000 iteration 100/390 loss=23.8044 lr=0.0098057
Tiny epoch 188/2000 iteration 150/390 loss=23.8691 lr=0.00980542
Tiny epoch 188/2000 iteration 200/390 loss=23.7788 lr=0.00980514
Tiny epoch 188/2000 iteration 250/390 loss=23.9022 lr=0.00980486
Tiny epoch 188/2000 iteration 300/390 loss=23.8456 lr=0.00980458
Tiny epoch 188/2000 iteration 350/390 loss=23.8795 lr=0.0098043
Tiny epoch 188/2000 iteration 390/390 loss=23.8817 lr=0.00980408
Tiny epoch 189/2000 iteration 50/390 loss=23.6904 lr=0.0098038
Tiny epoch 189/2000 iteration 100/390 loss=23.6780 lr=0.00980352
Tiny epoch 189/2000 iteration 150/390 loss=23.6152 lr=0.00980324
Tiny epoch 189/2000 iteration 200/390 loss=23.7893 lr=0.00980296
Tiny epoch 189/2000 iteration 250/390 loss=23.6851 lr=0.00980268
Tiny epoch 189/2000 iteration 300/390 loss=23.7140 lr=0.00980239
Tiny epoch 189/2000 iteration 350/390 loss=23.7268 lr=0.00980211
Tiny epoch 189/2000 iteration 390/390 loss=23.6866 lr=0.00980189
Tiny epoch 190/2000 iteration 50/390 loss=23.2001 lr=0.0098016
Tiny epoch 190/2000 iteration 100/390 loss=23.3248 lr=0.00980132
Tiny epoch 190/2000 iteration 150/390 loss=23.4446 lr=0.00980104
Tiny epoch 190/2000 iteration 200/390 loss=23.4959 lr=0.00980076
Tiny epoch 190/2000 iteration 250/390 loss=23.5940 lr=0.00980047
Tiny epoch 190/2000 iteration 300/390 loss=23.5876 lr=0.00980019
Tiny epoch 190/2000 iteration 350/390 loss=23.6032 lr=0.00979991
Tiny epoch 190/2000 iteration 390/390 loss=23.6568 lr=0.00979968
[epoch 190/2000] saved backbone: /home/mmoslem3/scratch/MKDT/krrst_teacher_ckpt/barlow_twins_resnet18_tinyimagenet.pt
Tiny epoch 191/2000 iteration 50/390 loss=23.3728 lr=0.0097994
Tiny epoch 191/2000 iteration 100/390 loss=23.5986 lr=0.00979911
Tiny epoch 191/2000 iteration 150/390 loss=23.5431 lr=0.00979883
Tiny epoch 191/2000 iteration 200/390 loss=23.6116 lr=0.00979855
Tiny epoch 191/2000 iteration 250/390 loss=23.6484 lr=0.00979826
Tiny epoch 191/2000 iteration 300/390 loss=23.6614 lr=0.00979798
Tiny epoch 191/2000 iteration 350/390 loss=23.6338 lr=0.00979769
Tiny epoch 191/2000 iteration 390/390 loss=23.6765 lr=0.00979747
Tiny epoch 192/2000 iteration 50/390 loss=23.3601 lr=0.00979718
Tiny epoch 192/2000 iteration 100/390 loss=23.4848 lr=0.0097969
Tiny epoch 192/2000 iteration 150/390 loss=23.3828 lr=0.00979661
Tiny epoch 192/2000 iteration 200/390 loss=23.4726 lr=0.00979632
Tiny epoch 192/2000 iteration 250/390 loss=23.5404 lr=0.00979604
Tiny epoch 192/2000 iteration 300/390 loss=23.6584 lr=0.00979575
Tiny epoch 192/2000 iteration 350/390 loss=23.6333 lr=0.00979547
Tiny epoch 192/2000 iteration 390/390 loss=23.6827 lr=0.00979524
Tiny epoch 193/2000 iteration 50/390 loss=23.5424 lr=0.00979495
Tiny epoch 193/2000 iteration 100/390 loss=23.3136 lr=0.00979466
Tiny epoch 193/2000 iteration 150/390 loss=23.3853 lr=0.00979438
Tiny epoch 193/2000 iteration 200/390 loss=23.3685 lr=0.00979409
Tiny epoch 193/2000 iteration 250/390 loss=23.5290 lr=0.0097938
Tiny epoch 193/2000 iteration 300/390 loss=23.4381 lr=0.00979351
Tiny epoch 193/2000 iteration 350/390 loss=23.4630 lr=0.00979323
Tiny epoch 193/2000 iteration 390/390 loss=23.5675 lr=0.009793
Tiny epoch 194/2000 iteration 50/390 loss=22.6376 lr=0.00979271
Tiny epoch 194/2000 iteration 100/390 loss=23.0997 lr=0.00979242
Tiny epoch 194/2000 iteration 150/390 loss=23.0655 lr=0.00979213
Tiny epoch 194/2000 iteration 200/390 loss=23.2372 lr=0.00979184
Tiny epoch 194/2000 iteration 250/390 loss=23.2952 lr=0.00979155
Tiny epoch 194/2000 iteration 300/390 loss=23.4145 lr=0.00979126
Tiny epoch 194/2000 iteration 350/390 loss=23.4757 lr=0.00979098
Tiny epoch 194/2000 iteration 390/390 loss=23.4279 lr=0.00979074
Tiny epoch 195/2000 iteration 50/390 loss=22.9888 lr=0.00979045
Tiny epoch 195/2000 iteration 100/390 loss=23.4493 lr=0.00979016
Tiny epoch 195/2000 iteration 150/390 loss=23.4478 lr=0.00978987
Tiny epoch 195/2000 iteration 200/390 loss=23.4358 lr=0.00978958
Tiny epoch 195/2000 iteration 250/390 loss=23.4014 lr=0.00978929
Tiny epoch 195/2000 iteration 300/390 loss=23.4530 lr=0.009789
Tiny epoch 195/2000 iteration 350/390 loss=23.4966 lr=0.00978871
Tiny epoch 195/2000 iteration 390/390 loss=23.5536 lr=0.00978848
Tiny epoch 196/2000 iteration 50/390 loss=23.1286 lr=0.00978819
Tiny epoch 196/2000 iteration 100/390 loss=23.3948 lr=0.0097879
Tiny epoch 196/2000 iteration 150/390 loss=23.5435 lr=0.0097876
Tiny epoch 196/2000 iteration 200/390 loss=23.6066 lr=0.00978731
Tiny epoch 196/2000 iteration 250/390 loss=23.6225 lr=0.00978702
Tiny epoch 196/2000 iteration 300/390 loss=23.5940 lr=0.00978673
Tiny epoch 196/2000 iteration 350/390 loss=23.6222 lr=0.00978644
Tiny epoch 196/2000 iteration 390/390 loss=23.6125 lr=0.0097862
Tiny epoch 197/2000 iteration 50/390 loss=23.0058 lr=0.00978591
Tiny epoch 197/2000 iteration 100/390 loss=23.3026 lr=0.00978562
Tiny epoch 197/2000 iteration 150/390 loss=23.3894 lr=0.00978532
Tiny epoch 197/2000 iteration 200/390 loss=23.3978 lr=0.00978503
Tiny epoch 197/2000 iteration 250/390 loss=23.4357 lr=0.00978474
Tiny epoch 197/2000 iteration 300/390 loss=23.4235 lr=0.00978444
Tiny epoch 197/2000 iteration 350/390 loss=23.4632 lr=0.00978415
Tiny epoch 197/2000 iteration 390/390 loss=23.4865 lr=0.00978391
Tiny epoch 198/2000 iteration 50/390 loss=23.2698 lr=0.00978362
Tiny epoch 198/2000 iteration 100/390 loss=23.0450 lr=0.00978333
Tiny epoch 198/2000 iteration 150/390 loss=23.0857 lr=0.00978303
Tiny epoch 198/2000 iteration 200/390 loss=23.3256 lr=0.00978274
Tiny epoch 198/2000 iteration 250/390 loss=23.3595 lr=0.00978244
Tiny epoch 198/2000 iteration 300/390 loss=23.4323 lr=0.00978215
Tiny epoch 198/2000 iteration 350/390 loss=23.5437 lr=0.00978185
Tiny epoch 198/2000 iteration 390/390 loss=23.4965 lr=0.00978161
Tiny epoch 199/2000 iteration 50/390 loss=23.0366 lr=0.00978132
Tiny epoch 199/2000 iteration 100/390 loss=23.2721 lr=0.00978102
Tiny epoch 199/2000 iteration 150/390 loss=23.2742 lr=0.00978073
Tiny epoch 199/2000 iteration 200/390 loss=23.5071 lr=0.00978043
Tiny epoch 199/2000 iteration 250/390 loss=23.6309 lr=0.00978013
Tiny epoch 199/2000 iteration 300/390 loss=23.6055 lr=0.00977984
Tiny epoch 199/2000 iteration 350/390 loss=23.5379 lr=0.00977954
Tiny epoch 199/2000 iteration 390/390 loss=23.5160 lr=0.0097793
Tiny epoch 200/2000 iteration 50/390 loss=23.0670 lr=0.009779
Tiny epoch 200/2000 iteration 100/390 loss=23.1785 lr=0.00977871
Tiny epoch 200/2000 iteration 150/390 loss=23.2292 lr=0.00977841
Tiny epoch 200/2000 iteration 200/390 loss=23.2425 lr=0.00977811
Tiny epoch 200/2000 iteration 250/390 loss=23.2546 lr=0.00977781
Tiny epoch 200/2000 iteration 300/390 loss=23.2764 lr=0.00977752
Tiny epoch 200/2000 iteration 350/390 loss=23.3192 lr=0.00977722
Tiny epoch 200/2000 iteration 390/390 loss=23.3407 lr=0.00977698
[epoch 200/2000] saved backbone: /home/mmoslem3/scratch/MKDT/krrst_teacher_ckpt/barlow_twins_resnet18_tinyimagenet.pt
Tiny epoch 201/2000 iteration 50/390 loss=23.2046 lr=0.00977668
Tiny epoch 201/2000 iteration 100/390 loss=23.0202 lr=0.00977638
Tiny epoch 201/2000 iteration 150/390 loss=23.1194 lr=0.00977608
Tiny epoch 201/2000 iteration 200/390 loss=23.2406 lr=0.00977578
Tiny epoch 201/2000 iteration 250/390 loss=23.3039 lr=0.00977548
Tiny epoch 201/2000 iteration 300/390 loss=23.4405 lr=0.00977518
Tiny epoch 201/2000 iteration 350/390 loss=23.4728 lr=0.00977488
Tiny epoch 201/2000 iteration 390/390 loss=23.5258 lr=0.00977464
Tiny epoch 202/2000 iteration 50/390 loss=23.9198 lr=0.00977434
Tiny epoch 202/2000 iteration 100/390 loss=23.5361 lr=0.00977404
Tiny epoch 202/2000 iteration 150/390 loss=23.4959 lr=0.00977374
Tiny epoch 202/2000 iteration 200/390 loss=23.5415 lr=0.00977344
Tiny epoch 202/2000 iteration 250/390 loss=23.5132 lr=0.00977314
Tiny epoch 202/2000 iteration 300/390 loss=23.4617 lr=0.00977284
Tiny epoch 202/2000 iteration 350/390 loss=23.4748 lr=0.00977254
Tiny epoch 202/2000 iteration 390/390 loss=23.4307 lr=0.00977229
Tiny epoch 203/2000 iteration 50/390 loss=23.7430 lr=0.00977199
Tiny epoch 203/2000 iteration 100/390 loss=23.5739 lr=0.00977169
Tiny epoch 203/2000 iteration 150/390 loss=23.5898 lr=0.00977139
Tiny epoch 203/2000 iteration 200/390 loss=23.4931 lr=0.00977109
Tiny epoch 203/2000 iteration 250/390 loss=23.4797 lr=0.00977078
Tiny epoch 203/2000 iteration 300/390 loss=23.3492 lr=0.00977048
Tiny epoch 203/2000 iteration 350/390 loss=23.3569 lr=0.00977018
Tiny epoch 203/2000 iteration 390/390 loss=23.4173 lr=0.00976993
Tiny epoch 204/2000 iteration 50/390 loss=23.4047 lr=0.00976963
Tiny epoch 204/2000 iteration 100/390 loss=23.0990 lr=0.00976933
Tiny epoch 204/2000 iteration 150/390 loss=23.2668 lr=0.00976902
Tiny epoch 204/2000 iteration 200/390 loss=23.4465 lr=0.00976872
Tiny epoch 204/2000 iteration 250/390 loss=23.7048 lr=0.00976842
Tiny epoch 204/2000 iteration 300/390 loss=23.6478 lr=0.00976811
Tiny epoch 204/2000 iteration 350/390 loss=23.6836 lr=0.00976781
Tiny epoch 204/2000 iteration 390/390 loss=23.7704 lr=0.00976756
Tiny epoch 205/2000 iteration 50/390 loss=23.2998 lr=0.00976726
Tiny epoch 205/2000 iteration 100/390 loss=23.5202 lr=0.00976695
Tiny epoch 205/2000 iteration 150/390 loss=23.5699 lr=0.00976665
Tiny epoch 205/2000 iteration 200/390 loss=23.6426 lr=0.00976634
Tiny epoch 205/2000 iteration 250/390 loss=23.6101 lr=0.00976604
Tiny epoch 205/2000 iteration 300/390 loss=23.6225 lr=0.00976573
Tiny epoch 205/2000 iteration 350/390 loss=23.7388 lr=0.00976542
Tiny epoch 205/2000 iteration 390/390 loss=23.7911 lr=0.00976518
Tiny epoch 206/2000 iteration 50/390 loss=23.3298 lr=0.00976487
Tiny epoch 206/2000 iteration 100/390 loss=23.3782 lr=0.00976457
Tiny epoch 206/2000 iteration 150/390 loss=23.5178 lr=0.00976426
Tiny epoch 206/2000 iteration 200/390 loss=23.5639 lr=0.00976395
Tiny epoch 206/2000 iteration 250/390 loss=23.5142 lr=0.00976365
Tiny epoch 206/2000 iteration 300/390 loss=23.5137 lr=0.00976334
Tiny epoch 206/2000 iteration 350/390 loss=23.4731 lr=0.00976303
Tiny epoch 206/2000 iteration 390/390 loss=23.4638 lr=0.00976278
Tiny epoch 207/2000 iteration 50/390 loss=23.0628 lr=0.00976248
Tiny epoch 207/2000 iteration 100/390 loss=23.0728 lr=0.00976217
Tiny epoch 207/2000 iteration 150/390 loss=23.2477 lr=0.00976186
Tiny epoch 207/2000 iteration 200/390 loss=23.3882 lr=0.00976155
Tiny epoch 207/2000 iteration 250/390 loss=23.4507 lr=0.00976124
Tiny epoch 207/2000 iteration 300/390 loss=23.2747 lr=0.00976093
Tiny epoch 207/2000 iteration 350/390 loss=23.2643 lr=0.00976062
Tiny epoch 207/2000 iteration 390/390 loss=23.3219 lr=0.00976038
Tiny epoch 208/2000 iteration 50/390 loss=22.9829 lr=0.00976007
Tiny epoch 208/2000 iteration 100/390 loss=23.3875 lr=0.00975976
Tiny epoch 208/2000 iteration 150/390 loss=23.3061 lr=0.00975945
Tiny epoch 208/2000 iteration 200/390 loss=23.3081 lr=0.00975914
Tiny epoch 208/2000 iteration 250/390 loss=23.2967 lr=0.00975883
Tiny epoch 208/2000 iteration 300/390 loss=23.2993 lr=0.00975852
Tiny epoch 208/2000 iteration 350/390 loss=23.3289 lr=0.00975821
Tiny epoch 208/2000 iteration 390/390 loss=23.3626 lr=0.00975796
Tiny epoch 209/2000 iteration 50/390 loss=23.1342 lr=0.00975765
Tiny epoch 209/2000 iteration 100/390 loss=23.4522 lr=0.00975734
Tiny epoch 209/2000 iteration 150/390 loss=23.5181 lr=0.00975702
Tiny epoch 209/2000 iteration 200/390 loss=23.4008 lr=0.00975671
Tiny epoch 209/2000 iteration 250/390 loss=23.5676 lr=0.0097564
Tiny epoch 209/2000 iteration 300/390 loss=23.5094 lr=0.00975609
Tiny epoch 209/2000 iteration 350/390 loss=23.5425 lr=0.00975578
Tiny epoch 209/2000 iteration 390/390 loss=23.5525 lr=0.00975553
Tiny epoch 210/2000 iteration 50/390 loss=22.5568 lr=0.00975521
Tiny epoch 210/2000 iteration 100/390 loss=22.9706 lr=0.0097549
Tiny epoch 210/2000 iteration 150/390 loss=23.2919 lr=0.00975459
Tiny epoch 210/2000 iteration 200/390 loss=23.2964 lr=0.00975428
Tiny epoch 210/2000 iteration 250/390 loss=23.2854 lr=0.00975396
Tiny epoch 210/2000 iteration 300/390 loss=23.2671 lr=0.00975365
Tiny epoch 210/2000 iteration 350/390 loss=23.2321 lr=0.00975334
Tiny epoch 210/2000 iteration 390/390 loss=23.2437 lr=0.00975308
[epoch 210/2000] saved backbone: /home/mmoslem3/scratch/MKDT/krrst_teacher_ckpt/barlow_twins_resnet18_tinyimagenet.pt
Tiny epoch 211/2000 iteration 50/390 loss=23.2029 lr=0.00975277
Tiny epoch 211/2000 iteration 100/390 loss=23.1552 lr=0.00975246
Tiny epoch 211/2000 iteration 150/390 loss=23.1817 lr=0.00975214
Tiny epoch 211/2000 iteration 200/390 loss=23.3237 lr=0.00975183
Tiny epoch 211/2000 iteration 250/390 loss=23.3068 lr=0.00975151
Tiny epoch 211/2000 iteration 300/390 loss=23.3478 lr=0.0097512
Tiny epoch 211/2000 iteration 350/390 loss=23.3963 lr=0.00975088
Tiny epoch 211/2000 iteration 390/390 loss=23.3915 lr=0.00975063
Tiny epoch 212/2000 iteration 50/390 loss=22.3872 lr=0.00975031
Tiny epoch 212/2000 iteration 100/390 loss=22.9405 lr=0.00975
Tiny epoch 212/2000 iteration 150/390 loss=22.9865 lr=0.00974968
Tiny epoch 212/2000 iteration 200/390 loss=23.1161 lr=0.00974937
Tiny epoch 212/2000 iteration 250/390 loss=23.1307 lr=0.00974905
Tiny epoch 212/2000 iteration 300/390 loss=23.2568 lr=0.00974873
Tiny epoch 212/2000 iteration 350/390 loss=23.1978 lr=0.00974842
Tiny epoch 212/2000 iteration 390/390 loss=23.1731 lr=0.00974816
Tiny epoch 213/2000 iteration 50/390 loss=23.3761 lr=0.00974785
Tiny epoch 213/2000 iteration 100/390 loss=23.4648 lr=0.00974753
Tiny epoch 213/2000 iteration 150/390 loss=23.3004 lr=0.00974721
Tiny epoch 213/2000 iteration 200/390 loss=23.2849 lr=0.00974689
Tiny epoch 213/2000 iteration 250/390 loss=23.4206 lr=0.00974658
Tiny epoch 213/2000 iteration 300/390 loss=23.4057 lr=0.00974626
Tiny epoch 213/2000 iteration 350/390 loss=23.4463 lr=0.00974594
Tiny epoch 213/2000 iteration 390/390 loss=23.4482 lr=0.00974569
Tiny epoch 214/2000 iteration 50/390 loss=22.4441 lr=0.00974537
Tiny epoch 214/2000 iteration 100/390 loss=22.7487 lr=0.00974505
Tiny epoch 214/2000 iteration 150/390 loss=22.9540 lr=0.00974473
Tiny epoch 214/2000 iteration 200/390 loss=22.9589 lr=0.00974441
Tiny epoch 214/2000 iteration 250/390 loss=22.9550 lr=0.00974409
Tiny epoch 214/2000 iteration 300/390 loss=22.9857 lr=0.00974377
Tiny epoch 214/2000 iteration 350/390 loss=23.0321 lr=0.00974345
Tiny epoch 214/2000 iteration 390/390 loss=23.0441 lr=0.0097432
Tiny epoch 215/2000 iteration 50/390 loss=23.3100 lr=0.00974288
Tiny epoch 215/2000 iteration 100/390 loss=23.0826 lr=0.00974256
Tiny epoch 215/2000 iteration 150/390 loss=23.0713 lr=0.00974223
Tiny epoch 215/2000 iteration 200/390 loss=23.2120 lr=0.00974191
Tiny epoch 215/2000 iteration 250/390 loss=23.2232 lr=0.00974159
Tiny epoch 215/2000 iteration 300/390 loss=23.2266 lr=0.00974127
Tiny epoch 215/2000 iteration 350/390 loss=23.2563 lr=0.00974095
Tiny epoch 215/2000 iteration 390/390 loss=23.2571 lr=0.00974069
Tiny epoch 216/2000 iteration 50/390 loss=23.4162 lr=0.00974037
Tiny epoch 216/2000 iteration 100/390 loss=23.1693 lr=0.00974005
Tiny epoch 216/2000 iteration 150/390 loss=23.2005 lr=0.00973973
Tiny epoch 216/2000 iteration 200/390 loss=23.2091 lr=0.00973941
Tiny epoch 216/2000 iteration 250/390 loss=23.2104 lr=0.00973908
Tiny epoch 216/2000 iteration 300/390 loss=23.2249 lr=0.00973876
Tiny epoch 216/2000 iteration 350/390 loss=23.2405 lr=0.00973844
Tiny epoch 216/2000 iteration 390/390 loss=23.2324 lr=0.00973818
Tiny epoch 217/2000 iteration 50/390 loss=22.8805 lr=0.00973786
Tiny epoch 217/2000 iteration 100/390 loss=22.9154 lr=0.00973753
Tiny epoch 217/2000 iteration 150/390 loss=23.2640 lr=0.00973721
Tiny epoch 217/2000 iteration 200/390 loss=23.2434 lr=0.00973689
Tiny epoch 217/2000 iteration 250/390 loss=23.2007 lr=0.00973656
Tiny epoch 217/2000 iteration 300/390 loss=23.2049 lr=0.00973624
Tiny epoch 217/2000 iteration 350/390 loss=23.1341 lr=0.00973591
Tiny epoch 217/2000 iteration 390/390 loss=23.2106 lr=0.00973565
Tiny epoch 218/2000 iteration 50/390 loss=23.1697 lr=0.00973533
Tiny epoch 218/2000 iteration 100/390 loss=23.2537 lr=0.00973501
Tiny epoch 218/2000 iteration 150/390 loss=23.2247 lr=0.00973468
Tiny epoch 218/2000 iteration 200/390 loss=23.1134 lr=0.00973436
Tiny epoch 218/2000 iteration 250/390 loss=23.1398 lr=0.00973403
Tiny epoch 218/2000 iteration 300/390 loss=23.2707 lr=0.0097337
Tiny epoch 218/2000 iteration 350/390 loss=23.3019 lr=0.00973338
Tiny epoch 218/2000 iteration 390/390 loss=23.2704 lr=0.00973312
Tiny epoch 219/2000 iteration 50/390 loss=22.8206 lr=0.00973279
Tiny epoch 219/2000 iteration 100/390 loss=23.1011 lr=0.00973247
Tiny epoch 219/2000 iteration 150/390 loss=23.1614 lr=0.00973214
Tiny epoch 219/2000 iteration 200/390 loss=23.1369 lr=0.00973181
Tiny epoch 219/2000 iteration 250/390 loss=23.1053 lr=0.00973149
Tiny epoch 219/2000 iteration 300/390 loss=23.1830 lr=0.00973116
Tiny epoch 219/2000 iteration 350/390 loss=23.1900 lr=0.00973083
Tiny epoch 219/2000 iteration 390/390 loss=23.2782 lr=0.00973057
Tiny epoch 220/2000 iteration 50/390 loss=22.3003 lr=0.00973024
Tiny epoch 220/2000 iteration 100/390 loss=22.1269 lr=0.00972991
Tiny epoch 220/2000 iteration 150/390 loss=22.6147 lr=0.00972959
Tiny epoch 220/2000 iteration 200/390 loss=22.6874 lr=0.00972926
Tiny epoch 220/2000 iteration 250/390 loss=22.8167 lr=0.00972893
Tiny epoch 220/2000 iteration 300/390 loss=22.8623 lr=0.0097286
Tiny epoch 220/2000 iteration 350/390 loss=22.9546 lr=0.00972827
Tiny epoch 220/2000 iteration 390/390 loss=22.9863 lr=0.00972801
[epoch 220/2000] saved backbone: /home/mmoslem3/scratch/MKDT/krrst_teacher_ckpt/barlow_twins_resnet18_tinyimagenet.pt
Tiny epoch 221/2000 iteration 50/390 loss=22.5867 lr=0.00972768
Tiny epoch 221/2000 iteration 100/390 loss=22.8612 lr=0.00972735
Tiny epoch 221/2000 iteration 150/390 loss=22.8673 lr=0.00972702
Tiny epoch 221/2000 iteration 200/390 loss=22.9321 lr=0.00972669
Tiny epoch 221/2000 iteration 250/390 loss=22.9584 lr=0.00972636
Tiny epoch 221/2000 iteration 300/390 loss=23.0268 lr=0.00972603
Tiny epoch 221/2000 iteration 350/390 loss=23.0322 lr=0.0097257
Tiny epoch 221/2000 iteration 390/390 loss=23.0686 lr=0.00972544
Tiny epoch 222/2000 iteration 50/390 loss=23.2361 lr=0.0097251
Tiny epoch 222/2000 iteration 100/390 loss=23.2215 lr=0.00972477
Tiny epoch 222/2000 iteration 150/390 loss=23.3565 lr=0.00972444
Tiny epoch 222/2000 iteration 200/390 loss=23.2848 lr=0.00972411
Tiny epoch 222/2000 iteration 250/390 loss=23.2661 lr=0.00972378
Tiny epoch 222/2000 iteration 300/390 loss=23.1770 lr=0.00972345
Tiny epoch 222/2000 iteration 350/390 loss=23.1315 lr=0.00972312
Tiny epoch 222/2000 iteration 390/390 loss=23.1226 lr=0.00972285
Tiny epoch 223/2000 iteration 50/390 loss=23.3058 lr=0.00972252
Tiny epoch 223/2000 iteration 100/390 loss=23.2689 lr=0.00972219
Tiny epoch 223/2000 iteration 150/390 loss=23.2196 lr=0.00972185
Tiny epoch 223/2000 iteration 200/390 loss=23.1667 lr=0.00972152
Tiny epoch 223/2000 iteration 250/390 loss=23.1099 lr=0.00972119
Tiny epoch 223/2000 iteration 300/390 loss=23.2100 lr=0.00972086
Tiny epoch 223/2000 iteration 350/390 loss=23.2599 lr=0.00972052
Tiny epoch 223/2000 iteration 390/390 loss=23.2124 lr=0.00972026
Tiny epoch 224/2000 iteration 50/390 loss=22.3525 lr=0.00971992
Tiny epoch 224/2000 iteration 100/390 loss=22.5844 lr=0.00971959
Tiny epoch 224/2000 iteration 150/390 loss=22.7191 lr=0.00971925
Tiny epoch 224/2000 iteration 200/390 loss=22.8853 lr=0.00971892
Tiny epoch 224/2000 iteration 250/390 loss=22.9588 lr=0.00971858
Tiny epoch 224/2000 iteration 300/390 loss=22.9367 lr=0.00971825
Tiny epoch 224/2000 iteration 350/390 loss=22.9934 lr=0.00971792
Tiny epoch 224/2000 iteration 390/390 loss=23.0543 lr=0.00971765
Tiny epoch 225/2000 iteration 50/390 loss=22.4128 lr=0.00971731
Tiny epoch 225/2000 iteration 100/390 loss=22.9184 lr=0.00971698
Tiny epoch 225/2000 iteration 150/390 loss=22.8661 lr=0.00971664
Tiny epoch 225/2000 iteration 200/390 loss=22.9525 lr=0.00971631
Tiny epoch 225/2000 iteration 250/390 loss=23.0712 lr=0.00971597
Tiny epoch 225/2000 iteration 300/390 loss=23.0768 lr=0.00971563
Tiny epoch 225/2000 iteration 350/390 loss=23.0726 lr=0.0097153
Tiny epoch 225/2000 iteration 390/390 loss=23.0950 lr=0.00971503
Tiny epoch 226/2000 iteration 50/390 loss=22.7458 lr=0.00971469
Tiny epoch 226/2000 iteration 100/390 loss=22.8661 lr=0.00971435
Tiny epoch 226/2000 iteration 150/390 loss=23.0691 lr=0.00971402
Tiny epoch 226/2000 iteration 200/390 loss=23.0863 lr=0.00971368
Tiny epoch 226/2000 iteration 250/390 loss=23.2171 lr=0.00971334
Tiny epoch 226/2000 iteration 300/390 loss=23.2184 lr=0.009713
Tiny epoch 226/2000 iteration 350/390 loss=23.1801 lr=0.00971267
Tiny epoch 226/2000 iteration 390/390 loss=23.2120 lr=0.0097124
Tiny epoch 227/2000 iteration 50/390 loss=22.9784 lr=0.00971206
Tiny epoch 227/2000 iteration 100/390 loss=23.0385 lr=0.00971172
Tiny epoch 227/2000 iteration 150/390 loss=23.0678 lr=0.00971138
Tiny epoch 227/2000 iteration 200/390 loss=22.9520 lr=0.00971104
Tiny epoch 227/2000 iteration 250/390 loss=23.1942 lr=0.0097107
Tiny epoch 227/2000 iteration 300/390 loss=23.2207 lr=0.00971036
Tiny epoch 227/2000 iteration 350/390 loss=23.1894 lr=0.00971003
Tiny epoch 227/2000 iteration 390/390 loss=23.1527 lr=0.00970975
Tiny epoch 228/2000 iteration 50/390 loss=23.0568 lr=0.00970941
Tiny epoch 228/2000 iteration 100/390 loss=23.4504 lr=0.00970907
Tiny epoch 228/2000 iteration 150/390 loss=23.3282 lr=0.00970873
Tiny epoch 228/2000 iteration 200/390 loss=23.2850 lr=0.00970839
Tiny epoch 228/2000 iteration 250/390 loss=23.2141 lr=0.00970805
Tiny epoch 228/2000 iteration 300/390 loss=23.2445 lr=0.00970771
Tiny epoch 228/2000 iteration 350/390 loss=23.2329 lr=0.00970737
Tiny epoch 228/2000 iteration 390/390 loss=23.1767 lr=0.0097071
Tiny epoch 229/2000 iteration 50/390 loss=22.7022 lr=0.00970676
Tiny epoch 229/2000 iteration 100/390 loss=22.8602 lr=0.00970642
Tiny epoch 229/2000 iteration 150/390 loss=23.1621 lr=0.00970607
Tiny epoch 229/2000 iteration 200/390 loss=23.2583 lr=0.00970573
Tiny epoch 229/2000 iteration 250/390 loss=23.1626 lr=0.00970539
Tiny epoch 229/2000 iteration 300/390 loss=23.0518 lr=0.00970505
Tiny epoch 229/2000 iteration 350/390 loss=22.9771 lr=0.00970471
Tiny epoch 229/2000 iteration 390/390 loss=22.9722 lr=0.00970443
Tiny epoch 230/2000 iteration 50/390 loss=23.1080 lr=0.00970409
Tiny epoch 230/2000 iteration 100/390 loss=23.0013 lr=0.00970375
Tiny epoch 230/2000 iteration 150/390 loss=22.9735 lr=0.0097034
Tiny epoch 230/2000 iteration 200/390 loss=22.8704 lr=0.00970306
Tiny epoch 230/2000 iteration 250/390 loss=22.8232 lr=0.00970272
Tiny epoch 230/2000 iteration 300/390 loss=22.7626 lr=0.00970237
Tiny epoch 230/2000 iteration 350/390 loss=22.8740 lr=0.00970203
Tiny epoch 230/2000 iteration 390/390 loss=22.8997 lr=0.00970175
[epoch 230/2000] saved backbone: /home/mmoslem3/scratch/MKDT/krrst_teacher_ckpt/barlow_twins_resnet18_tinyimagenet.pt
Tiny epoch 231/2000 iteration 50/390 loss=22.3891 lr=0.00970141
Tiny epoch 231/2000 iteration 100/390 loss=22.6302 lr=0.00970107
Tiny epoch 231/2000 iteration 150/390 loss=22.7597 lr=0.00970072
Tiny epoch 231/2000 iteration 200/390 loss=22.7564 lr=0.00970038
Tiny epoch 231/2000 iteration 250/390 loss=22.7798 lr=0.00970003
Tiny epoch 231/2000 iteration 300/390 loss=22.8624 lr=0.00969969
Tiny epoch 231/2000 iteration 350/390 loss=22.8661 lr=0.00969934
Tiny epoch 231/2000 iteration 390/390 loss=22.8507 lr=0.00969906
Tiny epoch 232/2000 iteration 50/390 loss=23.5475 lr=0.00969872
Tiny epoch 232/2000 iteration 100/390 loss=23.2877 lr=0.00969837
Tiny epoch 232/2000 iteration 150/390 loss=23.1302 lr=0.00969803
Tiny epoch 232/2000 iteration 200/390 loss=23.1081 lr=0.00969768
Tiny epoch 232/2000 iteration 250/390 loss=23.0081 lr=0.00969733
Tiny epoch 232/2000 iteration 300/390 loss=23.0742 lr=0.00969699
Tiny epoch 232/2000 iteration 350/390 loss=23.1169 lr=0.00969664
Tiny epoch 232/2000 iteration 390/390 loss=23.0716 lr=0.00969636
Tiny epoch 233/2000 iteration 50/390 loss=22.5007 lr=0.00969602
Tiny epoch 233/2000 iteration 100/390 loss=22.5876 lr=0.00969567
Tiny epoch 233/2000 iteration 150/390 loss=22.6251 lr=0.00969532
Tiny epoch 233/2000 iteration 200/390 loss=22.5372 lr=0.00969497
Tiny epoch 233/2000 iteration 250/390 loss=22.5224 lr=0.00969462
Tiny epoch 233/2000 iteration 300/390 loss=22.6766 lr=0.00969428
Tiny epoch 233/2000 iteration 350/390 loss=22.7958 lr=0.00969393
Tiny epoch 233/2000 iteration 390/390 loss=22.7928 lr=0.00969365
Tiny epoch 234/2000 iteration 50/390 loss=23.1128 lr=0.0096933
Tiny epoch 234/2000 iteration 100/390 loss=23.0012 lr=0.00969295
Tiny epoch 234/2000 iteration 150/390 loss=22.9410 lr=0.0096926
Tiny epoch 234/2000 iteration 200/390 loss=22.9222 lr=0.00969225
Tiny epoch 234/2000 iteration 250/390 loss=22.8704 lr=0.0096919
Tiny epoch 234/2000 iteration 300/390 loss=22.9248 lr=0.00969155
Tiny epoch 234/2000 iteration 350/390 loss=22.9447 lr=0.0096912
Tiny epoch 234/2000 iteration 390/390 loss=22.9861 lr=0.00969092
Tiny epoch 235/2000 iteration 50/390 loss=22.3746 lr=0.00969057
Tiny epoch 235/2000 iteration 100/390 loss=22.5595 lr=0.00969022
Tiny epoch 235/2000 iteration 150/390 loss=22.6234 lr=0.00968987
Tiny epoch 235/2000 iteration 200/390 loss=22.6942 lr=0.00968952
Tiny epoch 235/2000 iteration 250/390 loss=22.7907 lr=0.00968917
Tiny epoch 235/2000 iteration 300/390 loss=22.7327 lr=0.00968882
Tiny epoch 235/2000 iteration 350/390 loss=22.8823 lr=0.00968847
Tiny epoch 235/2000 iteration 390/390 loss=22.9393 lr=0.00968819
Tiny epoch 236/2000 iteration 50/390 loss=23.1974 lr=0.00968784
Tiny epoch 236/2000 iteration 100/390 loss=22.8334 lr=0.00968748
Tiny epoch 236/2000 iteration 150/390 loss=22.6815 lr=0.00968713
Tiny epoch 236/2000 iteration 200/390 loss=22.6930 lr=0.00968678
Tiny epoch 236/2000 iteration 250/390 loss=22.8095 lr=0.00968643
Tiny epoch 236/2000 iteration 300/390 loss=22.9574 lr=0.00968607
Tiny epoch 236/2000 iteration 350/390 loss=22.9935 lr=0.00968572
Tiny epoch 236/2000 iteration 390/390 loss=22.9606 lr=0.00968544
Tiny epoch 237/2000 iteration 50/390 loss=22.3652 lr=0.00968509
Tiny epoch 237/2000 iteration 100/390 loss=22.4173 lr=0.00968473
Tiny epoch 237/2000 iteration 150/390 loss=22.4636 lr=0.00968438
Tiny epoch 237/2000 iteration 200/390 loss=22.5402 lr=0.00968403
Tiny epoch 237/2000 iteration 250/390 loss=22.7154 lr=0.00968367
Tiny epoch 237/2000 iteration 300/390 loss=22.7762 lr=0.00968332
Tiny epoch 237/2000 iteration 350/390 loss=22.8545 lr=0.00968296
Tiny epoch 237/2000 iteration 390/390 loss=22.9532 lr=0.00968268
Tiny epoch 238/2000 iteration 50/390 loss=23.0260 lr=0.00968232
Tiny epoch 238/2000 iteration 100/390 loss=22.9604 lr=0.00968197
Tiny epoch 238/2000 iteration 150/390 loss=22.9451 lr=0.00968161
Tiny epoch 238/2000 iteration 200/390 loss=22.8468 lr=0.00968126
Tiny epoch 238/2000 iteration 250/390 loss=22.8049 lr=0.0096809
Tiny epoch 238/2000 iteration 300/390 loss=22.8073 lr=0.00968055
Tiny epoch 238/2000 iteration 350/390 loss=22.7443 lr=0.00968019
Tiny epoch 238/2000 iteration 390/390 loss=22.7865 lr=0.00967991
Tiny epoch 239/2000 iteration 50/390 loss=22.7547 lr=0.00967955
Tiny epoch 239/2000 iteration 100/390 loss=22.6580 lr=0.0096792
Tiny epoch 239/2000 iteration 150/390 loss=22.7123 lr=0.00967884
Tiny epoch 239/2000 iteration 200/390 loss=22.8354 lr=0.00967848
Tiny epoch 239/2000 iteration 250/390 loss=22.7780 lr=0.00967813
Tiny epoch 239/2000 iteration 300/390 loss=22.7817 lr=0.00967777
Tiny epoch 239/2000 iteration 350/390 loss=22.7321 lr=0.00967741
Tiny epoch 239/2000 iteration 390/390 loss=22.8166 lr=0.00967712
Tiny epoch 240/2000 iteration 50/390 loss=23.0109 lr=0.00967677
Tiny epoch 240/2000 iteration 100/390 loss=22.8902 lr=0.00967641
Tiny epoch 240/2000 iteration 150/390 loss=22.9113 lr=0.00967605
Tiny epoch 240/2000 iteration 200/390 loss=22.8537 lr=0.00967569
Tiny epoch 240/2000 iteration 250/390 loss=22.8706 lr=0.00967533
Tiny epoch 240/2000 iteration 300/390 loss=22.9466 lr=0.00967498
Tiny epoch 240/2000 iteration 350/390 loss=22.9051 lr=0.00967462
Tiny epoch 240/2000 iteration 390/390 loss=22.8694 lr=0.00967433
[epoch 240/2000] saved backbone: /home/mmoslem3/scratch/MKDT/krrst_teacher_ckpt/barlow_twins_resnet18_tinyimagenet.pt
Tiny epoch 241/2000 iteration 50/390 loss=22.9546 lr=0.00967397
Tiny epoch 241/2000 iteration 100/390 loss=22.6274 lr=0.00967361
Tiny epoch 241/2000 iteration 150/390 loss=22.8090 lr=0.00967325
Tiny epoch 241/2000 iteration 200/390 loss=22.7163 lr=0.00967289
Tiny epoch 241/2000 iteration 250/390 loss=22.7485 lr=0.00967253
Tiny epoch 241/2000 iteration 300/390 loss=22.8570 lr=0.00967217
Tiny epoch 241/2000 iteration 350/390 loss=22.8081 lr=0.00967181
Tiny epoch 241/2000 iteration 390/390 loss=22.8444 lr=0.00967152
Tiny epoch 242/2000 iteration 50/390 loss=23.1583 lr=0.00967116
Tiny epoch 242/2000 iteration 100/390 loss=22.6844 lr=0.0096708
Tiny epoch 242/2000 iteration 150/390 loss=22.7251 lr=0.00967044
Tiny epoch 242/2000 iteration 200/390 loss=22.7555 lr=0.00967008
Tiny epoch 242/2000 iteration 250/390 loss=22.6875 lr=0.00966972
Tiny epoch 242/2000 iteration 300/390 loss=22.6836 lr=0.00966936
Tiny epoch 242/2000 iteration 350/390 loss=22.7053 lr=0.00966899
Tiny epoch 242/2000 iteration 390/390 loss=22.7601 lr=0.00966871
Tiny epoch 243/2000 iteration 50/390 loss=22.9306 lr=0.00966834
Tiny epoch 243/2000 iteration 100/390 loss=22.7677 lr=0.00966798
Tiny epoch 243/2000 iteration 150/390 loss=22.7603 lr=0.00966762
Tiny epoch 243/2000 iteration 200/390 loss=22.8010 lr=0.00966726
Tiny epoch 243/2000 iteration 250/390 loss=22.8442 lr=0.00966689
Tiny epoch 243/2000 iteration 300/390 loss=22.9056 lr=0.00966653
Tiny epoch 243/2000 iteration 350/390 loss=22.9557 lr=0.00966617
Tiny epoch 243/2000 iteration 390/390 loss=22.9363 lr=0.00966588
Tiny epoch 244/2000 iteration 50/390 loss=22.7398 lr=0.00966551
Tiny epoch 244/2000 iteration 100/390 loss=22.5162 lr=0.00966515
Tiny epoch 244/2000 iteration 150/390 loss=22.7107 lr=0.00966478
Tiny epoch 244/2000 iteration 200/390 loss=22.6054 lr=0.00966442
Tiny epoch 244/2000 iteration 250/390 loss=22.6856 lr=0.00966406
Tiny epoch 244/2000 iteration 300/390 loss=22.6655 lr=0.00966369
Tiny epoch 244/2000 iteration 350/390 loss=22.6737 lr=0.00966333
Tiny epoch 244/2000 iteration 390/390 loss=22.7302 lr=0.00966303
Tiny epoch 245/2000 iteration 50/390 loss=22.4120 lr=0.00966267
Tiny epoch 245/2000 iteration 100/390 loss=22.4014 lr=0.0096623
Tiny epoch 245/2000 iteration 150/390 loss=22.3754 lr=0.00966194
Tiny epoch 245/2000 iteration 200/390 loss=22.3567 lr=0.00966157
Tiny epoch 245/2000 iteration 250/390 loss=22.3262 lr=0.00966121
Tiny epoch 245/2000 iteration 300/390 loss=22.4270 lr=0.00966084
Tiny epoch 245/2000 iteration 350/390 loss=22.5636 lr=0.00966047
Tiny epoch 245/2000 iteration 390/390 loss=22.6495 lr=0.00966018
Tiny epoch 246/2000 iteration 50/390 loss=22.3757 lr=0.00965981
Tiny epoch 246/2000 iteration 100/390 loss=22.7008 lr=0.00965945
Tiny epoch 246/2000 iteration 150/390 loss=22.9354 lr=0.00965908
Tiny epoch 246/2000 iteration 200/390 loss=22.9768 lr=0.00965871
Tiny epoch 246/2000 iteration 250/390 loss=22.8586 lr=0.00965835
Tiny epoch 246/2000 iteration 300/390 loss=22.7690 lr=0.00965798
Tiny epoch 246/2000 iteration 350/390 loss=22.8313 lr=0.00965761
Tiny epoch 246/2000 iteration 390/390 loss=22.8669 lr=0.00965732
Tiny epoch 247/2000 iteration 50/390 loss=22.5206 lr=0.00965695
Tiny epoch 247/2000 iteration 100/390 loss=22.5734 lr=0.00965658
Tiny epoch 247/2000 iteration 150/390 loss=22.6149 lr=0.00965621
Tiny epoch 247/2000 iteration 200/390 loss=22.5095 lr=0.00965584
Tiny epoch 247/2000 iteration 250/390 loss=22.6242 lr=0.00965547
Tiny epoch 247/2000 iteration 300/390 loss=22.6371 lr=0.0096551
Tiny epoch 247/2000 iteration 350/390 loss=22.5968 lr=0.00965474
Tiny epoch 247/2000 iteration 390/390 loss=22.5728 lr=0.00965444
Tiny epoch 248/2000 iteration 50/390 loss=22.6531 lr=0.00965407
Tiny epoch 248/2000 iteration 100/390 loss=22.7375 lr=0.0096537
Tiny epoch 248/2000 iteration 150/390 loss=22.6984 lr=0.00965333
Tiny epoch 248/2000 iteration 200/390 loss=22.7540 lr=0.00965296
Tiny epoch 248/2000 iteration 250/390 loss=22.7822 lr=0.00965259
Tiny epoch 248/2000 iteration 300/390 loss=22.7761 lr=0.00965222
Tiny epoch 248/2000 iteration 350/390 loss=22.7634 lr=0.00965185
Tiny epoch 248/2000 iteration 390/390 loss=22.7673 lr=0.00965155
Tiny epoch 249/2000 iteration 50/390 loss=22.3534 lr=0.00965118
Tiny epoch 249/2000 iteration 100/390 loss=22.4335 lr=0.00965081
Tiny epoch 249/2000 iteration 150/390 loss=22.5722 lr=0.00965044
Tiny epoch 249/2000 iteration 200/390 loss=22.6337 lr=0.00965007
Tiny epoch 249/2000 iteration 250/390 loss=22.7120 lr=0.00964969
Tiny epoch 249/2000 iteration 300/390 loss=22.7278 lr=0.00964932
Tiny epoch 249/2000 iteration 350/390 loss=22.7530 lr=0.00964895
Tiny epoch 249/2000 iteration 390/390 loss=22.7251 lr=0.00964865
Tiny epoch 250/2000 iteration 50/390 loss=22.7306 lr=0.00964828
Tiny epoch 250/2000 iteration 100/390 loss=22.6619 lr=0.00964791
Tiny epoch 250/2000 iteration 150/390 loss=22.6866 lr=0.00964753
Tiny epoch 250/2000 iteration 200/390 loss=22.7268 lr=0.00964716
Tiny epoch 250/2000 iteration 250/390 loss=22.6344 lr=0.00964679
Tiny epoch 250/2000 iteration 300/390 loss=22.6692 lr=0.00964641
Tiny epoch 250/2000 iteration 350/390 loss=22.6132 lr=0.00964604
Tiny epoch 250/2000 iteration 390/390 loss=22.6716 lr=0.00964574
[epoch 250/2000] saved backbone: /home/mmoslem3/scratch/MKDT/krrst_teacher_ckpt/barlow_twins_resnet18_tinyimagenet.pt
Tiny epoch 251/2000 iteration 50/390 loss=21.9794 lr=0.00964537
Tiny epoch 251/2000 iteration 100/390 loss=22.2350 lr=0.00964499
Tiny epoch 251/2000 iteration 150/390 loss=22.4678 lr=0.00964462
Tiny epoch 251/2000 iteration 200/390 loss=22.4718 lr=0.00964424
Tiny epoch 251/2000 iteration 250/390 loss=22.3571 lr=0.00964387
Tiny epoch 251/2000 iteration 300/390 loss=22.4420 lr=0.00964349
Tiny epoch 251/2000 iteration 350/390 loss=22.5355 lr=0.00964312
Tiny epoch 251/2000 iteration 390/390 loss=22.6394 lr=0.00964282
Tiny epoch 252/2000 iteration 50/390 loss=21.9958 lr=0.00964244
Tiny epoch 252/2000 iteration 100/390 loss=22.2529 lr=0.00964207
Tiny epoch 252/2000 iteration 150/390 loss=22.3918 lr=0.00964169
Tiny epoch 252/2000 iteration 200/390 loss=22.3789 lr=0.00964132
Tiny epoch 252/2000 iteration 250/390 loss=22.4553 lr=0.00964094
Tiny epoch 252/2000 iteration 300/390 loss=22.4973 lr=0.00964056
Tiny epoch 252/2000 iteration 350/390 loss=22.5324 lr=0.00964019
Tiny epoch 252/2000 iteration 390/390 loss=22.4955 lr=0.00963989
Tiny epoch 253/2000 iteration 50/390 loss=22.4465 lr=0.00963951
Tiny epoch 253/2000 iteration 100/390 loss=22.2968 lr=0.00963913
Tiny epoch 253/2000 iteration 150/390 loss=22.4668 lr=0.00963875
Tiny epoch 253/2000 iteration 200/390 loss=22.5695 lr=0.00963838
Tiny epoch 253/2000 iteration 250/390 loss=22.6361 lr=0.009638
Tiny epoch 253/2000 iteration 300/390 loss=22.5987 lr=0.00963762
Tiny epoch 253/2000 iteration 350/390 loss=22.5615 lr=0.00963724
Tiny epoch 253/2000 iteration 390/390 loss=22.6132 lr=0.00963694
Tiny epoch 254/2000 iteration 50/390 loss=22.5003 lr=0.00963656
Tiny epoch 254/2000 iteration 100/390 loss=22.4698 lr=0.00963618
Tiny epoch 254/2000 iteration 150/390 loss=22.2331 lr=0.0096358
Tiny epoch 254/2000 iteration 200/390 loss=22.3862 lr=0.00963542
Tiny epoch 254/2000 iteration 250/390 loss=22.4241 lr=0.00963505
Tiny epoch 254/2000 iteration 300/390 loss=22.6083 lr=0.00963467
Tiny epoch 254/2000 iteration 350/390 loss=22.6699 lr=0.00963429
Tiny epoch 254/2000 iteration 390/390 loss=22.7323 lr=0.00963398
Tiny epoch 255/2000 iteration 50/390 loss=22.4666 lr=0.0096336
Tiny epoch 255/2000 iteration 100/390 loss=22.5519 lr=0.00963322
Tiny epoch 255/2000 iteration 150/390 loss=22.6036 lr=0.00963284
Tiny epoch 255/2000 iteration 200/390 loss=22.5549 lr=0.00963246
Tiny epoch 255/2000 iteration 250/390 loss=22.6077 lr=0.00963208
Tiny epoch 255/2000 iteration 300/390 loss=22.6344 lr=0.0096317
Tiny epoch 255/2000 iteration 350/390 loss=22.6207 lr=0.00963132
Tiny epoch 255/2000 iteration 390/390 loss=22.6448 lr=0.00963101
Tiny epoch 256/2000 iteration 50/390 loss=21.8637 lr=0.00963063
Tiny epoch 256/2000 iteration 100/390 loss=22.3722 lr=0.00963025
Tiny epoch 256/2000 iteration 150/390 loss=22.3823 lr=0.00962987
Tiny epoch 256/2000 iteration 200/390 loss=22.3579 lr=0.00962949
Tiny epoch 256/2000 iteration 250/390 loss=22.5103 lr=0.0096291
Tiny epoch 256/2000 iteration 300/390 loss=22.6080 lr=0.00962872
Tiny epoch 256/2000 iteration 350/390 loss=22.7286 lr=0.00962834
Tiny epoch 256/2000 iteration 390/390 loss=22.6902 lr=0.00962803
Tiny epoch 257/2000 iteration 50/390 loss=22.0538 lr=0.00962765
Tiny epoch 257/2000 iteration 100/390 loss=22.2112 lr=0.00962727
Tiny epoch 257/2000 iteration 150/390 loss=22.4796 lr=0.00962688
Tiny epoch 257/2000 iteration 200/390 loss=22.5559 lr=0.0096265
Tiny epoch 257/2000 iteration 250/390 loss=22.5838 lr=0.00962612
Tiny epoch 257/2000 iteration 300/390 loss=22.6216 lr=0.00962573
Tiny epoch 257/2000 iteration 350/390 loss=22.5834 lr=0.00962535
Tiny epoch 257/2000 iteration 390/390 loss=22.6095 lr=0.00962504
Tiny epoch 258/2000 iteration 50/390 loss=22.4213 lr=0.00962466
Tiny epoch 258/2000 iteration 100/390 loss=22.7581 lr=0.00962427
Tiny epoch 258/2000 iteration 150/390 loss=22.6811 lr=0.00962389
Tiny epoch 258/2000 iteration 200/390 loss=22.6363 lr=0.0096235
Tiny epoch 258/2000 iteration 250/390 loss=22.7728 lr=0.00962312
Tiny epoch 258/2000 iteration 300/390 loss=22.7578 lr=0.00962273
Tiny epoch 258/2000 iteration 350/390 loss=22.7571 lr=0.00962235
Tiny epoch 258/2000 iteration 390/390 loss=22.7322 lr=0.00962204
Tiny epoch 259/2000 iteration 50/390 loss=22.2780 lr=0.00962165
Tiny epoch 259/2000 iteration 100/390 loss=22.2416 lr=0.00962127
Tiny epoch 259/2000 iteration 150/390 loss=22.3723 lr=0.00962088
Tiny epoch 259/2000 iteration 200/390 loss=22.4617 lr=0.00962049
Tiny epoch 259/2000 iteration 250/390 loss=22.4649 lr=0.00962011
Tiny epoch 259/2000 iteration 300/390 loss=22.4192 lr=0.00961972
Tiny epoch 259/2000 iteration 350/390 loss=22.4834 lr=0.00961933
Tiny epoch 259/2000 iteration 390/390 loss=22.5154 lr=0.00961902
Tiny epoch 260/2000 iteration 50/390 loss=21.8521 lr=0.00961864
Tiny epoch 260/2000 iteration 100/390 loss=22.6047 lr=0.00961825
Tiny epoch 260/2000 iteration 150/390 loss=22.5710 lr=0.00961786
Tiny epoch 260/2000 iteration 200/390 loss=22.5628 lr=0.00961747
Tiny epoch 260/2000 iteration 250/390 loss=22.5609 lr=0.00961708
Tiny epoch 260/2000 iteration 300/390 loss=22.5867 lr=0.0096167
Tiny epoch 260/2000 iteration 350/390 loss=22.5966 lr=0.00961631
Tiny epoch 260/2000 iteration 390/390 loss=22.6434 lr=0.009616
[epoch 260/2000] saved backbone: /home/mmoslem3/scratch/MKDT/krrst_teacher_ckpt/barlow_twins_resnet18_tinyimagenet.pt
Tiny epoch 261/2000 iteration 50/390 loss=22.2255 lr=0.00961561
Tiny epoch 261/2000 iteration 100/390 loss=22.2976 lr=0.00961522
Tiny epoch 261/2000 iteration 150/390 loss=22.2207 lr=0.00961483
Tiny epoch 261/2000 iteration 200/390 loss=22.1803 lr=0.00961444
Tiny epoch 261/2000 iteration 250/390 loss=22.2171 lr=0.00961405
Tiny epoch 261/2000 iteration 300/390 loss=22.3320 lr=0.00961366
Tiny epoch 261/2000 iteration 350/390 loss=22.3660 lr=0.00961327
Tiny epoch 261/2000 iteration 390/390 loss=22.4781 lr=0.00961296
Tiny epoch 262/2000 iteration 50/390 loss=22.5194 lr=0.00961257
Tiny epoch 262/2000 iteration 100/390 loss=22.1702 lr=0.00961218
Tiny epoch 262/2000 iteration 150/390 loss=22.3570 lr=0.00961179
Tiny epoch 262/2000 iteration 200/390 loss=22.3980 lr=0.0096114
Tiny epoch 262/2000 iteration 250/390 loss=22.5602 lr=0.00961101
Tiny epoch 262/2000 iteration 300/390 loss=22.5971 lr=0.00961061
Tiny epoch 262/2000 iteration 350/390 loss=22.5419 lr=0.00961022
Tiny epoch 262/2000 iteration 390/390 loss=22.5703 lr=0.00960991
Tiny epoch 263/2000 iteration 50/390 loss=22.2903 lr=0.00960952
Tiny epoch 263/2000 iteration 100/390 loss=22.1333 lr=0.00960913
Tiny epoch 263/2000 iteration 150/390 loss=22.2749 lr=0.00960873
Tiny epoch 263/2000 iteration 200/390 loss=22.4571 lr=0.00960834
Tiny epoch 263/2000 iteration 250/390 loss=22.6372 lr=0.00960795
Tiny epoch 263/2000 iteration 300/390 loss=22.6150 lr=0.00960756
Tiny epoch 263/2000 iteration 350/390 loss=22.5625 lr=0.00960716
Tiny epoch 263/2000 iteration 390/390 loss=22.5707 lr=0.00960685
Tiny epoch 264/2000 iteration 50/390 loss=21.9459 lr=0.00960646
Tiny epoch 264/2000 iteration 100/390 loss=21.8505 lr=0.00960606
Tiny epoch 264/2000 iteration 150/390 loss=22.0164 lr=0.00960567
Tiny epoch 264/2000 iteration 200/390 loss=21.9796 lr=0.00960528
Tiny epoch 264/2000 iteration 250/390 loss=22.0565 lr=0.00960488
Tiny epoch 264/2000 iteration 300/390 loss=22.1214 lr=0.00960449
Tiny epoch 264/2000 iteration 350/390 loss=22.2696 lr=0.00960409
Tiny epoch 264/2000 iteration 390/390 loss=22.3056 lr=0.00960378
Tiny epoch 265/2000 iteration 50/390 loss=22.3830 lr=0.00960338
Tiny epoch 265/2000 iteration 100/390 loss=22.2729 lr=0.00960299
Tiny epoch 265/2000 iteration 150/390 loss=22.0766 lr=0.00960259
Tiny epoch 265/2000 iteration 200/390 loss=22.2070 lr=0.0096022
Tiny epoch 265/2000 iteration 250/390 loss=22.2456 lr=0.0096018
Tiny epoch 265/2000 iteration 300/390 loss=22.2987 lr=0.00960141
Tiny epoch 265/2000 iteration 350/390 loss=22.3755 lr=0.00960101
Tiny epoch 265/2000 iteration 390/390 loss=22.4178 lr=0.00960069
Tiny epoch 266/2000 iteration 50/390 loss=22.0287 lr=0.0096003
Tiny epoch 266/2000 iteration 100/390 loss=22.4722 lr=0.0095999
Tiny epoch 266/2000 iteration 150/390 loss=22.7768 lr=0.0095995
Tiny epoch 266/2000 iteration 200/390 loss=22.7047 lr=0.00959911
Tiny epoch 266/2000 iteration 250/390 loss=22.6208 lr=0.00959871
Tiny epoch 266/2000 iteration 300/390 loss=22.5430 lr=0.00959831
Tiny epoch 266/2000 iteration 350/390 loss=22.5955 lr=0.00959792
Tiny epoch 266/2000 iteration 390/390 loss=22.5327 lr=0.0095976
Tiny epoch 267/2000 iteration 50/390 loss=22.6798 lr=0.0095972
Tiny epoch 267/2000 iteration 100/390 loss=22.6913 lr=0.0095968
Tiny epoch 267/2000 iteration 150/390 loss=22.7120 lr=0.0095964
Tiny epoch 267/2000 iteration 200/390 loss=22.7467 lr=0.00959601
Tiny epoch 267/2000 iteration 250/390 loss=22.7809 lr=0.00959561
Tiny epoch 267/2000 iteration 300/390 loss=22.7879 lr=0.00959521
Tiny epoch 267/2000 iteration 350/390 loss=22.7975 lr=0.00959481
Tiny epoch 267/2000 iteration 390/390 loss=22.7692 lr=0.00959449
Tiny epoch 268/2000 iteration 50/390 loss=21.9405 lr=0.00959409
Tiny epoch 268/2000 iteration 100/390 loss=22.2234 lr=0.00959369
Tiny epoch 268/2000 iteration 150/390 loss=22.1068 lr=0.00959329
Tiny epoch 268/2000 iteration 200/390 loss=22.2361 lr=0.00959289
Tiny epoch 268/2000 iteration 250/390 loss=22.2740 lr=0.00959249
Tiny epoch 268/2000 iteration 300/390 loss=22.3374 lr=0.00959209
Tiny epoch 268/2000 iteration 350/390 loss=22.3957 lr=0.00959169
Tiny epoch 268/2000 iteration 390/390 loss=22.3661 lr=0.00959137
Tiny epoch 269/2000 iteration 50/390 loss=22.6241 lr=0.00959097
Tiny epoch 269/2000 iteration 100/390 loss=22.3263 lr=0.00959057
Tiny epoch 269/2000 iteration 150/390 loss=22.2897 lr=0.00959017
Tiny epoch 269/2000 iteration 200/390 loss=22.2951 lr=0.00958977
Tiny epoch 269/2000 iteration 250/390 loss=22.4482 lr=0.00958937
Tiny epoch 269/2000 iteration 300/390 loss=22.3069 lr=0.00958897
Tiny epoch 269/2000 iteration 350/390 loss=22.2717 lr=0.00958857
Tiny epoch 269/2000 iteration 390/390 loss=22.2885 lr=0.00958824
Tiny epoch 270/2000 iteration 50/390 loss=22.1599 lr=0.00958784
Tiny epoch 270/2000 iteration 100/390 loss=22.2572 lr=0.00958744
Tiny epoch 270/2000 iteration 150/390 loss=22.6406 lr=0.00958704
Tiny epoch 270/2000 iteration 200/390 loss=22.5318 lr=0.00958664
Tiny epoch 270/2000 iteration 250/390 loss=22.5165 lr=0.00958623
Tiny epoch 270/2000 iteration 300/390 loss=22.4414 lr=0.00958583
Tiny epoch 270/2000 iteration 350/390 loss=22.4529 lr=0.00958543
Tiny epoch 270/2000 iteration 390/390 loss=22.4387 lr=0.0095851
[epoch 270/2000] saved backbone: /home/mmoslem3/scratch/MKDT/krrst_teacher_ckpt/barlow_twins_resnet18_tinyimagenet.pt
Tiny epoch 271/2000 iteration 50/390 loss=21.8856 lr=0.0095847
Tiny epoch 271/2000 iteration 100/390 loss=22.1170 lr=0.0095843
Tiny epoch 271/2000 iteration 150/390 loss=22.3125 lr=0.00958389
Tiny epoch 271/2000 iteration 200/390 loss=22.2322 lr=0.00958349
Tiny epoch 271/2000 iteration 250/390 loss=22.4321 lr=0.00958308
Tiny epoch 271/2000 iteration 300/390 loss=22.5624 lr=0.00958268
Tiny epoch 271/2000 iteration 350/390 loss=22.5687 lr=0.00958228
Tiny epoch 271/2000 iteration 390/390 loss=22.5339 lr=0.00958195
Tiny epoch 272/2000 iteration 50/390 loss=22.2187 lr=0.00958155
Tiny epoch 272/2000 iteration 100/390 loss=22.2916 lr=0.00958114
Tiny epoch 272/2000 iteration 150/390 loss=22.2670 lr=0.00958074
Tiny epoch 272/2000 iteration 200/390 loss=22.5168 lr=0.00958033
Tiny epoch 272/2000 iteration 250/390 loss=22.5291 lr=0.00957992
Tiny epoch 272/2000 iteration 300/390 loss=22.5223 lr=0.00957952
Tiny epoch 272/2000 iteration 350/390 loss=22.5592 lr=0.00957911
Tiny epoch 272/2000 iteration 390/390 loss=22.5631 lr=0.00957879
Tiny epoch 273/2000 iteration 50/390 loss=22.8244 lr=0.00957838
Tiny epoch 273/2000 iteration 100/390 loss=22.8008 lr=0.00957797
Tiny epoch 273/2000 iteration 150/390 loss=22.7081 lr=0.00957757
Tiny epoch 273/2000 iteration 200/390 loss=22.5126 lr=0.00957716
Tiny epoch 273/2000 iteration 250/390 loss=22.4561 lr=0.00957675
Tiny epoch 273/2000 iteration 300/390 loss=22.4051 lr=0.00957635
Tiny epoch 273/2000 iteration 350/390 loss=22.4189 lr=0.00957594
Tiny epoch 273/2000 iteration 390/390 loss=22.4166 lr=0.00957561
Tiny epoch 274/2000 iteration 50/390 loss=21.9515 lr=0.0095752
Tiny epoch 274/2000 iteration 100/390 loss=22.3668 lr=0.0095748
Tiny epoch 274/2000 iteration 150/390 loss=22.1987 lr=0.00957439
Tiny epoch 274/2000 iteration 200/390 loss=22.1914 lr=0.00957398
Tiny epoch 274/2000 iteration 250/390 loss=22.2840 lr=0.00957357
Tiny epoch 274/2000 iteration 300/390 loss=22.3009 lr=0.00957316
Tiny epoch 274/2000 iteration 350/390 loss=22.3116 lr=0.00957275
Tiny epoch 274/2000 iteration 390/390 loss=22.2938 lr=0.00957243
Tiny epoch 275/2000 iteration 50/390 loss=21.9661 lr=0.00957202
Tiny epoch 275/2000 iteration 100/390 loss=21.9143 lr=0.00957161
Tiny epoch 275/2000 iteration 150/390 loss=21.8572 lr=0.0095712
Tiny epoch 275/2000 iteration 200/390 loss=21.9059 lr=0.00957079
Tiny epoch 275/2000 iteration 250/390 loss=22.1486 lr=0.00957038
Tiny epoch 275/2000 iteration 300/390 loss=22.2141 lr=0.00956997
Tiny epoch 275/2000 iteration 350/390 loss=22.3730 lr=0.00956956
Tiny epoch 275/2000 iteration 390/390 loss=22.3857 lr=0.00956923
Tiny epoch 276/2000 iteration 50/390 loss=22.3479 lr=0.00956882
Tiny epoch 276/2000 iteration 100/390 loss=22.2789 lr=0.00956841
Tiny epoch 276/2000 iteration 150/390 loss=22.5755 lr=0.009568
Tiny epoch 276/2000 iteration 200/390 loss=22.4449 lr=0.00956758
Tiny epoch 276/2000 iteration 250/390 loss=22.4097 lr=0.00956717
Tiny epoch 276/2000 iteration 300/390 loss=22.3254 lr=0.00956676
Tiny epoch 276/2000 iteration 350/390 loss=22.3076 lr=0.00956635
Tiny epoch 276/2000 iteration 390/390 loss=22.4276 lr=0.00956602
Tiny epoch 277/2000 iteration 50/390 loss=22.8461 lr=0.00956561
Tiny epoch 277/2000 iteration 100/390 loss=22.5264 lr=0.00956519
Tiny epoch 277/2000 iteration 150/390 loss=22.4565 lr=0.00956478
Tiny epoch 277/2000 iteration 200/390 loss=22.3930 lr=0.00956437
Tiny epoch 277/2000 iteration 250/390 loss=22.3154 lr=0.00956396
Tiny epoch 277/2000 iteration 300/390 loss=22.2707 lr=0.00956354
Tiny epoch 277/2000 iteration 350/390 loss=22.3820 lr=0.00956313
Tiny epoch 277/2000 iteration 390/390 loss=22.4115 lr=0.0095628
Tiny epoch 278/2000 iteration 50/390 loss=22.2415 lr=0.00956238
Tiny epoch 278/2000 iteration 100/390 loss=22.3761 lr=0.00956197
Tiny epoch 278/2000 iteration 150/390 loss=22.4684 lr=0.00956156
Tiny epoch 278/2000 iteration 200/390 loss=22.4152 lr=0.00956114
Tiny epoch 278/2000 iteration 250/390 loss=22.2308 lr=0.00956073
Tiny epoch 278/2000 iteration 300/390 loss=22.2101 lr=0.00956031
Tiny epoch 278/2000 iteration 350/390 loss=22.2562 lr=0.0095599
Tiny epoch 278/2000 iteration 390/390 loss=22.2605 lr=0.00955957
Tiny epoch 279/2000 iteration 50/390 loss=22.0179 lr=0.00955915
Tiny epoch 279/2000 iteration 100/390 loss=22.0016 lr=0.00955874
Tiny epoch 279/2000 iteration 150/390 loss=22.0870 lr=0.00955832
Tiny epoch 279/2000 iteration 200/390 loss=22.1679 lr=0.0095579
Tiny epoch 279/2000 iteration 250/390 loss=22.2110 lr=0.00955749
Tiny epoch 279/2000 iteration 300/390 loss=22.3286 lr=0.00955707
Tiny epoch 279/2000 iteration 350/390 loss=22.3609 lr=0.00955666
Tiny epoch 279/2000 iteration 390/390 loss=22.3831 lr=0.00955632
Tiny epoch 280/2000 iteration 50/390 loss=22.2592 lr=0.00955591
Tiny epoch 280/2000 iteration 100/390 loss=22.1978 lr=0.00955549
Tiny epoch 280/2000 iteration 150/390 loss=22.2470 lr=0.00955507
Tiny epoch 280/2000 iteration 200/390 loss=22.2794 lr=0.00955466
Tiny epoch 280/2000 iteration 250/390 loss=22.3012 lr=0.00955424
Tiny epoch 280/2000 iteration 300/390 loss=22.3179 lr=0.00955382
Tiny epoch 280/2000 iteration 350/390 loss=22.2897 lr=0.0095534
Tiny epoch 280/2000 iteration 390/390 loss=22.2777 lr=0.00955307
[epoch 280/2000] saved backbone: /home/mmoslem3/scratch/MKDT/krrst_teacher_ckpt/barlow_twins_resnet18_tinyimagenet.pt
Tiny epoch 281/2000 iteration 50/390 loss=21.9398 lr=0.00955265
Tiny epoch 281/2000 iteration 100/390 loss=22.3307 lr=0.00955223
Tiny epoch 281/2000 iteration 150/390 loss=22.3430 lr=0.00955181
Tiny epoch 281/2000 iteration 200/390 loss=22.5201 lr=0.00955139
Tiny epoch 281/2000 iteration 250/390 loss=22.5755 lr=0.00955098
Tiny epoch 281/2000 iteration 300/390 loss=22.4447 lr=0.00955056
Tiny epoch 281/2000 iteration 350/390 loss=22.4364 lr=0.00955014
Tiny epoch 281/2000 iteration 390/390 loss=22.4181 lr=0.0095498
Tiny epoch 282/2000 iteration 50/390 loss=22.2320 lr=0.00954938
Tiny epoch 282/2000 iteration 100/390 loss=22.1265 lr=0.00954896
Tiny epoch 282/2000 iteration 150/390 loss=22.0449 lr=0.00954854
Tiny epoch 282/2000 iteration 200/390 loss=22.1647 lr=0.00954812
Tiny epoch 282/2000 iteration 250/390 loss=22.3653 lr=0.0095477
Tiny epoch 282/2000 iteration 300/390 loss=22.3181 lr=0.00954728
Tiny epoch 282/2000 iteration 350/390 loss=22.2829 lr=0.00954686
Tiny epoch 282/2000 iteration 390/390 loss=22.3303 lr=0.00954652
Tiny epoch 283/2000 iteration 50/390 loss=21.7570 lr=0.0095461
Tiny epoch 283/2000 iteration 100/390 loss=22.1056 lr=0.00954568
Tiny epoch 283/2000 iteration 150/390 loss=22.1640 lr=0.00954526
Tiny epoch 283/2000 iteration 200/390 loss=22.1758 lr=0.00954484
Tiny epoch 283/2000 iteration 250/390 loss=22.2013 lr=0.00954442
Tiny epoch 283/2000 iteration 300/390 loss=22.2215 lr=0.009544
Tiny epoch 283/2000 iteration 350/390 loss=22.2232 lr=0.00954357
Tiny epoch 283/2000 iteration 390/390 loss=22.2337 lr=0.00954324
Tiny epoch 284/2000 iteration 50/390 loss=22.0502 lr=0.00954281
Tiny epoch 284/2000 iteration 100/390 loss=21.8259 lr=0.00954239
Tiny epoch 284/2000 iteration 150/390 loss=21.9062 lr=0.00954197
Tiny epoch 284/2000 iteration 200/390 loss=22.2094 lr=0.00954155
Tiny epoch 284/2000 iteration 250/390 loss=22.3141 lr=0.00954112
Tiny epoch 284/2000 iteration 300/390 loss=22.3642 lr=0.0095407
Tiny epoch 284/2000 iteration 350/390 loss=22.3126 lr=0.00954028
Tiny epoch 284/2000 iteration 390/390 loss=22.3809 lr=0.00953994
Tiny epoch 285/2000 iteration 50/390 loss=22.4817 lr=0.00953951
Tiny epoch 285/2000 iteration 100/390 loss=22.6041 lr=0.00953909
Tiny epoch 285/2000 iteration 150/390 loss=22.3386 lr=0.00953866
Tiny epoch 285/2000 iteration 200/390 loss=22.2263 lr=0.00953824
Tiny epoch 285/2000 iteration 250/390 loss=22.2582 lr=0.00953782
Tiny epoch 285/2000 iteration 300/390 loss=22.2816 lr=0.00953739
Tiny epoch 285/2000 iteration 350/390 loss=22.3067 lr=0.00953697
Tiny epoch 285/2000 iteration 390/390 loss=22.3092 lr=0.00953663
Tiny epoch 286/2000 iteration 50/390 loss=21.8889 lr=0.0095362
Tiny epoch 286/2000 iteration 100/390 loss=21.7935 lr=0.00953577
Tiny epoch 286/2000 iteration 150/390 loss=22.1898 lr=0.00953535
Tiny epoch 286/2000 iteration 200/390 loss=22.3987 lr=0.00953492
Tiny epoch 286/2000 iteration 250/390 loss=22.3286 lr=0.0095345
Tiny epoch 286/2000 iteration 300/390 loss=22.2785 lr=0.00953407
Tiny epoch 286/2000 iteration 350/390 loss=22.2362 lr=0.00953364
Tiny epoch 286/2000 iteration 390/390 loss=22.1633 lr=0.0095333
Tiny epoch 287/2000 iteration 50/390 loss=21.6929 lr=0.00953288
Tiny epoch 287/2000 iteration 100/390 loss=21.7812 lr=0.00953245
Tiny epoch 287/2000 iteration 150/390 loss=22.0113 lr=0.00953202
Tiny epoch 287/2000 iteration 200/390 loss=22.0090 lr=0.00953159
Tiny epoch 287/2000 iteration 250/390 loss=22.0139 lr=0.00953117
Tiny epoch 287/2000 iteration 300/390 loss=22.0415 lr=0.00953074
Tiny epoch 287/2000 iteration 350/390 loss=22.0926 lr=0.00953031
Tiny epoch 287/2000 iteration 390/390 loss=22.0844 lr=0.00952997
Tiny epoch 288/2000 iteration 50/390 loss=22.1254 lr=0.00952954
Tiny epoch 288/2000 iteration 100/390 loss=22.1373 lr=0.00952911
Tiny epoch 288/2000 iteration 150/390 loss=22.1248 lr=0.00952868
Tiny epoch 288/2000 iteration 200/390 loss=22.0793 lr=0.00952825
Tiny epoch 288/2000 iteration 250/390 loss=22.1400 lr=0.00952783
Tiny epoch 288/2000 iteration 300/390 loss=22.1206 lr=0.0095274
Tiny epoch 288/2000 iteration 350/390 loss=22.1663 lr=0.00952697
Tiny epoch 288/2000 iteration 390/390 loss=22.1956 lr=0.00952662
Tiny epoch 289/2000 iteration 50/390 loss=21.8820 lr=0.00952619
Tiny epoch 289/2000 iteration 100/390 loss=21.9827 lr=0.00952576
Tiny epoch 289/2000 iteration 150/390 loss=22.0457 lr=0.00952533
Tiny epoch 289/2000 iteration 200/390 loss=22.1307 lr=0.0095249
Tiny epoch 289/2000 iteration 250/390 loss=22.1214 lr=0.00952447
Tiny epoch 289/2000 iteration 300/390 loss=22.0866 lr=0.00952404
Tiny epoch 289/2000 iteration 350/390 loss=22.1594 lr=0.00952361
Tiny epoch 289/2000 iteration 390/390 loss=22.2122 lr=0.00952327
Tiny epoch 290/2000 iteration 50/390 loss=22.0881 lr=0.00952284
Tiny epoch 290/2000 iteration 100/390 loss=21.9839 lr=0.0095224
Tiny epoch 290/2000 iteration 150/390 loss=22.1317 lr=0.00952197
Tiny epoch 290/2000 iteration 200/390 loss=22.0644 lr=0.00952154
Tiny epoch 290/2000 iteration 250/390 loss=22.0975 lr=0.00952111
Tiny epoch 290/2000 iteration 300/390 loss=22.1207 lr=0.00952068
Tiny epoch 290/2000 iteration 350/390 loss=22.1058 lr=0.00952025
Tiny epoch 290/2000 iteration 390/390 loss=22.0994 lr=0.0095199
[epoch 290/2000] saved backbone: /home/mmoslem3/scratch/MKDT/krrst_teacher_ckpt/barlow_twins_resnet18_tinyimagenet.pt
Tiny epoch 291/2000 iteration 50/390 loss=22.0883 lr=0.00951947
Tiny epoch 291/2000 iteration 100/390 loss=22.3959 lr=0.00951903
Tiny epoch 291/2000 iteration 150/390 loss=22.1954 lr=0.0095186
Tiny epoch 291/2000 iteration 200/390 loss=22.2423 lr=0.00951817
Tiny epoch 291/2000 iteration 250/390 loss=22.2605 lr=0.00951773
Tiny epoch 291/2000 iteration 300/390 loss=22.2289 lr=0.0095173
Tiny epoch 291/2000 iteration 350/390 loss=22.2491 lr=0.00951687
Tiny epoch 291/2000 iteration 390/390 loss=22.3187 lr=0.00951652
Tiny epoch 292/2000 iteration 50/390 loss=22.3157 lr=0.00951609
Tiny epoch 292/2000 iteration 100/390 loss=22.1087 lr=0.00951565
Tiny epoch 292/2000 iteration 150/390 loss=21.9954 lr=0.00951522
Tiny epoch 292/2000 iteration 200/390 loss=21.9833 lr=0.00951478
Tiny epoch 292/2000 iteration 250/390 loss=22.0861 lr=0.00951435
Tiny epoch 292/2000 iteration 300/390 loss=22.0652 lr=0.00951391
Tiny epoch 292/2000 iteration 350/390 loss=22.1206 lr=0.00951348
Tiny epoch 292/2000 iteration 390/390 loss=22.1387 lr=0.00951313
Tiny epoch 293/2000 iteration 50/390 loss=21.1075 lr=0.0095127
Tiny epoch 293/2000 iteration 100/390 loss=21.0806 lr=0.00951226
Tiny epoch 293/2000 iteration 150/390 loss=21.5157 lr=0.00951182
Tiny epoch 293/2000 iteration 200/390 loss=21.7391 lr=0.00951139
Tiny epoch 293/2000 iteration 250/390 loss=21.8331 lr=0.00951095
Tiny epoch 293/2000 iteration 300/390 loss=21.8994 lr=0.00951052
Tiny epoch 293/2000 iteration 350/390 loss=21.9220 lr=0.00951008
Tiny epoch 293/2000 iteration 390/390 loss=22.0157 lr=0.00950973
Tiny epoch 294/2000 iteration 50/390 loss=21.5710 lr=0.00950929
Tiny epoch 294/2000 iteration 100/390 loss=21.8264 lr=0.00950886
Tiny epoch 294/2000 iteration 150/390 loss=21.9951 lr=0.00950842
Tiny epoch 294/2000 iteration 200/390 loss=22.0858 lr=0.00950798
Tiny epoch 294/2000 iteration 250/390 loss=22.0306 lr=0.00950754
Tiny epoch 294/2000 iteration 300/390 loss=22.0615 lr=0.00950711
Tiny epoch 294/2000 iteration 350/390 loss=22.0795 lr=0.00950667
Tiny epoch 294/2000 iteration 390/390 loss=22.0857 lr=0.00950632
Tiny epoch 295/2000 iteration 50/390 loss=21.6529 lr=0.00950588
Tiny epoch 295/2000 iteration 100/390 loss=21.9253 lr=0.00950544
Tiny epoch 295/2000 iteration 150/390 loss=21.9546 lr=0.009505
Tiny epoch 295/2000 iteration 200/390 loss=22.1154 lr=0.00950456
Tiny epoch 295/2000 iteration 250/390 loss=22.1829 lr=0.00950412
Tiny epoch 295/2000 iteration 300/390 loss=22.2687 lr=0.00950368
Tiny epoch 295/2000 iteration 350/390 loss=22.3224 lr=0.00950324
Tiny epoch 295/2000 iteration 390/390 loss=22.2973 lr=0.00950289
Tiny epoch 296/2000 iteration 50/390 loss=22.1040 lr=0.00950245
Tiny epoch 296/2000 iteration 100/390 loss=21.7774 lr=0.00950201
Tiny epoch 296/2000 iteration 150/390 loss=21.7909 lr=0.00950157
Tiny epoch 296/2000 iteration 200/390 loss=21.8236 lr=0.00950113
Tiny epoch 296/2000 iteration 250/390 loss=21.9230 lr=0.00950069
Tiny epoch 296/2000 iteration 300/390 loss=21.9082 lr=0.00950025
Tiny epoch 296/2000 iteration 350/390 loss=21.8506 lr=0.00949981
Tiny epoch 296/2000 iteration 390/390 loss=21.8560 lr=0.00949946
Tiny epoch 297/2000 iteration 50/390 loss=21.7340 lr=0.00949902
Tiny epoch 297/2000 iteration 100/390 loss=21.7694 lr=0.00949858
Tiny epoch 297/2000 iteration 150/390 loss=21.9250 lr=0.00949813
Tiny epoch 297/2000 iteration 200/390 loss=21.8746 lr=0.00949769
Tiny epoch 297/2000 iteration 250/390 loss=22.0068 lr=0.00949725
Tiny epoch 297/2000 iteration 300/390 loss=21.9531 lr=0.00949681
Tiny epoch 297/2000 iteration 350/390 loss=21.9677 lr=0.00949637
Tiny epoch 297/2000 iteration 390/390 loss=21.9666 lr=0.00949601
Tiny epoch 298/2000 iteration 50/390 loss=21.4838 lr=0.00949557
Tiny epoch 298/2000 iteration 100/390 loss=21.9111 lr=0.00949513
Tiny epoch 298/2000 iteration 150/390 loss=21.9211 lr=0.00949468
Tiny epoch 298/2000 iteration 200/390 loss=21.9262 lr=0.00949424
Tiny epoch 298/2000 iteration 250/390 loss=21.9358 lr=0.0094938
Tiny epoch 298/2000 iteration 300/390 loss=22.0998 lr=0.00949335
Tiny epoch 298/2000 iteration 350/390 loss=22.2418 lr=0.00949291
Tiny epoch 298/2000 iteration 390/390 loss=22.2693 lr=0.00949255
Tiny epoch 299/2000 iteration 50/390 loss=21.8665 lr=0.00949211
Tiny epoch 299/2000 iteration 100/390 loss=21.8729 lr=0.00949167
Tiny epoch 299/2000 iteration 150/390 loss=21.8806 lr=0.00949122
Tiny epoch 299/2000 iteration 200/390 loss=21.8455 lr=0.00949078
Tiny epoch 299/2000 iteration 250/390 loss=21.8349 lr=0.00949033
Tiny epoch 299/2000 iteration 300/390 loss=22.0052 lr=0.00948989
Tiny epoch 299/2000 iteration 350/390 loss=22.0165 lr=0.00948944
Tiny epoch 299/2000 iteration 390/390 loss=22.1232 lr=0.00948909
Tiny epoch 300/2000 iteration 50/390 loss=23.0483 lr=0.00948864
Tiny epoch 300/2000 iteration 100/390 loss=22.6985 lr=0.00948819
Tiny epoch 300/2000 iteration 150/390 loss=22.4215 lr=0.00948775
Tiny epoch 300/2000 iteration 200/390 loss=22.3794 lr=0.0094873
Tiny epoch 300/2000 iteration 250/390 loss=22.2822 lr=0.00948686
Tiny epoch 300/2000 iteration 300/390 loss=22.2815 lr=0.00948641
Tiny epoch 300/2000 iteration 350/390 loss=22.2892 lr=0.00948596
Tiny epoch 300/2000 iteration 390/390 loss=22.2136 lr=0.00948561
[epoch 300/2000] saved backbone: /home/mmoslem3/scratch/MKDT/krrst_teacher_ckpt/barlow_twins_resnet18_tinyimagenet.pt
Tiny epoch 301/2000 iteration 50/390 loss=22.0386 lr=0.00948516
Tiny epoch 301/2000 iteration 100/390 loss=22.0590 lr=0.00948471
Tiny epoch 301/2000 iteration 150/390 loss=22.0520 lr=0.00948426
Tiny epoch 301/2000 iteration 200/390 loss=22.1566 lr=0.00948382
Tiny epoch 301/2000 iteration 250/390 loss=22.0771 lr=0.00948337
Tiny epoch 301/2000 iteration 300/390 loss=22.1622 lr=0.00948292
Tiny epoch 301/2000 iteration 350/390 loss=22.1283 lr=0.00948247
Tiny epoch 301/2000 iteration 390/390 loss=22.1748 lr=0.00948211
Tiny epoch 302/2000 iteration 50/390 loss=21.6525 lr=0.00948167
Tiny epoch 302/2000 iteration 100/390 loss=21.7985 lr=0.00948122
Tiny epoch 302/2000 iteration 150/390 loss=21.8603 lr=0.00948077
Tiny epoch 302/2000 iteration 200/390 loss=21.9401 lr=0.00948032
Tiny epoch 302/2000 iteration 250/390 loss=22.0015 lr=0.00947987
Tiny epoch 302/2000 iteration 300/390 loss=22.1163 lr=0.00947942
Tiny epoch 302/2000 iteration 350/390 loss=22.0720 lr=0.00947897
Tiny epoch 302/2000 iteration 390/390 loss=22.0915 lr=0.00947861
Tiny epoch 303/2000 iteration 50/390 loss=22.0589 lr=0.00947816
Tiny epoch 303/2000 iteration 100/390 loss=22.1229 lr=0.00947771
Tiny epoch 303/2000 iteration 150/390 loss=21.9578 lr=0.00947726
Tiny epoch 303/2000 iteration 200/390 loss=22.0084 lr=0.00947681
Tiny epoch 303/2000 iteration 250/390 loss=21.9306 lr=0.00947636
Tiny epoch 303/2000 iteration 300/390 loss=22.0005 lr=0.00947591
Tiny epoch 303/2000 iteration 350/390 loss=22.0439 lr=0.00947546
Tiny epoch 303/2000 iteration 390/390 loss=22.0597 lr=0.0094751
Tiny epoch 304/2000 iteration 50/390 loss=21.6080 lr=0.00947465
Tiny epoch 304/2000 iteration 100/390 loss=21.7581 lr=0.0094742
Tiny epoch 304/2000 iteration 150/390 loss=21.8253 lr=0.00947375
Tiny epoch 304/2000 iteration 200/390 loss=21.8589 lr=0.00947329
Tiny epoch 304/2000 iteration 250/390 loss=21.9829 lr=0.00947284
Tiny epoch 304/2000 iteration 300/390 loss=22.0377 lr=0.00947239
Tiny epoch 304/2000 iteration 350/390 loss=22.0504 lr=0.00947194
Tiny epoch 304/2000 iteration 390/390 loss=22.0571 lr=0.00947157
Tiny epoch 305/2000 iteration 50/390 loss=21.3366 lr=0.00947112
Tiny epoch 305/2000 iteration 100/390 loss=21.8871 lr=0.00947067
Tiny epoch 305/2000 iteration 150/390 loss=21.7884 lr=0.00947022
Tiny epoch 305/2000 iteration 200/390 loss=21.8145 lr=0.00946976
Tiny epoch 305/2000 iteration 250/390 loss=21.8252 lr=0.00946931
Tiny epoch 305/2000 iteration 300/390 loss=21.8589 lr=0.00946886
Tiny epoch 305/2000 iteration 350/390 loss=21.9206 lr=0.0094684
Tiny epoch 305/2000 iteration 390/390 loss=21.9746 lr=0.00946804
Tiny epoch 306/2000 iteration 50/390 loss=21.3779 lr=0.00946759
Tiny epoch 306/2000 iteration 100/390 loss=21.6544 lr=0.00946713
Tiny epoch 306/2000 iteration 150/390 loss=21.7009 lr=0.00946668
Tiny epoch 306/2000 iteration 200/390 loss=21.8719 lr=0.00946622
Tiny epoch 306/2000 iteration 250/390 loss=21.9992 lr=0.00946577
Tiny epoch 306/2000 iteration 300/390 loss=22.0004 lr=0.00946531
Tiny epoch 306/2000 iteration 350/390 loss=21.9869 lr=0.00946486
Tiny epoch 306/2000 iteration 390/390 loss=22.0320 lr=0.00946449
Tiny epoch 307/2000 iteration 50/390 loss=22.1015 lr=0.00946404
Tiny epoch 307/2000 iteration 100/390 loss=21.9961 lr=0.00946358
Tiny epoch 307/2000 iteration 150/390 loss=21.9291 lr=0.00946313
Tiny epoch 307/2000 iteration 200/390 loss=21.9139 lr=0.00946267
Tiny epoch 307/2000 iteration 250/390 loss=21.8761 lr=0.00946221
Tiny epoch 307/2000 iteration 300/390 loss=21.8851 lr=0.00946176
Tiny epoch 307/2000 iteration 350/390 loss=21.9220 lr=0.0094613
Tiny epoch 307/2000 iteration 390/390 loss=21.9436 lr=0.00946094
Tiny epoch 308/2000 iteration 50/390 loss=22.0106 lr=0.00946048
Tiny epoch 308/2000 iteration 100/390 loss=21.8671 lr=0.00946002
Tiny epoch 308/2000 iteration 150/390 loss=21.8872 lr=0.00945956
Tiny epoch 308/2000 iteration 200/390 loss=21.7679 lr=0.00945911
Tiny epoch 308/2000 iteration 250/390 loss=21.9708 lr=0.00945865
Tiny epoch 308/2000 iteration 300/390 loss=22.0822 lr=0.00945819
Tiny epoch 308/2000 iteration 350/390 loss=22.0399 lr=0.00945773
Tiny epoch 308/2000 iteration 390/390 loss=22.0503 lr=0.00945737
Tiny epoch 309/2000 iteration 50/390 loss=21.8714 lr=0.00945691
Tiny epoch 309/2000 iteration 100/390 loss=22.2080 lr=0.00945645
Tiny epoch 309/2000 iteration 150/390 loss=22.1653 lr=0.00945599
Tiny epoch 309/2000 iteration 200/390 loss=22.1574 lr=0.00945553
Tiny epoch 309/2000 iteration 250/390 loss=22.1846 lr=0.00945507
Tiny epoch 309/2000 iteration 300/390 loss=22.1773 lr=0.00945461
Tiny epoch 309/2000 iteration 350/390 loss=22.1091 lr=0.00945415
Tiny epoch 309/2000 iteration 390/390 loss=22.1031 lr=0.00945379
Tiny epoch 310/2000 iteration 50/390 loss=21.5521 lr=0.00945333
Tiny epoch 310/2000 iteration 100/390 loss=21.3880 lr=0.00945287
Tiny epoch 310/2000 iteration 150/390 loss=21.5849 lr=0.00945241
Tiny epoch 310/2000 iteration 200/390 loss=21.5721 lr=0.00945195
Tiny epoch 310/2000 iteration 250/390 loss=21.5433 lr=0.00945149
Tiny epoch 310/2000 iteration 300/390 loss=21.6326 lr=0.00945102
Tiny epoch 310/2000 iteration 350/390 loss=21.6912 lr=0.00945056
Tiny epoch 310/2000 iteration 390/390 loss=21.7099 lr=0.0094502
[epoch 310/2000] saved backbone: /home/mmoslem3/scratch/MKDT/krrst_teacher_ckpt/barlow_twins_resnet18_tinyimagenet.pt
Tiny epoch 311/2000 iteration 50/390 loss=21.5382 lr=0.00944973
Tiny epoch 311/2000 iteration 100/390 loss=21.6406 lr=0.00944927
Tiny epoch 311/2000 iteration 150/390 loss=21.6813 lr=0.00944881
Tiny epoch 311/2000 iteration 200/390 loss=21.7212 lr=0.00944835
Tiny epoch 311/2000 iteration 250/390 loss=21.6946 lr=0.00944789
Tiny epoch 311/2000 iteration 300/390 loss=21.7097 lr=0.00944743
Tiny epoch 311/2000 iteration 350/390 loss=21.7481 lr=0.00944696
Tiny epoch 311/2000 iteration 390/390 loss=21.7398 lr=0.00944659
Tiny epoch 312/2000 iteration 50/390 loss=21.3939 lr=0.00944613
Tiny epoch 312/2000 iteration 100/390 loss=21.9256 lr=0.00944567
Tiny epoch 312/2000 iteration 150/390 loss=21.8769 lr=0.0094452
Tiny epoch 312/2000 iteration 200/390 loss=21.9584 lr=0.00944474
Tiny epoch 312/2000 iteration 250/390 loss=22.1202 lr=0.00944428
Tiny epoch 312/2000 iteration 300/390 loss=22.0826 lr=0.00944381
Tiny epoch 312/2000 iteration 350/390 loss=22.1861 lr=0.00944335
Tiny epoch 312/2000 iteration 390/390 loss=22.1239 lr=0.00944298
Tiny epoch 313/2000 iteration 50/390 loss=22.5177 lr=0.00944252
Tiny epoch 313/2000 iteration 100/390 loss=22.2468 lr=0.00944205
Tiny epoch 313/2000 iteration 150/390 loss=21.8325 lr=0.00944159
Tiny epoch 313/2000 iteration 200/390 loss=21.9700 lr=0.00944112
Tiny epoch 313/2000 iteration 250/390 loss=22.0790 lr=0.00944066
Tiny epoch 313/2000 iteration 300/390 loss=22.1240 lr=0.00944019
Tiny epoch 313/2000 iteration 350/390 loss=22.0472 lr=0.00943973
Tiny epoch 313/2000 iteration 390/390 loss=21.9840 lr=0.00943936
Tiny epoch 314/2000 iteration 50/390 loss=21.8131 lr=0.00943889
Tiny epoch 314/2000 iteration 100/390 loss=21.7820 lr=0.00943842
Tiny epoch 314/2000 iteration 150/390 loss=21.8878 lr=0.00943796
Tiny epoch 314/2000 iteration 200/390 loss=21.6836 lr=0.00943749
Tiny epoch 314/2000 iteration 250/390 loss=21.6854 lr=0.00943703
Tiny epoch 314/2000 iteration 300/390 loss=21.7403 lr=0.00943656
Tiny epoch 314/2000 iteration 350/390 loss=21.7695 lr=0.00943609
Tiny epoch 314/2000 iteration 390/390 loss=21.8523 lr=0.00943572
Tiny epoch 315/2000 iteration 50/390 loss=21.3559 lr=0.00943525
Tiny epoch 315/2000 iteration 100/390 loss=21.4933 lr=0.00943479
Tiny epoch 315/2000 iteration 150/390 loss=21.6697 lr=0.00943432
Tiny epoch 315/2000 iteration 200/390 loss=21.8853 lr=0.00943385
Tiny epoch 315/2000 iteration 250/390 loss=21.9194 lr=0.00943338
Tiny epoch 315/2000 iteration 300/390 loss=21.9512 lr=0.00943292
Tiny epoch 315/2000 iteration 350/390 loss=22.0144 lr=0.00943245
Tiny epoch 315/2000 iteration 390/390 loss=21.9967 lr=0.00943207
Tiny epoch 316/2000 iteration 50/390 loss=22.0790 lr=0.00943161
Tiny epoch 316/2000 iteration 100/390 loss=21.8679 lr=0.00943114
Tiny epoch 316/2000 iteration 150/390 loss=21.7744 lr=0.00943067
Tiny epoch 316/2000 iteration 200/390 loss=21.6830 lr=0.0094302
Tiny epoch 316/2000 iteration 250/390 loss=21.7618 lr=0.00942973
Tiny epoch 316/2000 iteration 300/390 loss=21.8185 lr=0.00942926
Tiny epoch 316/2000 iteration 350/390 loss=21.7965 lr=0.00942879
Tiny epoch 316/2000 iteration 390/390 loss=21.8631 lr=0.00942842
Tiny epoch 317/2000 iteration 50/390 loss=22.0819 lr=0.00942795
Tiny epoch 317/2000 iteration 100/390 loss=22.0970 lr=0.00942748
Tiny epoch 317/2000 iteration 150/390 loss=22.1272 lr=0.00942701
Tiny epoch 317/2000 iteration 200/390 loss=22.0889 lr=0.00942654
Tiny epoch 317/2000 iteration 250/390 loss=21.9252 lr=0.00942607
Tiny epoch 317/2000 iteration 300/390 loss=21.9742 lr=0.0094256
Tiny epoch 317/2000 iteration 350/390 loss=21.9969 lr=0.00942512
Tiny epoch 317/2000 iteration 390/390 loss=21.9541 lr=0.00942475
Tiny epoch 318/2000 iteration 50/390 loss=21.1108 lr=0.00942428
Tiny epoch 318/2000 iteration 100/390 loss=21.3032 lr=0.00942381
Tiny epoch 318/2000 iteration 150/390 loss=21.6676 lr=0.00942333
Tiny epoch 318/2000 iteration 200/390 loss=21.7813 lr=0.00942286
Tiny epoch 318/2000 iteration 250/390 loss=21.7705 lr=0.00942239
Tiny epoch 318/2000 iteration 300/390 loss=21.8237 lr=0.00942192
Tiny epoch 318/2000 iteration 350/390 loss=21.9149 lr=0.00942145
Tiny epoch 318/2000 iteration 390/390 loss=21.8991 lr=0.00942107
Tiny epoch 319/2000 iteration 50/390 loss=21.4435 lr=0.0094206
Tiny epoch 319/2000 iteration 100/390 loss=21.6040 lr=0.00942012
Tiny epoch 319/2000 iteration 150/390 loss=21.4831 lr=0.00941965
Tiny epoch 319/2000 iteration 200/390 loss=21.4319 lr=0.00941918
Tiny epoch 319/2000 iteration 250/390 loss=21.6184 lr=0.0094187
Tiny epoch 319/2000 iteration 300/390 loss=21.6806 lr=0.00941823
Tiny epoch 319/2000 iteration 350/390 loss=21.6929 lr=0.00941776
Tiny epoch 319/2000 iteration 390/390 loss=21.6769 lr=0.00941738
Tiny epoch 320/2000 iteration 50/390 loss=21.7771 lr=0.0094169
Tiny epoch 320/2000 iteration 100/390 loss=21.8377 lr=0.00941643
Tiny epoch 320/2000 iteration 150/390 loss=21.8791 lr=0.00941596
Tiny epoch 320/2000 iteration 200/390 loss=21.9265 lr=0.00941548
Tiny epoch 320/2000 iteration 250/390 loss=21.8639 lr=0.00941501
Tiny epoch 320/2000 iteration 300/390 loss=21.9114 lr=0.00941453
Tiny epoch 320/2000 iteration 350/390 loss=21.9533 lr=0.00941406
Tiny epoch 320/2000 iteration 390/390 loss=21.9792 lr=0.00941368
[epoch 320/2000] saved backbone: /home/mmoslem3/scratch/MKDT/krrst_teacher_ckpt/barlow_twins_resnet18_tinyimagenet.pt
Tiny epoch 321/2000 iteration 50/390 loss=21.6949 lr=0.0094132
Tiny epoch 321/2000 iteration 100/390 loss=21.9091 lr=0.00941273
Tiny epoch 321/2000 iteration 150/390 loss=21.9160 lr=0.00941225
Tiny epoch 321/2000 iteration 200/390 loss=21.9163 lr=0.00941177
Tiny epoch 321/2000 iteration 250/390 loss=22.0249 lr=0.0094113
Tiny epoch 321/2000 iteration 300/390 loss=22.0864 lr=0.00941082
Tiny epoch 321/2000 iteration 350/390 loss=22.1137 lr=0.00941035
Tiny epoch 321/2000 iteration 390/390 loss=22.0899 lr=0.00940996
Tiny epoch 322/2000 iteration 50/390 loss=21.6726 lr=0.00940949
Tiny epoch 322/2000 iteration 100/390 loss=21.3471 lr=0.00940901
Tiny epoch 322/2000 iteration 150/390 loss=21.4242 lr=0.00940853
Tiny epoch 322/2000 iteration 200/390 loss=21.5553 lr=0.00940806
Tiny epoch 322/2000 iteration 250/390 loss=21.6560 lr=0.00940758
Tiny epoch 322/2000 iteration 300/390 loss=21.7726 lr=0.0094071
Tiny epoch 322/2000 iteration 350/390 loss=21.7923 lr=0.00940662
Tiny epoch 322/2000 iteration 390/390 loss=21.7912 lr=0.00940624
Tiny epoch 323/2000 iteration 50/390 loss=21.9970 lr=0.00940576
Tiny epoch 323/2000 iteration 100/390 loss=22.0100 lr=0.00940528
Tiny epoch 323/2000 iteration 150/390 loss=21.9350 lr=0.00940481
Tiny epoch 323/2000 iteration 200/390 loss=21.8310 lr=0.00940433
Tiny epoch 323/2000 iteration 250/390 loss=21.8855 lr=0.00940385
Tiny epoch 323/2000 iteration 300/390 loss=21.8928 lr=0.00940337
Tiny epoch 323/2000 iteration 350/390 loss=21.8608 lr=0.00940289
Tiny epoch 323/2000 iteration 390/390 loss=21.8633 lr=0.00940251
Tiny epoch 324/2000 iteration 50/390 loss=21.4379 lr=0.00940203
Tiny epoch 324/2000 iteration 100/390 loss=21.5584 lr=0.00940155
Tiny epoch 324/2000 iteration 150/390 loss=21.6774 lr=0.00940107
Tiny epoch 324/2000 iteration 200/390 loss=21.6080 lr=0.00940059
Tiny epoch 324/2000 iteration 250/390 loss=21.5778 lr=0.00940011
Tiny epoch 324/2000 iteration 300/390 loss=21.7203 lr=0.00939963
Tiny epoch 324/2000 iteration 350/390 loss=21.7732 lr=0.00939915
Tiny epoch 324/2000 iteration 390/390 loss=21.8003 lr=0.00939876
Tiny epoch 325/2000 iteration 50/390 loss=21.3030 lr=0.00939828
Tiny epoch 325/2000 iteration 100/390 loss=21.3860 lr=0.0093978
Tiny epoch 325/2000 iteration 150/390 loss=21.5145 lr=0.00939732
Tiny epoch 325/2000 iteration 200/390 loss=21.5520 lr=0.00939684
Tiny epoch 325/2000 iteration 250/390 loss=21.5595 lr=0.00939635
Tiny epoch 325/2000 iteration 300/390 loss=21.6055 lr=0.00939587
Tiny epoch 325/2000 iteration 350/390 loss=21.7673 lr=0.00939539
Tiny epoch 325/2000 iteration 390/390 loss=21.7934 lr=0.009395
Tiny epoch 326/2000 iteration 50/390 loss=22.0262 lr=0.00939452
Tiny epoch 326/2000 iteration 100/390 loss=21.6974 lr=0.00939404
Tiny epoch 326/2000 iteration 150/390 loss=21.7333 lr=0.00939356
Tiny epoch 326/2000 iteration 200/390 loss=21.7291 lr=0.00939307
Tiny epoch 326/2000 iteration 250/390 loss=21.8092 lr=0.00939259
Tiny epoch 326/2000 iteration 300/390 loss=21.8752 lr=0.00939211
Tiny epoch 326/2000 iteration 350/390 loss=21.9178 lr=0.00939162
Tiny epoch 326/2000 iteration 390/390 loss=21.9541 lr=0.00939124
Tiny epoch 327/2000 iteration 50/390 loss=20.9262 lr=0.00939075
Tiny epoch 327/2000 iteration 100/390 loss=21.3831 lr=0.00939027
Tiny epoch 327/2000 iteration 150/390 loss=21.2789 lr=0.00938979
Tiny epoch 327/2000 iteration 200/390 loss=21.3413 lr=0.0093893
Tiny epoch 327/2000 iteration 250/390 loss=21.4038 lr=0.00938882
Tiny epoch 327/2000 iteration 300/390 loss=21.4116 lr=0.00938833
Tiny epoch 327/2000 iteration 350/390 loss=21.4699 lr=0.00938785
Tiny epoch 327/2000 iteration 390/390 loss=21.5006 lr=0.00938746
Tiny epoch 328/2000 iteration 50/390 loss=21.4537 lr=0.00938697
Tiny epoch 328/2000 iteration 100/390 loss=21.8909 lr=0.00938649
Tiny epoch 328/2000 iteration 150/390 loss=21.9510 lr=0.009386
Tiny epoch 328/2000 iteration 200/390 loss=22.0082 lr=0.00938552
Tiny epoch 328/2000 iteration 250/390 loss=21.9038 lr=0.00938503
Tiny epoch 328/2000 iteration 300/390 loss=21.8549 lr=0.00938455
Tiny epoch 328/2000 iteration 350/390 loss=21.8157 lr=0.00938406
Tiny epoch 328/2000 iteration 390/390 loss=21.8369 lr=0.00938367
Tiny epoch 329/2000 iteration 50/390 loss=21.8358 lr=0.00938318
Tiny epoch 329/2000 iteration 100/390 loss=21.7856 lr=0.0093827
Tiny epoch 329/2000 iteration 150/390 loss=21.6526 lr=0.00938221
Tiny epoch 329/2000 iteration 200/390 loss=21.7380 lr=0.00938172
Tiny epoch 329/2000 iteration 250/390 loss=21.6933 lr=0.00938124
Tiny epoch 329/2000 iteration 300/390 loss=21.7337 lr=0.00938075
Tiny epoch 329/2000 iteration 350/390 loss=21.7334 lr=0.00938026
Tiny epoch 329/2000 iteration 390/390 loss=21.6777 lr=0.00937987
Tiny epoch 330/2000 iteration 50/390 loss=21.1761 lr=0.00937938
Tiny epoch 330/2000 iteration 100/390 loss=21.6492 lr=0.00937889
Tiny epoch 330/2000 iteration 150/390 loss=21.5628 lr=0.00937841
Tiny epoch 330/2000 iteration 200/390 loss=21.5057 lr=0.00937792
Tiny epoch 330/2000 iteration 250/390 loss=21.5438 lr=0.00937743
Tiny epoch 330/2000 iteration 300/390 loss=21.6579 lr=0.00937694
Tiny epoch 330/2000 iteration 350/390 loss=21.7196 lr=0.00937645
Tiny epoch 330/2000 iteration 390/390 loss=21.7646 lr=0.00937606
[epoch 330/2000] saved backbone: /home/mmoslem3/scratch/MKDT/krrst_teacher_ckpt/barlow_twins_resnet18_tinyimagenet.pt
Tiny epoch 331/2000 iteration 50/390 loss=21.2707 lr=0.00937557
Tiny epoch 331/2000 iteration 100/390 loss=21.5519 lr=0.00937508
Tiny epoch 331/2000 iteration 150/390 loss=21.6385 lr=0.00937459
Tiny epoch 331/2000 iteration 200/390 loss=21.5488 lr=0.0093741
Tiny epoch 331/2000 iteration 250/390 loss=21.5485 lr=0.00937361
Tiny epoch 331/2000 iteration 300/390 loss=21.6473 lr=0.00937312
Tiny epoch 331/2000 iteration 350/390 loss=21.7361 lr=0.00937263
Tiny epoch 331/2000 iteration 390/390 loss=21.7687 lr=0.00937224
Tiny epoch 332/2000 iteration 50/390 loss=21.3049 lr=0.00937175
Tiny epoch 332/2000 iteration 100/390 loss=21.4962 lr=0.00937126
Tiny epoch 332/2000 iteration 150/390 loss=21.5665 lr=0.00937077
Tiny epoch 332/2000 iteration 200/390 loss=21.4404 lr=0.00937027
Tiny epoch 332/2000 iteration 250/390 loss=21.4726 lr=0.00936978
Tiny epoch 332/2000 iteration 300/390 loss=21.5112 lr=0.00936929
Tiny epoch 332/2000 iteration 350/390 loss=21.5606 lr=0.0093688
Tiny epoch 332/2000 iteration 390/390 loss=21.6834 lr=0.00936841
Tiny epoch 333/2000 iteration 50/390 loss=21.7151 lr=0.00936791
Tiny epoch 333/2000 iteration 100/390 loss=21.8654 lr=0.00936742
Tiny epoch 333/2000 iteration 150/390 loss=21.7063 lr=0.00936693
Tiny epoch 333/2000 iteration 200/390 loss=21.6770 lr=0.00936644
Tiny epoch 333/2000 iteration 250/390 loss=21.6285 lr=0.00936594
Tiny epoch 333/2000 iteration 300/390 loss=21.6324 lr=0.00936545
Tiny epoch 333/2000 iteration 350/390 loss=21.6874 lr=0.00936496
Tiny epoch 333/2000 iteration 390/390 loss=21.7150 lr=0.00936456
Tiny epoch 334/2000 iteration 50/390 loss=21.4018 lr=0.00936407
Tiny epoch 334/2000 iteration 100/390 loss=21.4710 lr=0.00936357
Tiny epoch 334/2000 iteration 150/390 loss=21.5053 lr=0.00936308
Tiny epoch 334/2000 iteration 200/390 loss=21.6072 lr=0.00936259
Tiny epoch 334/2000 iteration 250/390 loss=21.6070 lr=0.00936209
Tiny epoch 334/2000 iteration 300/390 loss=21.5666 lr=0.0093616
Tiny epoch 334/2000 iteration 350/390 loss=21.6328 lr=0.0093611
Tiny epoch 334/2000 iteration 390/390 loss=21.6869 lr=0.00936071
Tiny epoch 335/2000 iteration 50/390 loss=22.2264 lr=0.00936021
Tiny epoch 335/2000 iteration 100/390 loss=21.8764 lr=0.00935972
Tiny epoch 335/2000 iteration 150/390 loss=21.6812 lr=0.00935922
Tiny epoch 335/2000 iteration 200/390 loss=21.5292 lr=0.00935873
Tiny epoch 335/2000 iteration 250/390 loss=21.5989 lr=0.00935823
Tiny epoch 335/2000 iteration 300/390 loss=21.6532 lr=0.00935773
Tiny epoch 335/2000 iteration 350/390 loss=21.6440 lr=0.00935724
Tiny epoch 335/2000 iteration 390/390 loss=21.6558 lr=0.00935684
Tiny epoch 336/2000 iteration 50/390 loss=21.4243 lr=0.00935635
Tiny epoch 336/2000 iteration 100/390 loss=21.4870 lr=0.00935585
Tiny epoch 336/2000 iteration 150/390 loss=21.3689 lr=0.00935535
Tiny epoch 336/2000 iteration 200/390 loss=21.3734 lr=0.00935486
Tiny epoch 336/2000 iteration 250/390 loss=21.4193 lr=0.00935436
Tiny epoch 336/2000 iteration 300/390 loss=21.4135 lr=0.00935386
Tiny epoch 336/2000 iteration 350/390 loss=21.5293 lr=0.00935336
Tiny epoch 336/2000 iteration 390/390 loss=21.5174 lr=0.00935297
Tiny epoch 337/2000 iteration 50/390 loss=21.3170 lr=0.00935247
Tiny epoch 337/2000 iteration 100/390 loss=21.8789 lr=0.00935197
Tiny epoch 337/2000 iteration 150/390 loss=21.8358 lr=0.00935147
Tiny epoch 337/2000 iteration 200/390 loss=21.8378 lr=0.00935097
Tiny epoch 337/2000 iteration 250/390 loss=21.8395 lr=0.00935048
Tiny epoch 337/2000 iteration 300/390 loss=21.8697 lr=0.00934998
Tiny epoch 337/2000 iteration 350/390 loss=21.8908 lr=0.00934948
Tiny epoch 337/2000 iteration 390/390 loss=21.8575 lr=0.00934908
Tiny epoch 338/2000 iteration 50/390 loss=21.4822 lr=0.00934858
Tiny epoch 338/2000 iteration 100/390 loss=21.6531 lr=0.00934808
Tiny epoch 338/2000 iteration 150/390 loss=21.6174 lr=0.00934758
Tiny epoch 338/2000 iteration 200/390 loss=21.5534 lr=0.00934708
Tiny epoch 338/2000 iteration 250/390 loss=21.5304 lr=0.00934658
Tiny epoch 338/2000 iteration 300/390 loss=21.5413 lr=0.00934608
Tiny epoch 338/2000 iteration 350/390 loss=21.5854 lr=0.00934558
Tiny epoch 338/2000 iteration 390/390 loss=21.6674 lr=0.00934518
Tiny epoch 339/2000 iteration 50/390 loss=21.3527 lr=0.00934468
Tiny epoch 339/2000 iteration 100/390 loss=21.2837 lr=0.00934418
Tiny epoch 339/2000 iteration 150/390 loss=21.4484 lr=0.00934368
Tiny epoch 339/2000 iteration 200/390 loss=21.3768 lr=0.00934318
Tiny epoch 339/2000 iteration 250/390 loss=21.4799 lr=0.00934268
Tiny epoch 339/2000 iteration 300/390 loss=21.6121 lr=0.00934218
Tiny epoch 339/2000 iteration 350/390 loss=21.6047 lr=0.00934167
Tiny epoch 339/2000 iteration 390/390 loss=21.6143 lr=0.00934127
Tiny epoch 340/2000 iteration 50/390 loss=21.1682 lr=0.00934077
Tiny epoch 340/2000 iteration 100/390 loss=21.4666 lr=0.00934027
Tiny epoch 340/2000 iteration 150/390 loss=21.6197 lr=0.00933977
Tiny epoch 340/2000 iteration 200/390 loss=21.6593 lr=0.00933926
Tiny epoch 340/2000 iteration 250/390 loss=21.6923 lr=0.00933876
Tiny epoch 340/2000 iteration 300/390 loss=21.7971 lr=0.00933826
Tiny epoch 340/2000 iteration 350/390 loss=21.8475 lr=0.00933776
Tiny epoch 340/2000 iteration 390/390 loss=21.8459 lr=0.00933735
[epoch 340/2000] saved backbone: /home/mmoslem3/scratch/MKDT/krrst_teacher_ckpt/barlow_twins_resnet18_tinyimagenet.pt
Tiny epoch 341/2000 iteration 50/390 loss=22.0147 lr=0.00933685
Tiny epoch 341/2000 iteration 100/390 loss=21.7564 lr=0.00933635
Tiny epoch 341/2000 iteration 150/390 loss=21.4965 lr=0.00933584
Tiny epoch 341/2000 iteration 200/390 loss=21.4800 lr=0.00933534
Tiny epoch 341/2000 iteration 250/390 loss=21.4919 lr=0.00933484
Tiny epoch 341/2000 iteration 300/390 loss=21.4591 lr=0.00933433
Tiny epoch 341/2000 iteration 350/390 loss=21.5073 lr=0.00933383
Tiny epoch 341/2000 iteration 390/390 loss=21.6599 lr=0.00933342
Tiny epoch 342/2000 iteration 50/390 loss=21.9034 lr=0.00933292
Tiny epoch 342/2000 iteration 100/390 loss=21.6662 lr=0.00933241
Tiny epoch 342/2000 iteration 150/390 loss=21.8022 lr=0.00933191
Tiny epoch 342/2000 iteration 200/390 loss=21.7373 lr=0.0093314
Tiny epoch 342/2000 iteration 250/390 loss=21.8752 lr=0.0093309
Tiny epoch 342/2000 iteration 300/390 loss=21.9346 lr=0.00933039
Tiny epoch 342/2000 iteration 350/390 loss=21.9688 lr=0.00932989
Tiny epoch 342/2000 iteration 390/390 loss=21.9153 lr=0.00932948
Tiny epoch 343/2000 iteration 50/390 loss=21.8158 lr=0.00932898
Tiny epoch 343/2000 iteration 100/390 loss=21.9375 lr=0.00932847
Tiny epoch 343/2000 iteration 150/390 loss=21.8020 lr=0.00932796
Tiny epoch 343/2000 iteration 200/390 loss=21.6392 lr=0.00932746
Tiny epoch 343/2000 iteration 250/390 loss=21.5326 lr=0.00932695
Tiny epoch 343/2000 iteration 300/390 loss=21.5416 lr=0.00932644
Tiny epoch 343/2000 iteration 350/390 loss=21.5845 lr=0.00932594
Tiny epoch 343/2000 iteration 390/390 loss=21.5335 lr=0.00932553
Tiny epoch 344/2000 iteration 50/390 loss=21.1219 lr=0.00932502
Tiny epoch 344/2000 iteration 100/390 loss=20.9882 lr=0.00932452
Tiny epoch 344/2000 iteration 150/390 loss=21.2623 lr=0.00932401
Tiny epoch 344/2000 iteration 200/390 loss=21.2674 lr=0.0093235
Tiny epoch 344/2000 iteration 250/390 loss=21.3961 lr=0.00932299
Tiny epoch 344/2000 iteration 300/390 loss=21.4938 lr=0.00932248
Tiny epoch 344/2000 iteration 350/390 loss=21.4617 lr=0.00932197
Tiny epoch 344/2000 iteration 390/390 loss=21.4814 lr=0.00932157
Tiny epoch 345/2000 iteration 50/390 loss=21.2886 lr=0.00932106
Tiny epoch 345/2000 iteration 100/390 loss=21.4273 lr=0.00932055
Tiny epoch 345/2000 iteration 150/390 loss=21.4468 lr=0.00932004
Tiny epoch 345/2000 iteration 200/390 loss=21.4266 lr=0.00931953
Tiny epoch 345/2000 iteration 250/390 loss=21.4220 lr=0.00931902
Tiny epoch 345/2000 iteration 300/390 loss=21.4215 lr=0.00931851
Tiny epoch 345/2000 iteration 350/390 loss=21.4433 lr=0.009318
Tiny epoch 345/2000 iteration 390/390 loss=21.4179 lr=0.00931759
Tiny epoch 346/2000 iteration 50/390 loss=20.9643 lr=0.00931708
Tiny epoch 346/2000 iteration 100/390 loss=21.0423 lr=0.00931657
Tiny epoch 346/2000 iteration 150/390 loss=21.3395 lr=0.00931606
Tiny epoch 346/2000 iteration 200/390 loss=21.4662 lr=0.00931555
Tiny epoch 346/2000 iteration 250/390 loss=21.5079 lr=0.00931504
Tiny epoch 346/2000 iteration 300/390 loss=21.5684 lr=0.00931453
Tiny epoch 346/2000 iteration 350/390 loss=21.6381 lr=0.00931402
Tiny epoch 346/2000 iteration 390/390 loss=21.6068 lr=0.00931361
Tiny epoch 347/2000 iteration 50/390 loss=20.5299 lr=0.0093131
Tiny epoch 347/2000 iteration 100/390 loss=21.0551 lr=0.00931259
Tiny epoch 347/2000 iteration 150/390 loss=21.1067 lr=0.00931208
Tiny epoch 347/2000 iteration 200/390 loss=21.2559 lr=0.00931156
Tiny epoch 347/2000 iteration 250/390 loss=21.3104 lr=0.00931105
Tiny epoch 347/2000 iteration 300/390 loss=21.3098 lr=0.00931054
Tiny epoch 347/2000 iteration 350/390 loss=21.3674 lr=0.00931003
Tiny epoch 347/2000 iteration 390/390 loss=21.4385 lr=0.00930962
Tiny epoch 348/2000 iteration 50/390 loss=20.9713 lr=0.0093091
Tiny epoch 348/2000 iteration 100/390 loss=21.0783 lr=0.00930859
Tiny epoch 348/2000 iteration 150/390 loss=21.3176 lr=0.00930808
Tiny epoch 348/2000 iteration 200/390 loss=21.4383 lr=0.00930756
Tiny epoch 348/2000 iteration 250/390 loss=21.4468 lr=0.00930705
Tiny epoch 348/2000 iteration 300/390 loss=21.5179 lr=0.00930654
Tiny epoch 348/2000 iteration 350/390 loss=21.5862 lr=0.00930602
Tiny epoch 348/2000 iteration 390/390 loss=21.6186 lr=0.00930561
Tiny epoch 349/2000 iteration 50/390 loss=22.1010 lr=0.0093051
Tiny epoch 349/2000 iteration 100/390 loss=21.6863 lr=0.00930458
Tiny epoch 349/2000 iteration 150/390 loss=21.7834 lr=0.00930407
Tiny epoch 349/2000 iteration 200/390 loss=21.6525 lr=0.00930355
Tiny epoch 349/2000 iteration 250/390 loss=21.6138 lr=0.00930304
Tiny epoch 349/2000 iteration 300/390 loss=21.5434 lr=0.00930252
Tiny epoch 349/2000 iteration 350/390 loss=21.5207 lr=0.00930201
Tiny epoch 349/2000 iteration 390/390 loss=21.5038 lr=0.00930159
Tiny epoch 350/2000 iteration 50/390 loss=21.2479 lr=0.00930108
Tiny epoch 350/2000 iteration 100/390 loss=21.2194 lr=0.00930056
Tiny epoch 350/2000 iteration 150/390 loss=21.2978 lr=0.00930005
Tiny epoch 350/2000 iteration 200/390 loss=21.4181 lr=0.00929953
Tiny epoch 350/2000 iteration 250/390 loss=21.4860 lr=0.00929901
Tiny epoch 350/2000 iteration 300/390 loss=21.3766 lr=0.0092985
Tiny epoch 350/2000 iteration 350/390 loss=21.4800 lr=0.00929798
Tiny epoch 350/2000 iteration 390/390 loss=21.4552 lr=0.00929757
[epoch 350/2000] saved backbone: /home/mmoslem3/scratch/MKDT/krrst_teacher_ckpt/barlow_twins_resnet18_tinyimagenet.pt
Tiny epoch 351/2000 iteration 50/390 loss=21.5286 lr=0.00929705
Tiny epoch 351/2000 iteration 100/390 loss=21.7834 lr=0.00929653
Tiny epoch 351/2000 iteration 150/390 loss=21.8087 lr=0.00929602
Tiny epoch 351/2000 iteration 200/390 loss=21.6353 lr=0.0092955
Tiny epoch 351/2000 iteration 250/390 loss=21.6530 lr=0.00929498
Tiny epoch 351/2000 iteration 300/390 loss=21.5988 lr=0.00929446
Tiny epoch 351/2000 iteration 350/390 loss=21.6108 lr=0.00929394
Tiny epoch 351/2000 iteration 390/390 loss=21.6201 lr=0.00929353
Tiny epoch 352/2000 iteration 50/390 loss=21.4969 lr=0.00929301
Tiny epoch 352/2000 iteration 100/390 loss=21.2295 lr=0.00929249
Tiny epoch 352/2000 iteration 150/390 loss=21.1873 lr=0.00929197
Tiny epoch 352/2000 iteration 200/390 loss=21.2954 lr=0.00929145
Tiny epoch 352/2000 iteration 250/390 loss=21.2558 lr=0.00929094
Tiny epoch 352/2000 iteration 300/390 loss=21.3566 lr=0.00929042
Tiny epoch 352/2000 iteration 350/390 loss=21.4083 lr=0.0092899
Tiny epoch 352/2000 iteration 390/390 loss=21.4301 lr=0.00928948
Tiny epoch 353/2000 iteration 50/390 loss=21.4949 lr=0.00928896
Tiny epoch 353/2000 iteration 100/390 loss=21.2634 lr=0.00928844
Tiny epoch 353/2000 iteration 150/390 loss=21.2086 lr=0.00928792
Tiny epoch 353/2000 iteration 200/390 loss=21.1889 lr=0.0092874
Tiny epoch 353/2000 iteration 250/390 loss=21.2612 lr=0.00928688
Tiny epoch 353/2000 iteration 300/390 loss=21.3680 lr=0.00928636
Tiny epoch 353/2000 iteration 350/390 loss=21.5084 lr=0.00928584
Tiny epoch 353/2000 iteration 390/390 loss=21.5419 lr=0.00928542
Tiny epoch 354/2000 iteration 50/390 loss=21.0152 lr=0.0092849
Tiny epoch 354/2000 iteration 100/390 loss=21.4104 lr=0.00928438
Tiny epoch 354/2000 iteration 150/390 loss=21.4683 lr=0.00928386
Tiny epoch 354/2000 iteration 200/390 loss=21.4076 lr=0.00928334
Tiny epoch 354/2000 iteration 250/390 loss=21.4092 lr=0.00928281
Tiny epoch 354/2000 iteration 300/390 loss=21.4897 lr=0.00928229
Tiny epoch 354/2000 iteration 350/390 loss=21.5075 lr=0.00928177
Tiny epoch 354/2000 iteration 390/390 loss=21.5505 lr=0.00928135
Tiny epoch 355/2000 iteration 50/390 loss=21.2085 lr=0.00928083
Tiny epoch 355/2000 iteration 100/390 loss=21.4958 lr=0.00928031
Tiny epoch 355/2000 iteration 150/390 loss=21.5652 lr=0.00927978
Tiny epoch 355/2000 iteration 200/390 loss=21.5623 lr=0.00927926
Tiny epoch 355/2000 iteration 250/390 loss=21.4134 lr=0.00927874
Tiny epoch 355/2000 iteration 300/390 loss=21.4651 lr=0.00927821
Tiny epoch 355/2000 iteration 350/390 loss=21.4713 lr=0.00927769
Tiny epoch 355/2000 iteration 390/390 loss=21.4798 lr=0.00927727
Tiny epoch 356/2000 iteration 50/390 loss=20.8936 lr=0.00927675
Tiny epoch 356/2000 iteration 100/390 loss=21.0508 lr=0.00927622
Tiny epoch 356/2000 iteration 150/390 loss=20.9441 lr=0.0092757
Tiny epoch 356/2000 iteration 200/390 loss=21.1039 lr=0.00927518
Tiny epoch 356/2000 iteration 250/390 loss=21.2678 lr=0.00927465
Tiny epoch 356/2000 iteration 300/390 loss=21.2094 lr=0.00927413
Tiny epoch 356/2000 iteration 350/390 loss=21.3057 lr=0.0092736
Tiny epoch 356/2000 iteration 390/390 loss=21.3883 lr=0.00927318
Tiny epoch 357/2000 iteration 50/390 loss=21.2901 lr=0.00927266
Tiny epoch 357/2000 iteration 100/390 loss=21.4840 lr=0.00927213
Tiny epoch 357/2000 iteration 150/390 loss=21.3690 lr=0.0092716
Tiny epoch 357/2000 iteration 200/390 loss=21.5346 lr=0.00927108
Tiny epoch 357/2000 iteration 250/390 loss=21.6364 lr=0.00927055
Tiny epoch 357/2000 iteration 300/390 loss=21.6599 lr=0.00927003
Tiny epoch 357/2000 iteration 350/390 loss=21.6816 lr=0.0092695
Tiny epoch 357/2000 iteration 390/390 loss=21.6643 lr=0.00926908
Tiny epoch 358/2000 iteration 50/390 loss=21.3501 lr=0.00926855
Tiny epoch 358/2000 iteration 100/390 loss=21.2962 lr=0.00926803
Tiny epoch 358/2000 iteration 150/390 loss=21.2754 lr=0.0092675
Tiny epoch 358/2000 iteration 200/390 loss=21.2854 lr=0.00926697
Tiny epoch 358/2000 iteration 250/390 loss=21.3318 lr=0.00926644
Tiny epoch 358/2000 iteration 300/390 loss=21.4617 lr=0.00926592
Tiny epoch 358/2000 iteration 350/390 loss=21.5462 lr=0.00926539
Tiny epoch 358/2000 iteration 390/390 loss=21.5829 lr=0.00926497
Tiny epoch 359/2000 iteration 50/390 loss=21.3959 lr=0.00926444
Tiny epoch 359/2000 iteration 100/390 loss=21.4037 lr=0.00926391
Tiny epoch 359/2000 iteration 150/390 loss=21.4498 lr=0.00926338
Tiny epoch 359/2000 iteration 200/390 loss=21.4865 lr=0.00926285
Tiny epoch 359/2000 iteration 250/390 loss=21.4555 lr=0.00926233
Tiny epoch 359/2000 iteration 300/390 loss=21.4987 lr=0.0092618
Tiny epoch 359/2000 iteration 350/390 loss=21.4453 lr=0.00926127
Tiny epoch 359/2000 iteration 390/390 loss=21.4932 lr=0.00926084
Tiny epoch 360/2000 iteration 50/390 loss=21.6632 lr=0.00926032
Tiny epoch 360/2000 iteration 100/390 loss=21.4842 lr=0.00925979
Tiny epoch 360/2000 iteration 150/390 loss=21.4993 lr=0.00925926
Tiny epoch 360/2000 iteration 200/390 loss=21.3879 lr=0.00925873
Tiny epoch 360/2000 iteration 250/390 loss=21.4189 lr=0.0092582
Tiny epoch 360/2000 iteration 300/390 loss=21.4905 lr=0.00925767
Tiny epoch 360/2000 iteration 350/390 loss=21.6162 lr=0.00925714
Tiny epoch 360/2000 iteration 390/390 loss=21.5958 lr=0.00925671
[epoch 360/2000] saved backbone: /home/mmoslem3/scratch/MKDT/krrst_teacher_ckpt/barlow_twins_resnet18_tinyimagenet.pt
Tiny epoch 361/2000 iteration 50/390 loss=21.0754 lr=0.00925618
Tiny epoch 361/2000 iteration 100/390 loss=21.1236 lr=0.00925565
Tiny epoch 361/2000 iteration 150/390 loss=21.0722 lr=0.00925512
Tiny epoch 361/2000 iteration 200/390 loss=21.2028 lr=0.00925459
Tiny epoch 361/2000 iteration 250/390 loss=21.2122 lr=0.00925406
Tiny epoch 361/2000 iteration 300/390 loss=21.2112 lr=0.00925352
Tiny epoch 361/2000 iteration 350/390 loss=21.2411 lr=0.00925299
Tiny epoch 361/2000 iteration 390/390 loss=21.2908 lr=0.00925257
Tiny epoch 362/2000 iteration 50/390 loss=20.7412 lr=0.00925203
Tiny epoch 362/2000 iteration 100/390 loss=20.8370 lr=0.0092515
Tiny epoch 362/2000 iteration 150/390 loss=21.0406 lr=0.00925097
Tiny epoch 362/2000 iteration 200/390 loss=21.0422 lr=0.00925044
Tiny epoch 362/2000 iteration 250/390 loss=21.1264 lr=0.0092499
Tiny epoch 362/2000 iteration 300/390 loss=21.1888 lr=0.00924937
Tiny epoch 362/2000 iteration 350/390 loss=21.2805 lr=0.00924884
Tiny epoch 362/2000 iteration 390/390 loss=21.3045 lr=0.00924841
Tiny epoch 363/2000 iteration 50/390 loss=21.0818 lr=0.00924788
Tiny epoch 363/2000 iteration 100/390 loss=21.0942 lr=0.00924735
Tiny epoch 363/2000 iteration 150/390 loss=21.1666 lr=0.00924681
Tiny epoch 363/2000 iteration 200/390 loss=21.1661 lr=0.00924628
Tiny epoch 363/2000 iteration 250/390 loss=21.2561 lr=0.00924574
Tiny epoch 363/2000 iteration 300/390 loss=21.2778 lr=0.00924521
Tiny epoch 363/2000 iteration 350/390 loss=21.3682 lr=0.00924467
Tiny epoch 363/2000 iteration 390/390 loss=21.4696 lr=0.00924425
Tiny epoch 364/2000 iteration 50/390 loss=21.1541 lr=0.00924371
Tiny epoch 364/2000 iteration 100/390 loss=21.2960 lr=0.00924318
Tiny epoch 364/2000 iteration 150/390 loss=21.4674 lr=0.00924264
Tiny epoch 364/2000 iteration 200/390 loss=21.5725 lr=0.00924211
Tiny epoch 364/2000 iteration 250/390 loss=21.6095 lr=0.00924157
Tiny epoch 364/2000 iteration 300/390 loss=21.6117 lr=0.00924104
Tiny epoch 364/2000 iteration 350/390 loss=21.5821 lr=0.0092405
Tiny epoch 364/2000 iteration 390/390 loss=21.5390 lr=0.00924007
Tiny epoch 365/2000 iteration 50/390 loss=21.0173 lr=0.00923954
Tiny epoch 365/2000 iteration 100/390 loss=20.8911 lr=0.009239
Tiny epoch 365/2000 iteration 150/390 loss=20.9310 lr=0.00923846
Tiny epoch 365/2000 iteration 200/390 loss=21.0733 lr=0.00923793
Tiny epoch 365/2000 iteration 250/390 loss=21.1891 lr=0.00923739
Tiny epoch 365/2000 iteration 300/390 loss=21.3066 lr=0.00923685
Tiny epoch 365/2000 iteration 350/390 loss=21.3447 lr=0.00923631
Tiny epoch 365/2000 iteration 390/390 loss=21.3422 lr=0.00923589
Tiny epoch 366/2000 iteration 50/390 loss=21.4522 lr=0.00923535
Tiny epoch 366/2000 iteration 100/390 loss=21.4400 lr=0.00923481
Tiny epoch 366/2000 iteration 150/390 loss=21.3046 lr=0.00923427
Tiny epoch 366/2000 iteration 200/390 loss=21.2726 lr=0.00923373
Tiny epoch 366/2000 iteration 250/390 loss=21.4261 lr=0.0092332
Tiny epoch 366/2000 iteration 300/390 loss=21.3752 lr=0.00923266
Tiny epoch 366/2000 iteration 350/390 loss=21.3803 lr=0.00923212
Tiny epoch 366/2000 iteration 390/390 loss=21.3966 lr=0.00923169
Tiny epoch 367/2000 iteration 50/390 loss=21.1335 lr=0.00923115
Tiny epoch 367/2000 iteration 100/390 loss=20.9986 lr=0.00923061
Tiny epoch 367/2000 iteration 150/390 loss=20.9424 lr=0.00923007
Tiny epoch 367/2000 iteration 200/390 loss=21.1182 lr=0.00922953
Tiny epoch 367/2000 iteration 250/390 loss=21.2142 lr=0.00922899
Tiny epoch 367/2000 iteration 300/390 loss=21.1619 lr=0.00922845
Tiny epoch 367/2000 iteration 350/390 loss=21.1889 lr=0.00922791
Tiny epoch 367/2000 iteration 390/390 loss=21.2249 lr=0.00922748
Tiny epoch 368/2000 iteration 50/390 loss=21.5712 lr=0.00922694
Tiny epoch 368/2000 iteration 100/390 loss=21.2485 lr=0.0092264
Tiny epoch 368/2000 iteration 150/390 loss=21.3215 lr=0.00922586
Tiny epoch 368/2000 iteration 200/390 loss=21.3084 lr=0.00922532
Tiny epoch 368/2000 iteration 250/390 loss=21.3814 lr=0.00922478
Tiny epoch 368/2000 iteration 300/390 loss=21.3823 lr=0.00922424
Tiny epoch 368/2000 iteration 350/390 loss=21.3678 lr=0.0092237
Tiny epoch 368/2000 iteration 390/390 loss=21.4015 lr=0.00922326
Tiny epoch 369/2000 iteration 50/390 loss=21.5218 lr=0.00922272
Tiny epoch 369/2000 iteration 100/390 loss=21.7659 lr=0.00922218
Tiny epoch 369/2000 iteration 150/390 loss=21.6005 lr=0.00922164
Tiny epoch 369/2000 iteration 200/390 loss=21.8628 lr=0.0092211
Tiny epoch 369/2000 iteration 250/390 loss=21.8843 lr=0.00922055
Tiny epoch 369/2000 iteration 300/390 loss=21.8547 lr=0.00922001
Tiny epoch 369/2000 iteration 350/390 loss=21.8340 lr=0.00921947
Tiny epoch 369/2000 iteration 390/390 loss=21.8397 lr=0.00921903
Tiny epoch 370/2000 iteration 50/390 loss=21.1346 lr=0.00921849
Tiny epoch 370/2000 iteration 100/390 loss=20.8744 lr=0.00921795
Tiny epoch 370/2000 iteration 150/390 loss=20.8665 lr=0.00921741
Tiny epoch 370/2000 iteration 200/390 loss=20.9354 lr=0.00921686
Tiny epoch 370/2000 iteration 250/390 loss=20.9384 lr=0.00921632
Tiny epoch 370/2000 iteration 300/390 loss=21.0120 lr=0.00921577
Tiny epoch 370/2000 iteration 350/390 loss=21.0884 lr=0.00921523
Tiny epoch 370/2000 iteration 390/390 loss=21.1432 lr=0.0092148
[epoch 370/2000] saved backbone: /home/mmoslem3/scratch/MKDT/krrst_teacher_ckpt/barlow_twins_resnet18_tinyimagenet.pt
Tiny epoch 371/2000 iteration 50/390 loss=20.9679 lr=0.00921425
Tiny epoch 371/2000 iteration 100/390 loss=21.1174 lr=0.00921371
Tiny epoch 371/2000 iteration 150/390 loss=21.0118 lr=0.00921316
Tiny epoch 371/2000 iteration 200/390 loss=20.9855 lr=0.00921262
Tiny epoch 371/2000 iteration 250/390 loss=21.0341 lr=0.00921207
Tiny epoch 371/2000 iteration 300/390 loss=21.0526 lr=0.00921153
Tiny epoch 371/2000 iteration 350/390 loss=21.1405 lr=0.00921098
Tiny epoch 371/2000 iteration 390/390 loss=21.1575 lr=0.00921055
Tiny epoch 372/2000 iteration 50/390 loss=21.1953 lr=0.00921
Tiny epoch 372/2000 iteration 100/390 loss=21.0765 lr=0.00920945
Tiny epoch 372/2000 iteration 150/390 loss=21.1635 lr=0.00920891
Tiny epoch 372/2000 iteration 200/390 loss=21.0512 lr=0.00920836
Tiny epoch 372/2000 iteration 250/390 loss=21.1337 lr=0.00920782
Tiny epoch 372/2000 iteration 300/390 loss=21.2904 lr=0.00920727
Tiny epoch 372/2000 iteration 350/390 loss=21.2989 lr=0.00920672
Tiny epoch 372/2000 iteration 390/390 loss=21.2631 lr=0.00920629
Tiny epoch 373/2000 iteration 50/390 loss=21.3391 lr=0.00920574
Tiny epoch 373/2000 iteration 100/390 loss=21.1232 lr=0.00920519
Tiny epoch 373/2000 iteration 150/390 loss=21.1249 lr=0.00920464
Tiny epoch 373/2000 iteration 200/390 loss=21.2107 lr=0.0092041
Tiny epoch 373/2000 iteration 250/390 loss=21.1608 lr=0.00920355
Tiny epoch 373/2000 iteration 300/390 loss=21.2964 lr=0.009203
Tiny epoch 373/2000 iteration 350/390 loss=21.3432 lr=0.00920245
Tiny epoch 373/2000 iteration 390/390 loss=21.2840 lr=0.00920202
Tiny epoch 374/2000 iteration 50/390 loss=21.0438 lr=0.00920147
Tiny epoch 374/2000 iteration 100/390 loss=20.6161 lr=0.00920092
Tiny epoch 374/2000 iteration 150/390 loss=20.7061 lr=0.00920037
Tiny epoch 374/2000 iteration 200/390 loss=20.8831 lr=0.00919982
Tiny epoch 374/2000 iteration 250/390 loss=20.9993 lr=0.00919927
Tiny epoch 374/2000 iteration 300/390 loss=21.0623 lr=0.00919872
Tiny epoch 374/2000 iteration 350/390 loss=21.1009 lr=0.00919817
Tiny epoch 374/2000 iteration 390/390 loss=21.1274 lr=0.00919773
Tiny epoch 375/2000 iteration 50/390 loss=20.8936 lr=0.00919719
Tiny epoch 375/2000 iteration 100/390 loss=21.0005 lr=0.00919664
Tiny epoch 375/2000 iteration 150/390 loss=21.2444 lr=0.00919609
Tiny epoch 375/2000 iteration 200/390 loss=21.4555 lr=0.00919554
Tiny epoch 375/2000 iteration 250/390 loss=21.5796 lr=0.00919499
Tiny epoch 375/2000 iteration 300/390 loss=21.5313 lr=0.00919443
Tiny epoch 375/2000 iteration 350/390 loss=21.5148 lr=0.00919388
Tiny epoch 375/2000 iteration 390/390 loss=21.5146 lr=0.00919344
Tiny epoch 376/2000 iteration 50/390 loss=20.9668 lr=0.00919289
Tiny epoch 376/2000 iteration 100/390 loss=21.1194 lr=0.00919234
Tiny epoch 376/2000 iteration 150/390 loss=21.1536 lr=0.00919179
Tiny epoch 376/2000 iteration 200/390 loss=21.1521 lr=0.00919124
Tiny epoch 376/2000 iteration 250/390 loss=21.1901 lr=0.00919069
Tiny epoch 376/2000 iteration 300/390 loss=21.3273 lr=0.00919014
Tiny epoch 376/2000 iteration 350/390 loss=21.3180 lr=0.00918958
Tiny epoch 376/2000 iteration 390/390 loss=21.3887 lr=0.00918914
Tiny epoch 377/2000 iteration 50/390 loss=20.8829 lr=0.00918859
Tiny epoch 377/2000 iteration 100/390 loss=21.0061 lr=0.00918804
Tiny epoch 377/2000 iteration 150/390 loss=20.9545 lr=0.00918748
Tiny epoch 377/2000 iteration 200/390 loss=21.0489 lr=0.00918693
Tiny epoch 377/2000 iteration 250/390 loss=21.1211 lr=0.00918638
Tiny epoch 377/2000 iteration 300/390 loss=21.1285 lr=0.00918583
Tiny epoch 377/2000 iteration 350/390 loss=21.2181 lr=0.00918527
Tiny epoch 377/2000 iteration 390/390 loss=21.2301 lr=0.00918483
Tiny epoch 378/2000 iteration 50/390 loss=21.2875 lr=0.00918428
Tiny epoch 378/2000 iteration 100/390 loss=21.3877 lr=0.00918372
Tiny epoch 378/2000 iteration 150/390 loss=21.1954 lr=0.00918317
Tiny epoch 378/2000 iteration 200/390 loss=21.0990 lr=0.00918261
Tiny epoch 378/2000 iteration 250/390 loss=21.1099 lr=0.00918206
Tiny epoch 378/2000 iteration 300/390 loss=21.1516 lr=0.00918151
Tiny epoch 378/2000 iteration 350/390 loss=21.1954 lr=0.00918095
Tiny epoch 378/2000 iteration 390/390 loss=21.2249 lr=0.00918051
Tiny epoch 379/2000 iteration 50/390 loss=20.8158 lr=0.00917995
Tiny epoch 379/2000 iteration 100/390 loss=20.9144 lr=0.0091794
Tiny epoch 379/2000 iteration 150/390 loss=21.0670 lr=0.00917884
Tiny epoch 379/2000 iteration 200/390 loss=21.0495 lr=0.00917829
Tiny epoch 379/2000 iteration 250/390 loss=21.0924 lr=0.00917773
Tiny epoch 379/2000 iteration 300/390 loss=21.1627 lr=0.00917717
Tiny epoch 379/2000 iteration 350/390 loss=21.1453 lr=0.00917662
Tiny epoch 379/2000 iteration 390/390 loss=21.1544 lr=0.00917617
Tiny epoch 380/2000 iteration 50/390 loss=20.9910 lr=0.00917562
Tiny epoch 380/2000 iteration 100/390 loss=21.0609 lr=0.00917506
Tiny epoch 380/2000 iteration 150/390 loss=20.9187 lr=0.0091745
Tiny epoch 380/2000 iteration 200/390 loss=21.0014 lr=0.00917395
Tiny epoch 380/2000 iteration 250/390 loss=20.9906 lr=0.00917339
Tiny epoch 380/2000 iteration 300/390 loss=21.0926 lr=0.00917283
Tiny epoch 380/2000 iteration 350/390 loss=21.1968 lr=0.00917228
Tiny epoch 380/2000 iteration 390/390 loss=21.1941 lr=0.00917183
[epoch 380/2000] saved backbone: /home/mmoslem3/scratch/MKDT/krrst_teacher_ckpt/barlow_twins_resnet18_tinyimagenet.pt
Tiny epoch 381/2000 iteration 50/390 loss=21.2249 lr=0.00917127
Tiny epoch 381/2000 iteration 100/390 loss=21.3705 lr=0.00917072
Tiny epoch 381/2000 iteration 150/390 loss=21.3655 lr=0.00917016
Tiny epoch 381/2000 iteration 200/390 loss=21.4579 lr=0.0091696
Tiny epoch 381/2000 iteration 250/390 loss=21.4203 lr=0.00916904
Tiny epoch 381/2000 iteration 300/390 loss=21.4606 lr=0.00916848
Tiny epoch 381/2000 iteration 350/390 loss=21.4383 lr=0.00916792
Tiny epoch 381/2000 iteration 390/390 loss=21.4307 lr=0.00916748
Tiny epoch 382/2000 iteration 50/390 loss=20.9662 lr=0.00916692
Tiny epoch 382/2000 iteration 100/390 loss=21.0080 lr=0.00916636
Tiny epoch 382/2000 iteration 150/390 loss=21.1141 lr=0.0091658
Tiny epoch 382/2000 iteration 200/390 loss=21.0359 lr=0.00916524
Tiny epoch 382/2000 iteration 250/390 loss=21.1279 lr=0.00916468
Tiny epoch 382/2000 iteration 300/390 loss=21.2237 lr=0.00916412
Tiny epoch 382/2000 iteration 350/390 loss=21.3079 lr=0.00916356
Tiny epoch 382/2000 iteration 390/390 loss=21.3210 lr=0.00916311
Tiny epoch 383/2000 iteration 50/390 loss=21.6380 lr=0.00916255
Tiny epoch 383/2000 iteration 100/390 loss=21.3463 lr=0.00916199
Tiny epoch 383/2000 iteration 150/390 loss=21.3932 lr=0.00916143
Tiny epoch 383/2000 iteration 200/390 loss=21.1560 lr=0.00916087
Tiny epoch 383/2000 iteration 250/390 loss=21.1377 lr=0.00916031
Tiny epoch 383/2000 iteration 300/390 loss=21.1268 lr=0.00915975
Tiny epoch 383/2000 iteration 350/390 loss=21.2477 lr=0.00915919
Tiny epoch 383/2000 iteration 390/390 loss=21.2940 lr=0.00915874
Tiny epoch 384/2000 iteration 50/390 loss=21.2338 lr=0.00915818
Tiny epoch 384/2000 iteration 100/390 loss=21.2888 lr=0.00915761
Tiny epoch 384/2000 iteration 150/390 loss=21.3099 lr=0.00915705
Tiny epoch 384/2000 iteration 200/390 loss=21.3731 lr=0.00915649
Tiny epoch 384/2000 iteration 250/390 loss=21.3632 lr=0.00915593
Tiny epoch 384/2000 iteration 300/390 loss=21.3675 lr=0.00915537
Tiny epoch 384/2000 iteration 350/390 loss=21.3623 lr=0.0091548
Tiny epoch 384/2000 iteration 390/390 loss=21.3232 lr=0.00915435
Tiny epoch 385/2000 iteration 50/390 loss=21.2927 lr=0.00915379
Tiny epoch 385/2000 iteration 100/390 loss=21.0731 lr=0.00915323
Tiny epoch 385/2000 iteration 150/390 loss=20.9101 lr=0.00915266
Tiny epoch 385/2000 iteration 200/390 loss=21.0633 lr=0.0091521
Tiny epoch 385/2000 iteration 250/390 loss=21.1930 lr=0.00915154
Tiny epoch 385/2000 iteration 300/390 loss=21.2327 lr=0.00915097
Tiny epoch 385/2000 iteration 350/390 loss=21.2376 lr=0.00915041
Tiny epoch 385/2000 iteration 390/390 loss=21.2101 lr=0.00914996
Tiny epoch 386/2000 iteration 50/390 loss=21.0754 lr=0.00914939
Tiny epoch 386/2000 iteration 100/390 loss=21.2500 lr=0.00914883
Tiny epoch 386/2000 iteration 150/390 loss=21.3652 lr=0.00914826
Tiny epoch 386/2000 iteration 200/390 loss=21.4695 lr=0.0091477
Tiny epoch 386/2000 iteration 250/390 loss=21.5591 lr=0.00914714
Tiny epoch 386/2000 iteration 300/390 loss=21.4831 lr=0.00914657
Tiny epoch 386/2000 iteration 350/390 loss=21.4563 lr=0.009146
Tiny epoch 386/2000 iteration 390/390 loss=21.4928 lr=0.00914555
Tiny epoch 387/2000 iteration 50/390 loss=20.2785 lr=0.00914499
Tiny epoch 387/2000 iteration 100/390 loss=20.4152 lr=0.00914442
Tiny epoch 387/2000 iteration 150/390 loss=20.4930 lr=0.00914386
Tiny epoch 387/2000 iteration 200/390 loss=20.6761 lr=0.00914329
Tiny epoch 387/2000 iteration 250/390 loss=20.8626 lr=0.00914272
Tiny epoch 387/2000 iteration 300/390 loss=20.8809 lr=0.00914216
Tiny epoch 387/2000 iteration 350/390 loss=21.0368 lr=0.00914159
Tiny epoch 387/2000 iteration 390/390 loss=21.1019 lr=0.00914114
Tiny epoch 388/2000 iteration 50/390 loss=21.3493 lr=0.00914057
Tiny epoch 388/2000 iteration 100/390 loss=21.1341 lr=0.00914
Tiny epoch 388/2000 iteration 150/390 loss=21.2892 lr=0.00913944
Tiny epoch 388/2000 iteration 200/390 loss=21.3619 lr=0.00913887
Tiny epoch 388/2000 iteration 250/390 loss=21.3326 lr=0.0091383
Tiny epoch 388/2000 iteration 300/390 loss=21.3518 lr=0.00913773
Tiny epoch 388/2000 iteration 350/390 loss=21.2938 lr=0.00913717
Tiny epoch 388/2000 iteration 390/390 loss=21.3146 lr=0.00913671
Tiny epoch 389/2000 iteration 50/390 loss=20.1475 lr=0.00913614
Tiny epoch 389/2000 iteration 100/390 loss=20.7780 lr=0.00913557
Tiny epoch 389/2000 iteration 150/390 loss=20.8054 lr=0.00913501
Tiny epoch 389/2000 iteration 200/390 loss=21.0504 lr=0.00913444
Tiny epoch 389/2000 iteration 250/390 loss=21.0930 lr=0.00913387
Tiny epoch 389/2000 iteration 300/390 loss=21.0963 lr=0.0091333
Tiny epoch 389/2000 iteration 350/390 loss=21.1383 lr=0.00913273
Tiny epoch 389/2000 iteration 390/390 loss=21.2049 lr=0.00913227
Tiny epoch 390/2000 iteration 50/390 loss=20.9263 lr=0.0091317
Tiny epoch 390/2000 iteration 100/390 loss=20.9672 lr=0.00913113
Tiny epoch 390/2000 iteration 150/390 loss=21.1224 lr=0.00913057
Tiny epoch 390/2000 iteration 200/390 loss=21.1132 lr=0.00913
Tiny epoch 390/2000 iteration 250/390 loss=21.1238 lr=0.00912942
Tiny epoch 390/2000 iteration 300/390 loss=21.1748 lr=0.00912885
Tiny epoch 390/2000 iteration 350/390 loss=21.1230 lr=0.00912828
Tiny epoch 390/2000 iteration 390/390 loss=21.1525 lr=0.00912783
[epoch 390/2000] saved backbone: /home/mmoslem3/scratch/MKDT/krrst_teacher_ckpt/barlow_twins_resnet18_tinyimagenet.pt
Tiny epoch 391/2000 iteration 50/390 loss=20.5071 lr=0.00912726
Tiny epoch 391/2000 iteration 100/390 loss=20.6046 lr=0.00912669
Tiny epoch 391/2000 iteration 150/390 loss=20.8132 lr=0.00912611
Tiny epoch 391/2000 iteration 200/390 loss=21.0863 lr=0.00912554
Tiny epoch 391/2000 iteration 250/390 loss=21.1237 lr=0.00912497
Tiny epoch 391/2000 iteration 300/390 loss=21.3440 lr=0.0091244
Tiny epoch 391/2000 iteration 350/390 loss=21.4458 lr=0.00912383
Tiny epoch 391/2000 iteration 390/390 loss=21.4239 lr=0.00912337
Tiny epoch 392/2000 iteration 50/390 loss=21.3442 lr=0.0091228
Tiny epoch 392/2000 iteration 100/390 loss=21.4146 lr=0.00912223
Tiny epoch 392/2000 iteration 150/390 loss=21.3841 lr=0.00912165
Tiny epoch 392/2000 iteration 200/390 loss=21.2908 lr=0.00912108
Tiny epoch 392/2000 iteration 250/390 loss=21.2774 lr=0.00912051
Tiny epoch 392/2000 iteration 300/390 loss=21.1846 lr=0.00911993
Tiny epoch 392/2000 iteration 350/390 loss=21.1519 lr=0.00911936
Tiny epoch 392/2000 iteration 390/390 loss=21.1331 lr=0.0091189
Tiny epoch 393/2000 iteration 50/390 loss=20.9422 lr=0.00911833
Tiny epoch 393/2000 iteration 100/390 loss=20.8309 lr=0.00911776
Tiny epoch 393/2000 iteration 150/390 loss=20.9211 lr=0.00911718
Tiny epoch 393/2000 iteration 200/390 loss=21.0257 lr=0.00911661
Tiny epoch 393/2000 iteration 250/390 loss=21.0893 lr=0.00911603
Tiny epoch 393/2000 iteration 300/390 loss=21.1758 lr=0.00911546
Tiny epoch 393/2000 iteration 350/390 loss=21.2282 lr=0.00911489
Tiny epoch 393/2000 iteration 390/390 loss=21.3053 lr=0.00911443
Tiny epoch 394/2000 iteration 50/390 loss=21.4548 lr=0.00911385
Tiny epoch 394/2000 iteration 100/390 loss=21.1787 lr=0.00911328
Tiny epoch 394/2000 iteration 150/390 loss=21.0122 lr=0.0091127
Tiny epoch 394/2000 iteration 200/390 loss=21.0932 lr=0.00911213
Tiny epoch 394/2000 iteration 250/390 loss=21.0615 lr=0.00911155
Tiny epoch 394/2000 iteration 300/390 loss=21.0705 lr=0.00911097
Tiny epoch 394/2000 iteration 350/390 loss=21.0628 lr=0.0091104
Tiny epoch 394/2000 iteration 390/390 loss=21.0656 lr=0.00910994
Tiny epoch 395/2000 iteration 50/390 loss=20.7992 lr=0.00910936
Tiny epoch 395/2000 iteration 100/390 loss=21.2036 lr=0.00910879
Tiny epoch 395/2000 iteration 150/390 loss=20.9847 lr=0.00910821
Tiny epoch 395/2000 iteration 200/390 loss=20.9525 lr=0.00910763
Tiny epoch 395/2000 iteration 250/390 loss=20.9355 lr=0.00910706
Tiny epoch 395/2000 iteration 300/390 loss=20.9288 lr=0.00910648
Tiny epoch 395/2000 iteration 350/390 loss=20.9114 lr=0.0091059
Tiny epoch 395/2000 iteration 390/390 loss=21.0217 lr=0.00910544
Tiny epoch 396/2000 iteration 50/390 loss=21.0251 lr=0.00910486
Tiny epoch 396/2000 iteration 100/390 loss=21.0692 lr=0.00910428
Tiny epoch 396/2000 iteration 150/390 loss=21.1077 lr=0.00910371
Tiny epoch 396/2000 iteration 200/390 loss=21.1147 lr=0.00910313
Tiny epoch 396/2000 iteration 250/390 loss=21.1153 lr=0.00910255
Tiny epoch 396/2000 iteration 300/390 loss=21.1420 lr=0.00910197
Tiny epoch 396/2000 iteration 350/390 loss=21.0265 lr=0.00910139
Tiny epoch 396/2000 iteration 390/390 loss=21.0853 lr=0.00910093
Tiny epoch 397/2000 iteration 50/390 loss=20.9397 lr=0.00910035
Tiny epoch 397/2000 iteration 100/390 loss=20.7336 lr=0.00909977
Tiny epoch 397/2000 iteration 150/390 loss=20.5945 lr=0.00909919
Tiny epoch 397/2000 iteration 200/390 loss=20.7572 lr=0.00909862
Tiny epoch 397/2000 iteration 250/390 loss=20.8395 lr=0.00909804
Tiny epoch 397/2000 iteration 300/390 loss=20.8622 lr=0.00909746
Tiny epoch 397/2000 iteration 350/390 loss=20.8877 lr=0.00909688
Tiny epoch 397/2000 iteration 390/390 loss=20.9673 lr=0.00909641
Tiny epoch 398/2000 iteration 50/390 loss=20.6604 lr=0.00909583
Tiny epoch 398/2000 iteration 100/390 loss=20.9340 lr=0.00909525
Tiny epoch 398/2000 iteration 150/390 loss=21.0723 lr=0.00909467
Tiny epoch 398/2000 iteration 200/390 loss=21.1782 lr=0.00909409
Tiny epoch 398/2000 iteration 250/390 loss=21.1851 lr=0.00909351
Tiny epoch 398/2000 iteration 300/390 loss=21.1034 lr=0.00909293
Tiny epoch 398/2000 iteration 350/390 loss=21.1422 lr=0.00909235
Tiny epoch 398/2000 iteration 390/390 loss=21.1181 lr=0.00909188
Tiny epoch 399/2000 iteration 50/390 loss=20.6764 lr=0.0090913
Tiny epoch 399/2000 iteration 100/390 loss=20.9012 lr=0.00909072
Tiny epoch 399/2000 iteration 150/390 loss=21.0581 lr=0.00909014
Tiny epoch 399/2000 iteration 200/390 loss=21.1079 lr=0.00908956
Tiny epoch 399/2000 iteration 250/390 loss=21.1929 lr=0.00908898
Tiny epoch 399/2000 iteration 300/390 loss=21.2452 lr=0.00908839
Tiny epoch 399/2000 iteration 350/390 loss=21.2782 lr=0.00908781
Tiny epoch 399/2000 iteration 390/390 loss=21.2189 lr=0.00908735
Tiny epoch 400/2000 iteration 50/390 loss=20.7708 lr=0.00908676
Tiny epoch 400/2000 iteration 100/390 loss=20.5837 lr=0.00908618
Tiny epoch 400/2000 iteration 150/390 loss=20.6745 lr=0.0090856
Tiny epoch 400/2000 iteration 200/390 loss=20.7598 lr=0.00908501
Tiny epoch 400/2000 iteration 250/390 loss=20.7758 lr=0.00908443
Tiny epoch 400/2000 iteration 300/390 loss=20.7985 lr=0.00908385
Tiny epoch 400/2000 iteration 350/390 loss=20.9063 lr=0.00908326
Tiny epoch 400/2000 iteration 390/390 loss=20.9529 lr=0.0090828
[epoch 400/2000] saved backbone: /home/mmoslem3/scratch/MKDT/krrst_teacher_ckpt/barlow_twins_resnet18_tinyimagenet.pt
Tiny epoch 401/2000 iteration 50/390 loss=20.7950 lr=0.00908221
Tiny epoch 401/2000 iteration 100/390 loss=20.8244 lr=0.00908163
Tiny epoch 401/2000 iteration 150/390 loss=21.0270 lr=0.00908104
Tiny epoch 401/2000 iteration 200/390 loss=20.9328 lr=0.00908046
Tiny epoch 401/2000 iteration 250/390 loss=20.9476 lr=0.00907988
Tiny epoch 401/2000 iteration 300/390 loss=21.0687 lr=0.00907929
Tiny epoch 401/2000 iteration 350/390 loss=21.1427 lr=0.00907871
Tiny epoch 401/2000 iteration 390/390 loss=21.1277 lr=0.00907824
Tiny epoch 402/2000 iteration 50/390 loss=20.5301 lr=0.00907765
Tiny epoch 402/2000 iteration 100/390 loss=20.6088 lr=0.00907707
Tiny epoch 402/2000 iteration 150/390 loss=20.6147 lr=0.00907648
Tiny epoch 402/2000 iteration 200/390 loss=20.7541 lr=0.0090759
Tiny epoch 402/2000 iteration 250/390 loss=20.8742 lr=0.00907531
Tiny epoch 402/2000 iteration 300/390 loss=20.8897 lr=0.00907472
Tiny epoch 402/2000 iteration 350/390 loss=20.8952 lr=0.00907414
Tiny epoch 402/2000 iteration 390/390 loss=20.9626 lr=0.00907367
Tiny epoch 403/2000 iteration 50/390 loss=20.3509 lr=0.00907308
Tiny epoch 403/2000 iteration 100/390 loss=20.6912 lr=0.0090725
Tiny epoch 403/2000 iteration 150/390 loss=20.8046 lr=0.00907191
Tiny epoch 403/2000 iteration 200/390 loss=20.9717 lr=0.00907132
Tiny epoch 403/2000 iteration 250/390 loss=21.0445 lr=0.00907073
Tiny epoch 403/2000 iteration 300/390 loss=21.2225 lr=0.00907015
Tiny epoch 403/2000 iteration 350/390 loss=21.2027 lr=0.00906956
Tiny epoch 403/2000 iteration 390/390 loss=21.1543 lr=0.00906909
Tiny epoch 404/2000 iteration 50/390 loss=20.7029 lr=0.0090685
Tiny epoch 404/2000 iteration 100/390 loss=20.6899 lr=0.00906791
Tiny epoch 404/2000 iteration 150/390 loss=20.8173 lr=0.00906732
Tiny epoch 404/2000 iteration 200/390 loss=20.9633 lr=0.00906674
Tiny epoch 404/2000 iteration 250/390 loss=20.9149 lr=0.00906615
Tiny epoch 404/2000 iteration 300/390 loss=20.9935 lr=0.00906556
Tiny epoch 404/2000 iteration 350/390 loss=20.9661 lr=0.00906497
Tiny epoch 404/2000 iteration 390/390 loss=20.9896 lr=0.0090645
Tiny epoch 405/2000 iteration 50/390 loss=20.8288 lr=0.00906391
Tiny epoch 405/2000 iteration 100/390 loss=20.7361 lr=0.00906332
Tiny epoch 405/2000 iteration 150/390 loss=20.5923 lr=0.00906273
Tiny epoch 405/2000 iteration 200/390 loss=20.8403 lr=0.00906214
Tiny epoch 405/2000 iteration 250/390 loss=20.9596 lr=0.00906155
Tiny epoch 405/2000 iteration 300/390 loss=20.9882 lr=0.00906096
Tiny epoch 405/2000 iteration 350/390 loss=20.9891 lr=0.00906037
Tiny epoch 405/2000 iteration 390/390 loss=20.9529 lr=0.0090599
Tiny epoch 406/2000 iteration 50/390 loss=20.3860 lr=0.00905931
Tiny epoch 406/2000 iteration 100/390 loss=20.4183 lr=0.00905872
Tiny epoch 406/2000 iteration 150/390 loss=20.6221 lr=0.00905813
Tiny epoch 406/2000 iteration 200/390 loss=20.6798 lr=0.00905754
Tiny epoch 406/2000 iteration 250/390 loss=20.8980 lr=0.00905695
Tiny epoch 406/2000 iteration 300/390 loss=20.9951 lr=0.00905635
Tiny epoch 406/2000 iteration 350/390 loss=21.0167 lr=0.00905576
Tiny epoch 406/2000 iteration 390/390 loss=21.0089 lr=0.00905529
Tiny epoch 407/2000 iteration 50/390 loss=20.6927 lr=0.0090547
Tiny epoch 407/2000 iteration 100/390 loss=20.6651 lr=0.00905411
Tiny epoch 407/2000 iteration 150/390 loss=20.7991 lr=0.00905351
Tiny epoch 407/2000 iteration 200/390 loss=20.8623 lr=0.00905292
Tiny epoch 407/2000 iteration 250/390 loss=20.7778 lr=0.00905233
Tiny epoch 407/2000 iteration 300/390 loss=20.8585 lr=0.00905174
Tiny epoch 407/2000 iteration 350/390 loss=20.9416 lr=0.00905114
Tiny epoch 407/2000 iteration 390/390 loss=21.0631 lr=0.00905067
Tiny epoch 408/2000 iteration 50/390 loss=21.3770 lr=0.00905008
Tiny epoch 408/2000 iteration 100/390 loss=21.4297 lr=0.00904948
Tiny epoch 408/2000 iteration 150/390 loss=21.3791 lr=0.00904889
Tiny epoch 408/2000 iteration 200/390 loss=21.3218 lr=0.0090483
Tiny epoch 408/2000 iteration 250/390 loss=21.2899 lr=0.0090477
Tiny epoch 408/2000 iteration 300/390 loss=21.2666 lr=0.00904711
Tiny epoch 408/2000 iteration 350/390 loss=21.2179 lr=0.00904652
Tiny epoch 408/2000 iteration 390/390 loss=21.2540 lr=0.00904604
Tiny epoch 409/2000 iteration 50/390 loss=21.0887 lr=0.00904545
Tiny epoch 409/2000 iteration 100/390 loss=20.9096 lr=0.00904485
Tiny epoch 409/2000 iteration 150/390 loss=20.8939 lr=0.00904426
Tiny epoch 409/2000 iteration 200/390 loss=20.9994 lr=0.00904366
Tiny epoch 409/2000 iteration 250/390 loss=20.9946 lr=0.00904307
Tiny epoch 409/2000 iteration 300/390 loss=21.0468 lr=0.00904247
Tiny epoch 409/2000 iteration 350/390 loss=21.0474 lr=0.00904188
Tiny epoch 409/2000 iteration 390/390 loss=21.0489 lr=0.0090414
Tiny epoch 410/2000 iteration 50/390 loss=20.5694 lr=0.0090408
Tiny epoch 410/2000 iteration 100/390 loss=20.6360 lr=0.00904021
Tiny epoch 410/2000 iteration 150/390 loss=20.6702 lr=0.00903961
Tiny epoch 410/2000 iteration 200/390 loss=20.6190 lr=0.00903902
Tiny epoch 410/2000 iteration 250/390 loss=20.7197 lr=0.00903842
Tiny epoch 410/2000 iteration 300/390 loss=20.9396 lr=0.00903782
Tiny epoch 410/2000 iteration 350/390 loss=20.9264 lr=0.00903723
Tiny epoch 410/2000 iteration 390/390 loss=21.0287 lr=0.00903675
[epoch 410/2000] saved backbone: /home/mmoslem3/scratch/MKDT/krrst_teacher_ckpt/barlow_twins_resnet18_tinyimagenet.pt
Tiny epoch 411/2000 iteration 50/390 loss=21.2044 lr=0.00903615
Tiny epoch 411/2000 iteration 100/390 loss=20.8813 lr=0.00903556
Tiny epoch 411/2000 iteration 150/390 loss=20.9144 lr=0.00903496
Tiny epoch 411/2000 iteration 200/390 loss=21.0484 lr=0.00903436
Tiny epoch 411/2000 iteration 250/390 loss=21.0609 lr=0.00903376
Tiny epoch 411/2000 iteration 300/390 loss=21.0559 lr=0.00903317
Tiny epoch 411/2000 iteration 350/390 loss=21.0535 lr=0.00903257
Tiny epoch 411/2000 iteration 390/390 loss=21.0305 lr=0.00903209
Tiny epoch 412/2000 iteration 50/390 loss=21.0915 lr=0.00903149
Tiny epoch 412/2000 iteration 100/390 loss=21.0521 lr=0.00903089
Tiny epoch 412/2000 iteration 150/390 loss=21.0993 lr=0.00903029
Tiny epoch 412/2000 iteration 200/390 loss=21.1510 lr=0.0090297
Tiny epoch 412/2000 iteration 250/390 loss=21.1824 lr=0.0090291
Tiny epoch 412/2000 iteration 300/390 loss=21.1029 lr=0.0090285
Tiny epoch 412/2000 iteration 350/390 loss=21.0689 lr=0.0090279
Tiny epoch 412/2000 iteration 390/390 loss=21.0771 lr=0.00902742
Tiny epoch 413/2000 iteration 50/390 loss=20.9912 lr=0.00902682
Tiny epoch 413/2000 iteration 100/390 loss=20.8655 lr=0.00902622
Tiny epoch 413/2000 iteration 150/390 loss=20.7703 lr=0.00902562
Tiny epoch 413/2000 iteration 200/390 loss=20.7510 lr=0.00902502
Tiny epoch 413/2000 iteration 250/390 loss=20.7256 lr=0.00902442
Tiny epoch 413/2000 iteration 300/390 loss=20.7678 lr=0.00902382
Tiny epoch 413/2000 iteration 350/390 loss=20.7958 lr=0.00902322
Tiny epoch 413/2000 iteration 390/390 loss=20.8517 lr=0.00902274
Tiny epoch 414/2000 iteration 50/390 loss=20.5987 lr=0.00902214
Tiny epoch 414/2000 iteration 100/390 loss=20.5714 lr=0.00902154
Tiny epoch 414/2000 iteration 150/390 loss=20.7308 lr=0.00902094
Tiny epoch 414/2000 iteration 200/390 loss=20.8018 lr=0.00902034
Tiny epoch 414/2000 iteration 250/390 loss=20.9176 lr=0.00901973
Tiny epoch 414/2000 iteration 300/390 loss=21.0679 lr=0.00901913
Tiny epoch 414/2000 iteration 350/390 loss=21.1235 lr=0.00901853
Tiny epoch 414/2000 iteration 390/390 loss=21.1396 lr=0.00901805
Tiny epoch 415/2000 iteration 50/390 loss=20.9916 lr=0.00901745
Tiny epoch 415/2000 iteration 100/390 loss=21.0085 lr=0.00901684
Tiny epoch 415/2000 iteration 150/390 loss=20.8190 lr=0.00901624
Tiny epoch 415/2000 iteration 200/390 loss=20.8319 lr=0.00901564
Tiny epoch 415/2000 iteration 250/390 loss=20.8107 lr=0.00901504
Tiny epoch 415/2000 iteration 300/390 loss=20.9506 lr=0.00901443
Tiny epoch 415/2000 iteration 350/390 loss=20.9777 lr=0.00901383
Tiny epoch 415/2000 iteration 390/390 loss=20.9959 lr=0.00901335
Tiny epoch 416/2000 iteration 50/390 loss=21.0094 lr=0.00901275
Tiny epoch 416/2000 iteration 100/390 loss=21.1524 lr=0.00901214
Tiny epoch 416/2000 iteration 150/390 loss=20.9804 lr=0.00901154
Tiny epoch 416/2000 iteration 200/390 loss=20.9558 lr=0.00901093
Tiny epoch 416/2000 iteration 250/390 loss=20.9959 lr=0.00901033
Tiny epoch 416/2000 iteration 300/390 loss=21.0328 lr=0.00900973
Tiny epoch 416/2000 iteration 350/390 loss=21.0255 lr=0.00900912
Tiny epoch 416/2000 iteration 390/390 loss=20.9970 lr=0.00900864
Tiny epoch 417/2000 iteration 50/390 loss=20.6025 lr=0.00900803
Tiny epoch 417/2000 iteration 100/390 loss=20.8767 lr=0.00900743
Tiny epoch 417/2000 iteration 150/390 loss=20.8355 lr=0.00900682
Tiny epoch 417/2000 iteration 200/390 loss=20.9941 lr=0.00900622
Tiny epoch 417/2000 iteration 250/390 loss=20.9497 lr=0.00900561
Tiny epoch 417/2000 iteration 300/390 loss=21.0097 lr=0.00900501
Tiny epoch 417/2000 iteration 350/390 loss=21.0076 lr=0.0090044
Tiny epoch 417/2000 iteration 390/390 loss=21.0251 lr=0.00900392
Tiny epoch 418/2000 iteration 50/390 loss=20.7597 lr=0.00900331
Tiny epoch 418/2000 iteration 100/390 loss=20.7662 lr=0.00900271
Tiny epoch 418/2000 iteration 150/390 loss=20.7861 lr=0.0090021
Tiny epoch 418/2000 iteration 200/390 loss=20.8450 lr=0.00900149
Tiny epoch 418/2000 iteration 250/390 loss=20.8668 lr=0.00900089
Tiny epoch 418/2000 iteration 300/390 loss=20.8510 lr=0.00900028
Tiny epoch 418/2000 iteration 350/390 loss=21.0014 lr=0.00899967
Tiny epoch 418/2000 iteration 390/390 loss=21.0551 lr=0.00899919
Tiny epoch 419/2000 iteration 50/390 loss=20.7980 lr=0.00899858
Tiny epoch 419/2000 iteration 100/390 loss=20.7648 lr=0.00899797
Tiny epoch 419/2000 iteration 150/390 loss=20.6496 lr=0.00899737
Tiny epoch 419/2000 iteration 200/390 loss=20.5391 lr=0.00899676
Tiny epoch 419/2000 iteration 250/390 loss=20.6319 lr=0.00899615
Tiny epoch 419/2000 iteration 300/390 loss=20.7745 lr=0.00899554
Tiny epoch 419/2000 iteration 350/390 loss=20.8668 lr=0.00899493
Tiny epoch 419/2000 iteration 390/390 loss=20.9145 lr=0.00899445
Tiny epoch 420/2000 iteration 50/390 loss=20.5275 lr=0.00899384
Tiny epoch 420/2000 iteration 100/390 loss=20.6253 lr=0.00899323
Tiny epoch 420/2000 iteration 150/390 loss=20.8274 lr=0.00899262
Tiny epoch 420/2000 iteration 200/390 loss=20.9022 lr=0.00899201
Tiny epoch 420/2000 iteration 250/390 loss=20.9282 lr=0.0089914
Tiny epoch 420/2000 iteration 300/390 loss=20.9464 lr=0.00899079
Tiny epoch 420/2000 iteration 350/390 loss=21.0090 lr=0.00899019
Tiny epoch 420/2000 iteration 390/390 loss=20.9764 lr=0.0089897
[epoch 420/2000] saved backbone: /home/mmoslem3/scratch/MKDT/krrst_teacher_ckpt/barlow_twins_resnet18_tinyimagenet.pt
Tiny epoch 421/2000 iteration 50/390 loss=21.3788 lr=0.00898909
Tiny epoch 421/2000 iteration 100/390 loss=20.9333 lr=0.00898848
Tiny epoch 421/2000 iteration 150/390 loss=20.8821 lr=0.00898787
Tiny epoch 421/2000 iteration 200/390 loss=20.9241 lr=0.00898726
Tiny epoch 421/2000 iteration 250/390 loss=20.9290 lr=0.00898665
Tiny epoch 421/2000 iteration 300/390 loss=20.9514 lr=0.00898604
Tiny epoch 421/2000 iteration 350/390 loss=20.9881 lr=0.00898543
Tiny epoch 421/2000 iteration 390/390 loss=20.9421 lr=0.00898494
Tiny epoch 422/2000 iteration 50/390 loss=21.2143 lr=0.00898433
Tiny epoch 422/2000 iteration 100/390 loss=21.0463 lr=0.00898372
Tiny epoch 422/2000 iteration 150/390 loss=20.8972 lr=0.0089831
Tiny epoch 422/2000 iteration 200/390 loss=20.8645 lr=0.00898249
Tiny epoch 422/2000 iteration 250/390 loss=20.8139 lr=0.00898188
Tiny epoch 422/2000 iteration 300/390 loss=20.7706 lr=0.00898127
Tiny epoch 422/2000 iteration 350/390 loss=20.8569 lr=0.00898066
Tiny epoch 422/2000 iteration 390/390 loss=20.9041 lr=0.00898017
Tiny epoch 423/2000 iteration 50/390 loss=20.7996 lr=0.00897956
Tiny epoch 423/2000 iteration 100/390 loss=21.0173 lr=0.00897894
Tiny epoch 423/2000 iteration 150/390 loss=21.0761 lr=0.00897833
Tiny epoch 423/2000 iteration 200/390 loss=20.8609 lr=0.00897772
Tiny epoch 423/2000 iteration 250/390 loss=20.9166 lr=0.00897711
Tiny epoch 423/2000 iteration 300/390 loss=20.9733 lr=0.00897649
Tiny epoch 423/2000 iteration 350/390 loss=21.0329 lr=0.00897588
Tiny epoch 423/2000 iteration 390/390 loss=21.0604 lr=0.00897539
Tiny epoch 424/2000 iteration 50/390 loss=20.9570 lr=0.00897477
Tiny epoch 424/2000 iteration 100/390 loss=20.8423 lr=0.00897416
Tiny epoch 424/2000 iteration 150/390 loss=20.6942 lr=0.00897355
Tiny epoch 424/2000 iteration 200/390 loss=20.7374 lr=0.00897293
Tiny epoch 424/2000 iteration 250/390 loss=20.8694 lr=0.00897232
Tiny epoch 424/2000 iteration 300/390 loss=20.8490 lr=0.0089717
Tiny epoch 424/2000 iteration 350/390 loss=20.8386 lr=0.00897109
Tiny epoch 424/2000 iteration 390/390 loss=20.9169 lr=0.0089706
Tiny epoch 425/2000 iteration 50/390 loss=20.9436 lr=0.00896998
Tiny epoch 425/2000 iteration 100/390 loss=20.5845 lr=0.00896937
Tiny epoch 425/2000 iteration 150/390 loss=20.6968 lr=0.00896875
Tiny epoch 425/2000 iteration 200/390 loss=20.7007 lr=0.00896814
Tiny epoch 425/2000 iteration 250/390 loss=20.8088 lr=0.00896752
Tiny epoch 425/2000 iteration 300/390 loss=20.9131 lr=0.00896691
Tiny epoch 425/2000 iteration 350/390 loss=21.0266 lr=0.00896629
Tiny epoch 425/2000 iteration 390/390 loss=20.9678 lr=0.0089658
Tiny epoch 426/2000 iteration 50/390 loss=20.8939 lr=0.00896518
Tiny epoch 426/2000 iteration 100/390 loss=20.8499 lr=0.00896457
Tiny epoch 426/2000 iteration 150/390 loss=20.8709 lr=0.00896395
Tiny epoch 426/2000 iteration 200/390 loss=20.8897 lr=0.00896333
Tiny epoch 426/2000 iteration 250/390 loss=20.9109 lr=0.00896272
Tiny epoch 426/2000 iteration 300/390 loss=20.9435 lr=0.0089621
Tiny epoch 426/2000 iteration 350/390 loss=20.9413 lr=0.00896148
Tiny epoch 426/2000 iteration 390/390 loss=20.8966 lr=0.00896099
Tiny epoch 427/2000 iteration 50/390 loss=21.0492 lr=0.00896037
Tiny epoch 427/2000 iteration 100/390 loss=20.9549 lr=0.00895975
Tiny epoch 427/2000 iteration 150/390 loss=20.8805 lr=0.00895914
Tiny epoch 427/2000 iteration 200/390 loss=20.8213 lr=0.00895852
Tiny epoch 427/2000 iteration 250/390 loss=20.8338 lr=0.0089579
Tiny epoch 427/2000 iteration 300/390 loss=20.8335 lr=0.00895728
Tiny epoch 427/2000 iteration 350/390 loss=20.8298 lr=0.00895666
Tiny epoch 427/2000 iteration 390/390 loss=20.8952 lr=0.00895617
Tiny epoch 428/2000 iteration 50/390 loss=20.3367 lr=0.00895555
Tiny epoch 428/2000 iteration 100/390 loss=20.2466 lr=0.00895493
Tiny epoch 428/2000 iteration 150/390 loss=20.3352 lr=0.00895431
Tiny epoch 428/2000 iteration 200/390 loss=20.3938 lr=0.00895369
Tiny epoch 428/2000 iteration 250/390 loss=20.4735 lr=0.00895308
Tiny epoch 428/2000 iteration 300/390 loss=20.5955 lr=0.00895246
Tiny epoch 428/2000 iteration 350/390 loss=20.7225 lr=0.00895184
Tiny epoch 428/2000 iteration 390/390 loss=20.7534 lr=0.00895134
Tiny epoch 429/2000 iteration 50/390 loss=20.7753 lr=0.00895072
Tiny epoch 429/2000 iteration 100/390 loss=20.7343 lr=0.0089501
Tiny epoch 429/2000 iteration 150/390 loss=20.8550 lr=0.00894948
Tiny epoch 429/2000 iteration 200/390 loss=20.7856 lr=0.00894886
Tiny epoch 429/2000 iteration 250/390 loss=20.9646 lr=0.00894824
Tiny epoch 429/2000 iteration 300/390 loss=20.9460 lr=0.00894762
Tiny epoch 429/2000 iteration 350/390 loss=20.9396 lr=0.008947
Tiny epoch 429/2000 iteration 390/390 loss=20.9701 lr=0.0089465
Tiny epoch 430/2000 iteration 50/390 loss=20.6247 lr=0.00894588
Tiny epoch 430/2000 iteration 100/390 loss=20.7106 lr=0.00894526
Tiny epoch 430/2000 iteration 150/390 loss=20.7381 lr=0.00894464
Tiny epoch 430/2000 iteration 200/390 loss=20.8316 lr=0.00894402
Tiny epoch 430/2000 iteration 250/390 loss=20.8004 lr=0.00894339
Tiny epoch 430/2000 iteration 300/390 loss=20.8896 lr=0.00894277
Tiny epoch 430/2000 iteration 350/390 loss=20.9675 lr=0.00894215
Tiny epoch 430/2000 iteration 390/390 loss=21.0103 lr=0.00894165
[epoch 430/2000] saved backbone: /home/mmoslem3/scratch/MKDT/krrst_teacher_ckpt/barlow_twins_resnet18_tinyimagenet.pt
Tiny epoch 431/2000 iteration 50/390 loss=20.1870 lr=0.00894103
Tiny epoch 431/2000 iteration 100/390 loss=20.4693 lr=0.00894041
Tiny epoch 431/2000 iteration 150/390 loss=20.5982 lr=0.00893979
Tiny epoch 431/2000 iteration 200/390 loss=20.7740 lr=0.00893916
Tiny epoch 431/2000 iteration 250/390 loss=20.8397 lr=0.00893854
Tiny epoch 431/2000 iteration 300/390 loss=20.8740 lr=0.00893792
Tiny epoch 431/2000 iteration 350/390 loss=20.8019 lr=0.00893729
Tiny epoch 431/2000 iteration 390/390 loss=20.7880 lr=0.00893679
Tiny epoch 432/2000 iteration 50/390 loss=20.9134 lr=0.00893617
Tiny epoch 432/2000 iteration 100/390 loss=21.3063 lr=0.00893555
Tiny epoch 432/2000 iteration 150/390 loss=21.2871 lr=0.00893492
Tiny epoch 432/2000 iteration 200/390 loss=21.1189 lr=0.0089343
Tiny epoch 432/2000 iteration 250/390 loss=21.0975 lr=0.00893367
Tiny epoch 432/2000 iteration 300/390 loss=21.0746 lr=0.00893305
Tiny epoch 432/2000 iteration 350/390 loss=21.0336 lr=0.00893243
Tiny epoch 432/2000 iteration 390/390 loss=21.0833 lr=0.00893193
Tiny epoch 433/2000 iteration 50/390 loss=20.6532 lr=0.0089313
Tiny epoch 433/2000 iteration 100/390 loss=20.7374 lr=0.00893068
Tiny epoch 433/2000 iteration 150/390 loss=20.8198 lr=0.00893005
Tiny epoch 433/2000 iteration 200/390 loss=20.9837 lr=0.00892943
Tiny epoch 433/2000 iteration 250/390 loss=20.8753 lr=0.0089288
Tiny epoch 433/2000 iteration 300/390 loss=20.8169 lr=0.00892817
Tiny epoch 433/2000 iteration 350/390 loss=20.8712 lr=0.00892755
Tiny epoch 433/2000 iteration 390/390 loss=20.9219 lr=0.00892705
Tiny epoch 434/2000 iteration 50/390 loss=20.2605 lr=0.00892642
Tiny epoch 434/2000 iteration 100/390 loss=20.2699 lr=0.0089258
Tiny epoch 434/2000 iteration 150/390 loss=20.3654 lr=0.00892517
Tiny epoch 434/2000 iteration 200/390 loss=20.4704 lr=0.00892454
Tiny epoch 434/2000 iteration 250/390 loss=20.3895 lr=0.00892392
Tiny epoch 434/2000 iteration 300/390 loss=20.4388 lr=0.00892329
Tiny epoch 434/2000 iteration 350/390 loss=20.5728 lr=0.00892266
Tiny epoch 434/2000 iteration 390/390 loss=20.6882 lr=0.00892216
Tiny epoch 435/2000 iteration 50/390 loss=20.7245 lr=0.00892153
Tiny epoch 435/2000 iteration 100/390 loss=20.6260 lr=0.0089209
Tiny epoch 435/2000 iteration 150/390 loss=20.8279 lr=0.00892028
Tiny epoch 435/2000 iteration 200/390 loss=20.7926 lr=0.00891965
Tiny epoch 435/2000 iteration 250/390 loss=20.7936 lr=0.00891902
Tiny epoch 435/2000 iteration 300/390 loss=20.7322 lr=0.00891839
Tiny epoch 435/2000 iteration 350/390 loss=20.7585 lr=0.00891776
Tiny epoch 435/2000 iteration 390/390 loss=20.7319 lr=0.00891726
Tiny epoch 436/2000 iteration 50/390 loss=20.7219 lr=0.00891663
Tiny epoch 436/2000 iteration 100/390 loss=20.5235 lr=0.008916
Tiny epoch 436/2000 iteration 150/390 loss=20.5535 lr=0.00891538
Tiny epoch 436/2000 iteration 200/390 loss=20.6709 lr=0.00891475
Tiny epoch 436/2000 iteration 250/390 loss=20.6009 lr=0.00891412
Tiny epoch 436/2000 iteration 300/390 loss=20.7562 lr=0.00891349
Tiny epoch 436/2000 iteration 350/390 loss=20.7476 lr=0.00891286
Tiny epoch 436/2000 iteration 390/390 loss=20.7342 lr=0.00891235
Tiny epoch 437/2000 iteration 50/390 loss=20.7603 lr=0.00891172
Tiny epoch 437/2000 iteration 100/390 loss=20.5955 lr=0.00891109
Tiny epoch 437/2000 iteration 150/390 loss=20.6996 lr=0.00891046
Tiny epoch 437/2000 iteration 200/390 loss=20.7211 lr=0.00890983
Tiny epoch 437/2000 iteration 250/390 loss=20.6933 lr=0.0089092
Tiny epoch 437/2000 iteration 300/390 loss=20.7675 lr=0.00890857
Tiny epoch 437/2000 iteration 350/390 loss=20.7739 lr=0.00890794
Tiny epoch 437/2000 iteration 390/390 loss=20.8074 lr=0.00890744
Tiny epoch 438/2000 iteration 50/390 loss=20.1878 lr=0.00890681
Tiny epoch 438/2000 iteration 100/390 loss=20.8194 lr=0.00890617
Tiny epoch 438/2000 iteration 150/390 loss=20.9891 lr=0.00890554
Tiny epoch 438/2000 iteration 200/390 loss=20.8020 lr=0.00890491
Tiny epoch 438/2000 iteration 250/390 loss=20.7999 lr=0.00890428
Tiny epoch 438/2000 iteration 300/390 loss=20.8615 lr=0.00890365
Tiny epoch 438/2000 iteration 350/390 loss=20.8926 lr=0.00890302
Tiny epoch 438/2000 iteration 390/390 loss=20.8623 lr=0.00890251
Tiny epoch 439/2000 iteration 50/390 loss=20.0790 lr=0.00890188
Tiny epoch 439/2000 iteration 100/390 loss=20.4319 lr=0.00890125
Tiny epoch 439/2000 iteration 150/390 loss=20.3395 lr=0.00890061
Tiny epoch 439/2000 iteration 200/390 loss=20.3272 lr=0.00889998
Tiny epoch 439/2000 iteration 250/390 loss=20.4294 lr=0.00889935
Tiny epoch 439/2000 iteration 300/390 loss=20.4806 lr=0.00889871
Tiny epoch 439/2000 iteration 350/390 loss=20.5776 lr=0.00889808
Tiny epoch 439/2000 iteration 390/390 loss=20.6221 lr=0.00889757
Tiny epoch 440/2000 iteration 50/390 loss=20.8407 lr=0.00889694
Tiny epoch 440/2000 iteration 100/390 loss=20.7836 lr=0.00889631
Tiny epoch 440/2000 iteration 150/390 loss=20.6542 lr=0.00889567
Tiny epoch 440/2000 iteration 200/390 loss=20.7400 lr=0.00889504
Tiny epoch 440/2000 iteration 250/390 loss=20.6443 lr=0.0088944
Tiny epoch 440/2000 iteration 300/390 loss=20.5831 lr=0.00889377
Tiny epoch 440/2000 iteration 350/390 loss=20.5710 lr=0.00889313
Tiny epoch 440/2000 iteration 390/390 loss=20.6068 lr=0.00889263
[epoch 440/2000] saved backbone: /home/mmoslem3/scratch/MKDT/krrst_teacher_ckpt/barlow_twins_resnet18_tinyimagenet.pt
Tiny epoch 441/2000 iteration 50/390 loss=20.5823 lr=0.00889199
Tiny epoch 441/2000 iteration 100/390 loss=20.6876 lr=0.00889136
Tiny epoch 441/2000 iteration 150/390 loss=20.7792 lr=0.00889072
Tiny epoch 441/2000 iteration 200/390 loss=20.6463 lr=0.00889009
Tiny epoch 441/2000 iteration 250/390 loss=20.6351 lr=0.00888945
Tiny epoch 441/2000 iteration 300/390 loss=20.6518 lr=0.00888882
Tiny epoch 441/2000 iteration 350/390 loss=20.6670 lr=0.00888818
Tiny epoch 441/2000 iteration 390/390 loss=20.6974 lr=0.00888767
Tiny epoch 442/2000 iteration 50/390 loss=20.3186 lr=0.00888703
Tiny epoch 442/2000 iteration 100/390 loss=20.5791 lr=0.0088864
Tiny epoch 442/2000 iteration 150/390 loss=20.6196 lr=0.00888576
Tiny epoch 442/2000 iteration 200/390 loss=20.7633 lr=0.00888513
Tiny epoch 442/2000 iteration 250/390 loss=20.7661 lr=0.00888449
Tiny epoch 442/2000 iteration 300/390 loss=20.6917 lr=0.00888385
Tiny epoch 442/2000 iteration 350/390 loss=20.6967 lr=0.00888322
Tiny epoch 442/2000 iteration 390/390 loss=20.7298 lr=0.00888271
Tiny epoch 443/2000 iteration 50/390 loss=20.2059 lr=0.00888207
Tiny epoch 443/2000 iteration 100/390 loss=20.4386 lr=0.00888143
Tiny epoch 443/2000 iteration 150/390 loss=20.6780 lr=0.00888079
Tiny epoch 443/2000 iteration 200/390 loss=20.7749 lr=0.00888015
Tiny epoch 443/2000 iteration 250/390 loss=20.7810 lr=0.00887952
Tiny epoch 443/2000 iteration 300/390 loss=20.8352 lr=0.00887888
Tiny epoch 443/2000 iteration 350/390 loss=20.8435 lr=0.00887824
Tiny epoch 443/2000 iteration 390/390 loss=20.9188 lr=0.00887773
Tiny epoch 444/2000 iteration 50/390 loss=20.0085 lr=0.00887709
Tiny epoch 444/2000 iteration 100/390 loss=20.0826 lr=0.00887645
Tiny epoch 444/2000 iteration 150/390 loss=20.3776 lr=0.00887581
Tiny epoch 444/2000 iteration 200/390 loss=20.4473 lr=0.00887517
Tiny epoch 444/2000 iteration 250/390 loss=20.5012 lr=0.00887454
Tiny epoch 444/2000 iteration 300/390 loss=20.5836 lr=0.0088739
Tiny epoch 444/2000 iteration 350/390 loss=20.6866 lr=0.00887326
Tiny epoch 444/2000 iteration 390/390 loss=20.6314 lr=0.00887274
Tiny epoch 445/2000 iteration 50/390 loss=20.1616 lr=0.0088721
Tiny epoch 445/2000 iteration 100/390 loss=20.5908 lr=0.00887146
Tiny epoch 445/2000 iteration 150/390 loss=20.6454 lr=0.00887082
Tiny epoch 445/2000 iteration 200/390 loss=20.7013 lr=0.00887018
Tiny epoch 445/2000 iteration 250/390 loss=20.6934 lr=0.00886954
Tiny epoch 445/2000 iteration 300/390 loss=20.7820 lr=0.0088689
Tiny epoch 445/2000 iteration 350/390 loss=20.7821 lr=0.00886826
Tiny epoch 445/2000 iteration 390/390 loss=20.8632 lr=0.00886775
Tiny epoch 446/2000 iteration 50/390 loss=20.0584 lr=0.00886711
Tiny epoch 446/2000 iteration 100/390 loss=20.4084 lr=0.00886647
Tiny epoch 446/2000 iteration 150/390 loss=20.7054 lr=0.00886583
Tiny epoch 446/2000 iteration 200/390 loss=20.6748 lr=0.00886518
Tiny epoch 446/2000 iteration 250/390 loss=20.6130 lr=0.00886454
Tiny epoch 446/2000 iteration 300/390 loss=20.5364 lr=0.0088639
Tiny epoch 446/2000 iteration 350/390 loss=20.5992 lr=0.00886326
Tiny epoch 446/2000 iteration 390/390 loss=20.6990 lr=0.00886275
Tiny epoch 447/2000 iteration 50/390 loss=20.6737 lr=0.0088621
Tiny epoch 447/2000 iteration 100/390 loss=20.4452 lr=0.00886146
Tiny epoch 447/2000 iteration 150/390 loss=20.5751 lr=0.00886082
Tiny epoch 447/2000 iteration 200/390 loss=20.6443 lr=0.00886018
Tiny epoch 447/2000 iteration 250/390 loss=20.7364 lr=0.00885953
Tiny epoch 447/2000 iteration 300/390 loss=20.8236 lr=0.00885889
Tiny epoch 447/2000 iteration 350/390 loss=20.7670 lr=0.00885825
Tiny epoch 447/2000 iteration 390/390 loss=20.7733 lr=0.00885773
Tiny epoch 448/2000 iteration 50/390 loss=21.1844 lr=0.00885709
Tiny epoch 448/2000 iteration 100/390 loss=20.7357 lr=0.00885644
Tiny epoch 448/2000 iteration 150/390 loss=20.7951 lr=0.0088558
Tiny epoch 448/2000 iteration 200/390 loss=20.7825 lr=0.00885516
Tiny epoch 448/2000 iteration 250/390 loss=20.8653 lr=0.00885451
Tiny epoch 448/2000 iteration 300/390 loss=20.8806 lr=0.00885387
Tiny epoch 448/2000 iteration 350/390 loss=20.9077 lr=0.00885322
Tiny epoch 448/2000 iteration 390/390 loss=20.9531 lr=0.00885271
Tiny epoch 449/2000 iteration 50/390 loss=20.5652 lr=0.00885206
Tiny epoch 449/2000 iteration 100/390 loss=20.5101 lr=0.00885142
Tiny epoch 449/2000 iteration 150/390 loss=20.3579 lr=0.00885077
Tiny epoch 449/2000 iteration 200/390 loss=20.4958 lr=0.00885013
Tiny epoch 449/2000 iteration 250/390 loss=20.5453 lr=0.00884948
Tiny epoch 449/2000 iteration 300/390 loss=20.5617 lr=0.00884884
Tiny epoch 449/2000 iteration 350/390 loss=20.6195 lr=0.00884819
Tiny epoch 449/2000 iteration 390/390 loss=20.6517 lr=0.00884768
Tiny epoch 450/2000 iteration 50/390 loss=20.5400 lr=0.00884703
Tiny epoch 450/2000 iteration 100/390 loss=20.5905 lr=0.00884638
Tiny epoch 450/2000 iteration 150/390 loss=20.4649 lr=0.00884574
Tiny epoch 450/2000 iteration 200/390 loss=20.4609 lr=0.00884509
Tiny epoch 450/2000 iteration 250/390 loss=20.4600 lr=0.00884444
Tiny epoch 450/2000 iteration 300/390 loss=20.5255 lr=0.0088438
Tiny epoch 450/2000 iteration 350/390 loss=20.5044 lr=0.00884315
Tiny epoch 450/2000 iteration 390/390 loss=20.5809 lr=0.00884263
[epoch 450/2000] saved backbone: /home/mmoslem3/scratch/MKDT/krrst_teacher_ckpt/barlow_twins_resnet18_tinyimagenet.pt
Tiny epoch 451/2000 iteration 50/390 loss=20.4514 lr=0.00884199
Tiny epoch 451/2000 iteration 100/390 loss=20.4615 lr=0.00884134
Tiny epoch 451/2000 iteration 150/390 loss=20.5104 lr=0.00884069
Tiny epoch 451/2000 iteration 200/390 loss=20.6039 lr=0.00884004
Tiny epoch 451/2000 iteration 250/390 loss=20.5988 lr=0.00883939
Tiny epoch 451/2000 iteration 300/390 loss=20.7198 lr=0.00883875
Tiny epoch 451/2000 iteration 350/390 loss=20.8217 lr=0.0088381
Tiny epoch 451/2000 iteration 390/390 loss=20.7609 lr=0.00883758
Tiny epoch 452/2000 iteration 50/390 loss=20.1371 lr=0.00883693
Tiny epoch 452/2000 iteration 100/390 loss=20.4097 lr=0.00883628
Tiny epoch 452/2000 iteration 150/390 loss=20.3652 lr=0.00883563
Tiny epoch 452/2000 iteration 200/390 loss=20.5272 lr=0.00883499
Tiny epoch 452/2000 iteration 250/390 loss=20.6196 lr=0.00883434
Tiny epoch 452/2000 iteration 300/390 loss=20.5835 lr=0.00883369
Tiny epoch 452/2000 iteration 350/390 loss=20.6330 lr=0.00883304
Tiny epoch 452/2000 iteration 390/390 loss=20.6589 lr=0.00883252
Tiny epoch 453/2000 iteration 50/390 loss=20.8393 lr=0.00883187
Tiny epoch 453/2000 iteration 100/390 loss=20.7837 lr=0.00883122
Tiny epoch 453/2000 iteration 150/390 loss=20.7790 lr=0.00883057
Tiny epoch 453/2000 iteration 200/390 loss=20.7350 lr=0.00882992
Tiny epoch 453/2000 iteration 250/390 loss=20.7232 lr=0.00882927
Tiny epoch 453/2000 iteration 300/390 loss=20.7530 lr=0.00882862
Tiny epoch 453/2000 iteration 350/390 loss=20.7553 lr=0.00882797
Tiny epoch 453/2000 iteration 390/390 loss=20.7577 lr=0.00882745
Tiny epoch 454/2000 iteration 50/390 loss=21.1972 lr=0.0088268
Tiny epoch 454/2000 iteration 100/390 loss=21.0486 lr=0.00882614
Tiny epoch 454/2000 iteration 150/390 loss=20.7646 lr=0.00882549
Tiny epoch 454/2000 iteration 200/390 loss=20.7058 lr=0.00882484
Tiny epoch 454/2000 iteration 250/390 loss=20.6934 lr=0.00882419
Tiny epoch 454/2000 iteration 300/390 loss=20.8100 lr=0.00882354
Tiny epoch 454/2000 iteration 350/390 loss=20.8656 lr=0.00882289
Tiny epoch 454/2000 iteration 390/390 loss=20.8524 lr=0.00882237
Tiny epoch 455/2000 iteration 50/390 loss=21.0117 lr=0.00882171
Tiny epoch 455/2000 iteration 100/390 loss=20.7346 lr=0.00882106
Tiny epoch 455/2000 iteration 150/390 loss=20.8451 lr=0.00882041
Tiny epoch 455/2000 iteration 200/390 loss=20.8080 lr=0.00881976
Tiny epoch 455/2000 iteration 250/390 loss=20.8009 lr=0.0088191
Tiny epoch 455/2000 iteration 300/390 loss=20.6769 lr=0.00881845
Tiny epoch 455/2000 iteration 350/390 loss=20.7357 lr=0.0088178
Tiny epoch 455/2000 iteration 390/390 loss=20.7670 lr=0.00881728
Tiny epoch 456/2000 iteration 50/390 loss=20.5397 lr=0.00881662
Tiny epoch 456/2000 iteration 100/390 loss=20.3784 lr=0.00881597
Tiny epoch 456/2000 iteration 150/390 loss=20.4552 lr=0.00881532
Tiny epoch 456/2000 iteration 200/390 loss=20.4560 lr=0.00881466
Tiny epoch 456/2000 iteration 250/390 loss=20.4616 lr=0.00881401
Tiny epoch 456/2000 iteration 300/390 loss=20.4968 lr=0.00881335
Tiny epoch 456/2000 iteration 350/390 loss=20.6026 lr=0.0088127
Tiny epoch 456/2000 iteration 390/390 loss=20.6692 lr=0.00881218
Tiny epoch 457/2000 iteration 50/390 loss=20.7452 lr=0.00881152
Tiny epoch 457/2000 iteration 100/390 loss=20.8160 lr=0.00881087
Tiny epoch 457/2000 iteration 150/390 loss=20.8680 lr=0.00881021
Tiny epoch 457/2000 iteration 200/390 loss=20.8480 lr=0.00880956
Tiny epoch 457/2000 iteration 250/390 loss=20.8864 lr=0.0088089
Tiny epoch 457/2000 iteration 300/390 loss=20.8955 lr=0.00880825
Tiny epoch 457/2000 iteration 350/390 loss=20.8342 lr=0.00880759
Tiny epoch 457/2000 iteration 390/390 loss=20.7920 lr=0.00880707
Tiny epoch 458/2000 iteration 50/390 loss=20.3737 lr=0.00880641
Tiny epoch 458/2000 iteration 100/390 loss=20.3396 lr=0.00880575
Tiny epoch 458/2000 iteration 150/390 loss=20.4097 lr=0.0088051
Tiny epoch 458/2000 iteration 200/390 loss=20.5364 lr=0.00880444
Tiny epoch 458/2000 iteration 250/390 loss=20.6828 lr=0.00880379
Tiny epoch 458/2000 iteration 300/390 loss=20.7385 lr=0.00880313
Tiny epoch 458/2000 iteration 350/390 loss=20.7727 lr=0.00880247
Tiny epoch 458/2000 iteration 390/390 loss=20.7582 lr=0.00880195
Tiny epoch 459/2000 iteration 50/390 loss=20.0435 lr=0.00880129
Tiny epoch 459/2000 iteration 100/390 loss=20.4054 lr=0.00880063
Tiny epoch 459/2000 iteration 150/390 loss=20.3798 lr=0.00879998
Tiny epoch 459/2000 iteration 200/390 loss=20.3982 lr=0.00879932
Tiny epoch 459/2000 iteration 250/390 loss=20.4258 lr=0.00879866
Tiny epoch 459/2000 iteration 300/390 loss=20.3777 lr=0.008798
Tiny epoch 459/2000 iteration 350/390 loss=20.3441 lr=0.00879735
Tiny epoch 459/2000 iteration 390/390 loss=20.3521 lr=0.00879682
Tiny epoch 460/2000 iteration 50/390 loss=20.3932 lr=0.00879616
Tiny epoch 460/2000 iteration 100/390 loss=20.2440 lr=0.0087955
Tiny epoch 460/2000 iteration 150/390 loss=20.2305 lr=0.00879484
Tiny epoch 460/2000 iteration 200/390 loss=20.3250 lr=0.00879419
Tiny epoch 460/2000 iteration 250/390 loss=20.3455 lr=0.00879353
Tiny epoch 460/2000 iteration 300/390 loss=20.4275 lr=0.00879287
Tiny epoch 460/2000 iteration 350/390 loss=20.4290 lr=0.00879221
Tiny epoch 460/2000 iteration 390/390 loss=20.4536 lr=0.00879168
[epoch 460/2000] saved backbone: /home/mmoslem3/scratch/MKDT/krrst_teacher_ckpt/barlow_twins_resnet18_tinyimagenet.pt
Tiny epoch 461/2000 iteration 50/390 loss=20.7553 lr=0.00879102
Tiny epoch 461/2000 iteration 100/390 loss=20.7504 lr=0.00879036
Tiny epoch 461/2000 iteration 150/390 loss=20.5847 lr=0.0087897
Tiny epoch 461/2000 iteration 200/390 loss=20.6614 lr=0.00878904
Tiny epoch 461/2000 iteration 250/390 loss=20.7613 lr=0.00878838
Tiny epoch 461/2000 iteration 300/390 loss=20.8020 lr=0.00878772
Tiny epoch 461/2000 iteration 350/390 loss=20.8605 lr=0.00878706
Tiny epoch 461/2000 iteration 390/390 loss=20.8737 lr=0.00878653
Tiny epoch 462/2000 iteration 50/390 loss=20.7476 lr=0.00878587
Tiny epoch 462/2000 iteration 100/390 loss=20.5619 lr=0.00878521
Tiny epoch 462/2000 iteration 150/390 loss=20.6997 lr=0.00878455
Tiny epoch 462/2000 iteration 200/390 loss=20.6506 lr=0.00878389
Tiny epoch 462/2000 iteration 250/390 loss=20.5310 lr=0.00878323
Tiny epoch 462/2000 iteration 300/390 loss=20.4551 lr=0.00878257
Tiny epoch 462/2000 iteration 350/390 loss=20.4768 lr=0.00878191
Tiny epoch 462/2000 iteration 390/390 loss=20.5142 lr=0.00878138
Tiny epoch 463/2000 iteration 50/390 loss=20.8237 lr=0.00878072
Tiny epoch 463/2000 iteration 100/390 loss=20.5305 lr=0.00878005
Tiny epoch 463/2000 iteration 150/390 loss=20.5931 lr=0.00877939
Tiny epoch 463/2000 iteration 200/390 loss=20.6882 lr=0.00877873
Tiny epoch 463/2000 iteration 250/390 loss=20.6555 lr=0.00877807
Tiny epoch 463/2000 iteration 300/390 loss=20.6555 lr=0.0087774
Tiny epoch 463/2000 iteration 350/390 loss=20.5926 lr=0.00877674
Tiny epoch 463/2000 iteration 390/390 loss=20.5717 lr=0.00877621
Tiny epoch 464/2000 iteration 50/390 loss=19.4760 lr=0.00877555
Tiny epoch 464/2000 iteration 100/390 loss=20.0524 lr=0.00877488
Tiny epoch 464/2000 iteration 150/390 loss=20.1638 lr=0.00877422
Tiny epoch 464/2000 iteration 200/390 loss=20.2885 lr=0.00877356
Tiny epoch 464/2000 iteration 250/390 loss=20.2690 lr=0.00877289
Tiny epoch 464/2000 iteration 300/390 loss=20.3581 lr=0.00877223
Tiny epoch 464/2000 iteration 350/390 loss=20.4470 lr=0.00877157
Tiny epoch 464/2000 iteration 390/390 loss=20.4750 lr=0.00877104
Tiny epoch 465/2000 iteration 50/390 loss=20.3194 lr=0.00877037
Tiny epoch 465/2000 iteration 100/390 loss=20.4733 lr=0.00876971
Tiny epoch 465/2000 iteration 150/390 loss=20.3776 lr=0.00876904
Tiny epoch 465/2000 iteration 200/390 loss=20.3876 lr=0.00876838
Tiny epoch 465/2000 iteration 250/390 loss=20.5145 lr=0.00876771
Tiny epoch 465/2000 iteration 300/390 loss=20.5436 lr=0.00876705
Tiny epoch 465/2000 iteration 350/390 loss=20.6095 lr=0.00876638
Tiny epoch 465/2000 iteration 390/390 loss=20.6720 lr=0.00876585
Tiny epoch 466/2000 iteration 50/390 loss=19.9917 lr=0.00876519
Tiny epoch 466/2000 iteration 100/390 loss=20.2813 lr=0.00876452
Tiny epoch 466/2000 iteration 150/390 loss=20.1890 lr=0.00876385
Tiny epoch 466/2000 iteration 200/390 loss=20.1545 lr=0.00876319
Tiny epoch 466/2000 iteration 250/390 loss=20.1637 lr=0.00876252
Tiny epoch 466/2000 iteration 300/390 loss=20.2844 lr=0.00876186
Tiny epoch 466/2000 iteration 350/390 loss=20.3416 lr=0.00876119
Tiny epoch 466/2000 iteration 390/390 loss=20.4152 lr=0.00876066
Tiny epoch 467/2000 iteration 50/390 loss=20.6177 lr=0.00875999
Tiny epoch 467/2000 iteration 100/390 loss=20.2535 lr=0.00875932
Tiny epoch 467/2000 iteration 150/390 loss=20.2486 lr=0.00875866
Tiny epoch 467/2000 iteration 200/390 loss=20.3088 lr=0.00875799
Tiny epoch 467/2000 iteration 250/390 loss=20.3313 lr=0.00875732
Tiny epoch 467/2000 iteration 300/390 loss=20.3961 lr=0.00875665
Tiny epoch 467/2000 iteration 350/390 loss=20.4540 lr=0.00875599
Tiny epoch 467/2000 iteration 390/390 loss=20.5153 lr=0.00875545
Tiny epoch 468/2000 iteration 50/390 loss=20.6166 lr=0.00875479
Tiny epoch 468/2000 iteration 100/390 loss=20.6751 lr=0.00875412
Tiny epoch 468/2000 iteration 150/390 loss=20.6620 lr=0.00875345
Tiny epoch 468/2000 iteration 200/390 loss=20.6832 lr=0.00875278
Tiny epoch 468/2000 iteration 250/390 loss=20.7091 lr=0.00875211
Tiny epoch 468/2000 iteration 300/390 loss=20.6984 lr=0.00875144
Tiny epoch 468/2000 iteration 350/390 loss=20.7707 lr=0.00875078
Tiny epoch 468/2000 iteration 390/390 loss=20.7715 lr=0.00875024
Tiny epoch 469/2000 iteration 50/390 loss=19.6944 lr=0.00874957
Tiny epoch 469/2000 iteration 100/390 loss=20.2609 lr=0.0087489
Tiny epoch 469/2000 iteration 150/390 loss=20.2391 lr=0.00874823
Tiny epoch 469/2000 iteration 200/390 loss=20.2035 lr=0.00874756
Tiny epoch 469/2000 iteration 250/390 loss=20.2144 lr=0.00874689
Tiny epoch 469/2000 iteration 300/390 loss=20.3423 lr=0.00874622
Tiny epoch 469/2000 iteration 350/390 loss=20.3568 lr=0.00874555
Tiny epoch 469/2000 iteration 390/390 loss=20.3810 lr=0.00874502
Tiny epoch 470/2000 iteration 50/390 loss=20.0369 lr=0.00874435
Tiny epoch 470/2000 iteration 100/390 loss=20.4483 lr=0.00874368
Tiny epoch 470/2000 iteration 150/390 loss=20.4119 lr=0.00874301
Tiny epoch 470/2000 iteration 200/390 loss=20.5742 lr=0.00874234
Tiny epoch 470/2000 iteration 250/390 loss=20.6191 lr=0.00874167
Tiny epoch 470/2000 iteration 300/390 loss=20.6683 lr=0.00874099
Tiny epoch 470/2000 iteration 350/390 loss=20.6777 lr=0.00874032
Tiny epoch 470/2000 iteration 390/390 loss=20.6535 lr=0.00873979
[epoch 470/2000] saved backbone: /home/mmoslem3/scratch/MKDT/krrst_teacher_ckpt/barlow_twins_resnet18_tinyimagenet.pt
Tiny epoch 471/2000 iteration 50/390 loss=20.2237 lr=0.00873911
Tiny epoch 471/2000 iteration 100/390 loss=20.3917 lr=0.00873844
Tiny epoch 471/2000 iteration 150/390 loss=20.6538 lr=0.00873777
Tiny epoch 471/2000 iteration 200/390 loss=20.6929 lr=0.0087371
Tiny epoch 471/2000 iteration 250/390 loss=20.7052 lr=0.00873643
Tiny epoch 471/2000 iteration 300/390 loss=20.6534 lr=0.00873576
Tiny epoch 471/2000 iteration 350/390 loss=20.6388 lr=0.00873508
Tiny epoch 471/2000 iteration 390/390 loss=20.5974 lr=0.00873455
Tiny epoch 472/2000 iteration 50/390 loss=19.5615 lr=0.00873387
Tiny epoch 472/2000 iteration 100/390 loss=20.0679 lr=0.0087332
Tiny epoch 472/2000 iteration 150/390 loss=20.3495 lr=0.00873253
Tiny epoch 472/2000 iteration 200/390 loss=20.3939 lr=0.00873185
Tiny epoch 472/2000 iteration 250/390 loss=20.5208 lr=0.00873118
Tiny epoch 472/2000 iteration 300/390 loss=20.5301 lr=0.00873051
Tiny epoch 472/2000 iteration 350/390 loss=20.6868 lr=0.00872983
Tiny epoch 472/2000 iteration 390/390 loss=20.7058 lr=0.00872929
Tiny epoch 473/2000 iteration 50/390 loss=20.6483 lr=0.00872862
Tiny epoch 473/2000 iteration 100/390 loss=20.5255 lr=0.00872795
Tiny epoch 473/2000 iteration 150/390 loss=20.3988 lr=0.00872727
Tiny epoch 473/2000 iteration 200/390 loss=20.3580 lr=0.0087266
Tiny epoch 473/2000 iteration 250/390 loss=20.3656 lr=0.00872592
Tiny epoch 473/2000 iteration 300/390 loss=20.4260 lr=0.00872525
Tiny epoch 473/2000 iteration 350/390 loss=20.4688 lr=0.00872458
Tiny epoch 473/2000 iteration 390/390 loss=20.4742 lr=0.00872404
Tiny epoch 474/2000 iteration 50/390 loss=20.5135 lr=0.00872336
Tiny epoch 474/2000 iteration 100/390 loss=20.2611 lr=0.00872269
Tiny epoch 474/2000 iteration 150/390 loss=20.2313 lr=0.00872201
Tiny epoch 474/2000 iteration 200/390 loss=20.2561 lr=0.00872133
Tiny epoch 474/2000 iteration 250/390 loss=20.2574 lr=0.00872066
Tiny epoch 474/2000 iteration 300/390 loss=20.3583 lr=0.00871998
Tiny epoch 474/2000 iteration 350/390 loss=20.4176 lr=0.00871931
Tiny epoch 474/2000 iteration 390/390 loss=20.4789 lr=0.00871877
Tiny epoch 475/2000 iteration 50/390 loss=19.9366 lr=0.00871809
Tiny epoch 475/2000 iteration 100/390 loss=20.1784 lr=0.00871741
Tiny epoch 475/2000 iteration 150/390 loss=20.3073 lr=0.00871674
Tiny epoch 475/2000 iteration 200/390 loss=20.4585 lr=0.00871606
Tiny epoch 475/2000 iteration 250/390 loss=20.3850 lr=0.00871538
Tiny epoch 475/2000 iteration 300/390 loss=20.4955 lr=0.00871471
Tiny epoch 475/2000 iteration 350/390 loss=20.5127 lr=0.00871403
Tiny epoch 475/2000 iteration 390/390 loss=20.5394 lr=0.00871349
Tiny epoch 476/2000 iteration 50/390 loss=20.1922 lr=0.00871281
Tiny epoch 476/2000 iteration 100/390 loss=20.4071 lr=0.00871213
Tiny epoch 476/2000 iteration 150/390 loss=20.3974 lr=0.00871146
Tiny epoch 476/2000 iteration 200/390 loss=20.3524 lr=0.00871078
Tiny epoch 476/2000 iteration 250/390 loss=20.3444 lr=0.0087101
Tiny epoch 476/2000 iteration 300/390 loss=20.3966 lr=0.00870942
Tiny epoch 476/2000 iteration 350/390 loss=20.4259 lr=0.00870874
Tiny epoch 476/2000 iteration 390/390 loss=20.4920 lr=0.0087082
Tiny epoch 477/2000 iteration 50/390 loss=20.4235 lr=0.00870752
Tiny epoch 477/2000 iteration 100/390 loss=20.1358 lr=0.00870684
Tiny epoch 477/2000 iteration 150/390 loss=20.1906 lr=0.00870617
Tiny epoch 477/2000 iteration 200/390 loss=20.1609 lr=0.00870549
Tiny epoch 477/2000 iteration 250/390 loss=20.2456 lr=0.00870481
Tiny epoch 477/2000 iteration 300/390 loss=20.3877 lr=0.00870413
Tiny epoch 477/2000 iteration 350/390 loss=20.4521 lr=0.00870345
Tiny epoch 477/2000 iteration 390/390 loss=20.4539 lr=0.0087029
Tiny epoch 478/2000 iteration 50/390 loss=20.3314 lr=0.00870223
Tiny epoch 478/2000 iteration 100/390 loss=20.3932 lr=0.00870155
Tiny epoch 478/2000 iteration 150/390 loss=20.4741 lr=0.00870087
Tiny epoch 478/2000 iteration 200/390 loss=20.6272 lr=0.00870019
Tiny epoch 478/2000 iteration 250/390 loss=20.6292 lr=0.0086995
Tiny epoch 478/2000 iteration 300/390 loss=20.6386 lr=0.00869882
Tiny epoch 478/2000 iteration 350/390 loss=20.7092 lr=0.00869814
Tiny epoch 478/2000 iteration 390/390 loss=20.7354 lr=0.0086976
Tiny epoch 479/2000 iteration 50/390 loss=20.2213 lr=0.00869692
Tiny epoch 479/2000 iteration 100/390 loss=20.2647 lr=0.00869624
Tiny epoch 479/2000 iteration 150/390 loss=20.2622 lr=0.00869556
Tiny epoch 479/2000 iteration 200/390 loss=20.3415 lr=0.00869487
Tiny epoch 479/2000 iteration 250/390 loss=20.2671 lr=0.00869419
Tiny epoch 479/2000 iteration 300/390 loss=20.2954 lr=0.00869351
Tiny epoch 479/2000 iteration 350/390 loss=20.2821 lr=0.00869283
Tiny epoch 479/2000 iteration 390/390 loss=20.3056 lr=0.00869228
Tiny epoch 480/2000 iteration 50/390 loss=20.4736 lr=0.0086916
Tiny epoch 480/2000 iteration 100/390 loss=20.4564 lr=0.00869092
Tiny epoch 480/2000 iteration 150/390 loss=20.5346 lr=0.00869024
Tiny epoch 480/2000 iteration 200/390 loss=20.5572 lr=0.00868956
Tiny epoch 480/2000 iteration 250/390 loss=20.5014 lr=0.00868887
Tiny epoch 480/2000 iteration 300/390 loss=20.4895 lr=0.00868819
Tiny epoch 480/2000 iteration 350/390 loss=20.4553 lr=0.00868751
Tiny epoch 480/2000 iteration 390/390 loss=20.4745 lr=0.00868696
[epoch 480/2000] saved backbone: /home/mmoslem3/scratch/MKDT/krrst_teacher_ckpt/barlow_twins_resnet18_tinyimagenet.pt
Tiny epoch 481/2000 iteration 50/390 loss=19.7139 lr=0.00868628
Tiny epoch 481/2000 iteration 100/390 loss=20.1942 lr=0.00868559
Tiny epoch 481/2000 iteration 150/390 loss=20.3503 lr=0.00868491
Tiny epoch 481/2000 iteration 200/390 loss=20.2994 lr=0.00868423
Tiny epoch 481/2000 iteration 250/390 loss=20.3537 lr=0.00868354
Tiny epoch 481/2000 iteration 300/390 loss=20.3714 lr=0.00868286
Tiny epoch 481/2000 iteration 350/390 loss=20.4408 lr=0.00868217
Tiny epoch 481/2000 iteration 390/390 loss=20.4207 lr=0.00868163
Tiny epoch 482/2000 iteration 50/390 loss=20.3782 lr=0.00868094
Tiny epoch 482/2000 iteration 100/390 loss=20.3198 lr=0.00868026
Tiny epoch 482/2000 iteration 150/390 loss=20.0932 lr=0.00867957
Tiny epoch 482/2000 iteration 200/390 loss=20.1259 lr=0.00867889
Tiny epoch 482/2000 iteration 250/390 loss=20.2585 lr=0.0086782
Tiny epoch 482/2000 iteration 300/390 loss=20.2757 lr=0.00867752
Tiny epoch 482/2000 iteration 350/390 loss=20.3563 lr=0.00867683
Tiny epoch 482/2000 iteration 390/390 loss=20.4527 lr=0.00867628
Tiny epoch 483/2000 iteration 50/390 loss=20.6752 lr=0.0086756
Tiny epoch 483/2000 iteration 100/390 loss=20.4525 lr=0.00867491
Tiny epoch 483/2000 iteration 150/390 loss=20.4834 lr=0.00867423
Tiny epoch 483/2000 iteration 200/390 loss=20.3681 lr=0.00867354
Tiny epoch 483/2000 iteration 250/390 loss=20.3323 lr=0.00867286
Tiny epoch 483/2000 iteration 300/390 loss=20.4442 lr=0.00867217
Tiny epoch 483/2000 iteration 350/390 loss=20.4838 lr=0.00867148
Tiny epoch 483/2000 iteration 390/390 loss=20.4793 lr=0.00867093
Tiny epoch 484/2000 iteration 50/390 loss=20.2144 lr=0.00867025
Tiny epoch 484/2000 iteration 100/390 loss=20.4571 lr=0.00866956
Tiny epoch 484/2000 iteration 150/390 loss=20.4127 lr=0.00866887
Tiny epoch 484/2000 iteration 200/390 loss=20.4035 lr=0.00866819
Tiny epoch 484/2000 iteration 250/390 loss=20.4549 lr=0.0086675
Tiny epoch 484/2000 iteration 300/390 loss=20.5688 lr=0.00866681
Tiny epoch 484/2000 iteration 350/390 loss=20.6210 lr=0.00866612
Tiny epoch 484/2000 iteration 390/390 loss=20.5985 lr=0.00866557
Tiny epoch 485/2000 iteration 50/390 loss=20.6179 lr=0.00866488
Tiny epoch 485/2000 iteration 100/390 loss=20.3910 lr=0.0086642
Tiny epoch 485/2000 iteration 150/390 loss=20.3400 lr=0.00866351
Tiny epoch 485/2000 iteration 200/390 loss=20.4145 lr=0.00866282
Tiny epoch 485/2000 iteration 250/390 loss=20.4438 lr=0.00866213
Tiny epoch 485/2000 iteration 300/390 loss=20.5174 lr=0.00866144
Tiny epoch 485/2000 iteration 350/390 loss=20.4993 lr=0.00866075
Tiny epoch 485/2000 iteration 390/390 loss=20.5811 lr=0.0086602
Tiny epoch 486/2000 iteration 50/390 loss=20.4075 lr=0.00865951
Tiny epoch 486/2000 iteration 100/390 loss=20.2078 lr=0.00865882
Tiny epoch 486/2000 iteration 150/390 loss=20.1381 lr=0.00865813
Tiny epoch 486/2000 iteration 200/390 loss=20.2899 lr=0.00865745
Tiny epoch 486/2000 iteration 250/390 loss=20.3248 lr=0.00865676
Tiny epoch 486/2000 iteration 300/390 loss=20.3107 lr=0.00865607
Tiny epoch 486/2000 iteration 350/390 loss=20.4165 lr=0.00865538
Tiny epoch 486/2000 iteration 390/390 loss=20.4735 lr=0.00865482
Tiny epoch 487/2000 iteration 50/390 loss=20.1529 lr=0.00865413
Tiny epoch 487/2000 iteration 100/390 loss=20.2884 lr=0.00865344
Tiny epoch 487/2000 iteration 150/390 loss=20.2593 lr=0.00865275
Tiny epoch 487/2000 iteration 200/390 loss=20.2335 lr=0.00865206
Tiny epoch 487/2000 iteration 250/390 loss=20.3548 lr=0.00865137
Tiny epoch 487/2000 iteration 300/390 loss=20.4295 lr=0.00865068
Tiny epoch 487/2000 iteration 350/390 loss=20.3627 lr=0.00864999
Tiny epoch 487/2000 iteration 390/390 loss=20.3548 lr=0.00864944
Tiny epoch 488/2000 iteration 50/390 loss=20.3398 lr=0.00864874
Tiny epoch 488/2000 iteration 100/390 loss=20.1583 lr=0.00864805
Tiny epoch 488/2000 iteration 150/390 loss=20.0768 lr=0.00864736
Tiny epoch 488/2000 iteration 200/390 loss=20.0508 lr=0.00864667
Tiny epoch 488/2000 iteration 250/390 loss=20.1199 lr=0.00864598
Tiny epoch 488/2000 iteration 300/390 loss=20.1896 lr=0.00864528
Tiny epoch 488/2000 iteration 350/390 loss=20.2943 lr=0.00864459
Tiny epoch 488/2000 iteration 390/390 loss=20.3245 lr=0.00864404
Tiny epoch 489/2000 iteration 50/390 loss=20.0505 lr=0.00864335
Tiny epoch 489/2000 iteration 100/390 loss=20.3097 lr=0.00864265
Tiny epoch 489/2000 iteration 150/390 loss=20.3103 lr=0.00864196
Tiny epoch 489/2000 iteration 200/390 loss=20.3320 lr=0.00864127
Tiny epoch 489/2000 iteration 250/390 loss=20.4269 lr=0.00864057
Tiny epoch 489/2000 iteration 300/390 loss=20.5245 lr=0.00863988
Tiny epoch 489/2000 iteration 350/390 loss=20.4944 lr=0.00863919
Tiny epoch 489/2000 iteration 390/390 loss=20.5040 lr=0.00863863
Tiny epoch 490/2000 iteration 50/390 loss=19.9636 lr=0.00863794
Tiny epoch 490/2000 iteration 100/390 loss=20.0729 lr=0.00863724
Tiny epoch 490/2000 iteration 150/390 loss=20.1120 lr=0.00863655
Tiny epoch 490/2000 iteration 200/390 loss=20.1434 lr=0.00863586
Tiny epoch 490/2000 iteration 250/390 loss=20.2347 lr=0.00863516
Tiny epoch 490/2000 iteration 300/390 loss=20.2990 lr=0.00863447
Tiny epoch 490/2000 iteration 350/390 loss=20.3469 lr=0.00863377
Tiny epoch 490/2000 iteration 390/390 loss=20.4550 lr=0.00863322
[epoch 490/2000] saved backbone: /home/mmoslem3/scratch/MKDT/krrst_teacher_ckpt/barlow_twins_resnet18_tinyimagenet.pt
Tiny epoch 491/2000 iteration 50/390 loss=20.5777 lr=0.00863252
Tiny epoch 491/2000 iteration 100/390 loss=20.6310 lr=0.00863183
Tiny epoch 491/2000 iteration 150/390 loss=20.7009 lr=0.00863113
Tiny epoch 491/2000 iteration 200/390 loss=20.5699 lr=0.00863044
Tiny epoch 491/2000 iteration 250/390 loss=20.5695 lr=0.00862974
Tiny epoch 491/2000 iteration 300/390 loss=20.4919 lr=0.00862905
Tiny epoch 491/2000 iteration 350/390 loss=20.4837 lr=0.00862835
Tiny epoch 491/2000 iteration 390/390 loss=20.5575 lr=0.00862779
Tiny epoch 492/2000 iteration 50/390 loss=19.7997 lr=0.0086271
Tiny epoch 492/2000 iteration 100/390 loss=20.1445 lr=0.0086264
Tiny epoch 492/2000 iteration 150/390 loss=20.3292 lr=0.0086257
Tiny epoch 492/2000 iteration 200/390 loss=20.3448 lr=0.00862501
Tiny epoch 492/2000 iteration 250/390 loss=20.3551 lr=0.00862431
Tiny epoch 492/2000 iteration 300/390 loss=20.2750 lr=0.00862361
Tiny epoch 492/2000 iteration 350/390 loss=20.2294 lr=0.00862292
Tiny epoch 492/2000 iteration 390/390 loss=20.2641 lr=0.00862236
Tiny epoch 493/2000 iteration 50/390 loss=20.0305 lr=0.00862166
Tiny epoch 493/2000 iteration 100/390 loss=20.0775 lr=0.00862096
Tiny epoch 493/2000 iteration 150/390 loss=20.0727 lr=0.00862027
Tiny epoch 493/2000 iteration 200/390 loss=20.0774 lr=0.00861957
Tiny epoch 493/2000 iteration 250/390 loss=20.1135 lr=0.00861887
Tiny epoch 493/2000 iteration 300/390 loss=20.1624 lr=0.00861817
Tiny epoch 493/2000 iteration 350/390 loss=20.1573 lr=0.00861748
Tiny epoch 493/2000 iteration 390/390 loss=20.1942 lr=0.00861692
Tiny epoch 494/2000 iteration 50/390 loss=20.2747 lr=0.00861622
Tiny epoch 494/2000 iteration 100/390 loss=20.5099 lr=0.00861552
Tiny epoch 494/2000 iteration 150/390 loss=20.4874 lr=0.00861482
Tiny epoch 494/2000 iteration 200/390 loss=20.2994 lr=0.00861412
Tiny epoch 494/2000 iteration 250/390 loss=20.3182 lr=0.00861342
Tiny epoch 494/2000 iteration 300/390 loss=20.4393 lr=0.00861272
Tiny epoch 494/2000 iteration 350/390 loss=20.4362 lr=0.00861203
Tiny epoch 494/2000 iteration 390/390 loss=20.4217 lr=0.00861147
Tiny epoch 495/2000 iteration 50/390 loss=20.0763 lr=0.00861077
Tiny epoch 495/2000 iteration 100/390 loss=20.1354 lr=0.00861007
Tiny epoch 495/2000 iteration 150/390 loss=20.1716 lr=0.00860937
Tiny epoch 495/2000 iteration 200/390 loss=20.2467 lr=0.00860867
Tiny epoch 495/2000 iteration 250/390 loss=20.2186 lr=0.00860797
Tiny epoch 495/2000 iteration 300/390 loss=20.1442 lr=0.00860727
Tiny epoch 495/2000 iteration 350/390 loss=20.1893 lr=0.00860657
Tiny epoch 495/2000 iteration 390/390 loss=20.2077 lr=0.00860601
Tiny epoch 496/2000 iteration 50/390 loss=19.8962 lr=0.0086053
Tiny epoch 496/2000 iteration 100/390 loss=20.0464 lr=0.0086046
Tiny epoch 496/2000 iteration 150/390 loss=20.1758 lr=0.0086039
Tiny epoch 496/2000 iteration 200/390 loss=20.2693 lr=0.0086032
Tiny epoch 496/2000 iteration 250/390 loss=20.3720 lr=0.0086025
Tiny epoch 496/2000 iteration 300/390 loss=20.4310 lr=0.0086018
Tiny epoch 496/2000 iteration 350/390 loss=20.4852 lr=0.0086011
Tiny epoch 496/2000 iteration 390/390 loss=20.5049 lr=0.00860054
Tiny epoch 497/2000 iteration 50/390 loss=20.4188 lr=0.00859983
Tiny epoch 497/2000 iteration 100/390 loss=20.2656 lr=0.00859913
Tiny epoch 497/2000 iteration 150/390 loss=20.2161 lr=0.00859843
Tiny epoch 497/2000 iteration 200/390 loss=20.2498 lr=0.00859773
Tiny epoch 497/2000 iteration 250/390 loss=20.1809 lr=0.00859703
Tiny epoch 497/2000 iteration 300/390 loss=20.2192 lr=0.00859632
Tiny epoch 497/2000 iteration 350/390 loss=20.2558 lr=0.00859562
Tiny epoch 497/2000 iteration 390/390 loss=20.2267 lr=0.00859506
Tiny epoch 498/2000 iteration 50/390 loss=19.8889 lr=0.00859435
Tiny epoch 498/2000 iteration 100/390 loss=19.8429 lr=0.00859365
Tiny epoch 498/2000 iteration 150/390 loss=20.1070 lr=0.00859295
Tiny epoch 498/2000 iteration 200/390 loss=20.1106 lr=0.00859224
Tiny epoch 498/2000 iteration 250/390 loss=20.2182 lr=0.00859154
Tiny epoch 498/2000 iteration 300/390 loss=20.1618 lr=0.00859084
Tiny epoch 498/2000 iteration 350/390 loss=20.2629 lr=0.00859013
Tiny epoch 498/2000 iteration 390/390 loss=20.2511 lr=0.00858957
Tiny epoch 499/2000 iteration 50/390 loss=19.8075 lr=0.00858887
Tiny epoch 499/2000 iteration 100/390 loss=20.2818 lr=0.00858816
Tiny epoch 499/2000 iteration 150/390 loss=20.2951 lr=0.00858746
Tiny epoch 499/2000 iteration 200/390 loss=20.4375 lr=0.00858675
Tiny epoch 499/2000 iteration 250/390 loss=20.4307 lr=0.00858605
Tiny epoch 499/2000 iteration 300/390 loss=20.4231 lr=0.00858534
Tiny epoch 499/2000 iteration 350/390 loss=20.3766 lr=0.00858464
Tiny epoch 499/2000 iteration 390/390 loss=20.3477 lr=0.00858407
Tiny epoch 500/2000 iteration 50/390 loss=20.8163 lr=0.00858337
Tiny epoch 500/2000 iteration 100/390 loss=20.7631 lr=0.00858266
Tiny epoch 500/2000 iteration 150/390 loss=20.5693 lr=0.00858196
Tiny epoch 500/2000 iteration 200/390 loss=20.6426 lr=0.00858125
Tiny epoch 500/2000 iteration 250/390 loss=20.5768 lr=0.00858055
Tiny epoch 500/2000 iteration 300/390 loss=20.5670 lr=0.00857984
Tiny epoch 500/2000 iteration 350/390 loss=20.4546 lr=0.00857913
Tiny epoch 500/2000 iteration 390/390 loss=20.4121 lr=0.00857857
[epoch 500/2000] saved backbone: /home/mmoslem3/scratch/MKDT/krrst_teacher_ckpt/barlow_twins_resnet18_tinyimagenet.pt
Tiny epoch 501/2000 iteration 50/390 loss=19.8555 lr=0.00857786
Tiny epoch 501/2000 iteration 100/390 loss=20.0657 lr=0.00857716
Tiny epoch 501/2000 iteration 150/390 loss=20.1096 lr=0.00857645
Tiny epoch 501/2000 iteration 200/390 loss=20.3661 lr=0.00857574
Tiny epoch 501/2000 iteration 250/390 loss=20.4392 lr=0.00857504
Tiny epoch 501/2000 iteration 300/390 loss=20.5434 lr=0.00857433
Tiny epoch 501/2000 iteration 350/390 loss=20.6303 lr=0.00857362
Tiny epoch 501/2000 iteration 390/390 loss=20.5923 lr=0.00857306
Tiny epoch 502/2000 iteration 50/390 loss=19.7551 lr=0.00857235
Tiny epoch 502/2000 iteration 100/390 loss=19.8535 lr=0.00857164
Tiny epoch 502/2000 iteration 150/390 loss=20.1151 lr=0.00857093
Tiny epoch 502/2000 iteration 200/390 loss=20.1269 lr=0.00857022
Tiny epoch 502/2000 iteration 250/390 loss=20.2777 lr=0.00856952
Tiny epoch 502/2000 iteration 300/390 loss=20.2759 lr=0.00856881
Tiny epoch 502/2000 iteration 350/390 loss=20.3489 lr=0.0085681
Tiny epoch 502/2000 iteration 390/390 loss=20.4356 lr=0.00856753
Tiny epoch 503/2000 iteration 50/390 loss=20.4965 lr=0.00856682
Tiny epoch 503/2000 iteration 100/390 loss=20.4299 lr=0.00856611
Tiny epoch 503/2000 iteration 150/390 loss=20.5403 lr=0.00856541
Tiny epoch 503/2000 iteration 200/390 loss=20.4098 lr=0.0085647
Tiny epoch 503/2000 iteration 250/390 loss=20.4807 lr=0.00856399
Tiny epoch 503/2000 iteration 300/390 loss=20.4707 lr=0.00856328
Tiny epoch 503/2000 iteration 350/390 loss=20.4275 lr=0.00856257
Tiny epoch 503/2000 iteration 390/390 loss=20.3514 lr=0.008562
Tiny epoch 504/2000 iteration 50/390 loss=19.7944 lr=0.00856129
Tiny epoch 504/2000 iteration 100/390 loss=20.0346 lr=0.00856058
Tiny epoch 504/2000 iteration 150/390 loss=20.0395 lr=0.00855987
Tiny epoch 504/2000 iteration 200/390 loss=20.1820 lr=0.00855916
Tiny epoch 504/2000 iteration 250/390 loss=20.2313 lr=0.00855845
Tiny epoch 504/2000 iteration 300/390 loss=20.1997 lr=0.00855774
Tiny epoch 504/2000 iteration 350/390 loss=20.1409 lr=0.00855703
Tiny epoch 504/2000 iteration 390/390 loss=20.1607 lr=0.00855646
Tiny epoch 505/2000 iteration 50/390 loss=19.7050 lr=0.00855575
Tiny epoch 505/2000 iteration 100/390 loss=20.0417 lr=0.00855504
Tiny epoch 505/2000 iteration 150/390 loss=20.0943 lr=0.00855433
Tiny epoch 505/2000 iteration 200/390 loss=20.2831 lr=0.00855362
Tiny epoch 505/2000 iteration 250/390 loss=20.3265 lr=0.0085529
Tiny epoch 505/2000 iteration 300/390 loss=20.2764 lr=0.00855219
Tiny epoch 505/2000 iteration 350/390 loss=20.3403 lr=0.00855148
Tiny epoch 505/2000 iteration 390/390 loss=20.4314 lr=0.00855091
Tiny epoch 506/2000 iteration 50/390 loss=20.6045 lr=0.0085502
Tiny epoch 506/2000 iteration 100/390 loss=20.5725 lr=0.00854949
Tiny epoch 506/2000 iteration 150/390 loss=20.3420 lr=0.00854877
Tiny epoch 506/2000 iteration 200/390 loss=20.2387 lr=0.00854806
Tiny epoch 506/2000 iteration 250/390 loss=20.2320 lr=0.00854735
Tiny epoch 506/2000 iteration 300/390 loss=20.3140 lr=0.00854664
Tiny epoch 506/2000 iteration 350/390 loss=20.2845 lr=0.00854592
Tiny epoch 506/2000 iteration 390/390 loss=20.2537 lr=0.00854535
Tiny epoch 507/2000 iteration 50/390 loss=19.8784 lr=0.00854464
Tiny epoch 507/2000 iteration 100/390 loss=20.1864 lr=0.00854393
Tiny epoch 507/2000 iteration 150/390 loss=20.0874 lr=0.00854321
Tiny epoch 507/2000 iteration 200/390 loss=19.9768 lr=0.0085425
Tiny epoch 507/2000 iteration 250/390 loss=20.0110 lr=0.00854178
Tiny epoch 507/2000 iteration 300/390 loss=20.0629 lr=0.00854107
Tiny epoch 507/2000 iteration 350/390 loss=20.0875 lr=0.00854036
Tiny epoch 507/2000 iteration 390/390 loss=20.1567 lr=0.00853979
Tiny epoch 508/2000 iteration 50/390 loss=19.9099 lr=0.00853907
Tiny epoch 508/2000 iteration 100/390 loss=19.9261 lr=0.00853836
Tiny epoch 508/2000 iteration 150/390 loss=20.1623 lr=0.00853764
Tiny epoch 508/2000 iteration 200/390 loss=20.0736 lr=0.00853693
Tiny epoch 508/2000 iteration 250/390 loss=20.1146 lr=0.00853621
Tiny epoch 508/2000 iteration 300/390 loss=20.1985 lr=0.0085355
Tiny epoch 508/2000 iteration 350/390 loss=20.1566 lr=0.00853478
Tiny epoch 508/2000 iteration 390/390 loss=20.1607 lr=0.00853421
Tiny epoch 509/2000 iteration 50/390 loss=20.1965 lr=0.00853349
Tiny epoch 509/2000 iteration 100/390 loss=20.1032 lr=0.00853278
Tiny epoch 509/2000 iteration 150/390 loss=20.2551 lr=0.00853206
Tiny epoch 509/2000 iteration 200/390 loss=20.2115 lr=0.00853135
Tiny epoch 509/2000 iteration 250/390 loss=20.1606 lr=0.00853063
Tiny epoch 509/2000 iteration 300/390 loss=20.1753 lr=0.00852991
Tiny epoch 509/2000 iteration 350/390 loss=20.0718 lr=0.0085292
Tiny epoch 509/2000 iteration 390/390 loss=20.0996 lr=0.00852862
Tiny epoch 510/2000 iteration 50/390 loss=19.6551 lr=0.00852791
Tiny epoch 510/2000 iteration 100/390 loss=20.0132 lr=0.00852719
Tiny epoch 510/2000 iteration 150/390 loss=19.9802 lr=0.00852647
Tiny epoch 510/2000 iteration 200/390 loss=20.0841 lr=0.00852576
Tiny epoch 510/2000 iteration 250/390 loss=20.0573 lr=0.00852504
Tiny epoch 510/2000 iteration 300/390 loss=20.1263 lr=0.00852432
Tiny epoch 510/2000 iteration 350/390 loss=20.2176 lr=0.00852361
Tiny epoch 510/2000 iteration 390/390 loss=20.2286 lr=0.00852303
[epoch 510/2000] saved backbone: /home/mmoslem3/scratch/MKDT/krrst_teacher_ckpt/barlow_twins_resnet18_tinyimagenet.pt
Tiny epoch 511/2000 iteration 50/390 loss=20.1410 lr=0.00852231
Tiny epoch 511/2000 iteration 100/390 loss=20.5504 lr=0.0085216
Tiny epoch 511/2000 iteration 150/390 loss=20.5468 lr=0.00852088
Tiny epoch 511/2000 iteration 200/390 loss=20.4744 lr=0.00852016
Tiny epoch 511/2000 iteration 250/390 loss=20.4794 lr=0.00851944
Tiny epoch 511/2000 iteration 300/390 loss=20.4818 lr=0.00851872
Tiny epoch 511/2000 iteration 350/390 loss=20.5195 lr=0.008518
Tiny epoch 511/2000 iteration 390/390 loss=20.5296 lr=0.00851743
Tiny epoch 512/2000 iteration 50/390 loss=20.2146 lr=0.00851671
Tiny epoch 512/2000 iteration 100/390 loss=20.2960 lr=0.00851599
Tiny epoch 512/2000 iteration 150/390 loss=20.2639 lr=0.00851527
Tiny epoch 512/2000 iteration 200/390 loss=20.2167 lr=0.00851455
Tiny epoch 512/2000 iteration 250/390 loss=20.2516 lr=0.00851383
Tiny epoch 512/2000 iteration 300/390 loss=20.1944 lr=0.00851311
Tiny epoch 512/2000 iteration 350/390 loss=20.2356 lr=0.00851239
Tiny epoch 512/2000 iteration 390/390 loss=20.2601 lr=0.00851182
Tiny epoch 513/2000 iteration 50/390 loss=20.2893 lr=0.0085111
Tiny epoch 513/2000 iteration 100/390 loss=20.3956 lr=0.00851038
Tiny epoch 513/2000 iteration 150/390 loss=20.2901 lr=0.00850966
Tiny epoch 513/2000 iteration 200/390 loss=20.3836 lr=0.00850894
Tiny epoch 513/2000 iteration 250/390 loss=20.3398 lr=0.00850822
Tiny epoch 513/2000 iteration 300/390 loss=20.4558 lr=0.0085075
Tiny epoch 513/2000 iteration 350/390 loss=20.4109 lr=0.00850677
Tiny epoch 513/2000 iteration 390/390 loss=20.3927 lr=0.0085062
Tiny epoch 514/2000 iteration 50/390 loss=19.5158 lr=0.00850548
Tiny epoch 514/2000 iteration 100/390 loss=19.5823 lr=0.00850476
Tiny epoch 514/2000 iteration 150/390 loss=19.5732 lr=0.00850403
Tiny epoch 514/2000 iteration 200/390 loss=19.7631 lr=0.00850331
Tiny epoch 514/2000 iteration 250/390 loss=19.9435 lr=0.00850259
Tiny epoch 514/2000 iteration 300/390 loss=20.0739 lr=0.00850187
Tiny epoch 514/2000 iteration 350/390 loss=20.1164 lr=0.00850115
Tiny epoch 514/2000 iteration 390/390 loss=20.1846 lr=0.00850057
Tiny epoch 515/2000 iteration 50/390 loss=19.8900 lr=0.00849985
Tiny epoch 515/2000 iteration 100/390 loss=20.1239 lr=0.00849912
Tiny epoch 515/2000 iteration 150/390 loss=20.1255 lr=0.0084984
Tiny epoch 515/2000 iteration 200/390 loss=20.1069 lr=0.00849768
Tiny epoch 515/2000 iteration 250/390 loss=20.1164 lr=0.00849696
Tiny epoch 515/2000 iteration 300/390 loss=20.1509 lr=0.00849623
Tiny epoch 515/2000 iteration 350/390 loss=20.1182 lr=0.00849551
Tiny epoch 515/2000 iteration 390/390 loss=20.1045 lr=0.00849493
Tiny epoch 516/2000 iteration 50/390 loss=19.7539 lr=0.00849421
Tiny epoch 516/2000 iteration 100/390 loss=19.7582 lr=0.00849349
Tiny epoch 516/2000 iteration 150/390 loss=19.7354 lr=0.00849276
Tiny epoch 516/2000 iteration 200/390 loss=19.7672 lr=0.00849204
Tiny epoch 516/2000 iteration 250/390 loss=19.8383 lr=0.00849131
Tiny epoch 516/2000 iteration 300/390 loss=19.8919 lr=0.00849059
Tiny epoch 516/2000 iteration 350/390 loss=19.9111 lr=0.00848987
Tiny epoch 516/2000 iteration 390/390 loss=19.9216 lr=0.00848929
Tiny epoch 517/2000 iteration 50/390 loss=19.8003 lr=0.00848856
Tiny epoch 517/2000 iteration 100/390 loss=19.8892 lr=0.00848784
Tiny epoch 517/2000 iteration 150/390 loss=19.8488 lr=0.00848711
Tiny epoch 517/2000 iteration 200/390 loss=20.0106 lr=0.00848639
Tiny epoch 517/2000 iteration 250/390 loss=19.9824 lr=0.00848566
Tiny epoch 517/2000 iteration 300/390 loss=20.0282 lr=0.00848494
Tiny epoch 517/2000 iteration 350/390 loss=20.0627 lr=0.00848421
Tiny epoch 517/2000 iteration 390/390 loss=20.0723 lr=0.00848363
Tiny epoch 518/2000 iteration 50/390 loss=20.0316 lr=0.00848291
Tiny epoch 518/2000 iteration 100/390 loss=19.5425 lr=0.00848218
Tiny epoch 518/2000 iteration 150/390 loss=19.8418 lr=0.00848145
Tiny epoch 518/2000 iteration 200/390 loss=19.8944 lr=0.00848073
Tiny epoch 518/2000 iteration 250/390 loss=20.0222 lr=0.00848
Tiny epoch 518/2000 iteration 300/390 loss=20.0689 lr=0.00847928
Tiny epoch 518/2000 iteration 350/390 loss=20.1575 lr=0.00847855
Tiny epoch 518/2000 iteration 390/390 loss=20.1187 lr=0.00847797
Tiny epoch 519/2000 iteration 50/390 loss=19.8913 lr=0.00847724
Tiny epoch 519/2000 iteration 100/390 loss=19.6308 lr=0.00847652
Tiny epoch 519/2000 iteration 150/390 loss=19.6738 lr=0.00847579
Tiny epoch 519/2000 iteration 200/390 loss=19.7574 lr=0.00847506
Tiny epoch 519/2000 iteration 250/390 loss=19.7867 lr=0.00847433
Tiny epoch 519/2000 iteration 300/390 loss=19.9926 lr=0.00847361
Tiny epoch 519/2000 iteration 350/390 loss=20.0419 lr=0.00847288
Tiny epoch 519/2000 iteration 390/390 loss=20.0537 lr=0.0084723
Tiny epoch 520/2000 iteration 50/390 loss=20.0554 lr=0.00847157
Tiny epoch 520/2000 iteration 100/390 loss=19.6345 lr=0.00847084
Tiny epoch 520/2000 iteration 150/390 loss=19.6551 lr=0.00847011
Tiny epoch 520/2000 iteration 200/390 loss=19.7704 lr=0.00846938
Tiny epoch 520/2000 iteration 250/390 loss=19.8355 lr=0.00846866
Tiny epoch 520/2000 iteration 300/390 loss=19.9902 lr=0.00846793
Tiny epoch 520/2000 iteration 350/390 loss=20.0750 lr=0.0084672
Tiny epoch 520/2000 iteration 390/390 loss=20.1640 lr=0.00846662
[epoch 520/2000] saved backbone: /home/mmoslem3/scratch/MKDT/krrst_teacher_ckpt/barlow_twins_resnet18_tinyimagenet.pt
Tiny epoch 521/2000 iteration 50/390 loss=20.0152 lr=0.00846589
Tiny epoch 521/2000 iteration 100/390 loss=20.2042 lr=0.00846516
Tiny epoch 521/2000 iteration 150/390 loss=20.1082 lr=0.00846443
Tiny epoch 521/2000 iteration 200/390 loss=20.1944 lr=0.0084637
Tiny epoch 521/2000 iteration 250/390 loss=20.2633 lr=0.00846297
Tiny epoch 521/2000 iteration 300/390 loss=20.3704 lr=0.00846224
Tiny epoch 521/2000 iteration 350/390 loss=20.4092 lr=0.00846151
Tiny epoch 521/2000 iteration 390/390 loss=20.4175 lr=0.00846093
Tiny epoch 522/2000 iteration 50/390 loss=19.8356 lr=0.0084602
Tiny epoch 522/2000 iteration 100/390 loss=20.0462 lr=0.00845947
Tiny epoch 522/2000 iteration 150/390 loss=20.1710 lr=0.00845874
Tiny epoch 522/2000 iteration 200/390 loss=20.1501 lr=0.00845801
Tiny epoch 522/2000 iteration 250/390 loss=20.3110 lr=0.00845728
Tiny epoch 522/2000 iteration 300/390 loss=20.3258 lr=0.00845654
Tiny epoch 522/2000 iteration 350/390 loss=20.3304 lr=0.00845581
Tiny epoch 522/2000 iteration 390/390 loss=20.2676 lr=0.00845523
Tiny epoch 523/2000 iteration 50/390 loss=20.3702 lr=0.0084545
Tiny epoch 523/2000 iteration 100/390 loss=20.2895 lr=0.00845377
Tiny epoch 523/2000 iteration 150/390 loss=20.4067 lr=0.00845304
Tiny epoch 523/2000 iteration 200/390 loss=20.4748 lr=0.0084523
Tiny epoch 523/2000 iteration 250/390 loss=20.6984 lr=0.00845157
Tiny epoch 523/2000 iteration 300/390 loss=20.6444 lr=0.00845084
Tiny epoch 523/2000 iteration 350/390 loss=20.5613 lr=0.00845011
Tiny epoch 523/2000 iteration 390/390 loss=20.4847 lr=0.00844952
Tiny epoch 524/2000 iteration 50/390 loss=19.6516 lr=0.00844879
Tiny epoch 524/2000 iteration 100/390 loss=19.9021 lr=0.00844806
Tiny epoch 524/2000 iteration 150/390 loss=19.9143 lr=0.00844733
Tiny epoch 524/2000 iteration 200/390 loss=19.8469 lr=0.00844659
Tiny epoch 524/2000 iteration 250/390 loss=19.9940 lr=0.00844586
Tiny epoch 524/2000 iteration 300/390 loss=19.9585 lr=0.00844513
Tiny epoch 524/2000 iteration 350/390 loss=20.0175 lr=0.00844439
Tiny epoch 524/2000 iteration 390/390 loss=20.0336 lr=0.00844381
Tiny epoch 525/2000 iteration 50/390 loss=19.7814 lr=0.00844307
Tiny epoch 525/2000 iteration 100/390 loss=19.5844 lr=0.00844234
Tiny epoch 525/2000 iteration 150/390 loss=19.6922 lr=0.00844161
Tiny epoch 525/2000 iteration 200/390 loss=19.7900 lr=0.00844087
Tiny epoch 525/2000 iteration 250/390 loss=19.8405 lr=0.00844014
Tiny epoch 525/2000 iteration 300/390 loss=19.8155 lr=0.00843941
Tiny epoch 525/2000 iteration 350/390 loss=19.8649 lr=0.00843867
Tiny epoch 525/2000 iteration 390/390 loss=19.8778 lr=0.00843808
Tiny epoch 526/2000 iteration 50/390 loss=19.9796 lr=0.00843735
Tiny epoch 526/2000 iteration 100/390 loss=19.9866 lr=0.00843662
Tiny epoch 526/2000 iteration 150/390 loss=19.8917 lr=0.00843588
Tiny epoch 526/2000 iteration 200/390 loss=19.9084 lr=0.00843515
Tiny epoch 526/2000 iteration 250/390 loss=19.9829 lr=0.00843441
Tiny epoch 526/2000 iteration 300/390 loss=20.0806 lr=0.00843368
Tiny epoch 526/2000 iteration 350/390 loss=20.0382 lr=0.00843294
Tiny epoch 526/2000 iteration 390/390 loss=20.0624 lr=0.00843235
Tiny epoch 527/2000 iteration 50/390 loss=19.9819 lr=0.00843162
Tiny epoch 527/2000 iteration 100/390 loss=20.1265 lr=0.00843088
Tiny epoch 527/2000 iteration 150/390 loss=20.0881 lr=0.00843015
Tiny epoch 527/2000 iteration 200/390 loss=20.1418 lr=0.00842941
Tiny epoch 527/2000 iteration 250/390 loss=20.0585 lr=0.00842867
Tiny epoch 527/2000 iteration 300/390 loss=20.0418 lr=0.00842794
Tiny epoch 527/2000 iteration 350/390 loss=20.0143 lr=0.0084272
Tiny epoch 527/2000 iteration 390/390 loss=20.0585 lr=0.00842661
Tiny epoch 528/2000 iteration 50/390 loss=20.2018 lr=0.00842587
Tiny epoch 528/2000 iteration 100/390 loss=20.1140 lr=0.00842514
Tiny epoch 528/2000 iteration 150/390 loss=20.0931 lr=0.0084244
Tiny epoch 528/2000 iteration 200/390 loss=20.1711 lr=0.00842366
Tiny epoch 528/2000 iteration 250/390 loss=20.2416 lr=0.00842293
Tiny epoch 528/2000 iteration 300/390 loss=20.2413 lr=0.00842219
Tiny epoch 528/2000 iteration 350/390 loss=20.2542 lr=0.00842145
Tiny epoch 528/2000 iteration 390/390 loss=20.2354 lr=0.00842086
Tiny epoch 529/2000 iteration 50/390 loss=20.3596 lr=0.00842012
Tiny epoch 529/2000 iteration 100/390 loss=20.3204 lr=0.00841939
Tiny epoch 529/2000 iteration 150/390 loss=20.1818 lr=0.00841865
Tiny epoch 529/2000 iteration 200/390 loss=20.1303 lr=0.00841791
Tiny epoch 529/2000 iteration 250/390 loss=20.1328 lr=0.00841717
Tiny epoch 529/2000 iteration 300/390 loss=20.1294 lr=0.00841643
Tiny epoch 529/2000 iteration 350/390 loss=20.0308 lr=0.0084157
Tiny epoch 529/2000 iteration 390/390 loss=20.0619 lr=0.0084151
Tiny epoch 530/2000 iteration 50/390 loss=19.4956 lr=0.00841437
Tiny epoch 530/2000 iteration 100/390 loss=19.9555 lr=0.00841363
Tiny epoch 530/2000 iteration 150/390 loss=19.9477 lr=0.00841289
Tiny epoch 530/2000 iteration 200/390 loss=20.0647 lr=0.00841215
Tiny epoch 530/2000 iteration 250/390 loss=20.0394 lr=0.00841141
Tiny epoch 530/2000 iteration 300/390 loss=20.0483 lr=0.00841067
Tiny epoch 530/2000 iteration 350/390 loss=20.1116 lr=0.00840993
Tiny epoch 530/2000 iteration 390/390 loss=20.1955 lr=0.00840934
[epoch 530/2000] saved backbone: /home/mmoslem3/scratch/MKDT/krrst_teacher_ckpt/barlow_twins_resnet18_tinyimagenet.pt
Tiny epoch 531/2000 iteration 50/390 loss=19.8926 lr=0.0084086
Tiny epoch 531/2000 iteration 100/390 loss=19.8033 lr=0.00840786
Tiny epoch 531/2000 iteration 150/390 loss=19.7998 lr=0.00840712
Tiny epoch 531/2000 iteration 200/390 loss=19.8815 lr=0.00840638
Tiny epoch 531/2000 iteration 250/390 loss=19.9537 lr=0.00840564
Tiny epoch 531/2000 iteration 300/390 loss=20.0005 lr=0.0084049
Tiny epoch 531/2000 iteration 350/390 loss=20.0399 lr=0.00840416
Tiny epoch 531/2000 iteration 390/390 loss=20.0284 lr=0.00840356
Tiny epoch 532/2000 iteration 50/390 loss=20.5383 lr=0.00840282
Tiny epoch 532/2000 iteration 100/390 loss=20.2469 lr=0.00840208
Tiny epoch 532/2000 iteration 150/390 loss=20.2747 lr=0.00840134
Tiny epoch 532/2000 iteration 200/390 loss=20.1156 lr=0.0084006
Tiny epoch 532/2000 iteration 250/390 loss=19.9695 lr=0.00839986
Tiny epoch 532/2000 iteration 300/390 loss=19.9316 lr=0.00839912
Tiny epoch 532/2000 iteration 350/390 loss=19.9628 lr=0.00839837
Tiny epoch 532/2000 iteration 390/390 loss=19.9604 lr=0.00839778
Tiny epoch 533/2000 iteration 50/390 loss=20.1470 lr=0.00839704
Tiny epoch 533/2000 iteration 100/390 loss=19.9775 lr=0.0083963
Tiny epoch 533/2000 iteration 150/390 loss=19.9202 lr=0.00839555
Tiny epoch 533/2000 iteration 200/390 loss=20.0574 lr=0.00839481
Tiny epoch 533/2000 iteration 250/390 loss=20.0307 lr=0.00839407
Tiny epoch 533/2000 iteration 300/390 loss=19.9916 lr=0.00839333
Tiny epoch 533/2000 iteration 350/390 loss=19.9661 lr=0.00839258
Tiny epoch 533/2000 iteration 390/390 loss=20.0120 lr=0.00839199
Tiny epoch 534/2000 iteration 50/390 loss=19.9704 lr=0.00839125
Tiny epoch 534/2000 iteration 100/390 loss=19.8171 lr=0.0083905
Tiny epoch 534/2000 iteration 150/390 loss=19.7138 lr=0.00838976
Tiny epoch 534/2000 iteration 200/390 loss=20.0399 lr=0.00838902
Tiny epoch 534/2000 iteration 250/390 loss=20.0676 lr=0.00838827
Tiny epoch 534/2000 iteration 300/390 loss=20.1324 lr=0.00838753
Tiny epoch 534/2000 iteration 350/390 loss=20.2932 lr=0.00838678
Tiny epoch 534/2000 iteration 390/390 loss=20.2849 lr=0.00838619
Tiny epoch 535/2000 iteration 50/390 loss=20.3376 lr=0.00838544
Tiny epoch 535/2000 iteration 100/390 loss=20.1019 lr=0.0083847
Tiny epoch 535/2000 iteration 150/390 loss=20.0163 lr=0.00838396
Tiny epoch 535/2000 iteration 200/390 loss=20.0367 lr=0.00838321
Tiny epoch 535/2000 iteration 250/390 loss=20.0654 lr=0.00838247
Tiny epoch 535/2000 iteration 300/390 loss=20.1998 lr=0.00838172
Tiny epoch 535/2000 iteration 350/390 loss=20.1867 lr=0.00838098
Tiny epoch 535/2000 iteration 390/390 loss=20.2138 lr=0.00838038
Tiny epoch 536/2000 iteration 50/390 loss=19.4890 lr=0.00837964
Tiny epoch 536/2000 iteration 100/390 loss=19.5437 lr=0.00837889
Tiny epoch 536/2000 iteration 150/390 loss=19.5804 lr=0.00837814
Tiny epoch 536/2000 iteration 200/390 loss=19.7930 lr=0.0083774
Tiny epoch 536/2000 iteration 250/390 loss=19.8573 lr=0.00837665
Tiny epoch 536/2000 iteration 300/390 loss=19.8482 lr=0.00837591
Tiny epoch 536/2000 iteration 350/390 loss=19.8764 lr=0.00837516
Tiny epoch 536/2000 iteration 390/390 loss=19.9054 lr=0.00837456
Tiny epoch 537/2000 iteration 50/390 loss=19.5260 lr=0.00837382
Tiny epoch 537/2000 iteration 100/390 loss=19.6027 lr=0.00837307
Tiny epoch 537/2000 iteration 150/390 loss=19.6405 lr=0.00837232
Tiny epoch 537/2000 iteration 200/390 loss=19.7078 lr=0.00837158
Tiny epoch 537/2000 iteration 250/390 loss=19.8431 lr=0.00837083
Tiny epoch 537/2000 iteration 300/390 loss=19.9705 lr=0.00837008
Tiny epoch 537/2000 iteration 350/390 loss=19.9919 lr=0.00836934
Tiny epoch 537/2000 iteration 390/390 loss=20.0020 lr=0.00836874
Tiny epoch 538/2000 iteration 50/390 loss=20.0063 lr=0.00836799
Tiny epoch 538/2000 iteration 100/390 loss=19.9462 lr=0.00836724
Tiny epoch 538/2000 iteration 150/390 loss=20.0664 lr=0.0083665
Tiny epoch 538/2000 iteration 200/390 loss=20.1205 lr=0.00836575
Tiny epoch 538/2000 iteration 250/390 loss=20.2116 lr=0.008365
Tiny epoch 538/2000 iteration 300/390 loss=20.2084 lr=0.00836425
Tiny epoch 538/2000 iteration 350/390 loss=20.2819 lr=0.0083635
Tiny epoch 538/2000 iteration 390/390 loss=20.2846 lr=0.0083629
Tiny epoch 539/2000 iteration 50/390 loss=20.0559 lr=0.00836216
Tiny epoch 539/2000 iteration 100/390 loss=20.0810 lr=0.00836141
Tiny epoch 539/2000 iteration 150/390 loss=20.0324 lr=0.00836066
Tiny epoch 539/2000 iteration 200/390 loss=19.9982 lr=0.00835991
Tiny epoch 539/2000 iteration 250/390 loss=20.0118 lr=0.00835916
Tiny epoch 539/2000 iteration 300/390 loss=19.9934 lr=0.00835841
Tiny epoch 539/2000 iteration 350/390 loss=20.1003 lr=0.00835766
Tiny epoch 539/2000 iteration 390/390 loss=20.0589 lr=0.00835706
Tiny epoch 540/2000 iteration 50/390 loss=19.9390 lr=0.00835631
Tiny epoch 540/2000 iteration 100/390 loss=20.0817 lr=0.00835556
Tiny epoch 540/2000 iteration 150/390 loss=20.0408 lr=0.00835481
Tiny epoch 540/2000 iteration 200/390 loss=20.0435 lr=0.00835406
Tiny epoch 540/2000 iteration 250/390 loss=20.0921 lr=0.00835331
Tiny epoch 540/2000 iteration 300/390 loss=20.1195 lr=0.00835256
Tiny epoch 540/2000 iteration 350/390 loss=20.0520 lr=0.00835181
Tiny epoch 540/2000 iteration 390/390 loss=20.1336 lr=0.00835121
[epoch 540/2000] saved backbone: /home/mmoslem3/scratch/MKDT/krrst_teacher_ckpt/barlow_twins_resnet18_tinyimagenet.pt
Tiny epoch 541/2000 iteration 50/390 loss=19.8772 lr=0.00835046
Tiny epoch 541/2000 iteration 100/390 loss=19.9603 lr=0.00834971
Tiny epoch 541/2000 iteration 150/390 loss=19.8628 lr=0.00834896
Tiny epoch 541/2000 iteration 200/390 loss=19.9880 lr=0.00834821
Tiny epoch 541/2000 iteration 250/390 loss=19.9095 lr=0.00834746
Tiny epoch 541/2000 iteration 300/390 loss=19.9363 lr=0.00834671
Tiny epoch 541/2000 iteration 350/390 loss=19.9401 lr=0.00834595
Tiny epoch 541/2000 iteration 390/390 loss=20.0268 lr=0.00834535
Tiny epoch 542/2000 iteration 50/390 loss=20.1305 lr=0.0083446
Tiny epoch 542/2000 iteration 100/390 loss=19.9436 lr=0.00834385
Tiny epoch 542/2000 iteration 150/390 loss=19.7974 lr=0.0083431
Tiny epoch 542/2000 iteration 200/390 loss=19.9146 lr=0.00834235
Tiny epoch 542/2000 iteration 250/390 loss=20.0327 lr=0.00834159
Tiny epoch 542/2000 iteration 300/390 loss=20.1156 lr=0.00834084
Tiny epoch 542/2000 iteration 350/390 loss=20.1550 lr=0.00834009
Tiny epoch 542/2000 iteration 390/390 loss=20.1536 lr=0.00833949
Tiny epoch 543/2000 iteration 50/390 loss=19.5157 lr=0.00833873
Tiny epoch 543/2000 iteration 100/390 loss=19.9592 lr=0.00833798
Tiny epoch 543/2000 iteration 150/390 loss=20.0870 lr=0.00833723
Tiny epoch 543/2000 iteration 200/390 loss=20.0853 lr=0.00833647
Tiny epoch 543/2000 iteration 250/390 loss=20.1613 lr=0.00833572
Tiny epoch 543/2000 iteration 300/390 loss=20.1903 lr=0.00833497
Tiny epoch 543/2000 iteration 350/390 loss=20.1993 lr=0.00833421
Tiny epoch 543/2000 iteration 390/390 loss=20.2536 lr=0.00833361
Tiny epoch 544/2000 iteration 50/390 loss=19.5647 lr=0.00833286
Tiny epoch 544/2000 iteration 100/390 loss=19.9359 lr=0.0083321
Tiny epoch 544/2000 iteration 150/390 loss=19.7960 lr=0.00833135
Tiny epoch 544/2000 iteration 200/390 loss=19.8353 lr=0.00833059
Tiny epoch 544/2000 iteration 250/390 loss=19.9002 lr=0.00832984
Tiny epoch 544/2000 iteration 300/390 loss=19.9508 lr=0.00832909
Tiny epoch 544/2000 iteration 350/390 loss=19.9956 lr=0.00832833
Tiny epoch 544/2000 iteration 390/390 loss=20.0787 lr=0.00832773
Tiny epoch 545/2000 iteration 50/390 loss=20.1262 lr=0.00832697
Tiny epoch 545/2000 iteration 100/390 loss=19.8542 lr=0.00832622
Tiny epoch 545/2000 iteration 150/390 loss=20.0022 lr=0.00832546
Tiny epoch 545/2000 iteration 200/390 loss=20.0556 lr=0.00832471
Tiny epoch 545/2000 iteration 250/390 loss=20.2454 lr=0.00832395
Tiny epoch 545/2000 iteration 300/390 loss=20.2415 lr=0.0083232
Tiny epoch 545/2000 iteration 350/390 loss=20.1698 lr=0.00832244
Tiny epoch 545/2000 iteration 390/390 loss=20.1665 lr=0.00832184
Tiny epoch 546/2000 iteration 50/390 loss=19.5353 lr=0.00832108
Tiny epoch 546/2000 iteration 100/390 loss=19.8416 lr=0.00832032
Tiny epoch 546/2000 iteration 150/390 loss=19.8374 lr=0.00831957
Tiny epoch 546/2000 iteration 200/390 loss=19.7839 lr=0.00831881
Tiny epoch 546/2000 iteration 250/390 loss=19.8411 lr=0.00831805
Tiny epoch 546/2000 iteration 300/390 loss=19.9198 lr=0.0083173
Tiny epoch 546/2000 iteration 350/390 loss=19.9772 lr=0.00831654
Tiny epoch 546/2000 iteration 390/390 loss=19.9346 lr=0.00831594
Tiny epoch 547/2000 iteration 50/390 loss=19.7511 lr=0.00831518
Tiny epoch 547/2000 iteration 100/390 loss=19.7710 lr=0.00831442
Tiny epoch 547/2000 iteration 150/390 loss=19.9015 lr=0.00831366
Tiny epoch 547/2000 iteration 200/390 loss=20.0378 lr=0.00831291
Tiny epoch 547/2000 iteration 250/390 loss=20.0302 lr=0.00831215
Tiny epoch 547/2000 iteration 300/390 loss=19.9896 lr=0.00831139
Tiny epoch 547/2000 iteration 350/390 loss=20.0121 lr=0.00831063
Tiny epoch 547/2000 iteration 390/390 loss=20.0814 lr=0.00831003
Tiny epoch 548/2000 iteration 50/390 loss=19.7228 lr=0.00830927
Tiny epoch 548/2000 iteration 100/390 loss=19.5868 lr=0.00830851
Tiny epoch 548/2000 iteration 150/390 loss=19.6708 lr=0.00830775
Tiny epoch 548/2000 iteration 200/390 loss=19.7190 lr=0.00830699
Tiny epoch 548/2000 iteration 250/390 loss=19.7597 lr=0.00830624
Tiny epoch 548/2000 iteration 300/390 loss=19.8732 lr=0.00830548
Tiny epoch 548/2000 iteration 350/390 loss=19.8436 lr=0.00830472
Tiny epoch 548/2000 iteration 390/390 loss=19.8850 lr=0.00830411
Tiny epoch 549/2000 iteration 50/390 loss=19.4910 lr=0.00830335
Tiny epoch 549/2000 iteration 100/390 loss=19.5187 lr=0.00830259
Tiny epoch 549/2000 iteration 150/390 loss=19.6323 lr=0.00830183
Tiny epoch 549/2000 iteration 200/390 loss=19.7057 lr=0.00830107
Tiny epoch 549/2000 iteration 250/390 loss=19.8367 lr=0.00830031
Tiny epoch 549/2000 iteration 300/390 loss=19.8371 lr=0.00829955
Tiny epoch 549/2000 iteration 350/390 loss=19.8784 lr=0.00829879
Tiny epoch 549/2000 iteration 390/390 loss=19.9031 lr=0.00829819
Tiny epoch 550/2000 iteration 50/390 loss=19.8344 lr=0.00829743
Tiny epoch 550/2000 iteration 100/390 loss=19.8711 lr=0.00829666
Tiny epoch 550/2000 iteration 150/390 loss=20.0225 lr=0.0082959
Tiny epoch 550/2000 iteration 200/390 loss=20.0789 lr=0.00829514
Tiny epoch 550/2000 iteration 250/390 loss=20.0056 lr=0.00829438
Tiny epoch 550/2000 iteration 300/390 loss=19.9813 lr=0.00829362
Tiny epoch 550/2000 iteration 350/390 loss=20.0312 lr=0.00829286
Tiny epoch 550/2000 iteration 390/390 loss=20.0556 lr=0.00829225
[epoch 550/2000] saved backbone: /home/mmoslem3/scratch/MKDT/krrst_teacher_ckpt/barlow_twins_resnet18_tinyimagenet.pt
Tiny epoch 551/2000 iteration 50/390 loss=19.8589 lr=0.00829149
Tiny epoch 551/2000 iteration 100/390 loss=19.9515 lr=0.00829073
Tiny epoch 551/2000 iteration 150/390 loss=19.8288 lr=0.00828997
Tiny epoch 551/2000 iteration 200/390 loss=19.7585 lr=0.00828921
Tiny epoch 551/2000 iteration 250/390 loss=19.6177 lr=0.00828844
Tiny epoch 551/2000 iteration 300/390 loss=19.7221 lr=0.00828768
Tiny epoch 551/2000 iteration 350/390 loss=19.7529 lr=0.00828692
Tiny epoch 551/2000 iteration 390/390 loss=19.7533 lr=0.00828631
Tiny epoch 552/2000 iteration 50/390 loss=19.3391 lr=0.00828555
Tiny epoch 552/2000 iteration 100/390 loss=19.8005 lr=0.00828479
Tiny epoch 552/2000 iteration 150/390 loss=19.7393 lr=0.00828402
Tiny epoch 552/2000 iteration 200/390 loss=19.7090 lr=0.00828326
Tiny epoch 552/2000 iteration 250/390 loss=19.7178 lr=0.0082825
Tiny epoch 552/2000 iteration 300/390 loss=19.7724 lr=0.00828174
Tiny epoch 552/2000 iteration 350/390 loss=19.8913 lr=0.00828097
Tiny epoch 552/2000 iteration 390/390 loss=19.9621 lr=0.00828036
Tiny epoch 553/2000 iteration 50/390 loss=20.3936 lr=0.0082796
Tiny epoch 553/2000 iteration 100/390 loss=20.0162 lr=0.00827883
Tiny epoch 553/2000 iteration 150/390 loss=20.0974 lr=0.00827807
Tiny epoch 553/2000 iteration 200/390 loss=20.0274 lr=0.00827731
Tiny epoch 553/2000 iteration 250/390 loss=19.9979 lr=0.00827654
Tiny epoch 553/2000 iteration 300/390 loss=19.9777 lr=0.00827578
Tiny epoch 553/2000 iteration 350/390 loss=19.9562 lr=0.00827502
Tiny epoch 553/2000 iteration 390/390 loss=19.9527 lr=0.0082744
Tiny epoch 554/2000 iteration 50/390 loss=19.9498 lr=0.00827364
Tiny epoch 554/2000 iteration 100/390 loss=20.0573 lr=0.00827287
Tiny epoch 554/2000 iteration 150/390 loss=20.2736 lr=0.00827211
Tiny epoch 554/2000 iteration 200/390 loss=20.0670 lr=0.00827135
Tiny epoch 554/2000 iteration 250/390 loss=19.9886 lr=0.00827058
Tiny epoch 554/2000 iteration 300/390 loss=19.9820 lr=0.00826982
Tiny epoch 554/2000 iteration 350/390 loss=19.9244 lr=0.00826905
Tiny epoch 554/2000 iteration 390/390 loss=19.9408 lr=0.00826844
Tiny epoch 555/2000 iteration 50/390 loss=20.1157 lr=0.00826767
Tiny epoch 555/2000 iteration 100/390 loss=19.9208 lr=0.00826691
Tiny epoch 555/2000 iteration 150/390 loss=19.7590 lr=0.00826614
Tiny epoch 555/2000 iteration 200/390 loss=19.7878 lr=0.00826538
Tiny epoch 555/2000 iteration 250/390 loss=19.8634 lr=0.00826461
Tiny epoch 555/2000 iteration 300/390 loss=19.8654 lr=0.00826384
Tiny epoch 555/2000 iteration 350/390 loss=19.8965 lr=0.00826308
Tiny epoch 555/2000 iteration 390/390 loss=19.9001 lr=0.00826246
Tiny epoch 556/2000 iteration 50/390 loss=20.0562 lr=0.0082617
Tiny epoch 556/2000 iteration 100/390 loss=19.9254 lr=0.00826093
Tiny epoch 556/2000 iteration 150/390 loss=19.7553 lr=0.00826016
Tiny epoch 556/2000 iteration 200/390 loss=19.7892 lr=0.0082594
Tiny epoch 556/2000 iteration 250/390 loss=19.7616 lr=0.00825863
Tiny epoch 556/2000 iteration 300/390 loss=19.8290 lr=0.00825786
Tiny epoch 556/2000 iteration 350/390 loss=19.8692 lr=0.0082571
Tiny epoch 556/2000 iteration 390/390 loss=19.9037 lr=0.00825648
Tiny epoch 557/2000 iteration 50/390 loss=19.0952 lr=0.00825571
Tiny epoch 557/2000 iteration 100/390 loss=19.2346 lr=0.00825495
Tiny epoch 557/2000 iteration 150/390 loss=19.5285 lr=0.00825418
Tiny epoch 557/2000 iteration 200/390 loss=19.4420 lr=0.00825341
Tiny epoch 557/2000 iteration 250/390 loss=19.4513 lr=0.00825264
Tiny epoch 557/2000 iteration 300/390 loss=19.5614 lr=0.00825187
Tiny epoch 557/2000 iteration 350/390 loss=19.6662 lr=0.00825111
Tiny epoch 557/2000 iteration 390/390 loss=19.6856 lr=0.00825049
Tiny epoch 558/2000 iteration 50/390 loss=20.0480 lr=0.00824972
Tiny epoch 558/2000 iteration 100/390 loss=20.0370 lr=0.00824895
Tiny epoch 558/2000 iteration 150/390 loss=19.9359 lr=0.00824819
Tiny epoch 558/2000 iteration 200/390 loss=19.8641 lr=0.00824742
Tiny epoch 558/2000 iteration 250/390 loss=19.8867 lr=0.00824665
Tiny epoch 558/2000 iteration 300/390 loss=19.9393 lr=0.00824588
Tiny epoch 558/2000 iteration 350/390 loss=19.9931 lr=0.00824511
Tiny epoch 558/2000 iteration 390/390 loss=20.0191 lr=0.00824449
Tiny epoch 559/2000 iteration 50/390 loss=19.6399 lr=0.00824372
Tiny epoch 559/2000 iteration 100/390 loss=20.1198 lr=0.00824295
Tiny epoch 559/2000 iteration 150/390 loss=19.9703 lr=0.00824218
Tiny epoch 559/2000 iteration 200/390 loss=19.9393 lr=0.00824141
Tiny epoch 559/2000 iteration 250/390 loss=19.8368 lr=0.00824064
Tiny epoch 559/2000 iteration 300/390 loss=19.8207 lr=0.00823987
Tiny epoch 559/2000 iteration 350/390 loss=19.8821 lr=0.0082391
Tiny epoch 559/2000 iteration 390/390 loss=19.9180 lr=0.00823849
Tiny epoch 560/2000 iteration 50/390 loss=20.1576 lr=0.00823772
Tiny epoch 560/2000 iteration 100/390 loss=19.6380 lr=0.00823695
Tiny epoch 560/2000 iteration 150/390 loss=19.7138 lr=0.00823617
Tiny epoch 560/2000 iteration 200/390 loss=19.6128 lr=0.0082354
Tiny epoch 560/2000 iteration 250/390 loss=19.6472 lr=0.00823463
Tiny epoch 560/2000 iteration 300/390 loss=19.7278 lr=0.00823386
Tiny epoch 560/2000 iteration 350/390 loss=19.8120 lr=0.00823309
Tiny epoch 560/2000 iteration 390/390 loss=19.8439 lr=0.00823247
[epoch 560/2000] saved backbone: /home/mmoslem3/scratch/MKDT/krrst_teacher_ckpt/barlow_twins_resnet18_tinyimagenet.pt
Tiny epoch 561/2000 iteration 50/390 loss=19.5627 lr=0.0082317
Tiny epoch 561/2000 iteration 100/390 loss=19.7519 lr=0.00823093
Tiny epoch 561/2000 iteration 150/390 loss=19.9222 lr=0.00823016
Tiny epoch 561/2000 iteration 200/390 loss=19.9119 lr=0.00822939
Tiny epoch 561/2000 iteration 250/390 loss=19.9245 lr=0.00822861
Tiny epoch 561/2000 iteration 300/390 loss=19.9966 lr=0.00822784
Tiny epoch 561/2000 iteration 350/390 loss=20.0407 lr=0.00822707
Tiny epoch 561/2000 iteration 390/390 loss=20.0109 lr=0.00822645
Tiny epoch 562/2000 iteration 50/390 loss=19.7503 lr=0.00822568
Tiny epoch 562/2000 iteration 100/390 loss=19.4224 lr=0.0082249
Tiny epoch 562/2000 iteration 150/390 loss=19.5421 lr=0.00822413
Tiny epoch 562/2000 iteration 200/390 loss=19.6226 lr=0.00822336
Tiny epoch 562/2000 iteration 250/390 loss=19.6696 lr=0.00822259
Tiny epoch 562/2000 iteration 300/390 loss=19.7255 lr=0.00822181
Tiny epoch 562/2000 iteration 350/390 loss=19.8672 lr=0.00822104
Tiny epoch 562/2000 iteration 390/390 loss=19.9269 lr=0.00822042
Tiny epoch 563/2000 iteration 50/390 loss=19.7444 lr=0.00821965
Tiny epoch 563/2000 iteration 100/390 loss=19.8553 lr=0.00821887
Tiny epoch 563/2000 iteration 150/390 loss=19.7590 lr=0.0082181
Tiny epoch 563/2000 iteration 200/390 loss=19.7534 lr=0.00821732
Tiny epoch 563/2000 iteration 250/390 loss=19.8650 lr=0.00821655
Tiny epoch 563/2000 iteration 300/390 loss=19.7955 lr=0.00821578
Tiny epoch 563/2000 iteration 350/390 loss=19.8237 lr=0.008215
Tiny epoch 563/2000 iteration 390/390 loss=19.8210 lr=0.00821438
Tiny epoch 564/2000 iteration 50/390 loss=19.5693 lr=0.00821361
Tiny epoch 564/2000 iteration 100/390 loss=19.4545 lr=0.00821283
Tiny epoch 564/2000 iteration 150/390 loss=19.6735 lr=0.00821206
Tiny epoch 564/2000 iteration 200/390 loss=19.7533 lr=0.00821128
Tiny epoch 564/2000 iteration 250/390 loss=19.9155 lr=0.00821051
Tiny epoch 564/2000 iteration 300/390 loss=19.8947 lr=0.00820973
Tiny epoch 564/2000 iteration 350/390 loss=19.8999 lr=0.00820896
Tiny epoch 564/2000 iteration 390/390 loss=19.8575 lr=0.00820834
Tiny epoch 565/2000 iteration 50/390 loss=19.1612 lr=0.00820756
Tiny epoch 565/2000 iteration 100/390 loss=19.4253 lr=0.00820678
Tiny epoch 565/2000 iteration 150/390 loss=19.6046 lr=0.00820601
Tiny epoch 565/2000 iteration 200/390 loss=19.7148 lr=0.00820523
Tiny epoch 565/2000 iteration 250/390 loss=19.8014 lr=0.00820445
Tiny epoch 565/2000 iteration 300/390 loss=19.7658 lr=0.00820368
Tiny epoch 565/2000 iteration 350/390 loss=19.8236 lr=0.0082029
Tiny epoch 565/2000 iteration 390/390 loss=19.8496 lr=0.00820228
Tiny epoch 566/2000 iteration 50/390 loss=19.4600 lr=0.0082015
Tiny epoch 566/2000 iteration 100/390 loss=19.6730 lr=0.00820073
Tiny epoch 566/2000 iteration 150/390 loss=19.7666 lr=0.00819995
Tiny epoch 566/2000 iteration 200/390 loss=19.6761 lr=0.00819917
Tiny epoch 566/2000 iteration 250/390 loss=19.7355 lr=0.0081984
Tiny epoch 566/2000 iteration 300/390 loss=19.7743 lr=0.00819762
Tiny epoch 566/2000 iteration 350/390 loss=19.7599 lr=0.00819684
Tiny epoch 566/2000 iteration 390/390 loss=19.7389 lr=0.00819622
Tiny epoch 567/2000 iteration 50/390 loss=19.8064 lr=0.00819544
Tiny epoch 567/2000 iteration 100/390 loss=19.9622 lr=0.00819466
Tiny epoch 567/2000 iteration 150/390 loss=20.1845 lr=0.00819388
Tiny epoch 567/2000 iteration 200/390 loss=20.0822 lr=0.00819311
Tiny epoch 567/2000 iteration 250/390 loss=20.0217 lr=0.00819233
Tiny epoch 567/2000 iteration 300/390 loss=19.9863 lr=0.00819155
Tiny epoch 567/2000 iteration 350/390 loss=19.9536 lr=0.00819077
Tiny epoch 567/2000 iteration 390/390 loss=19.9482 lr=0.00819015
Tiny epoch 568/2000 iteration 50/390 loss=19.9467 lr=0.00818937
Tiny epoch 568/2000 iteration 100/390 loss=19.7841 lr=0.00818859
Tiny epoch 568/2000 iteration 150/390 loss=19.9664 lr=0.00818781
Tiny epoch 568/2000 iteration 200/390 loss=20.0163 lr=0.00818703
Tiny epoch 568/2000 iteration 250/390 loss=19.9497 lr=0.00818625
Tiny epoch 568/2000 iteration 300/390 loss=19.9176 lr=0.00818547
Tiny epoch 568/2000 iteration 350/390 loss=19.9962 lr=0.00818469
Tiny epoch 568/2000 iteration 390/390 loss=19.9945 lr=0.00818407
Tiny epoch 569/2000 iteration 50/390 loss=19.4753 lr=0.00818329
Tiny epoch 569/2000 iteration 100/390 loss=19.4962 lr=0.00818251
Tiny epoch 569/2000 iteration 150/390 loss=19.4788 lr=0.00818173
Tiny epoch 569/2000 iteration 200/390 loss=19.6187 lr=0.00818095
Tiny epoch 569/2000 iteration 250/390 loss=19.7283 lr=0.00818017
Tiny epoch 569/2000 iteration 300/390 loss=19.7755 lr=0.00817939
Tiny epoch 569/2000 iteration 350/390 loss=19.8721 lr=0.00817861
Tiny epoch 569/2000 iteration 390/390 loss=19.8502 lr=0.00817798
Tiny epoch 570/2000 iteration 50/390 loss=19.3767 lr=0.0081772
Tiny epoch 570/2000 iteration 100/390 loss=19.4070 lr=0.00817642
Tiny epoch 570/2000 iteration 150/390 loss=19.6062 lr=0.00817564
Tiny epoch 570/2000 iteration 200/390 loss=19.6956 lr=0.00817486
Tiny epoch 570/2000 iteration 250/390 loss=19.7590 lr=0.00817408
Tiny epoch 570/2000 iteration 300/390 loss=19.9612 lr=0.0081733
Tiny epoch 570/2000 iteration 350/390 loss=19.9205 lr=0.00817251
Tiny epoch 570/2000 iteration 390/390 loss=19.9531 lr=0.00817189
[epoch 570/2000] saved backbone: /home/mmoslem3/scratch/MKDT/krrst_teacher_ckpt/barlow_twins_resnet18_tinyimagenet.pt
Tiny epoch 571/2000 iteration 50/390 loss=19.9951 lr=0.00817111
Tiny epoch 571/2000 iteration 100/390 loss=19.7469 lr=0.00817033
Tiny epoch 571/2000 iteration 150/390 loss=19.6347 lr=0.00816954
Tiny epoch 571/2000 iteration 200/390 loss=19.6384 lr=0.00816876
Tiny epoch 571/2000 iteration 250/390 loss=19.7913 lr=0.00816798
Tiny epoch 571/2000 iteration 300/390 loss=19.8907 lr=0.0081672
Tiny epoch 571/2000 iteration 350/390 loss=19.9257 lr=0.00816641
Tiny epoch 571/2000 iteration 390/390 loss=19.9822 lr=0.00816579
Tiny epoch 572/2000 iteration 50/390 loss=19.7053 lr=0.008165
Tiny epoch 572/2000 iteration 100/390 loss=19.6688 lr=0.00816422
Tiny epoch 572/2000 iteration 150/390 loss=19.5936 lr=0.00816344
Tiny epoch 572/2000 iteration 200/390 loss=19.4975 lr=0.00816265
Tiny epoch 572/2000 iteration 250/390 loss=19.6375 lr=0.00816187
Tiny epoch 572/2000 iteration 300/390 loss=19.7247 lr=0.00816109
Tiny epoch 572/2000 iteration 350/390 loss=19.7612 lr=0.0081603
Tiny epoch 572/2000 iteration 390/390 loss=19.7649 lr=0.00815968
Tiny epoch 573/2000 iteration 50/390 loss=19.6502 lr=0.00815889
Tiny epoch 573/2000 iteration 100/390 loss=19.7085 lr=0.00815811
Tiny epoch 573/2000 iteration 150/390 loss=19.8603 lr=0.00815733
Tiny epoch 573/2000 iteration 200/390 loss=19.7455 lr=0.00815654
Tiny epoch 573/2000 iteration 250/390 loss=19.7690 lr=0.00815576
Tiny epoch 573/2000 iteration 300/390 loss=19.8469 lr=0.00815497
Tiny epoch 573/2000 iteration 350/390 loss=19.9523 lr=0.00815419
Tiny epoch 573/2000 iteration 390/390 loss=19.9107 lr=0.00815356
Tiny epoch 574/2000 iteration 50/390 loss=19.3986 lr=0.00815277
Tiny epoch 574/2000 iteration 100/390 loss=19.6836 lr=0.00815199
Tiny epoch 574/2000 iteration 150/390 loss=19.8008 lr=0.0081512
Tiny epoch 574/2000 iteration 200/390 loss=19.8245 lr=0.00815042
Tiny epoch 574/2000 iteration 250/390 loss=19.7240 lr=0.00814963
Tiny epoch 574/2000 iteration 300/390 loss=19.7751 lr=0.00814885
Tiny epoch 574/2000 iteration 350/390 loss=19.8876 lr=0.00814806
Tiny epoch 574/2000 iteration 390/390 loss=19.9222 lr=0.00814743
Tiny epoch 575/2000 iteration 50/390 loss=20.1074 lr=0.00814665
Tiny epoch 575/2000 iteration 100/390 loss=20.0037 lr=0.00814586
Tiny epoch 575/2000 iteration 150/390 loss=19.8395 lr=0.00814508
Tiny epoch 575/2000 iteration 200/390 loss=19.8772 lr=0.00814429
Tiny epoch 575/2000 iteration 250/390 loss=19.8096 lr=0.0081435
Tiny epoch 575/2000 iteration 300/390 loss=19.7792 lr=0.00814272
Tiny epoch 575/2000 iteration 350/390 loss=19.8599 lr=0.00814193
Tiny epoch 575/2000 iteration 390/390 loss=19.8997 lr=0.0081413
Tiny epoch 576/2000 iteration 50/390 loss=19.7469 lr=0.00814051
Tiny epoch 576/2000 iteration 100/390 loss=19.9582 lr=0.00813973
Tiny epoch 576/2000 iteration 150/390 loss=19.7893 lr=0.00813894
Tiny epoch 576/2000 iteration 200/390 loss=19.8647 lr=0.00813815
Tiny epoch 576/2000 iteration 250/390 loss=19.8116 lr=0.00813736
Tiny epoch 576/2000 iteration 300/390 loss=19.7814 lr=0.00813658
Tiny epoch 576/2000 iteration 350/390 loss=19.8050 lr=0.00813579
Tiny epoch 576/2000 iteration 390/390 loss=19.8402 lr=0.00813516
Tiny epoch 577/2000 iteration 50/390 loss=19.6297 lr=0.00813437
Tiny epoch 577/2000 iteration 100/390 loss=19.8300 lr=0.00813358
Tiny epoch 577/2000 iteration 150/390 loss=19.8130 lr=0.0081328
Tiny epoch 577/2000 iteration 200/390 loss=19.9544 lr=0.00813201
Tiny epoch 577/2000 iteration 250/390 loss=20.0634 lr=0.00813122
Tiny epoch 577/2000 iteration 300/390 loss=19.9734 lr=0.00813043
Tiny epoch 577/2000 iteration 350/390 loss=19.9655 lr=0.00812964
Tiny epoch 577/2000 iteration 390/390 loss=19.9596 lr=0.00812901
Tiny epoch 578/2000 iteration 50/390 loss=19.5375 lr=0.00812822
Tiny epoch 578/2000 iteration 100/390 loss=19.7895 lr=0.00812743
Tiny epoch 578/2000 iteration 150/390 loss=19.9001 lr=0.00812664
Tiny epoch 578/2000 iteration 200/390 loss=20.0250 lr=0.00812585
Tiny epoch 578/2000 iteration 250/390 loss=19.9625 lr=0.00812506
Tiny epoch 578/2000 iteration 300/390 loss=19.8448 lr=0.00812427
Tiny epoch 578/2000 iteration 350/390 loss=19.9213 lr=0.00812349
Tiny epoch 578/2000 iteration 390/390 loss=19.9389 lr=0.00812285
Tiny epoch 579/2000 iteration 50/390 loss=20.0278 lr=0.00812206
Tiny epoch 579/2000 iteration 100/390 loss=19.7942 lr=0.00812127
Tiny epoch 579/2000 iteration 150/390 loss=19.7704 lr=0.00812048
Tiny epoch 579/2000 iteration 200/390 loss=19.8768 lr=0.00811969
Tiny epoch 579/2000 iteration 250/390 loss=19.9156 lr=0.0081189
Tiny epoch 579/2000 iteration 300/390 loss=19.9089 lr=0.00811811
Tiny epoch 579/2000 iteration 350/390 loss=19.9020 lr=0.00811732
Tiny epoch 579/2000 iteration 390/390 loss=19.8679 lr=0.00811669
Tiny epoch 580/2000 iteration 50/390 loss=19.9775 lr=0.0081159
Tiny epoch 580/2000 iteration 100/390 loss=19.8573 lr=0.00811511
Tiny epoch 580/2000 iteration 150/390 loss=19.6841 lr=0.00811432
Tiny epoch 580/2000 iteration 200/390 loss=19.6686 lr=0.00811352
Tiny epoch 580/2000 iteration 250/390 loss=19.7484 lr=0.00811273
Tiny epoch 580/2000 iteration 300/390 loss=19.6118 lr=0.00811194
Tiny epoch 580/2000 iteration 350/390 loss=19.5934 lr=0.00811115
Tiny epoch 580/2000 iteration 390/390 loss=19.5966 lr=0.00811052
[epoch 580/2000] saved backbone: /home/mmoslem3/scratch/MKDT/krrst_teacher_ckpt/barlow_twins_resnet18_tinyimagenet.pt
Tiny epoch 581/2000 iteration 50/390 loss=19.7239 lr=0.00810972
Tiny epoch 581/2000 iteration 100/390 loss=19.5126 lr=0.00810893
Tiny epoch 581/2000 iteration 150/390 loss=19.3959 lr=0.00810814
Tiny epoch 581/2000 iteration 200/390 loss=19.4429 lr=0.00810735
Tiny epoch 581/2000 iteration 250/390 loss=19.5017 lr=0.00810656
Tiny epoch 581/2000 iteration 300/390 loss=19.6254 lr=0.00810576
Tiny epoch 581/2000 iteration 350/390 loss=19.7723 lr=0.00810497
Tiny epoch 581/2000 iteration 390/390 loss=19.7451 lr=0.00810434
Tiny epoch 582/2000 iteration 50/390 loss=19.8816 lr=0.00810354
Tiny epoch 582/2000 iteration 100/390 loss=19.8013 lr=0.00810275
Tiny epoch 582/2000 iteration 150/390 loss=19.7627 lr=0.00810196
Tiny epoch 582/2000 iteration 200/390 loss=19.6956 lr=0.00810116
Tiny epoch 582/2000 iteration 250/390 loss=19.8148 lr=0.00810037
Tiny epoch 582/2000 iteration 300/390 loss=19.8147 lr=0.00809958
Tiny epoch 582/2000 iteration 350/390 loss=19.8335 lr=0.00809878
Tiny epoch 582/2000 iteration 390/390 loss=19.7527 lr=0.00809815
Tiny epoch 583/2000 iteration 50/390 loss=19.0141 lr=0.00809735
Tiny epoch 583/2000 iteration 100/390 loss=19.0617 lr=0.00809656
Tiny epoch 583/2000 iteration 150/390 loss=19.4600 lr=0.00809577
Tiny epoch 583/2000 iteration 200/390 loss=19.5252 lr=0.00809497
Tiny epoch 583/2000 iteration 250/390 loss=19.5404 lr=0.00809418
Tiny epoch 583/2000 iteration 300/390 loss=19.6961 lr=0.00809338
Tiny epoch 583/2000 iteration 350/390 loss=19.7038 lr=0.00809259
Tiny epoch 583/2000 iteration 390/390 loss=19.6986 lr=0.00809195
Tiny epoch 584/2000 iteration 50/390 loss=20.2104 lr=0.00809116
Tiny epoch 584/2000 iteration 100/390 loss=20.0571 lr=0.00809036
Tiny epoch 584/2000 iteration 150/390 loss=19.9011 lr=0.00808957
Tiny epoch 584/2000 iteration 200/390 loss=19.8488 lr=0.00808877
Tiny epoch 584/2000 iteration 250/390 loss=19.7774 lr=0.00808798
Tiny epoch 584/2000 iteration 300/390 loss=19.8117 lr=0.00808718
Tiny epoch 584/2000 iteration 350/390 loss=19.9103 lr=0.00808639
Tiny epoch 584/2000 iteration 390/390 loss=19.9187 lr=0.00808575
Tiny epoch 585/2000 iteration 50/390 loss=19.5328 lr=0.00808495
Tiny epoch 585/2000 iteration 100/390 loss=19.5768 lr=0.00808416
Tiny epoch 585/2000 iteration 150/390 loss=19.5205 lr=0.00808336
Tiny epoch 585/2000 iteration 200/390 loss=19.5153 lr=0.00808257
Tiny epoch 585/2000 iteration 250/390 loss=19.5604 lr=0.00808177
Tiny epoch 585/2000 iteration 300/390 loss=19.6353 lr=0.00808097
Tiny epoch 585/2000 iteration 350/390 loss=19.7081 lr=0.00808018
Tiny epoch 585/2000 iteration 390/390 loss=19.7596 lr=0.00807954
Tiny epoch 586/2000 iteration 50/390 loss=19.4883 lr=0.00807874
Tiny epoch 586/2000 iteration 100/390 loss=19.6252 lr=0.00807794
Tiny epoch 586/2000 iteration 150/390 loss=19.3361 lr=0.00807715
Tiny epoch 586/2000 iteration 200/390 loss=19.4740 lr=0.00807635
Tiny epoch 586/2000 iteration 250/390 loss=19.5984 lr=0.00807555
Tiny epoch 586/2000 iteration 300/390 loss=19.5852 lr=0.00807476
Tiny epoch 586/2000 iteration 350/390 loss=19.6406 lr=0.00807396
Tiny epoch 586/2000 iteration 390/390 loss=19.6971 lr=0.00807332
Tiny epoch 587/2000 iteration 50/390 loss=19.5048 lr=0.00807252
Tiny epoch 587/2000 iteration 100/390 loss=19.7144 lr=0.00807172
Tiny epoch 587/2000 iteration 150/390 loss=19.5643 lr=0.00807093
Tiny epoch 587/2000 iteration 200/390 loss=19.6095 lr=0.00807013
Tiny epoch 587/2000 iteration 250/390 loss=19.6398 lr=0.00806933
Tiny epoch 587/2000 iteration 300/390 loss=19.6362 lr=0.00806853
Tiny epoch 587/2000 iteration 350/390 loss=19.6714 lr=0.00806773
Tiny epoch 587/2000 iteration 390/390 loss=19.7044 lr=0.00806709
Tiny epoch 588/2000 iteration 50/390 loss=19.6675 lr=0.00806629
Tiny epoch 588/2000 iteration 100/390 loss=19.6587 lr=0.0080655
Tiny epoch 588/2000 iteration 150/390 loss=19.6687 lr=0.0080647
Tiny epoch 588/2000 iteration 200/390 loss=19.6406 lr=0.0080639
Tiny epoch 588/2000 iteration 250/390 loss=19.6060 lr=0.0080631
Tiny epoch 588/2000 iteration 300/390 loss=19.6971 lr=0.0080623
Tiny epoch 588/2000 iteration 350/390 loss=19.7433 lr=0.0080615
Tiny epoch 588/2000 iteration 390/390 loss=19.7365 lr=0.00806086
Tiny epoch 589/2000 iteration 50/390 loss=19.8007 lr=0.00806006
Tiny epoch 589/2000 iteration 100/390 loss=19.6286 lr=0.00805926
Tiny epoch 589/2000 iteration 150/390 loss=19.6734 lr=0.00805846
Tiny epoch 589/2000 iteration 200/390 loss=19.7889 lr=0.00805766
Tiny epoch 589/2000 iteration 250/390 loss=19.8927 lr=0.00805686
Tiny epoch 589/2000 iteration 300/390 loss=19.8730 lr=0.00805606
Tiny epoch 589/2000 iteration 350/390 loss=19.8467 lr=0.00805526
Tiny epoch 589/2000 iteration 390/390 loss=19.8752 lr=0.00805462
Tiny epoch 590/2000 iteration 50/390 loss=18.8923 lr=0.00805382
Tiny epoch 590/2000 iteration 100/390 loss=19.1444 lr=0.00805302
Tiny epoch 590/2000 iteration 150/390 loss=19.3164 lr=0.00805222
Tiny epoch 590/2000 iteration 200/390 loss=19.5192 lr=0.00805141
Tiny epoch 590/2000 iteration 250/390 loss=19.5305 lr=0.00805061
Tiny epoch 590/2000 iteration 300/390 loss=19.5434 lr=0.00804981
Tiny epoch 590/2000 iteration 350/390 loss=19.6522 lr=0.00804901
Tiny epoch 590/2000 iteration 390/390 loss=19.7919 lr=0.00804837
[epoch 590/2000] saved backbone: /home/mmoslem3/scratch/MKDT/krrst_teacher_ckpt/barlow_twins_resnet18_tinyimagenet.pt
Tiny epoch 591/2000 iteration 50/390 loss=19.5523 lr=0.00804757
Tiny epoch 591/2000 iteration 100/390 loss=19.6458 lr=0.00804677
Tiny epoch 591/2000 iteration 150/390 loss=19.5977 lr=0.00804596
Tiny epoch 591/2000 iteration 200/390 loss=19.6381 lr=0.00804516
Tiny epoch 591/2000 iteration 250/390 loss=19.7592 lr=0.00804436
Tiny epoch 591/2000 iteration 300/390 loss=19.8072 lr=0.00804356
Tiny epoch 591/2000 iteration 350/390 loss=19.7602 lr=0.00804275
Tiny epoch 591/2000 iteration 390/390 loss=19.7492 lr=0.00804211
Tiny epoch 592/2000 iteration 50/390 loss=19.0790 lr=0.00804131
Tiny epoch 592/2000 iteration 100/390 loss=19.2756 lr=0.00804051
Tiny epoch 592/2000 iteration 150/390 loss=19.2237 lr=0.0080397
Tiny epoch 592/2000 iteration 200/390 loss=19.3048 lr=0.0080389
Tiny epoch 592/2000 iteration 250/390 loss=19.3693 lr=0.0080381
Tiny epoch 592/2000 iteration 300/390 loss=19.4040 lr=0.00803729
Tiny epoch 592/2000 iteration 350/390 loss=19.4937 lr=0.00803649
Tiny epoch 592/2000 iteration 390/390 loss=19.5512 lr=0.00803585
Tiny epoch 593/2000 iteration 50/390 loss=19.6045 lr=0.00803504
Tiny epoch 593/2000 iteration 100/390 loss=19.7401 lr=0.00803424
Tiny epoch 593/2000 iteration 150/390 loss=19.6890 lr=0.00803344
Tiny epoch 593/2000 iteration 200/390 loss=19.6987 lr=0.00803263
Tiny epoch 593/2000 iteration 250/390 loss=19.7407 lr=0.00803183
Tiny epoch 593/2000 iteration 300/390 loss=19.7691 lr=0.00803102
Tiny epoch 593/2000 iteration 350/390 loss=19.8182 lr=0.00803022
Tiny epoch 593/2000 iteration 390/390 loss=19.7943 lr=0.00802958
Tiny epoch 594/2000 iteration 50/390 loss=19.1835 lr=0.00802877
Tiny epoch 594/2000 iteration 100/390 loss=19.4867 lr=0.00802797
Tiny epoch 594/2000 iteration 150/390 loss=19.4939 lr=0.00802716
Tiny epoch 594/2000 iteration 200/390 loss=19.3953 lr=0.00802636
Tiny epoch 594/2000 iteration 250/390 loss=19.4650 lr=0.00802555
Tiny epoch 594/2000 iteration 300/390 loss=19.4866 lr=0.00802475
Tiny epoch 594/2000 iteration 350/390 loss=19.4845 lr=0.00802394
Tiny epoch 594/2000 iteration 390/390 loss=19.5031 lr=0.0080233
Tiny epoch 595/2000 iteration 50/390 loss=19.9028 lr=0.00802249
Tiny epoch 595/2000 iteration 100/390 loss=19.6453 lr=0.00802169
Tiny epoch 595/2000 iteration 150/390 loss=19.6230 lr=0.00802088
Tiny epoch 595/2000 iteration 200/390 loss=19.7019 lr=0.00802007
Tiny epoch 595/2000 iteration 250/390 loss=19.5881 lr=0.00801927
Tiny epoch 595/2000 iteration 300/390 loss=19.6651 lr=0.00801846
Tiny epoch 595/2000 iteration 350/390 loss=19.7129 lr=0.00801766
Tiny epoch 595/2000 iteration 390/390 loss=19.6944 lr=0.00801701
Tiny epoch 596/2000 iteration 50/390 loss=18.9996 lr=0.0080162
Tiny epoch 596/2000 iteration 100/390 loss=19.1582 lr=0.0080154
Tiny epoch 596/2000 iteration 150/390 loss=19.2282 lr=0.00801459
Tiny epoch 596/2000 iteration 200/390 loss=19.4219 lr=0.00801378
Tiny epoch 596/2000 iteration 250/390 loss=19.4876 lr=0.00801298
Tiny epoch 596/2000 iteration 300/390 loss=19.6154 lr=0.00801217
Tiny epoch 596/2000 iteration 350/390 loss=19.6519 lr=0.00801136
Tiny epoch 596/2000 iteration 390/390 loss=19.6577 lr=0.00801072
Tiny epoch 597/2000 iteration 50/390 loss=19.7250 lr=0.00800991
Tiny epoch 597/2000 iteration 100/390 loss=19.7468 lr=0.0080091
Tiny epoch 597/2000 iteration 150/390 loss=19.8423 lr=0.00800829
Tiny epoch 597/2000 iteration 200/390 loss=19.7413 lr=0.00800749
Tiny epoch 597/2000 iteration 250/390 loss=19.8270 lr=0.00800668
Tiny epoch 597/2000 iteration 300/390 loss=19.8475 lr=0.00800587
Tiny epoch 597/2000 iteration 350/390 loss=19.8681 lr=0.00800506
Tiny epoch 597/2000 iteration 390/390 loss=19.8832 lr=0.00800441
Tiny epoch 598/2000 iteration 50/390 loss=19.2820 lr=0.00800361
Tiny epoch 598/2000 iteration 100/390 loss=19.5754 lr=0.0080028
Tiny epoch 598/2000 iteration 150/390 loss=19.5596 lr=0.00800199
Tiny epoch 598/2000 iteration 200/390 loss=19.5068 lr=0.00800118
Tiny epoch 598/2000 iteration 250/390 loss=19.6211 lr=0.00800037
Tiny epoch 598/2000 iteration 300/390 loss=19.6500 lr=0.00799956
Tiny epoch 598/2000 iteration 350/390 loss=19.6086 lr=0.00799875
Tiny epoch 598/2000 iteration 390/390 loss=19.6201 lr=0.0079981
Tiny epoch 599/2000 iteration 50/390 loss=19.2818 lr=0.0079973
Tiny epoch 599/2000 iteration 100/390 loss=19.3624 lr=0.00799649
Tiny epoch 599/2000 iteration 150/390 loss=19.3067 lr=0.00799568
Tiny epoch 599/2000 iteration 200/390 loss=19.3736 lr=0.00799487
Tiny epoch 599/2000 iteration 250/390 loss=19.3609 lr=0.00799406
Tiny epoch 599/2000 iteration 300/390 loss=19.3692 lr=0.00799325
Tiny epoch 599/2000 iteration 350/390 loss=19.4421 lr=0.00799244
Tiny epoch 599/2000 iteration 390/390 loss=19.4974 lr=0.00799179
Tiny epoch 600/2000 iteration 50/390 loss=19.6782 lr=0.00799098
Tiny epoch 600/2000 iteration 100/390 loss=19.6695 lr=0.00799017
Tiny epoch 600/2000 iteration 150/390 loss=19.6603 lr=0.00798936
Tiny epoch 600/2000 iteration 200/390 loss=19.7235 lr=0.00798855
Tiny epoch 600/2000 iteration 250/390 loss=19.7676 lr=0.00798774
Tiny epoch 600/2000 iteration 300/390 loss=19.7906 lr=0.00798692
Tiny epoch 600/2000 iteration 350/390 loss=19.8793 lr=0.00798611
Tiny epoch 600/2000 iteration 390/390 loss=19.8871 lr=0.00798546
[epoch 600/2000] saved backbone: /home/mmoslem3/scratch/MKDT/krrst_teacher_ckpt/barlow_twins_resnet18_tinyimagenet.pt
Tiny epoch 601/2000 iteration 50/390 loss=19.6257 lr=0.00798465
Tiny epoch 601/2000 iteration 100/390 loss=19.5533 lr=0.00798384
Tiny epoch 601/2000 iteration 150/390 loss=19.3859 lr=0.00798303
Tiny epoch 601/2000 iteration 200/390 loss=19.4207 lr=0.00798222
Tiny epoch 601/2000 iteration 250/390 loss=19.4971 lr=0.00798141
Tiny epoch 601/2000 iteration 300/390 loss=19.5716 lr=0.00798059
Tiny epoch 601/2000 iteration 350/390 loss=19.6527 lr=0.00797978
Tiny epoch 601/2000 iteration 390/390 loss=19.6553 lr=0.00797913
Tiny epoch 602/2000 iteration 50/390 loss=19.4239 lr=0.00797832
Tiny epoch 602/2000 iteration 100/390 loss=19.3645 lr=0.00797751
Tiny epoch 602/2000 iteration 150/390 loss=19.5225 lr=0.0079767
Tiny epoch 602/2000 iteration 200/390 loss=19.5399 lr=0.00797588
Tiny epoch 602/2000 iteration 250/390 loss=19.4878 lr=0.00797507
Tiny epoch 602/2000 iteration 300/390 loss=19.4945 lr=0.00797426
Tiny epoch 602/2000 iteration 350/390 loss=19.5399 lr=0.00797344
Tiny epoch 602/2000 iteration 390/390 loss=19.5645 lr=0.00797279
Tiny epoch 603/2000 iteration 50/390 loss=19.5223 lr=0.00797198
Tiny epoch 603/2000 iteration 100/390 loss=19.7117 lr=0.00797117
Tiny epoch 603/2000 iteration 150/390 loss=19.5565 lr=0.00797035
Tiny epoch 603/2000 iteration 200/390 loss=19.5654 lr=0.00796954
Tiny epoch 603/2000 iteration 250/390 loss=19.5152 lr=0.00796873
Tiny epoch 603/2000 iteration 300/390 loss=19.5940 lr=0.00796791
Tiny epoch 603/2000 iteration 350/390 loss=19.5239 lr=0.0079671
Tiny epoch 603/2000 iteration 390/390 loss=19.5681 lr=0.00796645
Tiny epoch 604/2000 iteration 50/390 loss=19.1292 lr=0.00796563
Tiny epoch 604/2000 iteration 100/390 loss=19.2057 lr=0.00796482
Tiny epoch 604/2000 iteration 150/390 loss=19.2783 lr=0.007964
Tiny epoch 604/2000 iteration 200/390 loss=19.2816 lr=0.00796319
Tiny epoch 604/2000 iteration 250/390 loss=19.3425 lr=0.00796237
Tiny epoch 604/2000 iteration 300/390 loss=19.4280 lr=0.00796156
Tiny epoch 604/2000 iteration 350/390 loss=19.5341 lr=0.00796074
Tiny epoch 604/2000 iteration 390/390 loss=19.5777 lr=0.00796009
Tiny epoch 605/2000 iteration 50/390 loss=18.9360 lr=0.00795928
Tiny epoch 605/2000 iteration 100/390 loss=19.2364 lr=0.00795846
Tiny epoch 605/2000 iteration 150/390 loss=19.5336 lr=0.00795765
Tiny epoch 605/2000 iteration 200/390 loss=19.5852 lr=0.00795683
Tiny epoch 605/2000 iteration 250/390 loss=19.6565 lr=0.00795602
Tiny epoch 605/2000 iteration 300/390 loss=19.6520 lr=0.0079552
Tiny epoch 605/2000 iteration 350/390 loss=19.5812 lr=0.00795438
Tiny epoch 605/2000 iteration 390/390 loss=19.5585 lr=0.00795373
Tiny epoch 606/2000 iteration 50/390 loss=19.3007 lr=0.00795292
Tiny epoch 606/2000 iteration 100/390 loss=19.6117 lr=0.0079521
Tiny epoch 606/2000 iteration 150/390 loss=19.6414 lr=0.00795128
Tiny epoch 606/2000 iteration 200/390 loss=19.6887 lr=0.00795047
Tiny epoch 606/2000 iteration 250/390 loss=19.7264 lr=0.00794965
Tiny epoch 606/2000 iteration 300/390 loss=19.7088 lr=0.00794883
Tiny epoch 606/2000 iteration 350/390 loss=19.6705 lr=0.00794802
Tiny epoch 606/2000 iteration 390/390 loss=19.6981 lr=0.00794736
Tiny epoch 607/2000 iteration 50/390 loss=19.8813 lr=0.00794655
Tiny epoch 607/2000 iteration 100/390 loss=19.8271 lr=0.00794573
Tiny epoch 607/2000 iteration 150/390 loss=19.6369 lr=0.00794491
Tiny epoch 607/2000 iteration 200/390 loss=19.6448 lr=0.00794409
Tiny epoch 607/2000 iteration 250/390 loss=19.6523 lr=0.00794328
Tiny epoch 607/2000 iteration 300/390 loss=19.6982 lr=0.00794246
Tiny epoch 607/2000 iteration 350/390 loss=19.6486 lr=0.00794164
Tiny epoch 607/2000 iteration 390/390 loss=19.6041 lr=0.00794099
Tiny epoch 608/2000 iteration 50/390 loss=19.2339 lr=0.00794017
Tiny epoch 608/2000 iteration 100/390 loss=19.2918 lr=0.00793935
Tiny epoch 608/2000 iteration 150/390 loss=19.4044 lr=0.00793853
Tiny epoch 608/2000 iteration 200/390 loss=19.3781 lr=0.00793771
Tiny epoch 608/2000 iteration 250/390 loss=19.4650 lr=0.0079369
Tiny epoch 608/2000 iteration 300/390 loss=19.5702 lr=0.00793608
Tiny epoch 608/2000 iteration 350/390 loss=19.6523 lr=0.00793526
Tiny epoch 608/2000 iteration 390/390 loss=19.6347 lr=0.0079346
Tiny epoch 609/2000 iteration 50/390 loss=18.6830 lr=0.00793379
Tiny epoch 609/2000 iteration 100/390 loss=18.8810 lr=0.00793297
Tiny epoch 609/2000 iteration 150/390 loss=19.0672 lr=0.00793215
Tiny epoch 609/2000 iteration 200/390 loss=19.1798 lr=0.00793133
Tiny epoch 609/2000 iteration 250/390 loss=19.2053 lr=0.00793051
Tiny epoch 609/2000 iteration 300/390 loss=19.2330 lr=0.00792969
Tiny epoch 609/2000 iteration 350/390 loss=19.2693 lr=0.00792887
Tiny epoch 609/2000 iteration 390/390 loss=19.3469 lr=0.00792821
Tiny epoch 610/2000 iteration 50/390 loss=19.7833 lr=0.00792739
Tiny epoch 610/2000 iteration 100/390 loss=19.5424 lr=0.00792657
Tiny epoch 610/2000 iteration 150/390 loss=19.5343 lr=0.00792575
Tiny epoch 610/2000 iteration 200/390 loss=19.6614 lr=0.00792493
Tiny epoch 610/2000 iteration 250/390 loss=19.6341 lr=0.00792411
Tiny epoch 610/2000 iteration 300/390 loss=19.6443 lr=0.00792329
Tiny epoch 610/2000 iteration 350/390 loss=19.6751 lr=0.00792247
Tiny epoch 610/2000 iteration 390/390 loss=19.6792 lr=0.00792182
[epoch 610/2000] saved backbone: /home/mmoslem3/scratch/MKDT/krrst_teacher_ckpt/barlow_twins_resnet18_tinyimagenet.pt
Tiny epoch 611/2000 iteration 50/390 loss=19.7035 lr=0.007921
Tiny epoch 611/2000 iteration 100/390 loss=19.7482 lr=0.00792017
Tiny epoch 611/2000 iteration 150/390 loss=19.8010 lr=0.00791935
Tiny epoch 611/2000 iteration 200/390 loss=19.6146 lr=0.00791853
Tiny epoch 611/2000 iteration 250/390 loss=19.6802 lr=0.00791771
Tiny epoch 611/2000 iteration 300/390 loss=19.7662 lr=0.00791689
Tiny epoch 611/2000 iteration 350/390 loss=19.7146 lr=0.00791607
Tiny epoch 611/2000 iteration 390/390 loss=19.6936 lr=0.00791541
Tiny epoch 612/2000 iteration 50/390 loss=19.2659 lr=0.00791459
Tiny epoch 612/2000 iteration 100/390 loss=19.0815 lr=0.00791377
Tiny epoch 612/2000 iteration 150/390 loss=19.1744 lr=0.00791295
Tiny epoch 612/2000 iteration 200/390 loss=19.3969 lr=0.00791212
Tiny epoch 612/2000 iteration 250/390 loss=19.5313 lr=0.0079113
Tiny epoch 612/2000 iteration 300/390 loss=19.5518 lr=0.00791048
Tiny epoch 612/2000 iteration 350/390 loss=19.5712 lr=0.00790966
Tiny epoch 612/2000 iteration 390/390 loss=19.5862 lr=0.007909
Tiny epoch 613/2000 iteration 50/390 loss=19.6643 lr=0.00790818
Tiny epoch 613/2000 iteration 100/390 loss=19.4172 lr=0.00790735
Tiny epoch 613/2000 iteration 150/390 loss=19.3438 lr=0.00790653
Tiny epoch 613/2000 iteration 200/390 loss=19.2574 lr=0.00790571
Tiny epoch 613/2000 iteration 250/390 loss=19.4053 lr=0.00790488
Tiny epoch 613/2000 iteration 300/390 loss=19.5278 lr=0.00790406
Tiny epoch 613/2000 iteration 350/390 loss=19.6241 lr=0.00790324
Tiny epoch 613/2000 iteration 390/390 loss=19.6230 lr=0.00790258
Tiny epoch 614/2000 iteration 50/390 loss=19.2258 lr=0.00790176
Tiny epoch 614/2000 iteration 100/390 loss=19.2090 lr=0.00790093
Tiny epoch 614/2000 iteration 150/390 loss=19.2499 lr=0.00790011
Tiny epoch 614/2000 iteration 200/390 loss=19.2920 lr=0.00789928
Tiny epoch 614/2000 iteration 250/390 loss=19.4176 lr=0.00789846
Tiny epoch 614/2000 iteration 300/390 loss=19.4791 lr=0.00789764
Tiny epoch 614/2000 iteration 350/390 loss=19.5003 lr=0.00789681
Tiny epoch 614/2000 iteration 390/390 loss=19.5484 lr=0.00789615
Tiny epoch 615/2000 iteration 50/390 loss=19.1019 lr=0.00789533
Tiny epoch 615/2000 iteration 100/390 loss=19.2246 lr=0.0078945
Tiny epoch 615/2000 iteration 150/390 loss=19.1314 lr=0.00789368
Tiny epoch 615/2000 iteration 200/390 loss=19.2823 lr=0.00789285
Tiny epoch 615/2000 iteration 250/390 loss=19.4064 lr=0.00789203
Tiny epoch 615/2000 iteration 300/390 loss=19.4330 lr=0.0078912
Tiny epoch 615/2000 iteration 350/390 loss=19.4648 lr=0.00789038
Tiny epoch 615/2000 iteration 390/390 loss=19.5122 lr=0.00788972
Tiny epoch 616/2000 iteration 50/390 loss=19.1267 lr=0.00788889
Tiny epoch 616/2000 iteration 100/390 loss=19.0814 lr=0.00788807
Tiny epoch 616/2000 iteration 150/390 loss=19.2611 lr=0.00788724
Tiny epoch 616/2000 iteration 200/390 loss=19.2766 lr=0.00788642
Tiny epoch 616/2000 iteration 250/390 loss=19.3296 lr=0.00788559
Tiny epoch 616/2000 iteration 300/390 loss=19.3489 lr=0.00788476
Tiny epoch 616/2000 iteration 350/390 loss=19.3738 lr=0.00788394
Tiny epoch 616/2000 iteration 390/390 loss=19.3773 lr=0.00788328
Tiny epoch 617/2000 iteration 50/390 loss=19.7069 lr=0.00788245
Tiny epoch 617/2000 iteration 100/390 loss=19.3322 lr=0.00788162
Tiny epoch 617/2000 iteration 150/390 loss=19.6355 lr=0.0078808
Tiny epoch 617/2000 iteration 200/390 loss=19.5620 lr=0.00787997
Tiny epoch 617/2000 iteration 250/390 loss=19.6364 lr=0.00787914
Tiny epoch 617/2000 iteration 300/390 loss=19.6010 lr=0.00787832
Tiny epoch 617/2000 iteration 350/390 loss=19.6455 lr=0.00787749
Tiny epoch 617/2000 iteration 390/390 loss=19.6140 lr=0.00787683
Tiny epoch 618/2000 iteration 50/390 loss=19.9519 lr=0.007876
Tiny epoch 618/2000 iteration 100/390 loss=19.8861 lr=0.00787517
Tiny epoch 618/2000 iteration 150/390 loss=19.7303 lr=0.00787435
Tiny epoch 618/2000 iteration 200/390 loss=19.7324 lr=0.00787352
Tiny epoch 618/2000 iteration 250/390 loss=19.7279 lr=0.00787269
Tiny epoch 618/2000 iteration 300/390 loss=19.6903 lr=0.00787186
Tiny epoch 618/2000 iteration 350/390 loss=19.7129 lr=0.00787104
Tiny epoch 618/2000 iteration 390/390 loss=19.6740 lr=0.00787037
Tiny epoch 619/2000 iteration 50/390 loss=19.4818 lr=0.00786955
Tiny epoch 619/2000 iteration 100/390 loss=19.5723 lr=0.00786872
Tiny epoch 619/2000 iteration 150/390 loss=19.5945 lr=0.00786789
Tiny epoch 619/2000 iteration 200/390 loss=19.6847 lr=0.00786706
Tiny epoch 619/2000 iteration 250/390 loss=19.6760 lr=0.00786623
Tiny epoch 619/2000 iteration 300/390 loss=19.6683 lr=0.0078654
Tiny epoch 619/2000 iteration 350/390 loss=19.6422 lr=0.00786457
Tiny epoch 619/2000 iteration 390/390 loss=19.6804 lr=0.00786391
Tiny epoch 620/2000 iteration 50/390 loss=19.1823 lr=0.00786308
Tiny epoch 620/2000 iteration 100/390 loss=19.2379 lr=0.00786225
Tiny epoch 620/2000 iteration 150/390 loss=19.5820 lr=0.00786142
Tiny epoch 620/2000 iteration 200/390 loss=19.7903 lr=0.00786059
Tiny epoch 620/2000 iteration 250/390 loss=19.7732 lr=0.00785976
Tiny epoch 620/2000 iteration 300/390 loss=19.7527 lr=0.00785893
Tiny epoch 620/2000 iteration 350/390 loss=19.7100 lr=0.0078581
Tiny epoch 620/2000 iteration 390/390 loss=19.6638 lr=0.00785744
[epoch 620/2000] saved backbone: /home/mmoslem3/scratch/MKDT/krrst_teacher_ckpt/barlow_twins_resnet18_tinyimagenet.pt
Tiny epoch 621/2000 iteration 50/390 loss=19.4991 lr=0.00785661
Tiny epoch 621/2000 iteration 100/390 loss=19.4488 lr=0.00785578
Tiny epoch 621/2000 iteration 150/390 loss=19.3366 lr=0.00785495
Tiny epoch 621/2000 iteration 200/390 loss=19.4059 lr=0.00785412
Tiny epoch 621/2000 iteration 250/390 loss=19.6344 lr=0.00785329
Tiny epoch 621/2000 iteration 300/390 loss=19.6507 lr=0.00785246
Tiny epoch 621/2000 iteration 350/390 loss=19.6790 lr=0.00785163
Tiny epoch 621/2000 iteration 390/390 loss=19.6809 lr=0.00785096
Tiny epoch 622/2000 iteration 50/390 loss=19.5416 lr=0.00785013
Tiny epoch 622/2000 iteration 100/390 loss=19.2162 lr=0.0078493
Tiny epoch 622/2000 iteration 150/390 loss=19.3191 lr=0.00784847
Tiny epoch 622/2000 iteration 200/390 loss=19.3463 lr=0.00784764
Tiny epoch 622/2000 iteration 250/390 loss=19.5126 lr=0.00784681
Tiny epoch 622/2000 iteration 300/390 loss=19.5159 lr=0.00784598
Tiny epoch 622/2000 iteration 350/390 loss=19.5224 lr=0.00784515
Tiny epoch 622/2000 iteration 390/390 loss=19.5182 lr=0.00784448
Tiny epoch 623/2000 iteration 50/390 loss=19.4119 lr=0.00784365
Tiny epoch 623/2000 iteration 100/390 loss=19.1501 lr=0.00784282
Tiny epoch 623/2000 iteration 150/390 loss=19.1591 lr=0.00784198
Tiny epoch 623/2000 iteration 200/390 loss=19.1291 lr=0.00784115
Tiny epoch 623/2000 iteration 250/390 loss=19.2357 lr=0.00784032
Tiny epoch 623/2000 iteration 300/390 loss=19.3199 lr=0.00783949
Tiny epoch 623/2000 iteration 350/390 loss=19.3129 lr=0.00783865
Tiny epoch 623/2000 iteration 390/390 loss=19.3391 lr=0.00783799
Tiny epoch 624/2000 iteration 50/390 loss=19.0976 lr=0.00783716
Tiny epoch 624/2000 iteration 100/390 loss=19.1335 lr=0.00783632
Tiny epoch 624/2000 iteration 150/390 loss=19.0422 lr=0.00783549
Tiny epoch 624/2000 iteration 200/390 loss=19.0690 lr=0.00783466
Tiny epoch 624/2000 iteration 250/390 loss=19.0961 lr=0.00783382
Tiny epoch 624/2000 iteration 300/390 loss=19.1835 lr=0.00783299
Tiny epoch 624/2000 iteration 350/390 loss=19.3124 lr=0.00783216
Tiny epoch 624/2000 iteration 390/390 loss=19.3359 lr=0.00783149
Tiny epoch 625/2000 iteration 50/390 loss=19.1347 lr=0.00783066
Tiny epoch 625/2000 iteration 100/390 loss=19.3381 lr=0.00782982
Tiny epoch 625/2000 iteration 150/390 loss=19.3788 lr=0.00782899
Tiny epoch 625/2000 iteration 200/390 loss=19.5673 lr=0.00782816
Tiny epoch 625/2000 iteration 250/390 loss=19.5458 lr=0.00782732
Tiny epoch 625/2000 iteration 300/390 loss=19.6638 lr=0.00782649
Tiny epoch 625/2000 iteration 350/390 loss=19.6436 lr=0.00782565
Tiny epoch 625/2000 iteration 390/390 loss=19.6567 lr=0.00782499
Tiny epoch 626/2000 iteration 50/390 loss=19.8837 lr=0.00782415
Tiny epoch 626/2000 iteration 100/390 loss=19.7311 lr=0.00782332
Tiny epoch 626/2000 iteration 150/390 loss=19.6372 lr=0.00782248
Tiny epoch 626/2000 iteration 200/390 loss=19.5513 lr=0.00782165
Tiny epoch 626/2000 iteration 250/390 loss=19.5747 lr=0.00782081
Tiny epoch 626/2000 iteration 300/390 loss=19.6108 lr=0.00781998
Tiny epoch 626/2000 iteration 350/390 loss=19.5913 lr=0.00781914
Tiny epoch 626/2000 iteration 390/390 loss=19.6224 lr=0.00781847
Tiny epoch 627/2000 iteration 50/390 loss=19.6719 lr=0.00781764
Tiny epoch 627/2000 iteration 100/390 loss=19.4015 lr=0.0078168
Tiny epoch 627/2000 iteration 150/390 loss=19.5120 lr=0.00781597
Tiny epoch 627/2000 iteration 200/390 loss=19.5002 lr=0.00781513
Tiny epoch 627/2000 iteration 250/390 loss=19.3989 lr=0.0078143
Tiny epoch 627/2000 iteration 300/390 loss=19.4260 lr=0.00781346
Tiny epoch 627/2000 iteration 350/390 loss=19.4231 lr=0.00781262
Tiny epoch 627/2000 iteration 390/390 loss=19.4294 lr=0.00781195
Tiny epoch 628/2000 iteration 50/390 loss=19.5693 lr=0.00781112
Tiny epoch 628/2000 iteration 100/390 loss=19.8028 lr=0.00781028
Tiny epoch 628/2000 iteration 150/390 loss=19.5640 lr=0.00780944
Tiny epoch 628/2000 iteration 200/390 loss=19.5118 lr=0.00780861
Tiny epoch 628/2000 iteration 250/390 loss=19.5693 lr=0.00780777
Tiny epoch 628/2000 iteration 300/390 loss=19.5169 lr=0.00780693
Tiny epoch 628/2000 iteration 350/390 loss=19.5457 lr=0.0078061
Tiny epoch 628/2000 iteration 390/390 loss=19.5588 lr=0.00780543
Tiny epoch 629/2000 iteration 50/390 loss=19.0820 lr=0.00780459
Tiny epoch 629/2000 iteration 100/390 loss=19.0620 lr=0.00780375
Tiny epoch 629/2000 iteration 150/390 loss=19.3293 lr=0.00780292
Tiny epoch 629/2000 iteration 200/390 loss=19.3534 lr=0.00780208
Tiny epoch 629/2000 iteration 250/390 loss=19.3746 lr=0.00780124
Tiny epoch 629/2000 iteration 300/390 loss=19.4287 lr=0.0078004
Tiny epoch 629/2000 iteration 350/390 loss=19.4270 lr=0.00779957
Tiny epoch 629/2000 iteration 390/390 loss=19.4273 lr=0.00779889
Tiny epoch 630/2000 iteration 50/390 loss=19.6631 lr=0.00779806
Tiny epoch 630/2000 iteration 100/390 loss=19.5161 lr=0.00779722
Tiny epoch 630/2000 iteration 150/390 loss=19.3955 lr=0.00779638
Tiny epoch 630/2000 iteration 200/390 loss=19.2384 lr=0.00779554
Tiny epoch 630/2000 iteration 250/390 loss=19.3121 lr=0.0077947
Tiny epoch 630/2000 iteration 300/390 loss=19.3615 lr=0.00779386
Tiny epoch 630/2000 iteration 350/390 loss=19.3193 lr=0.00779303
Tiny epoch 630/2000 iteration 390/390 loss=19.2774 lr=0.00779235
[epoch 630/2000] saved backbone: /home/mmoslem3/scratch/MKDT/krrst_teacher_ckpt/barlow_twins_resnet18_tinyimagenet.pt
Tiny epoch 631/2000 iteration 50/390 loss=19.0352 lr=0.00779152
Tiny epoch 631/2000 iteration 100/390 loss=19.3726 lr=0.00779068
Tiny epoch 631/2000 iteration 150/390 loss=19.5427 lr=0.00778984
Tiny epoch 631/2000 iteration 200/390 loss=19.4825 lr=0.007789
Tiny epoch 631/2000 iteration 250/390 loss=19.5745 lr=0.00778816
Tiny epoch 631/2000 iteration 300/390 loss=19.5772 lr=0.00778732
Tiny epoch 631/2000 iteration 350/390 loss=19.4935 lr=0.00778648
Tiny epoch 631/2000 iteration 390/390 loss=19.4561 lr=0.00778581
Tiny epoch 632/2000 iteration 50/390 loss=19.1148 lr=0.00778497
Tiny epoch 632/2000 iteration 100/390 loss=19.1555 lr=0.00778413
Tiny epoch 632/2000 iteration 150/390 loss=19.2450 lr=0.00778329
Tiny epoch 632/2000 iteration 200/390 loss=19.4579 lr=0.00778245
Tiny epoch 632/2000 iteration 250/390 loss=19.5541 lr=0.00778161
Tiny epoch 632/2000 iteration 300/390 loss=19.5595 lr=0.00778077
Tiny epoch 632/2000 iteration 350/390 loss=19.5351 lr=0.00777993
Tiny epoch 632/2000 iteration 390/390 loss=19.5395 lr=0.00777925
Tiny epoch 633/2000 iteration 50/390 loss=19.5961 lr=0.00777841
Tiny epoch 633/2000 iteration 100/390 loss=19.5453 lr=0.00777757
Tiny epoch 633/2000 iteration 150/390 loss=19.3544 lr=0.00777673
Tiny epoch 633/2000 iteration 200/390 loss=19.3113 lr=0.00777589
Tiny epoch 633/2000 iteration 250/390 loss=19.3445 lr=0.00777505
Tiny epoch 633/2000 iteration 300/390 loss=19.3348 lr=0.00777421
Tiny epoch 633/2000 iteration 350/390 loss=19.2817 lr=0.00777337
Tiny epoch 633/2000 iteration 390/390 loss=19.3543 lr=0.00777269
Tiny epoch 634/2000 iteration 50/390 loss=19.4896 lr=0.00777185
Tiny epoch 634/2000 iteration 100/390 loss=19.7151 lr=0.00777101
Tiny epoch 634/2000 iteration 150/390 loss=19.5475 lr=0.00777017
Tiny epoch 634/2000 iteration 200/390 loss=19.4387 lr=0.00776933
Tiny epoch 634/2000 iteration 250/390 loss=19.3233 lr=0.00776848
Tiny epoch 634/2000 iteration 300/390 loss=19.3891 lr=0.00776764
Tiny epoch 634/2000 iteration 350/390 loss=19.3910 lr=0.0077668
Tiny epoch 634/2000 iteration 390/390 loss=19.3390 lr=0.00776612
Tiny epoch 635/2000 iteration 50/390 loss=19.2496 lr=0.00776528
Tiny epoch 635/2000 iteration 100/390 loss=19.3532 lr=0.00776444
Tiny epoch 635/2000 iteration 150/390 loss=19.3313 lr=0.0077636
Tiny epoch 635/2000 iteration 200/390 loss=19.2972 lr=0.00776275
Tiny epoch 635/2000 iteration 250/390 loss=19.4494 lr=0.00776191
Tiny epoch 635/2000 iteration 300/390 loss=19.5243 lr=0.00776107
Tiny epoch 635/2000 iteration 350/390 loss=19.5272 lr=0.00776022
Tiny epoch 635/2000 iteration 390/390 loss=19.5623 lr=0.00775955
Tiny epoch 636/2000 iteration 50/390 loss=19.7628 lr=0.00775871
Tiny epoch 636/2000 iteration 100/390 loss=19.6751 lr=0.00775786
Tiny epoch 636/2000 iteration 150/390 loss=19.5950 lr=0.00775702
Tiny epoch 636/2000 iteration 200/390 loss=19.6346 lr=0.00775618
Tiny epoch 636/2000 iteration 250/390 loss=19.7235 lr=0.00775533
Tiny epoch 636/2000 iteration 300/390 loss=19.6842 lr=0.00775449
Tiny epoch 636/2000 iteration 350/390 loss=19.6621 lr=0.00775364
Tiny epoch 636/2000 iteration 390/390 loss=19.6204 lr=0.00775297
Tiny epoch 637/2000 iteration 50/390 loss=19.3107 lr=0.00775212
Tiny epoch 637/2000 iteration 100/390 loss=19.1019 lr=0.00775128
Tiny epoch 637/2000 iteration 150/390 loss=19.1411 lr=0.00775044
Tiny epoch 637/2000 iteration 200/390 loss=19.1858 lr=0.00774959
Tiny epoch 637/2000 iteration 250/390 loss=19.2056 lr=0.00774875
Tiny epoch 637/2000 iteration 300/390 loss=19.2230 lr=0.0077479
Tiny epoch 637/2000 iteration 350/390 loss=19.3096 lr=0.00774706
Tiny epoch 637/2000 iteration 390/390 loss=19.3193 lr=0.00774638
Tiny epoch 638/2000 iteration 50/390 loss=19.1088 lr=0.00774554
Tiny epoch 638/2000 iteration 100/390 loss=19.4426 lr=0.00774469
Tiny epoch 638/2000 iteration 150/390 loss=19.6569 lr=0.00774384
Tiny epoch 638/2000 iteration 200/390 loss=19.5634 lr=0.007743
Tiny epoch 638/2000 iteration 250/390 loss=19.5430 lr=0.00774215
Tiny epoch 638/2000 iteration 300/390 loss=19.5516 lr=0.00774131
Tiny epoch 638/2000 iteration 350/390 loss=19.6285 lr=0.00774046
Tiny epoch 638/2000 iteration 390/390 loss=19.5505 lr=0.00773979
Tiny epoch 639/2000 iteration 50/390 loss=19.7803 lr=0.00773894
Tiny epoch 639/2000 iteration 100/390 loss=19.3735 lr=0.00773809
Tiny epoch 639/2000 iteration 150/390 loss=19.4478 lr=0.00773725
Tiny epoch 639/2000 iteration 200/390 loss=19.5119 lr=0.0077364
Tiny epoch 639/2000 iteration 250/390 loss=19.5112 lr=0.00773555
Tiny epoch 639/2000 iteration 300/390 loss=19.5059 lr=0.00773471
Tiny epoch 639/2000 iteration 350/390 loss=19.5549 lr=0.00773386
Tiny epoch 639/2000 iteration 390/390 loss=19.5371 lr=0.00773318
Tiny epoch 640/2000 iteration 50/390 loss=19.4483 lr=0.00773234
Tiny epoch 640/2000 iteration 100/390 loss=19.5138 lr=0.00773149
Tiny epoch 640/2000 iteration 150/390 loss=19.4815 lr=0.00773064
Tiny epoch 640/2000 iteration 200/390 loss=19.4229 lr=0.00772979
Tiny epoch 640/2000 iteration 250/390 loss=19.4937 lr=0.00772895
Tiny epoch 640/2000 iteration 300/390 loss=19.4678 lr=0.0077281
Tiny epoch 640/2000 iteration 350/390 loss=19.4755 lr=0.00772725
Tiny epoch 640/2000 iteration 390/390 loss=19.3826 lr=0.00772657
[epoch 640/2000] saved backbone: /home/mmoslem3/scratch/MKDT/krrst_teacher_ckpt/barlow_twins_resnet18_tinyimagenet.pt
Tiny epoch 641/2000 iteration 50/390 loss=19.1412 lr=0.00772573
Tiny epoch 641/2000 iteration 100/390 loss=19.1242 lr=0.00772488
Tiny epoch 641/2000 iteration 150/390 loss=19.2100 lr=0.00772403
Tiny epoch 641/2000 iteration 200/390 loss=19.3014 lr=0.00772318
Tiny epoch 641/2000 iteration 250/390 loss=19.3300 lr=0.00772233
Tiny epoch 641/2000 iteration 300/390 loss=19.3876 lr=0.00772149
Tiny epoch 641/2000 iteration 350/390 loss=19.3547 lr=0.00772064
Tiny epoch 641/2000 iteration 390/390 loss=19.3571 lr=0.00771996
Tiny epoch 642/2000 iteration 50/390 loss=19.3764 lr=0.00771911
Tiny epoch 642/2000 iteration 100/390 loss=19.4376 lr=0.00771826
Tiny epoch 642/2000 iteration 150/390 loss=19.3716 lr=0.00771741
Tiny epoch 642/2000 iteration 200/390 loss=19.4287 lr=0.00771656
Tiny epoch 642/2000 iteration 250/390 loss=19.4680 lr=0.00771571
Tiny epoch 642/2000 iteration 300/390 loss=19.4170 lr=0.00771486
Tiny epoch 642/2000 iteration 350/390 loss=19.3652 lr=0.00771402
Tiny epoch 642/2000 iteration 390/390 loss=19.3410 lr=0.00771334
Tiny epoch 643/2000 iteration 50/390 loss=19.2182 lr=0.00771249
Tiny epoch 643/2000 iteration 100/390 loss=19.3168 lr=0.00771164
Tiny epoch 643/2000 iteration 150/390 loss=19.3183 lr=0.00771079
Tiny epoch 643/2000 iteration 200/390 loss=19.3367 lr=0.00770994
Tiny epoch 643/2000 iteration 250/390 loss=19.3839 lr=0.00770909
Tiny epoch 643/2000 iteration 300/390 loss=19.4344 lr=0.00770824
Tiny epoch 643/2000 iteration 350/390 loss=19.4580 lr=0.00770739
Tiny epoch 643/2000 iteration 390/390 loss=19.5025 lr=0.00770671
Tiny epoch 644/2000 iteration 50/390 loss=18.8492 lr=0.00770586
Tiny epoch 644/2000 iteration 100/390 loss=19.0412 lr=0.00770501
Tiny epoch 644/2000 iteration 150/390 loss=19.0493 lr=0.00770416
Tiny epoch 644/2000 iteration 200/390 loss=19.1181 lr=0.0077033
Tiny epoch 644/2000 iteration 250/390 loss=19.2327 lr=0.00770245
Tiny epoch 644/2000 iteration 300/390 loss=19.2530 lr=0.0077016
Tiny epoch 644/2000 iteration 350/390 loss=19.4353 lr=0.00770075
Tiny epoch 644/2000 iteration 390/390 loss=19.4653 lr=0.00770007
Tiny epoch 645/2000 iteration 50/390 loss=18.3564 lr=0.00769922
Tiny epoch 645/2000 iteration 100/390 loss=18.7298 lr=0.00769837
Tiny epoch 645/2000 iteration 150/390 loss=18.9419 lr=0.00769752
Tiny epoch 645/2000 iteration 200/390 loss=19.1291 lr=0.00769667
Tiny epoch 645/2000 iteration 250/390 loss=19.1524 lr=0.00769581
Tiny epoch 645/2000 iteration 300/390 loss=19.1353 lr=0.00769496
Tiny epoch 645/2000 iteration 350/390 loss=19.1850 lr=0.00769411
Tiny epoch 645/2000 iteration 390/390 loss=19.1814 lr=0.00769343
Tiny epoch 646/2000 iteration 50/390 loss=19.7534 lr=0.00769258
Tiny epoch 646/2000 iteration 100/390 loss=19.7279 lr=0.00769172
Tiny epoch 646/2000 iteration 150/390 loss=19.6164 lr=0.00769087
Tiny epoch 646/2000 iteration 200/390 loss=19.4936 lr=0.00769002
Tiny epoch 646/2000 iteration 250/390 loss=19.3897 lr=0.00768917
Tiny epoch 646/2000 iteration 300/390 loss=19.4912 lr=0.00768831
Tiny epoch 646/2000 iteration 350/390 loss=19.5184 lr=0.00768746
Tiny epoch 646/2000 iteration 390/390 loss=19.5183 lr=0.00768678
Tiny epoch 647/2000 iteration 50/390 loss=19.4141 lr=0.00768593
Tiny epoch 647/2000 iteration 100/390 loss=19.1704 lr=0.00768507
Tiny epoch 647/2000 iteration 150/390 loss=19.2296 lr=0.00768422
Tiny epoch 647/2000 iteration 200/390 loss=19.3499 lr=0.00768337
Tiny epoch 647/2000 iteration 250/390 loss=19.3495 lr=0.00768251
Tiny epoch 647/2000 iteration 300/390 loss=19.3914 lr=0.00768166
Tiny epoch 647/2000 iteration 350/390 loss=19.3374 lr=0.00768081
Tiny epoch 647/2000 iteration 390/390 loss=19.3471 lr=0.00768012
Tiny epoch 648/2000 iteration 50/390 loss=19.1466 lr=0.00767927
Tiny epoch 648/2000 iteration 100/390 loss=19.1305 lr=0.00767842
Tiny epoch 648/2000 iteration 150/390 loss=19.2799 lr=0.00767756
Tiny epoch 648/2000 iteration 200/390 loss=19.2101 lr=0.00767671
Tiny epoch 648/2000 iteration 250/390 loss=19.2120 lr=0.00767585
Tiny epoch 648/2000 iteration 300/390 loss=19.2808 lr=0.007675
Tiny epoch 648/2000 iteration 350/390 loss=19.2824 lr=0.00767414
Tiny epoch 648/2000 iteration 390/390 loss=19.3215 lr=0.00767346
Tiny epoch 649/2000 iteration 50/390 loss=19.0802 lr=0.00767261
Tiny epoch 649/2000 iteration 100/390 loss=19.1587 lr=0.00767175
Tiny epoch 649/2000 iteration 150/390 loss=19.0785 lr=0.0076709
Tiny epoch 649/2000 iteration 200/390 loss=19.1891 lr=0.00767004
Tiny epoch 649/2000 iteration 250/390 loss=19.1940 lr=0.00766919
Tiny epoch 649/2000 iteration 300/390 loss=19.2835 lr=0.00766833
Tiny epoch 649/2000 iteration 350/390 loss=19.2933 lr=0.00766748
Tiny epoch 649/2000 iteration 390/390 loss=19.3109 lr=0.00766679
Tiny epoch 650/2000 iteration 50/390 loss=19.3705 lr=0.00766594
Tiny epoch 650/2000 iteration 100/390 loss=19.3512 lr=0.00766508
Tiny epoch 650/2000 iteration 150/390 loss=19.2296 lr=0.00766422
Tiny epoch 650/2000 iteration 200/390 loss=19.2814 lr=0.00766337
Tiny epoch 650/2000 iteration 250/390 loss=19.3208 lr=0.00766251
Tiny epoch 650/2000 iteration 300/390 loss=19.3040 lr=0.00766166
Tiny epoch 650/2000 iteration 350/390 loss=19.3216 lr=0.0076608
Tiny epoch 650/2000 iteration 390/390 loss=19.2804 lr=0.00766012
[epoch 650/2000] saved backbone: /home/mmoslem3/scratch/MKDT/krrst_teacher_ckpt/barlow_twins_resnet18_tinyimagenet.pt
Tiny epoch 651/2000 iteration 50/390 loss=19.3426 lr=0.00765926
Tiny epoch 651/2000 iteration 100/390 loss=19.2160 lr=0.0076584
Tiny epoch 651/2000 iteration 150/390 loss=19.0765 lr=0.00765755
Tiny epoch 651/2000 iteration 200/390 loss=19.1327 lr=0.00765669
Tiny epoch 651/2000 iteration 250/390 loss=19.1922 lr=0.00765583
Tiny epoch 651/2000 iteration 300/390 loss=19.1977 lr=0.00765498
Tiny epoch 651/2000 iteration 350/390 loss=19.2931 lr=0.00765412
Tiny epoch 651/2000 iteration 390/390 loss=19.2779 lr=0.00765343
Tiny epoch 652/2000 iteration 50/390 loss=19.2195 lr=0.00765258
Tiny epoch 652/2000 iteration 100/390 loss=18.9762 lr=0.00765172
Tiny epoch 652/2000 iteration 150/390 loss=19.1407 lr=0.00765086
Tiny epoch 652/2000 iteration 200/390 loss=19.1124 lr=0.00765
Tiny epoch 652/2000 iteration 250/390 loss=19.2166 lr=0.00764915
Tiny epoch 652/2000 iteration 300/390 loss=19.2427 lr=0.00764829
Tiny epoch 652/2000 iteration 350/390 loss=19.2737 lr=0.00764743
Tiny epoch 652/2000 iteration 390/390 loss=19.2879 lr=0.00764674
Tiny epoch 653/2000 iteration 50/390 loss=19.3407 lr=0.00764589
Tiny epoch 653/2000 iteration 100/390 loss=19.0145 lr=0.00764503
Tiny epoch 653/2000 iteration 150/390 loss=19.0566 lr=0.00764417
Tiny epoch 653/2000 iteration 200/390 loss=18.9973 lr=0.00764331
Tiny epoch 653/2000 iteration 250/390 loss=19.0641 lr=0.00764245
Tiny epoch 653/2000 iteration 300/390 loss=19.1209 lr=0.00764159
Tiny epoch 653/2000 iteration 350/390 loss=19.1470 lr=0.00764073
Tiny epoch 653/2000 iteration 390/390 loss=19.2205 lr=0.00764005
Tiny epoch 654/2000 iteration 50/390 loss=18.9459 lr=0.00763919
Tiny epoch 654/2000 iteration 100/390 loss=19.0905 lr=0.00763833
Tiny epoch 654/2000 iteration 150/390 loss=18.9473 lr=0.00763747
Tiny epoch 654/2000 iteration 200/390 loss=18.8948 lr=0.00763661
Tiny epoch 654/2000 iteration 250/390 loss=19.0728 lr=0.00763575
Tiny epoch 654/2000 iteration 300/390 loss=19.2075 lr=0.00763489
Tiny epoch 654/2000 iteration 350/390 loss=19.2579 lr=0.00763403
Tiny epoch 654/2000 iteration 390/390 loss=19.2681 lr=0.00763335
Tiny epoch 655/2000 iteration 50/390 loss=19.1744 lr=0.00763249
Tiny epoch 655/2000 iteration 100/390 loss=19.2534 lr=0.00763163
Tiny epoch 655/2000 iteration 150/390 loss=19.3270 lr=0.00763077
Tiny epoch 655/2000 iteration 200/390 loss=19.2865 lr=0.00762991
Tiny epoch 655/2000 iteration 250/390 loss=19.3257 lr=0.00762905
Tiny epoch 655/2000 iteration 300/390 loss=19.2936 lr=0.00762819
Tiny epoch 655/2000 iteration 350/390 loss=19.3002 lr=0.00762732
Tiny epoch 655/2000 iteration 390/390 loss=19.3049 lr=0.00762664
Tiny epoch 656/2000 iteration 50/390 loss=19.1207 lr=0.00762578
Tiny epoch 656/2000 iteration 100/390 loss=19.0162 lr=0.00762492
Tiny epoch 656/2000 iteration 150/390 loss=18.9431 lr=0.00762405
Tiny epoch 656/2000 iteration 200/390 loss=18.9831 lr=0.00762319
Tiny epoch 656/2000 iteration 250/390 loss=19.0572 lr=0.00762233
Tiny epoch 656/2000 iteration 300/390 loss=19.1081 lr=0.00762147
Tiny epoch 656/2000 iteration 350/390 loss=19.1297 lr=0.00762061
Tiny epoch 656/2000 iteration 390/390 loss=19.1636 lr=0.00761992
Tiny epoch 657/2000 iteration 50/390 loss=19.2502 lr=0.00761906
Tiny epoch 657/2000 iteration 100/390 loss=19.0901 lr=0.0076182
Tiny epoch 657/2000 iteration 150/390 loss=19.1200 lr=0.00761734
Tiny epoch 657/2000 iteration 200/390 loss=19.1366 lr=0.00761647
Tiny epoch 657/2000 iteration 250/390 loss=19.1721 lr=0.00761561
Tiny epoch 657/2000 iteration 300/390 loss=19.2981 lr=0.00761475
Tiny epoch 657/2000 iteration 350/390 loss=19.3750 lr=0.00761389
Tiny epoch 657/2000 iteration 390/390 loss=19.3776 lr=0.0076132
Tiny epoch 658/2000 iteration 50/390 loss=19.2207 lr=0.00761234
Tiny epoch 658/2000 iteration 100/390 loss=19.0762 lr=0.00761147
Tiny epoch 658/2000 iteration 150/390 loss=19.0576 lr=0.00761061
Tiny epoch 658/2000 iteration 200/390 loss=19.1068 lr=0.00760975
Tiny epoch 658/2000 iteration 250/390 loss=19.1034 lr=0.00760889
Tiny epoch 658/2000 iteration 300/390 loss=19.1124 lr=0.00760802
Tiny epoch 658/2000 iteration 350/390 loss=19.2211 lr=0.00760716
Tiny epoch 658/2000 iteration 390/390 loss=19.2801 lr=0.00760647
Tiny epoch 659/2000 iteration 50/390 loss=18.9091 lr=0.00760561
Tiny epoch 659/2000 iteration 100/390 loss=19.0426 lr=0.00760474
Tiny epoch 659/2000 iteration 150/390 loss=19.2168 lr=0.00760388
Tiny epoch 659/2000 iteration 200/390 loss=19.2537 lr=0.00760302
Tiny epoch 659/2000 iteration 250/390 loss=19.3371 lr=0.00760215
Tiny epoch 659/2000 iteration 300/390 loss=19.3574 lr=0.00760129
Tiny epoch 659/2000 iteration 350/390 loss=19.3064 lr=0.00760043
Tiny epoch 659/2000 iteration 390/390 loss=19.2702 lr=0.00759974
Tiny epoch 660/2000 iteration 50/390 loss=19.0895 lr=0.00759887
Tiny epoch 660/2000 iteration 100/390 loss=19.4045 lr=0.00759801
Tiny epoch 660/2000 iteration 150/390 loss=19.2339 lr=0.00759714
Tiny epoch 660/2000 iteration 200/390 loss=19.1103 lr=0.00759628
Tiny epoch 660/2000 iteration 250/390 loss=19.1835 lr=0.00759542
Tiny epoch 660/2000 iteration 300/390 loss=19.2637 lr=0.00759455
Tiny epoch 660/2000 iteration 350/390 loss=19.3560 lr=0.00759369
Tiny epoch 660/2000 iteration 390/390 loss=19.3468 lr=0.00759299
[epoch 660/2000] saved backbone: /home/mmoslem3/scratch/MKDT/krrst_teacher_ckpt/barlow_twins_resnet18_tinyimagenet.pt
Tiny epoch 661/2000 iteration 50/390 loss=19.0181 lr=0.00759213
Tiny epoch 661/2000 iteration 100/390 loss=18.8678 lr=0.00759126
Tiny epoch 661/2000 iteration 150/390 loss=18.9735 lr=0.0075904
Tiny epoch 661/2000 iteration 200/390 loss=19.1036 lr=0.00758953
Tiny epoch 661/2000 iteration 250/390 loss=19.0715 lr=0.00758867
Tiny epoch 661/2000 iteration 300/390 loss=19.1375 lr=0.0075878
Tiny epoch 661/2000 iteration 350/390 loss=19.1783 lr=0.00758694
Tiny epoch 661/2000 iteration 390/390 loss=19.2112 lr=0.00758625
Tiny epoch 662/2000 iteration 50/390 loss=18.9716 lr=0.00758538
Tiny epoch 662/2000 iteration 100/390 loss=19.2587 lr=0.00758452
Tiny epoch 662/2000 iteration 150/390 loss=19.2391 lr=0.00758365
Tiny epoch 662/2000 iteration 200/390 loss=19.2437 lr=0.00758278
Tiny epoch 662/2000 iteration 250/390 loss=19.2467 lr=0.00758192
Tiny epoch 662/2000 iteration 300/390 loss=19.2066 lr=0.00758105
Tiny epoch 662/2000 iteration 350/390 loss=19.2301 lr=0.00758019
Tiny epoch 662/2000 iteration 390/390 loss=19.2019 lr=0.00757949
Tiny epoch 663/2000 iteration 50/390 loss=18.3617 lr=0.00757863
Tiny epoch 663/2000 iteration 100/390 loss=18.9826 lr=0.00757776
Tiny epoch 663/2000 iteration 150/390 loss=19.1267 lr=0.00757689
Tiny epoch 663/2000 iteration 200/390 loss=19.2060 lr=0.00757603
Tiny epoch 663/2000 iteration 250/390 loss=19.1919 lr=0.00757516
Tiny epoch 663/2000 iteration 300/390 loss=19.1707 lr=0.00757429
Tiny epoch 663/2000 iteration 350/390 loss=19.1708 lr=0.00757343
Tiny epoch 663/2000 iteration 390/390 loss=19.1661 lr=0.00757273
Tiny epoch 664/2000 iteration 50/390 loss=18.6495 lr=0.00757186
Tiny epoch 664/2000 iteration 100/390 loss=18.8016 lr=0.007571
Tiny epoch 664/2000 iteration 150/390 loss=18.7744 lr=0.00757013
Tiny epoch 664/2000 iteration 200/390 loss=18.7958 lr=0.00756926
Tiny epoch 664/2000 iteration 250/390 loss=18.8624 lr=0.00756839
Tiny epoch 664/2000 iteration 300/390 loss=18.9004 lr=0.00756753
Tiny epoch 664/2000 iteration 350/390 loss=18.9248 lr=0.00756666
Tiny epoch 664/2000 iteration 390/390 loss=18.9670 lr=0.00756596
Tiny epoch 665/2000 iteration 50/390 loss=19.2179 lr=0.0075651
Tiny epoch 665/2000 iteration 100/390 loss=19.2104 lr=0.00756423
Tiny epoch 665/2000 iteration 150/390 loss=19.2464 lr=0.00756336
Tiny epoch 665/2000 iteration 200/390 loss=19.2978 lr=0.00756249
Tiny epoch 665/2000 iteration 250/390 loss=19.3554 lr=0.00756162
Tiny epoch 665/2000 iteration 300/390 loss=19.2690 lr=0.00756075
Tiny epoch 665/2000 iteration 350/390 loss=19.2836 lr=0.00755989
Tiny epoch 665/2000 iteration 390/390 loss=19.2941 lr=0.00755919
Tiny epoch 666/2000 iteration 50/390 loss=19.4943 lr=0.00755832
Tiny epoch 666/2000 iteration 100/390 loss=19.2600 lr=0.00755745
Tiny epoch 666/2000 iteration 150/390 loss=19.1470 lr=0.00755658
Tiny epoch 666/2000 iteration 200/390 loss=19.1008 lr=0.00755572
Tiny epoch 666/2000 iteration 250/390 loss=19.2000 lr=0.00755485
Tiny epoch 666/2000 iteration 300/390 loss=19.1999 lr=0.00755398
Tiny epoch 666/2000 iteration 350/390 loss=19.2512 lr=0.00755311
Tiny epoch 666/2000 iteration 390/390 loss=19.2058 lr=0.00755241
Tiny epoch 667/2000 iteration 50/390 loss=18.9511 lr=0.00755154
Tiny epoch 667/2000 iteration 100/390 loss=19.0913 lr=0.00755067
Tiny epoch 667/2000 iteration 150/390 loss=19.1446 lr=0.0075498
Tiny epoch 667/2000 iteration 200/390 loss=19.1635 lr=0.00754893
Tiny epoch 667/2000 iteration 250/390 loss=19.0915 lr=0.00754806
Tiny epoch 667/2000 iteration 300/390 loss=19.1085 lr=0.00754719
Tiny epoch 667/2000 iteration 350/390 loss=19.1641 lr=0.00754632
Tiny epoch 667/2000 iteration 390/390 loss=19.2613 lr=0.00754563
Tiny epoch 668/2000 iteration 50/390 loss=18.9898 lr=0.00754475
Tiny epoch 668/2000 iteration 100/390 loss=19.0326 lr=0.00754388
Tiny epoch 668/2000 iteration 150/390 loss=18.9831 lr=0.00754301
Tiny epoch 668/2000 iteration 200/390 loss=18.9839 lr=0.00754214
Tiny epoch 668/2000 iteration 250/390 loss=19.0251 lr=0.00754127
Tiny epoch 668/2000 iteration 300/390 loss=19.1088 lr=0.0075404
Tiny epoch 668/2000 iteration 350/390 loss=19.1933 lr=0.00753953
Tiny epoch 668/2000 iteration 390/390 loss=19.2409 lr=0.00753883
Tiny epoch 669/2000 iteration 50/390 loss=18.6230 lr=0.00753796
Tiny epoch 669/2000 iteration 100/390 loss=18.9984 lr=0.00753709
Tiny epoch 669/2000 iteration 150/390 loss=19.1661 lr=0.00753622
Tiny epoch 669/2000 iteration 200/390 loss=19.2554 lr=0.00753535
Tiny epoch 669/2000 iteration 250/390 loss=19.3626 lr=0.00753448
Tiny epoch 669/2000 iteration 300/390 loss=19.3793 lr=0.0075336
Tiny epoch 669/2000 iteration 350/390 loss=19.3510 lr=0.00753273
Tiny epoch 669/2000 iteration 390/390 loss=19.3471 lr=0.00753203
Tiny epoch 670/2000 iteration 50/390 loss=19.2792 lr=0.00753116
Tiny epoch 670/2000 iteration 100/390 loss=19.1181 lr=0.00753029
Tiny epoch 670/2000 iteration 150/390 loss=19.0120 lr=0.00752942
Tiny epoch 670/2000 iteration 200/390 loss=19.0170 lr=0.00752855
Tiny epoch 670/2000 iteration 250/390 loss=19.0647 lr=0.00752767
Tiny epoch 670/2000 iteration 300/390 loss=19.1936 lr=0.0075268
Tiny epoch 670/2000 iteration 350/390 loss=19.2229 lr=0.00752593
Tiny epoch 670/2000 iteration 390/390 loss=19.2192 lr=0.00752523
[epoch 670/2000] saved backbone: /home/mmoslem3/scratch/MKDT/krrst_teacher_ckpt/barlow_twins_resnet18_tinyimagenet.pt
Tiny epoch 671/2000 iteration 50/390 loss=18.8859 lr=0.00752436
Tiny epoch 671/2000 iteration 100/390 loss=18.8104 lr=0.00752348
Tiny epoch 671/2000 iteration 150/390 loss=18.9044 lr=0.00752261
Tiny epoch 671/2000 iteration 200/390 loss=18.9340 lr=0.00752174
Tiny epoch 671/2000 iteration 250/390 loss=18.9223 lr=0.00752086
Tiny epoch 671/2000 iteration 300/390 loss=18.8920 lr=0.00751999
Tiny epoch 671/2000 iteration 350/390 loss=18.8867 lr=0.00751912
Tiny epoch 671/2000 iteration 390/390 loss=19.0124 lr=0.00751842
Tiny epoch 672/2000 iteration 50/390 loss=18.9679 lr=0.00751754
Tiny epoch 672/2000 iteration 100/390 loss=19.0523 lr=0.00751667
Tiny epoch 672/2000 iteration 150/390 loss=19.0306 lr=0.0075158
Tiny epoch 672/2000 iteration 200/390 loss=19.1130 lr=0.00751492
Tiny epoch 672/2000 iteration 250/390 loss=19.0961 lr=0.00751405
Tiny epoch 672/2000 iteration 300/390 loss=19.1615 lr=0.00751317
Tiny epoch 672/2000 iteration 350/390 loss=19.1567 lr=0.0075123
Tiny epoch 672/2000 iteration 390/390 loss=19.1511 lr=0.0075116
Tiny epoch 673/2000 iteration 50/390 loss=19.2140 lr=0.00751073
Tiny epoch 673/2000 iteration 100/390 loss=18.9243 lr=0.00750985
Tiny epoch 673/2000 iteration 150/390 loss=19.1656 lr=0.00750898
Tiny epoch 673/2000 iteration 200/390 loss=19.2285 lr=0.0075081
Tiny epoch 673/2000 iteration 250/390 loss=19.1998 lr=0.00750723
Tiny epoch 673/2000 iteration 300/390 loss=19.2224 lr=0.00750635
Tiny epoch 673/2000 iteration 350/390 loss=19.2479 lr=0.00750548
Tiny epoch 673/2000 iteration 390/390 loss=19.2547 lr=0.00750478
Tiny epoch 674/2000 iteration 50/390 loss=19.0792 lr=0.0075039
Tiny epoch 674/2000 iteration 100/390 loss=19.0115 lr=0.00750303
Tiny epoch 674/2000 iteration 150/390 loss=18.9043 lr=0.00750215
Tiny epoch 674/2000 iteration 200/390 loss=18.9316 lr=0.00750127
Tiny epoch 674/2000 iteration 250/390 loss=19.0539 lr=0.0075004
Tiny epoch 674/2000 iteration 300/390 loss=19.1195 lr=0.00749952
Tiny epoch 674/2000 iteration 350/390 loss=19.2331 lr=0.00749865
Tiny epoch 674/2000 iteration 390/390 loss=19.2328 lr=0.00749795
Tiny epoch 675/2000 iteration 50/390 loss=19.2777 lr=0.00749707
Tiny epoch 675/2000 iteration 100/390 loss=19.2154 lr=0.00749619
Tiny epoch 675/2000 iteration 150/390 loss=19.2084 lr=0.00749532
Tiny epoch 675/2000 iteration 200/390 loss=19.2928 lr=0.00749444
Tiny epoch 675/2000 iteration 250/390 loss=19.2503 lr=0.00749356
Tiny epoch 675/2000 iteration 300/390 loss=19.1745 lr=0.00749269
Tiny epoch 675/2000 iteration 350/390 loss=19.1115 lr=0.00749181
Tiny epoch 675/2000 iteration 390/390 loss=19.1132 lr=0.00749111
Tiny epoch 676/2000 iteration 50/390 loss=19.0547 lr=0.00749023
Tiny epoch 676/2000 iteration 100/390 loss=19.1912 lr=0.00748936
Tiny epoch 676/2000 iteration 150/390 loss=19.0559 lr=0.00748848
Tiny epoch 676/2000 iteration 200/390 loss=19.0332 lr=0.0074876
Tiny epoch 676/2000 iteration 250/390 loss=19.0017 lr=0.00748672
Tiny epoch 676/2000 iteration 300/390 loss=19.0827 lr=0.00748585
Tiny epoch 676/2000 iteration 350/390 loss=19.0770 lr=0.00748497
Tiny epoch 676/2000 iteration 390/390 loss=19.1613 lr=0.00748427
Tiny epoch 677/2000 iteration 50/390 loss=19.1053 lr=0.00748339
Tiny epoch 677/2000 iteration 100/390 loss=19.1016 lr=0.00748251
Tiny epoch 677/2000 iteration 150/390 loss=19.1837 lr=0.00748163
Tiny epoch 677/2000 iteration 200/390 loss=19.0425 lr=0.00748076
Tiny epoch 677/2000 iteration 250/390 loss=18.9931 lr=0.00747988
Tiny epoch 677/2000 iteration 300/390 loss=19.0044 lr=0.007479
Tiny epoch 677/2000 iteration 350/390 loss=18.9820 lr=0.00747812
Tiny epoch 677/2000 iteration 390/390 loss=19.0613 lr=0.00747742
Tiny epoch 678/2000 iteration 50/390 loss=18.8183 lr=0.00747654
Tiny epoch 678/2000 iteration 100/390 loss=18.9166 lr=0.00747566
Tiny epoch 678/2000 iteration 150/390 loss=19.1252 lr=0.00747478
Tiny epoch 678/2000 iteration 200/390 loss=19.0486 lr=0.0074739
Tiny epoch 678/2000 iteration 250/390 loss=19.0502 lr=0.00747302
Tiny epoch 678/2000 iteration 300/390 loss=19.0752 lr=0.00747215
Tiny epoch 678/2000 iteration 350/390 loss=19.1604 lr=0.00747127
Tiny epoch 678/2000 iteration 390/390 loss=19.0880 lr=0.00747056
Tiny epoch 679/2000 iteration 50/390 loss=18.7517 lr=0.00746968
Tiny epoch 679/2000 iteration 100/390 loss=18.9025 lr=0.0074688
Tiny epoch 679/2000 iteration 150/390 loss=18.8299 lr=0.00746793
Tiny epoch 679/2000 iteration 200/390 loss=18.9920 lr=0.00746705
Tiny epoch 679/2000 iteration 250/390 loss=19.1365 lr=0.00746617
Tiny epoch 679/2000 iteration 300/390 loss=19.0748 lr=0.00746529
Tiny epoch 679/2000 iteration 350/390 loss=19.0280 lr=0.00746441
Tiny epoch 679/2000 iteration 390/390 loss=19.1104 lr=0.0074637
Tiny epoch 680/2000 iteration 50/390 loss=18.5217 lr=0.00746282
Tiny epoch 680/2000 iteration 100/390 loss=18.6875 lr=0.00746194
Tiny epoch 680/2000 iteration 150/390 loss=18.7925 lr=0.00746106
Tiny epoch 680/2000 iteration 200/390 loss=18.9053 lr=0.00746018
Tiny epoch 680/2000 iteration 250/390 loss=18.8710 lr=0.0074593
Tiny epoch 680/2000 iteration 300/390 loss=18.9390 lr=0.00745842
Tiny epoch 680/2000 iteration 350/390 loss=19.0201 lr=0.00745754
Tiny epoch 680/2000 iteration 390/390 loss=19.0659 lr=0.00745684
[epoch 680/2000] saved backbone: /home/mmoslem3/scratch/MKDT/krrst_teacher_ckpt/barlow_twins_resnet18_tinyimagenet.pt
Tiny epoch 681/2000 iteration 50/390 loss=18.5758 lr=0.00745595
Tiny epoch 681/2000 iteration 100/390 loss=19.0361 lr=0.00745507
Tiny epoch 681/2000 iteration 150/390 loss=19.1488 lr=0.00745419
Tiny epoch 681/2000 iteration 200/390 loss=19.0297 lr=0.00745331
Tiny epoch 681/2000 iteration 250/390 loss=19.0791 lr=0.00745243
Tiny epoch 681/2000 iteration 300/390 loss=19.1741 lr=0.00745155
Tiny epoch 681/2000 iteration 350/390 loss=19.1132 lr=0.00745067
Tiny epoch 681/2000 iteration 390/390 loss=19.0801 lr=0.00744996
Tiny epoch 682/2000 iteration 50/390 loss=18.5788 lr=0.00744908
Tiny epoch 682/2000 iteration 100/390 loss=18.6621 lr=0.0074482
Tiny epoch 682/2000 iteration 150/390 loss=18.8637 lr=0.00744732
Tiny epoch 682/2000 iteration 200/390 loss=18.7812 lr=0.00744643
Tiny epoch 682/2000 iteration 250/390 loss=18.8205 lr=0.00744555
Tiny epoch 682/2000 iteration 300/390 loss=18.9052 lr=0.00744467
Tiny epoch 682/2000 iteration 350/390 loss=18.9208 lr=0.00744379
Tiny epoch 682/2000 iteration 390/390 loss=18.9815 lr=0.00744308
Tiny epoch 683/2000 iteration 50/390 loss=19.0597 lr=0.0074422
Tiny epoch 683/2000 iteration 100/390 loss=19.2787 lr=0.00744132
Tiny epoch 683/2000 iteration 150/390 loss=19.1394 lr=0.00744044
Tiny epoch 683/2000 iteration 200/390 loss=19.1293 lr=0.00743955
Tiny epoch 683/2000 iteration 250/390 loss=19.1400 lr=0.00743867
Tiny epoch 683/2000 iteration 300/390 loss=19.1933 lr=0.00743779
Tiny epoch 683/2000 iteration 350/390 loss=19.1447 lr=0.0074369
Tiny epoch 683/2000 iteration 390/390 loss=19.1436 lr=0.0074362
Tiny epoch 684/2000 iteration 50/390 loss=18.1366 lr=0.00743531
Tiny epoch 684/2000 iteration 100/390 loss=18.5697 lr=0.00743443
Tiny epoch 684/2000 iteration 150/390 loss=18.6342 lr=0.00743355
Tiny epoch 684/2000 iteration 200/390 loss=18.6574 lr=0.00743266
Tiny epoch 684/2000 iteration 250/390 loss=18.7221 lr=0.00743178
Tiny epoch 684/2000 iteration 300/390 loss=18.7651 lr=0.0074309
Tiny epoch 684/2000 iteration 350/390 loss=18.8543 lr=0.00743001
Tiny epoch 684/2000 iteration 390/390 loss=18.8642 lr=0.00742931
Tiny epoch 685/2000 iteration 50/390 loss=18.9831 lr=0.00742842
Tiny epoch 685/2000 iteration 100/390 loss=18.9836 lr=0.00742754
Tiny epoch 685/2000 iteration 150/390 loss=18.9495 lr=0.00742665
Tiny epoch 685/2000 iteration 200/390 loss=18.9362 lr=0.00742577
Tiny epoch 685/2000 iteration 250/390 loss=19.0874 lr=0.00742488
Tiny epoch 685/2000 iteration 300/390 loss=19.1220 lr=0.007424
Tiny epoch 685/2000 iteration 350/390 loss=19.1379 lr=0.00742312
Tiny epoch 685/2000 iteration 390/390 loss=19.1398 lr=0.00742241
Tiny epoch 686/2000 iteration 50/390 loss=19.1309 lr=0.00742152
Tiny epoch 686/2000 iteration 100/390 loss=19.0164 lr=0.00742064
Tiny epoch 686/2000 iteration 150/390 loss=19.1989 lr=0.00741975
Tiny epoch 686/2000 iteration 200/390 loss=19.1673 lr=0.00741887
Tiny epoch 686/2000 iteration 250/390 loss=19.1831 lr=0.00741798
Tiny epoch 686/2000 iteration 300/390 loss=19.1755 lr=0.0074171
Tiny epoch 686/2000 iteration 350/390 loss=19.1792 lr=0.00741621
Tiny epoch 686/2000 iteration 390/390 loss=19.1652 lr=0.0074155
Tiny epoch 687/2000 iteration 50/390 loss=18.8249 lr=0.00741462
Tiny epoch 687/2000 iteration 100/390 loss=18.6474 lr=0.00741373
Tiny epoch 687/2000 iteration 150/390 loss=18.7103 lr=0.00741285
Tiny epoch 687/2000 iteration 200/390 loss=18.7603 lr=0.00741196
Tiny epoch 687/2000 iteration 250/390 loss=18.8301 lr=0.00741108
Tiny epoch 687/2000 iteration 300/390 loss=18.9067 lr=0.00741019
Tiny epoch 687/2000 iteration 350/390 loss=18.9827 lr=0.0074093
Tiny epoch 687/2000 iteration 390/390 loss=19.0688 lr=0.0074086
Tiny epoch 688/2000 iteration 50/390 loss=18.9506 lr=0.00740771
Tiny epoch 688/2000 iteration 100/390 loss=18.7896 lr=0.00740682
Tiny epoch 688/2000 iteration 150/390 loss=18.8512 lr=0.00740594
Tiny epoch 688/2000 iteration 200/390 loss=18.9950 lr=0.00740505
Tiny epoch 688/2000 iteration 250/390 loss=19.0234 lr=0.00740416
Tiny epoch 688/2000 iteration 300/390 loss=19.1077 lr=0.00740328
Tiny epoch 688/2000 iteration 350/390 loss=19.1200 lr=0.00740239
Tiny epoch 688/2000 iteration 390/390 loss=19.1131 lr=0.00740168
Tiny epoch 689/2000 iteration 50/390 loss=18.5942 lr=0.00740079
Tiny epoch 689/2000 iteration 100/390 loss=18.4958 lr=0.00739991
Tiny epoch 689/2000 iteration 150/390 loss=18.6479 lr=0.00739902
Tiny epoch 689/2000 iteration 200/390 loss=18.6317 lr=0.00739813
Tiny epoch 689/2000 iteration 250/390 loss=18.7806 lr=0.00739724
Tiny epoch 689/2000 iteration 300/390 loss=18.8784 lr=0.00739636
Tiny epoch 689/2000 iteration 350/390 loss=18.9849 lr=0.00739547
Tiny epoch 689/2000 iteration 390/390 loss=19.0278 lr=0.00739476
Tiny epoch 690/2000 iteration 50/390 loss=18.6615 lr=0.00739387
Tiny epoch 690/2000 iteration 100/390 loss=18.9345 lr=0.00739298
Tiny epoch 690/2000 iteration 150/390 loss=18.8148 lr=0.00739209
Tiny epoch 690/2000 iteration 200/390 loss=18.8935 lr=0.00739121
Tiny epoch 690/2000 iteration 250/390 loss=18.9540 lr=0.00739032
Tiny epoch 690/2000 iteration 300/390 loss=18.9907 lr=0.00738943
Tiny epoch 690/2000 iteration 350/390 loss=19.0074 lr=0.00738854
Tiny epoch 690/2000 iteration 390/390 loss=18.9839 lr=0.00738783
[epoch 690/2000] saved backbone: /home/mmoslem3/scratch/MKDT/krrst_teacher_ckpt/barlow_twins_resnet18_tinyimagenet.pt
Tiny epoch 691/2000 iteration 50/390 loss=18.6834 lr=0.00738694
Tiny epoch 691/2000 iteration 100/390 loss=18.5930 lr=0.00738605
Tiny epoch 691/2000 iteration 150/390 loss=18.7734 lr=0.00738516
Tiny epoch 691/2000 iteration 200/390 loss=18.7811 lr=0.00738428
Tiny epoch 691/2000 iteration 250/390 loss=18.9634 lr=0.00738339
Tiny epoch 691/2000 iteration 300/390 loss=19.0181 lr=0.0073825
Tiny epoch 691/2000 iteration 350/390 loss=19.1408 lr=0.00738161
Tiny epoch 691/2000 iteration 390/390 loss=19.1397 lr=0.0073809
Tiny epoch 692/2000 iteration 50/390 loss=18.8908 lr=0.00738001
Tiny epoch 692/2000 iteration 100/390 loss=18.6653 lr=0.00737912
Tiny epoch 692/2000 iteration 150/390 loss=18.7220 lr=0.00737823
Tiny epoch 692/2000 iteration 200/390 loss=18.8905 lr=0.00737734
Tiny epoch 692/2000 iteration 250/390 loss=18.9245 lr=0.00737645
Tiny epoch 692/2000 iteration 300/390 loss=18.9665 lr=0.00737556
Tiny epoch 692/2000 iteration 350/390 loss=19.0234 lr=0.00737467
Tiny epoch 692/2000 iteration 390/390 loss=19.0476 lr=0.00737396
Tiny epoch 693/2000 iteration 50/390 loss=18.9273 lr=0.00737307
Tiny epoch 693/2000 iteration 100/390 loss=18.8475 lr=0.00737218
Tiny epoch 693/2000 iteration 150/390 loss=18.7930 lr=0.00737129
Tiny epoch 693/2000 iteration 200/390 loss=18.7730 lr=0.0073704
Tiny epoch 693/2000 iteration 250/390 loss=18.8302 lr=0.00736951
Tiny epoch 693/2000 iteration 300/390 loss=18.8768 lr=0.00736862
Tiny epoch 693/2000 iteration 350/390 loss=18.8619 lr=0.00736773
Tiny epoch 693/2000 iteration 390/390 loss=18.9208 lr=0.00736701
Tiny epoch 694/2000 iteration 50/390 loss=18.7367 lr=0.00736612
Tiny epoch 694/2000 iteration 100/390 loss=18.9515 lr=0.00736523
Tiny epoch 694/2000 iteration 150/390 loss=19.1352 lr=0.00736434
Tiny epoch 694/2000 iteration 200/390 loss=19.0964 lr=0.00736345
Tiny epoch 694/2000 iteration 250/390 loss=19.1865 lr=0.00736256
Tiny epoch 694/2000 iteration 300/390 loss=19.2128 lr=0.00736167
Tiny epoch 694/2000 iteration 350/390 loss=19.2555 lr=0.00736077
Tiny epoch 694/2000 iteration 390/390 loss=19.2219 lr=0.00736006
Tiny epoch 695/2000 iteration 50/390 loss=18.9615 lr=0.00735917
Tiny epoch 695/2000 iteration 100/390 loss=18.8481 lr=0.00735828
Tiny epoch 695/2000 iteration 150/390 loss=18.8389 lr=0.00735739
Tiny epoch 695/2000 iteration 200/390 loss=18.7696 lr=0.00735649
Tiny epoch 695/2000 iteration 250/390 loss=18.7940 lr=0.0073556
Tiny epoch 695/2000 iteration 300/390 loss=18.8217 lr=0.00735471
Tiny epoch 695/2000 iteration 350/390 loss=18.8813 lr=0.00735382
Tiny epoch 695/2000 iteration 390/390 loss=18.8961 lr=0.0073531
Tiny epoch 696/2000 iteration 50/390 loss=18.4102 lr=0.00735221
Tiny epoch 696/2000 iteration 100/390 loss=18.5013 lr=0.00735132
Tiny epoch 696/2000 iteration 150/390 loss=18.5967 lr=0.00735043
Tiny epoch 696/2000 iteration 200/390 loss=18.5880 lr=0.00734953
Tiny epoch 696/2000 iteration 250/390 loss=18.7024 lr=0.00734864
Tiny epoch 696/2000 iteration 300/390 loss=18.8170 lr=0.00734775
Tiny epoch 696/2000 iteration 350/390 loss=18.8871 lr=0.00734686
Tiny epoch 696/2000 iteration 390/390 loss=18.9400 lr=0.00734614
Tiny epoch 697/2000 iteration 50/390 loss=18.5542 lr=0.00734525
Tiny epoch 697/2000 iteration 100/390 loss=18.6998 lr=0.00734436
Tiny epoch 697/2000 iteration 150/390 loss=18.7365 lr=0.00734346
Tiny epoch 697/2000 iteration 200/390 loss=18.8262 lr=0.00734257
Tiny epoch 697/2000 iteration 250/390 loss=18.8317 lr=0.00734168
Tiny epoch 697/2000 iteration 300/390 loss=18.9055 lr=0.00734078
Tiny epoch 697/2000 iteration 350/390 loss=18.9873 lr=0.00733989
Tiny epoch 697/2000 iteration 390/390 loss=19.0210 lr=0.00733917
Tiny epoch 698/2000 iteration 50/390 loss=18.8910 lr=0.00733828
Tiny epoch 698/2000 iteration 100/390 loss=18.8315 lr=0.00733739
Tiny epoch 698/2000 iteration 150/390 loss=18.8779 lr=0.00733649
Tiny epoch 698/2000 iteration 200/390 loss=18.8818 lr=0.0073356
Tiny epoch 698/2000 iteration 250/390 loss=19.0244 lr=0.0073347
Tiny epoch 698/2000 iteration 300/390 loss=18.9542 lr=0.00733381
Tiny epoch 698/2000 iteration 350/390 loss=19.0106 lr=0.00733291
Tiny epoch 698/2000 iteration 390/390 loss=18.9851 lr=0.0073322
Tiny epoch 699/2000 iteration 50/390 loss=18.9229 lr=0.0073313
Tiny epoch 699/2000 iteration 100/390 loss=19.1379 lr=0.00733041
Tiny epoch 699/2000 iteration 150/390 loss=19.0959 lr=0.00732951
Tiny epoch 699/2000 iteration 200/390 loss=19.1791 lr=0.00732862
Tiny epoch 699/2000 iteration 250/390 loss=19.1384 lr=0.00732772
Tiny epoch 699/2000 iteration 300/390 loss=19.2162 lr=0.00732683
Tiny epoch 699/2000 iteration 350/390 loss=19.1840 lr=0.00732593
Tiny epoch 699/2000 iteration 390/390 loss=19.2330 lr=0.00732522
Tiny epoch 700/2000 iteration 50/390 loss=19.1355 lr=0.00732432
Tiny epoch 700/2000 iteration 100/390 loss=18.7352 lr=0.00732343
Tiny epoch 700/2000 iteration 150/390 loss=18.8802 lr=0.00732253
Tiny epoch 700/2000 iteration 200/390 loss=18.9758 lr=0.00732164
Tiny epoch 700/2000 iteration 250/390 loss=19.0355 lr=0.00732074
Tiny epoch 700/2000 iteration 300/390 loss=19.0295 lr=0.00731984
Tiny epoch 700/2000 iteration 350/390 loss=19.0756 lr=0.00731895
Tiny epoch 700/2000 iteration 390/390 loss=19.1278 lr=0.00731823
[epoch 700/2000] saved backbone: /home/mmoslem3/scratch/MKDT/krrst_teacher_ckpt/barlow_twins_resnet18_tinyimagenet.pt
Tiny epoch 701/2000 iteration 50/390 loss=18.4924 lr=0.00731734
Tiny epoch 701/2000 iteration 100/390 loss=18.6361 lr=0.00731644
Tiny epoch 701/2000 iteration 150/390 loss=18.8454 lr=0.00731554
Tiny epoch 701/2000 iteration 200/390 loss=18.8695 lr=0.00731465
Tiny epoch 701/2000 iteration 250/390 loss=18.9173 lr=0.00731375
Tiny epoch 701/2000 iteration 300/390 loss=18.9542 lr=0.00731285
Tiny epoch 701/2000 iteration 350/390 loss=19.0252 lr=0.00731196
Tiny epoch 701/2000 iteration 390/390 loss=19.0117 lr=0.00731124
Tiny epoch 702/2000 iteration 50/390 loss=19.1980 lr=0.00731034
Tiny epoch 702/2000 iteration 100/390 loss=18.8744 lr=0.00730945
Tiny epoch 702/2000 iteration 150/390 loss=18.7746 lr=0.00730855
Tiny epoch 702/2000 iteration 200/390 loss=18.7320 lr=0.00730765
Tiny epoch 702/2000 iteration 250/390 loss=18.7337 lr=0.00730676
Tiny epoch 702/2000 iteration 300/390 loss=18.7228 lr=0.00730586
Tiny epoch 702/2000 iteration 350/390 loss=18.7504 lr=0.00730496
Tiny epoch 702/2000 iteration 390/390 loss=18.8118 lr=0.00730424
Tiny epoch 703/2000 iteration 50/390 loss=18.8021 lr=0.00730334
Tiny epoch 703/2000 iteration 100/390 loss=18.9633 lr=0.00730245
Tiny epoch 703/2000 iteration 150/390 loss=19.2179 lr=0.00730155
Tiny epoch 703/2000 iteration 200/390 loss=19.1217 lr=0.00730065
Tiny epoch 703/2000 iteration 250/390 loss=19.2093 lr=0.00729975
Tiny epoch 703/2000 iteration 300/390 loss=19.2242 lr=0.00729886
Tiny epoch 703/2000 iteration 350/390 loss=19.1931 lr=0.00729796
Tiny epoch 703/2000 iteration 390/390 loss=19.1732 lr=0.00729724
Tiny epoch 704/2000 iteration 50/390 loss=19.2201 lr=0.00729634
Tiny epoch 704/2000 iteration 100/390 loss=18.7114 lr=0.00729544
Tiny epoch 704/2000 iteration 150/390 loss=18.5489 lr=0.00729454
Tiny epoch 704/2000 iteration 200/390 loss=18.8524 lr=0.00729365
Tiny epoch 704/2000 iteration 250/390 loss=18.9649 lr=0.00729275
Tiny epoch 704/2000 iteration 300/390 loss=18.9731 lr=0.00729185
Tiny epoch 704/2000 iteration 350/390 loss=18.9094 lr=0.00729095
Tiny epoch 704/2000 iteration 390/390 loss=18.9565 lr=0.00729023
Tiny epoch 705/2000 iteration 50/390 loss=18.4054 lr=0.00728933
Tiny epoch 705/2000 iteration 100/390 loss=18.7633 lr=0.00728843
Tiny epoch 705/2000 iteration 150/390 loss=18.7405 lr=0.00728753
Tiny epoch 705/2000 iteration 200/390 loss=18.7550 lr=0.00728663
Tiny epoch 705/2000 iteration 250/390 loss=18.8243 lr=0.00728573
Tiny epoch 705/2000 iteration 300/390 loss=18.8889 lr=0.00728483
Tiny epoch 705/2000 iteration 350/390 loss=18.9742 lr=0.00728394
Tiny epoch 705/2000 iteration 390/390 loss=18.9340 lr=0.00728322
Tiny epoch 706/2000 iteration 50/390 loss=18.9681 lr=0.00728232
Tiny epoch 706/2000 iteration 100/390 loss=18.7249 lr=0.00728142
Tiny epoch 706/2000 iteration 150/390 loss=18.8448 lr=0.00728052
Tiny epoch 706/2000 iteration 200/390 loss=18.7967 lr=0.00727962
Tiny epoch 706/2000 iteration 250/390 loss=18.7744 lr=0.00727872
Tiny epoch 706/2000 iteration 300/390 loss=18.8155 lr=0.00727782
Tiny epoch 706/2000 iteration 350/390 loss=18.9285 lr=0.00727692
Tiny epoch 706/2000 iteration 390/390 loss=19.0030 lr=0.00727619
Tiny epoch 707/2000 iteration 50/390 loss=18.6818 lr=0.00727529
Tiny epoch 707/2000 iteration 100/390 loss=18.8624 lr=0.00727439
Tiny epoch 707/2000 iteration 150/390 loss=18.6986 lr=0.00727349
Tiny epoch 707/2000 iteration 200/390 loss=18.7000 lr=0.00727259
Tiny epoch 707/2000 iteration 250/390 loss=18.7974 lr=0.00727169
Tiny epoch 707/2000 iteration 300/390 loss=18.8512 lr=0.00727079
Tiny epoch 707/2000 iteration 350/390 loss=18.8690 lr=0.00726989
Tiny epoch 707/2000 iteration 390/390 loss=18.8569 lr=0.00726917
Tiny epoch 708/2000 iteration 50/390 loss=18.5889 lr=0.00726827
Tiny epoch 708/2000 iteration 100/390 loss=18.5218 lr=0.00726737
Tiny epoch 708/2000 iteration 150/390 loss=18.4951 lr=0.00726646
Tiny epoch 708/2000 iteration 200/390 loss=18.6031 lr=0.00726556
Tiny epoch 708/2000 iteration 250/390 loss=18.5903 lr=0.00726466
Tiny epoch 708/2000 iteration 300/390 loss=18.6768 lr=0.00726376
Tiny epoch 708/2000 iteration 350/390 loss=18.7183 lr=0.00726286
Tiny epoch 708/2000 iteration 390/390 loss=18.7680 lr=0.00726214
Tiny epoch 709/2000 iteration 50/390 loss=18.9132 lr=0.00726124
Tiny epoch 709/2000 iteration 100/390 loss=18.8421 lr=0.00726033
Tiny epoch 709/2000 iteration 150/390 loss=18.6830 lr=0.00725943
Tiny epoch 709/2000 iteration 200/390 loss=18.6341 lr=0.00725853
Tiny epoch 709/2000 iteration 250/390 loss=18.6781 lr=0.00725763
Tiny epoch 709/2000 iteration 300/390 loss=18.6685 lr=0.00725672
Tiny epoch 709/2000 iteration 350/390 loss=18.7201 lr=0.00725582
Tiny epoch 709/2000 iteration 390/390 loss=18.7850 lr=0.0072551
Tiny epoch 710/2000 iteration 50/390 loss=18.9268 lr=0.0072542
Tiny epoch 710/2000 iteration 100/390 loss=18.8833 lr=0.00725329
Tiny epoch 710/2000 iteration 150/390 loss=18.7632 lr=0.00725239
Tiny epoch 710/2000 iteration 200/390 loss=18.8367 lr=0.00725149
Tiny epoch 710/2000 iteration 250/390 loss=18.9881 lr=0.00725059
Tiny epoch 710/2000 iteration 300/390 loss=19.0237 lr=0.00724968
Tiny epoch 710/2000 iteration 350/390 loss=19.0696 lr=0.00724878
Tiny epoch 710/2000 iteration 390/390 loss=19.1084 lr=0.00724806
[epoch 710/2000] saved backbone: /home/mmoslem3/scratch/MKDT/krrst_teacher_ckpt/barlow_twins_resnet18_tinyimagenet.pt
Tiny epoch 711/2000 iteration 50/390 loss=19.0399 lr=0.00724715
Tiny epoch 711/2000 iteration 100/390 loss=18.8812 lr=0.00724625
Tiny epoch 711/2000 iteration 150/390 loss=18.7003 lr=0.00724535
Tiny epoch 711/2000 iteration 200/390 loss=18.7104 lr=0.00724444
Tiny epoch 711/2000 iteration 250/390 loss=18.8279 lr=0.00724354
Tiny epoch 711/2000 iteration 300/390 loss=18.8667 lr=0.00724264
Tiny epoch 711/2000 iteration 350/390 loss=18.8646 lr=0.00724173
Tiny epoch 711/2000 iteration 390/390 loss=18.8720 lr=0.00724101
Tiny epoch 712/2000 iteration 50/390 loss=18.5567 lr=0.0072401
Tiny epoch 712/2000 iteration 100/390 loss=18.6581 lr=0.0072392
Tiny epoch 712/2000 iteration 150/390 loss=18.8243 lr=0.0072383
Tiny epoch 712/2000 iteration 200/390 loss=18.8612 lr=0.00723739
Tiny epoch 712/2000 iteration 250/390 loss=19.0061 lr=0.00723649
Tiny epoch 712/2000 iteration 300/390 loss=19.0314 lr=0.00723558
Tiny epoch 712/2000 iteration 350/390 loss=19.0166 lr=0.00723468
Tiny epoch 712/2000 iteration 390/390 loss=19.0018 lr=0.00723395
Tiny epoch 713/2000 iteration 50/390 loss=18.4605 lr=0.00723305
Tiny epoch 713/2000 iteration 100/390 loss=19.1452 lr=0.00723214
Tiny epoch 713/2000 iteration 150/390 loss=18.9999 lr=0.00723124
Tiny epoch 713/2000 iteration 200/390 loss=19.0590 lr=0.00723033
Tiny epoch 713/2000 iteration 250/390 loss=19.0885 lr=0.00722943
Tiny epoch 713/2000 iteration 300/390 loss=19.0614 lr=0.00722852
Tiny epoch 713/2000 iteration 350/390 loss=19.0893 lr=0.00722762
Tiny epoch 713/2000 iteration 390/390 loss=19.0481 lr=0.00722689
Tiny epoch 714/2000 iteration 50/390 loss=18.6060 lr=0.00722599
Tiny epoch 714/2000 iteration 100/390 loss=18.6331 lr=0.00722508
Tiny epoch 714/2000 iteration 150/390 loss=18.6746 lr=0.00722418
Tiny epoch 714/2000 iteration 200/390 loss=18.7426 lr=0.00722327
Tiny epoch 714/2000 iteration 250/390 loss=18.8458 lr=0.00722237
Tiny epoch 714/2000 iteration 300/390 loss=18.8142 lr=0.00722146
Tiny epoch 714/2000 iteration 350/390 loss=18.7488 lr=0.00722055
Tiny epoch 714/2000 iteration 390/390 loss=18.8005 lr=0.00721983
Tiny epoch 715/2000 iteration 50/390 loss=19.1770 lr=0.00721892
Tiny epoch 715/2000 iteration 100/390 loss=18.8800 lr=0.00721802
Tiny epoch 715/2000 iteration 150/390 loss=18.7699 lr=0.00721711
Tiny epoch 715/2000 iteration 200/390 loss=18.7376 lr=0.0072162
Tiny epoch 715/2000 iteration 250/390 loss=18.7408 lr=0.0072153
Tiny epoch 715/2000 iteration 300/390 loss=18.8279 lr=0.00721439
Tiny epoch 715/2000 iteration 350/390 loss=18.8450 lr=0.00721348
Tiny epoch 715/2000 iteration 390/390 loss=18.7933 lr=0.00721276
Tiny epoch 716/2000 iteration 50/390 loss=18.0853 lr=0.00721185
Tiny epoch 716/2000 iteration 100/390 loss=18.6061 lr=0.00721094
Tiny epoch 716/2000 iteration 150/390 loss=18.5594 lr=0.00721004
Tiny epoch 716/2000 iteration 200/390 loss=18.6880 lr=0.00720913
Tiny epoch 716/2000 iteration 250/390 loss=18.7513 lr=0.00720822
Tiny epoch 716/2000 iteration 300/390 loss=18.7910 lr=0.00720732
Tiny epoch 716/2000 iteration 350/390 loss=18.8495 lr=0.00720641
Tiny epoch 716/2000 iteration 390/390 loss=18.9188 lr=0.00720568
Tiny epoch 717/2000 iteration 50/390 loss=18.4700 lr=0.00720477
Tiny epoch 717/2000 iteration 100/390 loss=18.5971 lr=0.00720387
Tiny epoch 717/2000 iteration 150/390 loss=18.5693 lr=0.00720296
Tiny epoch 717/2000 iteration 200/390 loss=18.6078 lr=0.00720205
Tiny epoch 717/2000 iteration 250/390 loss=18.6222 lr=0.00720114
Tiny epoch 717/2000 iteration 300/390 loss=18.6781 lr=0.00720024
Tiny epoch 717/2000 iteration 350/390 loss=18.7950 lr=0.00719933
Tiny epoch 717/2000 iteration 390/390 loss=18.9033 lr=0.0071986
Tiny epoch 718/2000 iteration 50/390 loss=18.7817 lr=0.00719769
Tiny epoch 718/2000 iteration 100/390 loss=18.7960 lr=0.00719678
Tiny epoch 718/2000 iteration 150/390 loss=18.8597 lr=0.00719588
Tiny epoch 718/2000 iteration 200/390 loss=18.8249 lr=0.00719497
Tiny epoch 718/2000 iteration 250/390 loss=18.8571 lr=0.00719406
Tiny epoch 718/2000 iteration 300/390 loss=18.8936 lr=0.00719315
Tiny epoch 718/2000 iteration 350/390 loss=18.8948 lr=0.00719224
Tiny epoch 718/2000 iteration 390/390 loss=18.9566 lr=0.00719151
Tiny epoch 719/2000 iteration 50/390 loss=18.8027 lr=0.0071906
Tiny epoch 719/2000 iteration 100/390 loss=18.4093 lr=0.0071897
Tiny epoch 719/2000 iteration 150/390 loss=18.5185 lr=0.00718879
Tiny epoch 719/2000 iteration 200/390 loss=18.6396 lr=0.00718788
Tiny epoch 719/2000 iteration 250/390 loss=18.7250 lr=0.00718697
Tiny epoch 719/2000 iteration 300/390 loss=18.7803 lr=0.00718606
Tiny epoch 719/2000 iteration 350/390 loss=18.8612 lr=0.00718515
Tiny epoch 719/2000 iteration 390/390 loss=18.8674 lr=0.00718442
Tiny epoch 720/2000 iteration 50/390 loss=18.1926 lr=0.00718351
Tiny epoch 720/2000 iteration 100/390 loss=18.4606 lr=0.0071826
Tiny epoch 720/2000 iteration 150/390 loss=18.4960 lr=0.00718169
Tiny epoch 720/2000 iteration 200/390 loss=18.5221 lr=0.00718078
Tiny epoch 720/2000 iteration 250/390 loss=18.5737 lr=0.00717987
Tiny epoch 720/2000 iteration 300/390 loss=18.6170 lr=0.00717896
Tiny epoch 720/2000 iteration 350/390 loss=18.6522 lr=0.00717805
Tiny epoch 720/2000 iteration 390/390 loss=18.6764 lr=0.00717732
[epoch 720/2000] saved backbone: /home/mmoslem3/scratch/MKDT/krrst_teacher_ckpt/barlow_twins_resnet18_tinyimagenet.pt
Tiny epoch 721/2000 iteration 50/390 loss=19.0051 lr=0.00717641
Tiny epoch 721/2000 iteration 100/390 loss=18.9942 lr=0.0071755
Tiny epoch 721/2000 iteration 150/390 loss=19.0430 lr=0.00717459
Tiny epoch 721/2000 iteration 200/390 loss=18.9539 lr=0.00717368
Tiny epoch 721/2000 iteration 250/390 loss=18.8949 lr=0.00717277
Tiny epoch 721/2000 iteration 300/390 loss=18.9137 lr=0.00717186
Tiny epoch 721/2000 iteration 350/390 loss=18.8755 lr=0.00717095
Tiny epoch 721/2000 iteration 390/390 loss=18.9107 lr=0.00717022
Tiny epoch 722/2000 iteration 50/390 loss=18.8456 lr=0.00716931
Tiny epoch 722/2000 iteration 100/390 loss=19.1918 lr=0.0071684
Tiny epoch 722/2000 iteration 150/390 loss=19.1530 lr=0.00716749
Tiny epoch 722/2000 iteration 200/390 loss=19.0647 lr=0.00716657
Tiny epoch 722/2000 iteration 250/390 loss=19.0886 lr=0.00716566
Tiny epoch 722/2000 iteration 300/390 loss=19.0619 lr=0.00716475
Tiny epoch 722/2000 iteration 350/390 loss=19.0092 lr=0.00716384
Tiny epoch 722/2000 iteration 390/390 loss=19.0665 lr=0.00716311
Tiny epoch 723/2000 iteration 50/390 loss=18.9507 lr=0.0071622
Tiny epoch 723/2000 iteration 100/390 loss=18.8888 lr=0.00716129
Tiny epoch 723/2000 iteration 150/390 loss=18.7371 lr=0.00716037
Tiny epoch 723/2000 iteration 200/390 loss=18.7835 lr=0.00715946
Tiny epoch 723/2000 iteration 250/390 loss=18.8810 lr=0.00715855
Tiny epoch 723/2000 iteration 300/390 loss=18.9170 lr=0.00715764
Tiny epoch 723/2000 iteration 350/390 loss=18.9401 lr=0.00715673
Tiny epoch 723/2000 iteration 390/390 loss=18.9782 lr=0.007156
Tiny epoch 724/2000 iteration 50/390 loss=18.6744 lr=0.00715508
Tiny epoch 724/2000 iteration 100/390 loss=18.6809 lr=0.00715417
Tiny epoch 724/2000 iteration 150/390 loss=18.8600 lr=0.00715326
Tiny epoch 724/2000 iteration 200/390 loss=18.8461 lr=0.00715235
Tiny epoch 724/2000 iteration 250/390 loss=18.8725 lr=0.00715143
Tiny epoch 724/2000 iteration 300/390 loss=18.8441 lr=0.00715052
Tiny epoch 724/2000 iteration 350/390 loss=18.8446 lr=0.00714961
Tiny epoch 724/2000 iteration 390/390 loss=18.9005 lr=0.00714888
Tiny epoch 725/2000 iteration 50/390 loss=18.5567 lr=0.00714796
Tiny epoch 725/2000 iteration 100/390 loss=18.7876 lr=0.00714705
Tiny epoch 725/2000 iteration 150/390 loss=18.7008 lr=0.00714614
Tiny epoch 725/2000 iteration 200/390 loss=18.7609 lr=0.00714522
Tiny epoch 725/2000 iteration 250/390 loss=18.8077 lr=0.00714431
Tiny epoch 725/2000 iteration 300/390 loss=18.8188 lr=0.0071434
Tiny epoch 725/2000 iteration 350/390 loss=18.8067 lr=0.00714248
Tiny epoch 725/2000 iteration 390/390 loss=18.8453 lr=0.00714175
Tiny epoch 726/2000 iteration 50/390 loss=18.4702 lr=0.00714084
Tiny epoch 726/2000 iteration 100/390 loss=18.7194 lr=0.00713992
Tiny epoch 726/2000 iteration 150/390 loss=18.7493 lr=0.00713901
Tiny epoch 726/2000 iteration 200/390 loss=18.8012 lr=0.0071381
Tiny epoch 726/2000 iteration 250/390 loss=18.7077 lr=0.00713718
Tiny epoch 726/2000 iteration 300/390 loss=18.7092 lr=0.00713627
Tiny epoch 726/2000 iteration 350/390 loss=18.7084 lr=0.00713535
Tiny epoch 726/2000 iteration 390/390 loss=18.7008 lr=0.00713462
Tiny epoch 727/2000 iteration 50/390 loss=18.3037 lr=0.00713371
Tiny epoch 727/2000 iteration 100/390 loss=18.4500 lr=0.00713279
Tiny epoch 727/2000 iteration 150/390 loss=18.5271 lr=0.00713188
Tiny epoch 727/2000 iteration 200/390 loss=18.6147 lr=0.00713096
Tiny epoch 727/2000 iteration 250/390 loss=18.5463 lr=0.00713005
Tiny epoch 727/2000 iteration 300/390 loss=18.5416 lr=0.00712913
Tiny epoch 727/2000 iteration 350/390 loss=18.5276 lr=0.00712822
Tiny epoch 727/2000 iteration 390/390 loss=18.5477 lr=0.00712749
Tiny epoch 728/2000 iteration 50/390 loss=18.7061 lr=0.00712657
Tiny epoch 728/2000 iteration 100/390 loss=18.6549 lr=0.00712566
Tiny epoch 728/2000 iteration 150/390 loss=18.8855 lr=0.00712474
Tiny epoch 728/2000 iteration 200/390 loss=18.7624 lr=0.00712382
Tiny epoch 728/2000 iteration 250/390 loss=18.9049 lr=0.00712291
Tiny epoch 728/2000 iteration 300/390 loss=18.8978 lr=0.00712199
Tiny epoch 728/2000 iteration 350/390 loss=18.9543 lr=0.00712108
Tiny epoch 728/2000 iteration 390/390 loss=18.8880 lr=0.00712034
Tiny epoch 729/2000 iteration 50/390 loss=18.7140 lr=0.00711943
Tiny epoch 729/2000 iteration 100/390 loss=18.6906 lr=0.00711851
Tiny epoch 729/2000 iteration 150/390 loss=18.8112 lr=0.0071176
Tiny epoch 729/2000 iteration 200/390 loss=18.9906 lr=0.00711668
Tiny epoch 729/2000 iteration 250/390 loss=18.9757 lr=0.00711576
Tiny epoch 729/2000 iteration 300/390 loss=18.8759 lr=0.00711485
Tiny epoch 729/2000 iteration 350/390 loss=18.8543 lr=0.00711393
Tiny epoch 729/2000 iteration 390/390 loss=18.8328 lr=0.0071132
Tiny epoch 730/2000 iteration 50/390 loss=18.2932 lr=0.00711228
Tiny epoch 730/2000 iteration 100/390 loss=18.6907 lr=0.00711137
Tiny epoch 730/2000 iteration 150/390 loss=18.6275 lr=0.00711045
Tiny epoch 730/2000 iteration 200/390 loss=18.5779 lr=0.00710953
Tiny epoch 730/2000 iteration 250/390 loss=18.6001 lr=0.00710861
Tiny epoch 730/2000 iteration 300/390 loss=18.6429 lr=0.0071077
Tiny epoch 730/2000 iteration 350/390 loss=18.7055 lr=0.00710678
Tiny epoch 730/2000 iteration 390/390 loss=18.7409 lr=0.00710605
[epoch 730/2000] saved backbone: /home/mmoslem3/scratch/MKDT/krrst_teacher_ckpt/barlow_twins_resnet18_tinyimagenet.pt
Tiny epoch 731/2000 iteration 50/390 loss=19.3989 lr=0.00710513
Tiny epoch 731/2000 iteration 100/390 loss=19.1619 lr=0.00710421
Tiny epoch 731/2000 iteration 150/390 loss=18.8338 lr=0.0071033
Tiny epoch 731/2000 iteration 200/390 loss=18.9015 lr=0.00710238
Tiny epoch 731/2000 iteration 250/390 loss=18.8462 lr=0.00710146
Tiny epoch 731/2000 iteration 300/390 loss=18.8961 lr=0.00710054
Tiny epoch 731/2000 iteration 350/390 loss=18.8603 lr=0.00709962
Tiny epoch 731/2000 iteration 390/390 loss=18.8618 lr=0.00709889
Tiny epoch 732/2000 iteration 50/390 loss=18.7014 lr=0.00709797
Tiny epoch 732/2000 iteration 100/390 loss=18.7397 lr=0.00709705
Tiny epoch 732/2000 iteration 150/390 loss=18.7146 lr=0.00709614
Tiny epoch 732/2000 iteration 200/390 loss=18.7746 lr=0.00709522
Tiny epoch 732/2000 iteration 250/390 loss=18.7814 lr=0.0070943
Tiny epoch 732/2000 iteration 300/390 loss=18.8410 lr=0.00709338
Tiny epoch 732/2000 iteration 350/390 loss=18.8833 lr=0.00709246
Tiny epoch 732/2000 iteration 390/390 loss=18.8955 lr=0.00709173
Tiny epoch 733/2000 iteration 50/390 loss=19.1117 lr=0.00709081
Tiny epoch 733/2000 iteration 100/390 loss=18.7241 lr=0.00708989
Tiny epoch 733/2000 iteration 150/390 loss=18.6036 lr=0.00708897
Tiny epoch 733/2000 iteration 200/390 loss=18.5299 lr=0.00708805
Tiny epoch 733/2000 iteration 250/390 loss=18.5188 lr=0.00708713
Tiny epoch 733/2000 iteration 300/390 loss=18.5805 lr=0.00708622
Tiny epoch 733/2000 iteration 350/390 loss=18.6708 lr=0.0070853
Tiny epoch 733/2000 iteration 390/390 loss=18.7203 lr=0.00708456
Tiny epoch 734/2000 iteration 50/390 loss=18.7785 lr=0.00708364
Tiny epoch 734/2000 iteration 100/390 loss=18.7162 lr=0.00708272
Tiny epoch 734/2000 iteration 150/390 loss=18.7499 lr=0.0070818
Tiny epoch 734/2000 iteration 200/390 loss=18.7994 lr=0.00708088
Tiny epoch 734/2000 iteration 250/390 loss=18.7086 lr=0.00707996
Tiny epoch 734/2000 iteration 300/390 loss=18.6805 lr=0.00707904
Tiny epoch 734/2000 iteration 350/390 loss=18.7303 lr=0.00707813
Tiny epoch 734/2000 iteration 390/390 loss=18.7291 lr=0.00707739
Tiny epoch 735/2000 iteration 50/390 loss=18.4724 lr=0.00707647
Tiny epoch 735/2000 iteration 100/390 loss=18.5502 lr=0.00707555
Tiny epoch 735/2000 iteration 150/390 loss=18.4910 lr=0.00707463
Tiny epoch 735/2000 iteration 200/390 loss=18.5755 lr=0.00707371
Tiny epoch 735/2000 iteration 250/390 loss=18.5206 lr=0.00707279
Tiny epoch 735/2000 iteration 300/390 loss=18.6179 lr=0.00707187
Tiny epoch 735/2000 iteration 350/390 loss=18.6506 lr=0.00707095
Tiny epoch 735/2000 iteration 390/390 loss=18.6723 lr=0.00707021
Tiny epoch 736/2000 iteration 50/390 loss=18.4612 lr=0.00706929
Tiny epoch 736/2000 iteration 100/390 loss=18.2932 lr=0.00706837
Tiny epoch 736/2000 iteration 150/390 loss=18.3739 lr=0.00706745
Tiny epoch 736/2000 iteration 200/390 loss=18.4537 lr=0.00706653
Tiny epoch 736/2000 iteration 250/390 loss=18.5856 lr=0.00706561
Tiny epoch 736/2000 iteration 300/390 loss=18.5867 lr=0.00706469
Tiny epoch 736/2000 iteration 350/390 loss=18.5771 lr=0.00706377
Tiny epoch 736/2000 iteration 390/390 loss=18.5443 lr=0.00706303
Tiny epoch 737/2000 iteration 50/390 loss=18.4185 lr=0.00706211
Tiny epoch 737/2000 iteration 100/390 loss=18.9393 lr=0.00706119
Tiny epoch 737/2000 iteration 150/390 loss=18.7674 lr=0.00706027
Tiny epoch 737/2000 iteration 200/390 loss=18.7879 lr=0.00705934
Tiny epoch 737/2000 iteration 250/390 loss=18.7571 lr=0.00705842
Tiny epoch 737/2000 iteration 300/390 loss=18.7186 lr=0.0070575
Tiny epoch 737/2000 iteration 350/390 loss=18.7000 lr=0.00705658
Tiny epoch 737/2000 iteration 390/390 loss=18.7660 lr=0.00705584
Tiny epoch 738/2000 iteration 50/390 loss=18.3540 lr=0.00705492
Tiny epoch 738/2000 iteration 100/390 loss=18.5998 lr=0.007054
Tiny epoch 738/2000 iteration 150/390 loss=18.7957 lr=0.00705308
Tiny epoch 738/2000 iteration 200/390 loss=18.7766 lr=0.00705215
Tiny epoch 738/2000 iteration 250/390 loss=18.7902 lr=0.00705123
Tiny epoch 738/2000 iteration 300/390 loss=18.8684 lr=0.00705031
Tiny epoch 738/2000 iteration 350/390 loss=18.8890 lr=0.00704939
Tiny epoch 738/2000 iteration 390/390 loss=18.9209 lr=0.00704865
Tiny epoch 739/2000 iteration 50/390 loss=18.5868 lr=0.00704773
Tiny epoch 739/2000 iteration 100/390 loss=18.3827 lr=0.0070468
Tiny epoch 739/2000 iteration 150/390 loss=18.2523 lr=0.00704588
Tiny epoch 739/2000 iteration 200/390 loss=18.2604 lr=0.00704496
Tiny epoch 739/2000 iteration 250/390 loss=18.3808 lr=0.00704404
Tiny epoch 739/2000 iteration 300/390 loss=18.4268 lr=0.00704311
Tiny epoch 739/2000 iteration 350/390 loss=18.5054 lr=0.00704219
Tiny epoch 739/2000 iteration 390/390 loss=18.5286 lr=0.00704145
Tiny epoch 740/2000 iteration 50/390 loss=18.7261 lr=0.00704053
Tiny epoch 740/2000 iteration 100/390 loss=18.7354 lr=0.0070396
Tiny epoch 740/2000 iteration 150/390 loss=18.8781 lr=0.00703868
Tiny epoch 740/2000 iteration 200/390 loss=18.7681 lr=0.00703776
Tiny epoch 740/2000 iteration 250/390 loss=18.7678 lr=0.00703683
Tiny epoch 740/2000 iteration 300/390 loss=18.6479 lr=0.00703591
Tiny epoch 740/2000 iteration 350/390 loss=18.6717 lr=0.00703499
Tiny epoch 740/2000 iteration 390/390 loss=18.7211 lr=0.00703425
[epoch 740/2000] saved backbone: /home/mmoslem3/scratch/MKDT/krrst_teacher_ckpt/barlow_twins_resnet18_tinyimagenet.pt
Tiny epoch 741/2000 iteration 50/390 loss=18.2044 lr=0.00703332
Tiny epoch 741/2000 iteration 100/390 loss=18.4398 lr=0.0070324
Tiny epoch 741/2000 iteration 150/390 loss=18.6695 lr=0.00703148
Tiny epoch 741/2000 iteration 200/390 loss=18.7026 lr=0.00703055
Tiny epoch 741/2000 iteration 250/390 loss=18.7576 lr=0.00702963
Tiny epoch 741/2000 iteration 300/390 loss=18.7211 lr=0.0070287
Tiny epoch 741/2000 iteration 350/390 loss=18.7345 lr=0.00702778
Tiny epoch 741/2000 iteration 390/390 loss=18.7273 lr=0.00702704
Tiny epoch 742/2000 iteration 50/390 loss=19.0754 lr=0.00702612
Tiny epoch 742/2000 iteration 100/390 loss=19.0326 lr=0.00702519
Tiny epoch 742/2000 iteration 150/390 loss=18.7603 lr=0.00702427
Tiny epoch 742/2000 iteration 200/390 loss=18.6518 lr=0.00702334
Tiny epoch 742/2000 iteration 250/390 loss=18.7154 lr=0.00702242
Tiny epoch 742/2000 iteration 300/390 loss=18.6826 lr=0.00702149
Tiny epoch 742/2000 iteration 350/390 loss=18.6343 lr=0.00702057
Tiny epoch 742/2000 iteration 390/390 loss=18.6335 lr=0.00701983
Tiny epoch 743/2000 iteration 50/390 loss=18.9754 lr=0.0070189
Tiny epoch 743/2000 iteration 100/390 loss=19.1507 lr=0.00701798
Tiny epoch 743/2000 iteration 150/390 loss=19.0693 lr=0.00701705
Tiny epoch 743/2000 iteration 200/390 loss=19.0655 lr=0.00701613
Tiny epoch 743/2000 iteration 250/390 loss=19.0260 lr=0.0070152
Tiny epoch 743/2000 iteration 300/390 loss=19.0068 lr=0.00701427
Tiny epoch 743/2000 iteration 350/390 loss=19.0288 lr=0.00701335
Tiny epoch 743/2000 iteration 390/390 loss=19.0251 lr=0.00701261
Tiny epoch 744/2000 iteration 50/390 loss=18.9384 lr=0.00701168
Tiny epoch 744/2000 iteration 100/390 loss=18.9608 lr=0.00701076
Tiny epoch 744/2000 iteration 150/390 loss=19.0115 lr=0.00700983
Tiny epoch 744/2000 iteration 200/390 loss=19.0554 lr=0.00700891
Tiny epoch 744/2000 iteration 250/390 loss=18.9153 lr=0.00700798
Tiny epoch 744/2000 iteration 300/390 loss=18.8857 lr=0.00700705
Tiny epoch 744/2000 iteration 350/390 loss=18.8079 lr=0.00700613
Tiny epoch 744/2000 iteration 390/390 loss=18.7683 lr=0.00700539
Tiny epoch 745/2000 iteration 50/390 loss=18.8221 lr=0.00700446
Tiny epoch 745/2000 iteration 100/390 loss=18.7571 lr=0.00700353
Tiny epoch 745/2000 iteration 150/390 loss=18.6437 lr=0.00700261
Tiny epoch 745/2000 iteration 200/390 loss=18.6762 lr=0.00700168
Tiny epoch 745/2000 iteration 250/390 loss=18.6225 lr=0.00700075
Tiny epoch 745/2000 iteration 300/390 loss=18.6295 lr=0.00699983
Tiny epoch 745/2000 iteration 350/390 loss=18.7393 lr=0.0069989
Tiny epoch 745/2000 iteration 390/390 loss=18.7396 lr=0.00699816
Tiny epoch 746/2000 iteration 50/390 loss=19.0248 lr=0.00699723
Tiny epoch 746/2000 iteration 100/390 loss=18.7888 lr=0.0069963
Tiny epoch 746/2000 iteration 150/390 loss=18.8135 lr=0.00699538
Tiny epoch 746/2000 iteration 200/390 loss=18.7176 lr=0.00699445
Tiny epoch 746/2000 iteration 250/390 loss=18.7729 lr=0.00699352
Tiny epoch 746/2000 iteration 300/390 loss=18.7572 lr=0.00699259
Tiny epoch 746/2000 iteration 350/390 loss=18.8579 lr=0.00699167
Tiny epoch 746/2000 iteration 390/390 loss=18.8114 lr=0.00699092
Tiny epoch 747/2000 iteration 50/390 loss=19.6098 lr=0.00699
Tiny epoch 747/2000 iteration 100/390 loss=19.3105 lr=0.00698907
Tiny epoch 747/2000 iteration 150/390 loss=19.0717 lr=0.00698814
Tiny epoch 747/2000 iteration 200/390 loss=18.8894 lr=0.00698721
Tiny epoch 747/2000 iteration 250/390 loss=18.8486 lr=0.00698629
Tiny epoch 747/2000 iteration 300/390 loss=18.8409 lr=0.00698536
Tiny epoch 747/2000 iteration 350/390 loss=18.8703 lr=0.00698443
Tiny epoch 747/2000 iteration 390/390 loss=18.9068 lr=0.00698369
Tiny epoch 748/2000 iteration 50/390 loss=19.2842 lr=0.00698276
Tiny epoch 748/2000 iteration 100/390 loss=18.9815 lr=0.00698183
Tiny epoch 748/2000 iteration 150/390 loss=18.8084 lr=0.0069809
Tiny epoch 748/2000 iteration 200/390 loss=18.9347 lr=0.00697997
Tiny epoch 748/2000 iteration 250/390 loss=18.8305 lr=0.00697904
Tiny epoch 748/2000 iteration 300/390 loss=18.7490 lr=0.00697812
Tiny epoch 748/2000 iteration 350/390 loss=18.7493 lr=0.00697719
Tiny epoch 748/2000 iteration 390/390 loss=18.7306 lr=0.00697644
Tiny epoch 749/2000 iteration 50/390 loss=18.8553 lr=0.00697551
Tiny epoch 749/2000 iteration 100/390 loss=18.8722 lr=0.00697459
Tiny epoch 749/2000 iteration 150/390 loss=18.6900 lr=0.00697366
Tiny epoch 749/2000 iteration 200/390 loss=18.7166 lr=0.00697273
Tiny epoch 749/2000 iteration 250/390 loss=18.6926 lr=0.0069718
Tiny epoch 749/2000 iteration 300/390 loss=18.6820 lr=0.00697087
Tiny epoch 749/2000 iteration 350/390 loss=18.6428 lr=0.00696994
Tiny epoch 749/2000 iteration 390/390 loss=18.6364 lr=0.0069692
Tiny epoch 750/2000 iteration 50/390 loss=18.2889 lr=0.00696827
Tiny epoch 750/2000 iteration 100/390 loss=18.4927 lr=0.00696734
Tiny epoch 750/2000 iteration 150/390 loss=18.5085 lr=0.00696641
Tiny epoch 750/2000 iteration 200/390 loss=18.4434 lr=0.00696548
Tiny epoch 750/2000 iteration 250/390 loss=18.4410 lr=0.00696455
Tiny epoch 750/2000 iteration 300/390 loss=18.4739 lr=0.00696362
Tiny epoch 750/2000 iteration 350/390 loss=18.4625 lr=0.00696269
Tiny epoch 750/2000 iteration 390/390 loss=18.4491 lr=0.00696194
[epoch 750/2000] saved backbone: /home/mmoslem3/scratch/MKDT/krrst_teacher_ckpt/barlow_twins_resnet18_tinyimagenet.pt
Tiny epoch 751/2000 iteration 50/390 loss=18.2533 lr=0.00696101
Tiny epoch 751/2000 iteration 100/390 loss=18.0765 lr=0.00696008
Tiny epoch 751/2000 iteration 150/390 loss=18.1756 lr=0.00695915
Tiny epoch 751/2000 iteration 200/390 loss=18.2801 lr=0.00695822
Tiny epoch 751/2000 iteration 250/390 loss=18.2791 lr=0.00695729
Tiny epoch 751/2000 iteration 300/390 loss=18.3808 lr=0.00695636
Tiny epoch 751/2000 iteration 350/390 loss=18.4294 lr=0.00695543
Tiny epoch 751/2000 iteration 390/390 loss=18.4751 lr=0.00695469
Tiny epoch 752/2000 iteration 50/390 loss=19.0175 lr=0.00695375
Tiny epoch 752/2000 iteration 100/390 loss=18.8163 lr=0.00695282
Tiny epoch 752/2000 iteration 150/390 loss=18.7665 lr=0.00695189
Tiny epoch 752/2000 iteration 200/390 loss=18.6254 lr=0.00695096
Tiny epoch 752/2000 iteration 250/390 loss=18.8156 lr=0.00695003
Tiny epoch 752/2000 iteration 300/390 loss=18.8492 lr=0.0069491
Tiny epoch 752/2000 iteration 350/390 loss=18.8167 lr=0.00694817
Tiny epoch 752/2000 iteration 390/390 loss=18.8228 lr=0.00694742
Tiny epoch 753/2000 iteration 50/390 loss=18.6603 lr=0.00694649
Tiny epoch 753/2000 iteration 100/390 loss=18.7351 lr=0.00694556
Tiny epoch 753/2000 iteration 150/390 loss=18.6503 lr=0.00694463
Tiny epoch 753/2000 iteration 200/390 loss=18.6053 lr=0.0069437
Tiny epoch 753/2000 iteration 250/390 loss=18.6397 lr=0.00694277
Tiny epoch 753/2000 iteration 300/390 loss=18.6721 lr=0.00694183
Tiny epoch 753/2000 iteration 350/390 loss=18.6718 lr=0.0069409
Tiny epoch 753/2000 iteration 390/390 loss=18.6913 lr=0.00694016
Tiny epoch 754/2000 iteration 50/390 loss=18.5531 lr=0.00693922
Tiny epoch 754/2000 iteration 100/390 loss=18.4846 lr=0.00693829
Tiny epoch 754/2000 iteration 150/390 loss=18.5570 lr=0.00693736
Tiny epoch 754/2000 iteration 200/390 loss=18.6016 lr=0.00693643
Tiny epoch 754/2000 iteration 250/390 loss=18.6546 lr=0.00693549
Tiny epoch 754/2000 iteration 300/390 loss=18.6229 lr=0.00693456
Tiny epoch 754/2000 iteration 350/390 loss=18.6765 lr=0.00693363
Tiny epoch 754/2000 iteration 390/390 loss=18.7235 lr=0.00693288
Tiny epoch 755/2000 iteration 50/390 loss=18.5981 lr=0.00693195
Tiny epoch 755/2000 iteration 100/390 loss=18.7246 lr=0.00693102
Tiny epoch 755/2000 iteration 150/390 loss=18.7406 lr=0.00693009
Tiny epoch 755/2000 iteration 200/390 loss=18.7163 lr=0.00692915
Tiny epoch 755/2000 iteration 250/390 loss=18.7155 lr=0.00692822
Tiny epoch 755/2000 iteration 300/390 loss=18.6862 lr=0.00692729
Tiny epoch 755/2000 iteration 350/390 loss=18.7196 lr=0.00692635
Tiny epoch 755/2000 iteration 390/390 loss=18.7428 lr=0.00692561
Tiny epoch 756/2000 iteration 50/390 loss=18.8119 lr=0.00692467
Tiny epoch 756/2000 iteration 100/390 loss=18.8276 lr=0.00692374
Tiny epoch 756/2000 iteration 150/390 loss=18.8142 lr=0.00692281
Tiny epoch 756/2000 iteration 200/390 loss=18.6549 lr=0.00692187
Tiny epoch 756/2000 iteration 250/390 loss=18.6124 lr=0.00692094
Tiny epoch 756/2000 iteration 300/390 loss=18.6272 lr=0.00692001
Tiny epoch 756/2000 iteration 350/390 loss=18.6209 lr=0.00691907
Tiny epoch 756/2000 iteration 390/390 loss=18.5842 lr=0.00691832
Tiny epoch 757/2000 iteration 50/390 loss=18.6912 lr=0.00691739
Tiny epoch 757/2000 iteration 100/390 loss=18.7505 lr=0.00691646
Tiny epoch 757/2000 iteration 150/390 loss=18.7744 lr=0.00691552
Tiny epoch 757/2000 iteration 200/390 loss=18.7807 lr=0.00691459
Tiny epoch 757/2000 iteration 250/390 loss=18.7745 lr=0.00691365
Tiny epoch 757/2000 iteration 300/390 loss=18.7182 lr=0.00691272
Tiny epoch 757/2000 iteration 350/390 loss=18.7195 lr=0.00691179
Tiny epoch 757/2000 iteration 390/390 loss=18.7279 lr=0.00691104
Tiny epoch 758/2000 iteration 50/390 loss=18.3119 lr=0.0069101
Tiny epoch 758/2000 iteration 100/390 loss=18.3197 lr=0.00690917
Tiny epoch 758/2000 iteration 150/390 loss=18.4624 lr=0.00690823
Tiny epoch 758/2000 iteration 200/390 loss=18.6191 lr=0.0069073
Tiny epoch 758/2000 iteration 250/390 loss=18.6481 lr=0.00690637
Tiny epoch 758/2000 iteration 300/390 loss=18.6604 lr=0.00690543
Tiny epoch 758/2000 iteration 350/390 loss=18.6722 lr=0.0069045
Tiny epoch 758/2000 iteration 390/390 loss=18.6658 lr=0.00690375
Tiny epoch 759/2000 iteration 50/390 loss=18.6069 lr=0.00690281
Tiny epoch 759/2000 iteration 100/390 loss=18.5382 lr=0.00690188
Tiny epoch 759/2000 iteration 150/390 loss=18.5911 lr=0.00690094
Tiny epoch 759/2000 iteration 200/390 loss=18.5612 lr=0.00690001
Tiny epoch 759/2000 iteration 250/390 loss=18.6544 lr=0.00689907
Tiny epoch 759/2000 iteration 300/390 loss=18.7348 lr=0.00689814
Tiny epoch 759/2000 iteration 350/390 loss=18.7051 lr=0.0068972
Tiny epoch 759/2000 iteration 390/390 loss=18.6891 lr=0.00689645
Tiny epoch 760/2000 iteration 50/390 loss=17.9375 lr=0.00689552
Tiny epoch 760/2000 iteration 100/390 loss=18.0647 lr=0.00689458
Tiny epoch 760/2000 iteration 150/390 loss=18.0519 lr=0.00689364
Tiny epoch 760/2000 iteration 200/390 loss=18.1404 lr=0.00689271
Tiny epoch 760/2000 iteration 250/390 loss=18.1971 lr=0.00689177
Tiny epoch 760/2000 iteration 300/390 loss=18.3669 lr=0.00689084
Tiny epoch 760/2000 iteration 350/390 loss=18.4457 lr=0.0068899
Tiny epoch 760/2000 iteration 390/390 loss=18.4439 lr=0.00688915
[epoch 760/2000] saved backbone: /home/mmoslem3/scratch/MKDT/krrst_teacher_ckpt/barlow_twins_resnet18_tinyimagenet.pt
Tiny epoch 761/2000 iteration 50/390 loss=18.1989 lr=0.00688821
Tiny epoch 761/2000 iteration 100/390 loss=18.2779 lr=0.00688728
Tiny epoch 761/2000 iteration 150/390 loss=18.4721 lr=0.00688634
Tiny epoch 761/2000 iteration 200/390 loss=18.5015 lr=0.0068854
Tiny epoch 761/2000 iteration 250/390 loss=18.4683 lr=0.00688447
Tiny epoch 761/2000 iteration 300/390 loss=18.4661 lr=0.00688353
Tiny epoch 761/2000 iteration 350/390 loss=18.4659 lr=0.00688259
Tiny epoch 761/2000 iteration 390/390 loss=18.4833 lr=0.00688185
Tiny epoch 762/2000 iteration 50/390 loss=18.6457 lr=0.00688091
Tiny epoch 762/2000 iteration 100/390 loss=18.7282 lr=0.00687997
Tiny epoch 762/2000 iteration 150/390 loss=18.7296 lr=0.00687903
Tiny epoch 762/2000 iteration 200/390 loss=18.7331 lr=0.0068781
Tiny epoch 762/2000 iteration 250/390 loss=18.6268 lr=0.00687716
Tiny epoch 762/2000 iteration 300/390 loss=18.5683 lr=0.00687622
Tiny epoch 762/2000 iteration 350/390 loss=18.5397 lr=0.00687529
Tiny epoch 762/2000 iteration 390/390 loss=18.5030 lr=0.00687454
Tiny epoch 763/2000 iteration 50/390 loss=18.7273 lr=0.0068736
Tiny epoch 763/2000 iteration 100/390 loss=18.2230 lr=0.00687266
Tiny epoch 763/2000 iteration 150/390 loss=18.2519 lr=0.00687172
Tiny epoch 763/2000 iteration 200/390 loss=18.3301 lr=0.00687078
Tiny epoch 763/2000 iteration 250/390 loss=18.3088 lr=0.00686985
Tiny epoch 763/2000 iteration 300/390 loss=18.3738 lr=0.00686891
Tiny epoch 763/2000 iteration 350/390 loss=18.3797 lr=0.00686797
Tiny epoch 763/2000 iteration 390/390 loss=18.3986 lr=0.00686722
Tiny epoch 764/2000 iteration 50/390 loss=18.2649 lr=0.00686628
Tiny epoch 764/2000 iteration 100/390 loss=18.0072 lr=0.00686534
Tiny epoch 764/2000 iteration 150/390 loss=18.3003 lr=0.00686441
Tiny epoch 764/2000 iteration 200/390 loss=18.4427 lr=0.00686347
Tiny epoch 764/2000 iteration 250/390 loss=18.5007 lr=0.00686253
Tiny epoch 764/2000 iteration 300/390 loss=18.4692 lr=0.00686159
Tiny epoch 764/2000 iteration 350/390 loss=18.4748 lr=0.00686065
Tiny epoch 764/2000 iteration 390/390 loss=18.5307 lr=0.0068599
Tiny epoch 765/2000 iteration 50/390 loss=18.1861 lr=0.00685896
Tiny epoch 765/2000 iteration 100/390 loss=18.4597 lr=0.00685802
Tiny epoch 765/2000 iteration 150/390 loss=18.5187 lr=0.00685708
Tiny epoch 765/2000 iteration 200/390 loss=18.4793 lr=0.00685615
Tiny epoch 765/2000 iteration 250/390 loss=18.5154 lr=0.00685521
Tiny epoch 765/2000 iteration 300/390 loss=18.5272 lr=0.00685427
Tiny epoch 765/2000 iteration 350/390 loss=18.5278 lr=0.00685333
Tiny epoch 765/2000 iteration 390/390 loss=18.5748 lr=0.00685258
Tiny epoch 766/2000 iteration 50/390 loss=18.6205 lr=0.00685164
Tiny epoch 766/2000 iteration 100/390 loss=18.4890 lr=0.0068507
Tiny epoch 766/2000 iteration 150/390 loss=18.4149 lr=0.00684976
Tiny epoch 766/2000 iteration 200/390 loss=18.4439 lr=0.00684882
Tiny epoch 766/2000 iteration 250/390 loss=18.4982 lr=0.00684788
Tiny epoch 766/2000 iteration 300/390 loss=18.5297 lr=0.00684694
Tiny epoch 766/2000 iteration 350/390 loss=18.5738 lr=0.006846
Tiny epoch 766/2000 iteration 390/390 loss=18.5417 lr=0.00684525
Tiny epoch 767/2000 iteration 50/390 loss=18.5396 lr=0.00684431
Tiny epoch 767/2000 iteration 100/390 loss=18.4619 lr=0.00684337
Tiny epoch 767/2000 iteration 150/390 loss=18.5056 lr=0.00684243
Tiny epoch 767/2000 iteration 200/390 loss=18.5817 lr=0.00684149
Tiny epoch 767/2000 iteration 250/390 loss=18.5459 lr=0.00684055
Tiny epoch 767/2000 iteration 300/390 loss=18.6162 lr=0.00683961
Tiny epoch 767/2000 iteration 350/390 loss=18.6097 lr=0.00683867
Tiny epoch 767/2000 iteration 390/390 loss=18.5679 lr=0.00683792
Tiny epoch 768/2000 iteration 50/390 loss=18.3679 lr=0.00683697
Tiny epoch 768/2000 iteration 100/390 loss=18.4239 lr=0.00683603
Tiny epoch 768/2000 iteration 150/390 loss=18.4165 lr=0.00683509
Tiny epoch 768/2000 iteration 200/390 loss=18.5396 lr=0.00683415
Tiny epoch 768/2000 iteration 250/390 loss=18.5689 lr=0.00683321
Tiny epoch 768/2000 iteration 300/390 loss=18.5949 lr=0.00683227
Tiny epoch 768/2000 iteration 350/390 loss=18.6233 lr=0.00683133
Tiny epoch 768/2000 iteration 390/390 loss=18.6893 lr=0.00683058
Tiny epoch 769/2000 iteration 50/390 loss=18.4062 lr=0.00682964
Tiny epoch 769/2000 iteration 100/390 loss=18.4513 lr=0.0068287
Tiny epoch 769/2000 iteration 150/390 loss=18.6564 lr=0.00682775
Tiny epoch 769/2000 iteration 200/390 loss=18.6237 lr=0.00682681
Tiny epoch 769/2000 iteration 250/390 loss=18.5473 lr=0.00682587
Tiny epoch 769/2000 iteration 300/390 loss=18.6324 lr=0.00682493
Tiny epoch 769/2000 iteration 350/390 loss=18.5887 lr=0.00682399
Tiny epoch 769/2000 iteration 390/390 loss=18.5903 lr=0.00682324
Tiny epoch 770/2000 iteration 50/390 loss=18.2083 lr=0.00682229
Tiny epoch 770/2000 iteration 100/390 loss=18.1813 lr=0.00682135
Tiny epoch 770/2000 iteration 150/390 loss=18.2294 lr=0.00682041
Tiny epoch 770/2000 iteration 200/390 loss=18.2567 lr=0.00681947
Tiny epoch 770/2000 iteration 250/390 loss=18.2809 lr=0.00681853
Tiny epoch 770/2000 iteration 300/390 loss=18.2829 lr=0.00681758
Tiny epoch 770/2000 iteration 350/390 loss=18.2154 lr=0.00681664
Tiny epoch 770/2000 iteration 390/390 loss=18.2604 lr=0.00681589
[epoch 770/2000] saved backbone: /home/mmoslem3/scratch/MKDT/krrst_teacher_ckpt/barlow_twins_resnet18_tinyimagenet.pt
Tiny epoch 771/2000 iteration 50/390 loss=18.4844 lr=0.00681495
Tiny epoch 771/2000 iteration 100/390 loss=18.4215 lr=0.006814
Tiny epoch 771/2000 iteration 150/390 loss=18.4237 lr=0.00681306
Tiny epoch 771/2000 iteration 200/390 loss=18.4284 lr=0.00681212
Tiny epoch 771/2000 iteration 250/390 loss=18.4494 lr=0.00681118
Tiny epoch 771/2000 iteration 300/390 loss=18.5108 lr=0.00681023
Tiny epoch 771/2000 iteration 350/390 loss=18.5325 lr=0.00680929
Tiny epoch 771/2000 iteration 390/390 loss=18.5290 lr=0.00680854
Tiny epoch 772/2000 iteration 50/390 loss=17.9038 lr=0.00680759
Tiny epoch 772/2000 iteration 100/390 loss=17.9531 lr=0.00680665
Tiny epoch 772/2000 iteration 150/390 loss=18.1546 lr=0.00680571
Tiny epoch 772/2000 iteration 200/390 loss=18.2438 lr=0.00680477
Tiny epoch 772/2000 iteration 250/390 loss=18.3611 lr=0.00680382
Tiny epoch 772/2000 iteration 300/390 loss=18.5001 lr=0.00680288
Tiny epoch 772/2000 iteration 350/390 loss=18.5136 lr=0.00680194
Tiny epoch 772/2000 iteration 390/390 loss=18.4789 lr=0.00680118
Tiny epoch 773/2000 iteration 50/390 loss=18.0613 lr=0.00680024
Tiny epoch 773/2000 iteration 100/390 loss=18.1002 lr=0.00679929
Tiny epoch 773/2000 iteration 150/390 loss=18.2183 lr=0.00679835
Tiny epoch 773/2000 iteration 200/390 loss=18.2322 lr=0.00679741
Tiny epoch 773/2000 iteration 250/390 loss=18.3331 lr=0.00679646
Tiny epoch 773/2000 iteration 300/390 loss=18.3988 lr=0.00679552
Tiny epoch 773/2000 iteration 350/390 loss=18.4701 lr=0.00679458
Tiny epoch 773/2000 iteration 390/390 loss=18.5533 lr=0.00679382
Tiny epoch 774/2000 iteration 50/390 loss=18.4116 lr=0.00679288
Tiny epoch 774/2000 iteration 100/390 loss=18.5348 lr=0.00679193
Tiny epoch 774/2000 iteration 150/390 loss=18.7426 lr=0.00679099
Tiny epoch 774/2000 iteration 200/390 loss=18.7829 lr=0.00679004
Tiny epoch 774/2000 iteration 250/390 loss=18.7432 lr=0.0067891
Tiny epoch 774/2000 iteration 300/390 loss=18.7080 lr=0.00678816
Tiny epoch 774/2000 iteration 350/390 loss=18.6876 lr=0.00678721
Tiny epoch 774/2000 iteration 390/390 loss=18.7662 lr=0.00678646
Tiny epoch 775/2000 iteration 50/390 loss=18.2372 lr=0.00678551
Tiny epoch 775/2000 iteration 100/390 loss=18.4049 lr=0.00678457
Tiny epoch 775/2000 iteration 150/390 loss=18.5414 lr=0.00678362
Tiny epoch 775/2000 iteration 200/390 loss=18.5746 lr=0.00678268
Tiny epoch 775/2000 iteration 250/390 loss=18.5218 lr=0.00678173
Tiny epoch 775/2000 iteration 300/390 loss=18.5083 lr=0.00678079
Tiny epoch 775/2000 iteration 350/390 loss=18.5230 lr=0.00677984
Tiny epoch 775/2000 iteration 390/390 loss=18.5218 lr=0.00677909
Tiny epoch 776/2000 iteration 50/390 loss=18.3209 lr=0.00677814
Tiny epoch 776/2000 iteration 100/390 loss=18.2263 lr=0.0067772
Tiny epoch 776/2000 iteration 150/390 loss=18.3342 lr=0.00677625
Tiny epoch 776/2000 iteration 200/390 loss=18.4098 lr=0.00677531
Tiny epoch 776/2000 iteration 250/390 loss=18.5057 lr=0.00677436
Tiny epoch 776/2000 iteration 300/390 loss=18.5465 lr=0.00677342
Tiny epoch 776/2000 iteration 350/390 loss=18.5789 lr=0.00677247
Tiny epoch 776/2000 iteration 390/390 loss=18.5795 lr=0.00677171
Tiny epoch 777/2000 iteration 50/390 loss=17.8801 lr=0.00677077
Tiny epoch 777/2000 iteration 100/390 loss=18.2159 lr=0.00676982
Tiny epoch 777/2000 iteration 150/390 loss=18.3386 lr=0.00676888
Tiny epoch 777/2000 iteration 200/390 loss=18.3747 lr=0.00676793
Tiny epoch 777/2000 iteration 250/390 loss=18.3620 lr=0.00676698
Tiny epoch 777/2000 iteration 300/390 loss=18.3421 lr=0.00676604
Tiny epoch 777/2000 iteration 350/390 loss=18.2773 lr=0.00676509
Tiny epoch 777/2000 iteration 390/390 loss=18.2566 lr=0.00676434
Tiny epoch 778/2000 iteration 50/390 loss=18.6116 lr=0.00676339
Tiny epoch 778/2000 iteration 100/390 loss=18.5179 lr=0.00676244
Tiny epoch 778/2000 iteration 150/390 loss=18.3846 lr=0.0067615
Tiny epoch 778/2000 iteration 200/390 loss=18.3170 lr=0.00676055
Tiny epoch 778/2000 iteration 250/390 loss=18.2601 lr=0.0067596
Tiny epoch 778/2000 iteration 300/390 loss=18.2221 lr=0.00675866
Tiny epoch 778/2000 iteration 350/390 loss=18.3441 lr=0.00675771
Tiny epoch 778/2000 iteration 390/390 loss=18.3451 lr=0.00675695
Tiny epoch 779/2000 iteration 50/390 loss=18.5265 lr=0.00675601
Tiny epoch 779/2000 iteration 100/390 loss=18.2138 lr=0.00675506
Tiny epoch 779/2000 iteration 150/390 loss=18.2863 lr=0.00675411
Tiny epoch 779/2000 iteration 200/390 loss=18.2012 lr=0.00675317
Tiny epoch 779/2000 iteration 250/390 loss=18.2233 lr=0.00675222
Tiny epoch 779/2000 iteration 300/390 loss=18.2142 lr=0.00675127
Tiny epoch 779/2000 iteration 350/390 loss=18.3168 lr=0.00675032
Tiny epoch 779/2000 iteration 390/390 loss=18.3030 lr=0.00674957
Tiny epoch 780/2000 iteration 50/390 loss=17.8888 lr=0.00674862
Tiny epoch 780/2000 iteration 100/390 loss=18.0132 lr=0.00674767
Tiny epoch 780/2000 iteration 150/390 loss=18.1738 lr=0.00674672
Tiny epoch 780/2000 iteration 200/390 loss=18.2457 lr=0.00674578
Tiny epoch 780/2000 iteration 250/390 loss=18.2248 lr=0.00674483
Tiny epoch 780/2000 iteration 300/390 loss=18.1616 lr=0.00674388
Tiny epoch 780/2000 iteration 350/390 loss=18.2025 lr=0.00674293
Tiny epoch 780/2000 iteration 390/390 loss=18.2761 lr=0.00674217
[epoch 780/2000] saved backbone: /home/mmoslem3/scratch/MKDT/krrst_teacher_ckpt/barlow_twins_resnet18_tinyimagenet.pt
Tiny epoch 781/2000 iteration 50/390 loss=17.9811 lr=0.00674123
Tiny epoch 781/2000 iteration 100/390 loss=18.1373 lr=0.00674028
Tiny epoch 781/2000 iteration 150/390 loss=18.3942 lr=0.00673933
Tiny epoch 781/2000 iteration 200/390 loss=18.6405 lr=0.00673838
Tiny epoch 781/2000 iteration 250/390 loss=18.7285 lr=0.00673743
Tiny epoch 781/2000 iteration 300/390 loss=18.7094 lr=0.00673649
Tiny epoch 781/2000 iteration 350/390 loss=18.7420 lr=0.00673554
Tiny epoch 781/2000 iteration 390/390 loss=18.6955 lr=0.00673478
Tiny epoch 782/2000 iteration 50/390 loss=18.4899 lr=0.00673383
Tiny epoch 782/2000 iteration 100/390 loss=18.5776 lr=0.00673288
Tiny epoch 782/2000 iteration 150/390 loss=18.5080 lr=0.00673193
Tiny epoch 782/2000 iteration 200/390 loss=18.4566 lr=0.00673099
Tiny epoch 782/2000 iteration 250/390 loss=18.3353 lr=0.00673004
Tiny epoch 782/2000 iteration 300/390 loss=18.3140 lr=0.00672909
Tiny epoch 782/2000 iteration 350/390 loss=18.3787 lr=0.00672814
Tiny epoch 782/2000 iteration 390/390 loss=18.3757 lr=0.00672738
Tiny epoch 783/2000 iteration 50/390 loss=18.0131 lr=0.00672643
Tiny epoch 783/2000 iteration 100/390 loss=18.1088 lr=0.00672548
Tiny epoch 783/2000 iteration 150/390 loss=18.2393 lr=0.00672453
Tiny epoch 783/2000 iteration 200/390 loss=18.3307 lr=0.00672358
Tiny epoch 783/2000 iteration 250/390 loss=18.4001 lr=0.00672263
Tiny epoch 783/2000 iteration 300/390 loss=18.3738 lr=0.00672168
Tiny epoch 783/2000 iteration 350/390 loss=18.4265 lr=0.00672074
Tiny epoch 783/2000 iteration 390/390 loss=18.4761 lr=0.00671998
Tiny epoch 784/2000 iteration 50/390 loss=18.2129 lr=0.00671903
Tiny epoch 784/2000 iteration 100/390 loss=18.4589 lr=0.00671808
Tiny epoch 784/2000 iteration 150/390 loss=18.3949 lr=0.00671713
Tiny epoch 784/2000 iteration 200/390 loss=18.4016 lr=0.00671618
Tiny epoch 784/2000 iteration 250/390 loss=18.3157 lr=0.00671523
Tiny epoch 784/2000 iteration 300/390 loss=18.3484 lr=0.00671428
Tiny epoch 784/2000 iteration 350/390 loss=18.3939 lr=0.00671333
Tiny epoch 784/2000 iteration 390/390 loss=18.4556 lr=0.00671257
Tiny epoch 785/2000 iteration 50/390 loss=18.0747 lr=0.00671162
Tiny epoch 785/2000 iteration 100/390 loss=18.2134 lr=0.00671067
Tiny epoch 785/2000 iteration 150/390 loss=18.2399 lr=0.00670972
Tiny epoch 785/2000 iteration 200/390 loss=18.2029 lr=0.00670877
Tiny epoch 785/2000 iteration 250/390 loss=18.2284 lr=0.00670782
Tiny epoch 785/2000 iteration 300/390 loss=18.3064 lr=0.00670687
Tiny epoch 785/2000 iteration 350/390 loss=18.3011 lr=0.00670592
Tiny epoch 785/2000 iteration 390/390 loss=18.3242 lr=0.00670515
Tiny epoch 786/2000 iteration 50/390 loss=18.1265 lr=0.0067042
Tiny epoch 786/2000 iteration 100/390 loss=18.3196 lr=0.00670325
Tiny epoch 786/2000 iteration 150/390 loss=18.4638 lr=0.0067023
Tiny epoch 786/2000 iteration 200/390 loss=18.5697 lr=0.00670135
Tiny epoch 786/2000 iteration 250/390 loss=18.5016 lr=0.0067004
Tiny epoch 786/2000 iteration 300/390 loss=18.4840 lr=0.00669945
Tiny epoch 786/2000 iteration 350/390 loss=18.4525 lr=0.0066985
Tiny epoch 786/2000 iteration 390/390 loss=18.4584 lr=0.00669774
Tiny epoch 787/2000 iteration 50/390 loss=18.7269 lr=0.00669679
Tiny epoch 787/2000 iteration 100/390 loss=18.7301 lr=0.00669584
Tiny epoch 787/2000 iteration 150/390 loss=18.6986 lr=0.00669488
Tiny epoch 787/2000 iteration 200/390 loss=18.6484 lr=0.00669393
Tiny epoch 787/2000 iteration 250/390 loss=18.6778 lr=0.00669298
Tiny epoch 787/2000 iteration 300/390 loss=18.7059 lr=0.00669203
Tiny epoch 787/2000 iteration 350/390 loss=18.6884 lr=0.00669108
Tiny epoch 787/2000 iteration 390/390 loss=18.6637 lr=0.00669032
Tiny epoch 788/2000 iteration 50/390 loss=18.1008 lr=0.00668937
Tiny epoch 788/2000 iteration 100/390 loss=18.0467 lr=0.00668841
Tiny epoch 788/2000 iteration 150/390 loss=18.1611 lr=0.00668746
Tiny epoch 788/2000 iteration 200/390 loss=18.1171 lr=0.00668651
Tiny epoch 788/2000 iteration 250/390 loss=18.0428 lr=0.00668556
Tiny epoch 788/2000 iteration 300/390 loss=18.2018 lr=0.00668461
Tiny epoch 788/2000 iteration 350/390 loss=18.2979 lr=0.00668365
Tiny epoch 788/2000 iteration 390/390 loss=18.2779 lr=0.00668289
Tiny epoch 789/2000 iteration 50/390 loss=18.1156 lr=0.00668194
Tiny epoch 789/2000 iteration 100/390 loss=18.1099 lr=0.00668099
Tiny epoch 789/2000 iteration 150/390 loss=18.1369 lr=0.00668003
Tiny epoch 789/2000 iteration 200/390 loss=18.4211 lr=0.00667908
Tiny epoch 789/2000 iteration 250/390 loss=18.4212 lr=0.00667813
Tiny epoch 789/2000 iteration 300/390 loss=18.4023 lr=0.00667718
Tiny epoch 789/2000 iteration 350/390 loss=18.4519 lr=0.00667622
Tiny epoch 789/2000 iteration 390/390 loss=18.4461 lr=0.00667546
Tiny epoch 790/2000 iteration 50/390 loss=18.2552 lr=0.00667451
Tiny epoch 790/2000 iteration 100/390 loss=18.2885 lr=0.00667356
Tiny epoch 790/2000 iteration 150/390 loss=18.2545 lr=0.0066726
Tiny epoch 790/2000 iteration 200/390 loss=18.3894 lr=0.00667165
Tiny epoch 790/2000 iteration 250/390 loss=18.4030 lr=0.0066707
Tiny epoch 790/2000 iteration 300/390 loss=18.3799 lr=0.00666974
Tiny epoch 790/2000 iteration 350/390 loss=18.4630 lr=0.00666879
Tiny epoch 790/2000 iteration 390/390 loss=18.4787 lr=0.00666803
[epoch 790/2000] saved backbone: /home/mmoslem3/scratch/MKDT/krrst_teacher_ckpt/barlow_twins_resnet18_tinyimagenet.pt
Tiny epoch 791/2000 iteration 50/390 loss=18.1225 lr=0.00666708
Tiny epoch 791/2000 iteration 100/390 loss=18.0564 lr=0.00666612
Tiny epoch 791/2000 iteration 150/390 loss=18.1007 lr=0.00666517
Tiny epoch 791/2000 iteration 200/390 loss=18.1776 lr=0.00666421
Tiny epoch 791/2000 iteration 250/390 loss=18.2087 lr=0.00666326
Tiny epoch 791/2000 iteration 300/390 loss=18.2700 lr=0.00666231
Tiny epoch 791/2000 iteration 350/390 loss=18.2433 lr=0.00666135
Tiny epoch 791/2000 iteration 390/390 loss=18.2818 lr=0.00666059
Tiny epoch 792/2000 iteration 50/390 loss=18.2642 lr=0.00665964
Tiny epoch 792/2000 iteration 100/390 loss=18.2693 lr=0.00665868
Tiny epoch 792/2000 iteration 150/390 loss=18.4819 lr=0.00665773
Tiny epoch 792/2000 iteration 200/390 loss=18.4390 lr=0.00665677
Tiny epoch 792/2000 iteration 250/390 loss=18.4553 lr=0.00665582
Tiny epoch 792/2000 iteration 300/390 loss=18.4910 lr=0.00665487
Tiny epoch 792/2000 iteration 350/390 loss=18.5688 lr=0.00665391
Tiny epoch 792/2000 iteration 390/390 loss=18.5872 lr=0.00665315
Tiny epoch 793/2000 iteration 50/390 loss=18.5388 lr=0.00665219
Tiny epoch 793/2000 iteration 100/390 loss=18.3709 lr=0.00665124
Tiny epoch 793/2000 iteration 150/390 loss=18.3895 lr=0.00665029
Tiny epoch 793/2000 iteration 200/390 loss=18.4919 lr=0.00664933
Tiny epoch 793/2000 iteration 250/390 loss=18.4812 lr=0.00664838
Tiny epoch 793/2000 iteration 300/390 loss=18.4668 lr=0.00664742
Tiny epoch 793/2000 iteration 350/390 loss=18.5071 lr=0.00664647
Tiny epoch 793/2000 iteration 390/390 loss=18.4876 lr=0.0066457
Tiny epoch 794/2000 iteration 50/390 loss=18.1759 lr=0.00664475
Tiny epoch 794/2000 iteration 100/390 loss=17.8963 lr=0.00664379
Tiny epoch 794/2000 iteration 150/390 loss=18.0604 lr=0.00664284
Tiny epoch 794/2000 iteration 200/390 loss=17.9749 lr=0.00664188
Tiny epoch 794/2000 iteration 250/390 loss=17.9787 lr=0.00664093
Tiny epoch 794/2000 iteration 300/390 loss=18.0734 lr=0.00663997
Tiny epoch 794/2000 iteration 350/390 loss=18.1232 lr=0.00663902
Tiny epoch 794/2000 iteration 390/390 loss=18.1628 lr=0.00663825
Tiny epoch 795/2000 iteration 50/390 loss=18.6037 lr=0.0066373
Tiny epoch 795/2000 iteration 100/390 loss=18.3009 lr=0.00663634
Tiny epoch 795/2000 iteration 150/390 loss=18.3707 lr=0.00663539
Tiny epoch 795/2000 iteration 200/390 loss=18.2843 lr=0.00663443
Tiny epoch 795/2000 iteration 250/390 loss=18.3484 lr=0.00663348
Tiny epoch 795/2000 iteration 300/390 loss=18.3770 lr=0.00663252
Tiny epoch 795/2000 iteration 350/390 loss=18.4288 lr=0.00663156
Tiny epoch 795/2000 iteration 390/390 loss=18.4258 lr=0.0066308
Tiny epoch 796/2000 iteration 50/390 loss=18.4209 lr=0.00662984
Tiny epoch 796/2000 iteration 100/390 loss=18.4535 lr=0.00662889
Tiny epoch 796/2000 iteration 150/390 loss=18.4967 lr=0.00662793
Tiny epoch 796/2000 iteration 200/390 loss=18.3472 lr=0.00662697
Tiny epoch 796/2000 iteration 250/390 loss=18.3731 lr=0.00662602
Tiny epoch 796/2000 iteration 300/390 loss=18.3367 lr=0.00662506
Tiny epoch 796/2000 iteration 350/390 loss=18.3922 lr=0.00662411
Tiny epoch 796/2000 iteration 390/390 loss=18.3937 lr=0.00662334
Tiny epoch 797/2000 iteration 50/390 loss=18.1704 lr=0.00662238
Tiny epoch 797/2000 iteration 100/390 loss=18.2888 lr=0.00662143
Tiny epoch 797/2000 iteration 150/390 loss=18.2339 lr=0.00662047
Tiny epoch 797/2000 iteration 200/390 loss=18.1893 lr=0.00661951
Tiny epoch 797/2000 iteration 250/390 loss=18.1800 lr=0.00661856
Tiny epoch 797/2000 iteration 300/390 loss=18.2855 lr=0.0066176
Tiny epoch 797/2000 iteration 350/390 loss=18.2616 lr=0.00661664
Tiny epoch 797/2000 iteration 390/390 loss=18.2609 lr=0.00661588
Tiny epoch 798/2000 iteration 50/390 loss=18.2721 lr=0.00661492
Tiny epoch 798/2000 iteration 100/390 loss=18.3333 lr=0.00661396
Tiny epoch 798/2000 iteration 150/390 loss=18.2362 lr=0.00661301
Tiny epoch 798/2000 iteration 200/390 loss=18.2149 lr=0.00661205
Tiny epoch 798/2000 iteration 250/390 loss=18.2179 lr=0.00661109
Tiny epoch 798/2000 iteration 300/390 loss=18.2820 lr=0.00661014
Tiny epoch 798/2000 iteration 350/390 loss=18.3251 lr=0.00660918
Tiny epoch 798/2000 iteration 390/390 loss=18.2753 lr=0.00660841
Tiny epoch 799/2000 iteration 50/390 loss=18.3464 lr=0.00660745
Tiny epoch 799/2000 iteration 100/390 loss=18.2728 lr=0.0066065
Tiny epoch 799/2000 iteration 150/390 loss=18.2893 lr=0.00660554
Tiny epoch 799/2000 iteration 200/390 loss=18.4124 lr=0.00660458
Tiny epoch 799/2000 iteration 250/390 loss=18.3844 lr=0.00660362
Tiny epoch 799/2000 iteration 300/390 loss=18.4041 lr=0.00660267
Tiny epoch 799/2000 iteration 350/390 loss=18.3697 lr=0.00660171
Tiny epoch 799/2000 iteration 390/390 loss=18.3837 lr=0.00660094
Tiny epoch 800/2000 iteration 50/390 loss=18.3645 lr=0.00659998
Tiny epoch 800/2000 iteration 100/390 loss=18.1516 lr=0.00659903
Tiny epoch 800/2000 iteration 150/390 loss=18.3396 lr=0.00659807
Tiny epoch 800/2000 iteration 200/390 loss=18.3907 lr=0.00659711
Tiny epoch 800/2000 iteration 250/390 loss=18.4019 lr=0.00659615
Tiny epoch 800/2000 iteration 300/390 loss=18.3779 lr=0.00659519
Tiny epoch 800/2000 iteration 350/390 loss=18.3808 lr=0.00659423
Tiny epoch 800/2000 iteration 390/390 loss=18.4073 lr=0.00659347
[epoch 800/2000] saved backbone: /home/mmoslem3/scratch/MKDT/krrst_teacher_ckpt/barlow_twins_resnet18_tinyimagenet.pt
Tiny epoch 801/2000 iteration 50/390 loss=17.9764 lr=0.00659251
Tiny epoch 801/2000 iteration 100/390 loss=17.9927 lr=0.00659155
Tiny epoch 801/2000 iteration 150/390 loss=18.0161 lr=0.00659059
Tiny epoch 801/2000 iteration 200/390 loss=18.0909 lr=0.00658963
Tiny epoch 801/2000 iteration 250/390 loss=18.2277 lr=0.00658867
Tiny epoch 801/2000 iteration 300/390 loss=18.3033 lr=0.00658772
Tiny epoch 801/2000 iteration 350/390 loss=18.2467 lr=0.00658676
Tiny epoch 801/2000 iteration 390/390 loss=18.2756 lr=0.00658599
Tiny epoch 802/2000 iteration 50/390 loss=18.3576 lr=0.00658503
Tiny epoch 802/2000 iteration 100/390 loss=18.4412 lr=0.00658407
Tiny epoch 802/2000 iteration 150/390 loss=18.4401 lr=0.00658311
Tiny epoch 802/2000 iteration 200/390 loss=18.2959 lr=0.00658215
Tiny epoch 802/2000 iteration 250/390 loss=18.2768 lr=0.00658119
Tiny epoch 802/2000 iteration 300/390 loss=18.2529 lr=0.00658023
Tiny epoch 802/2000 iteration 350/390 loss=18.3220 lr=0.00657927
Tiny epoch 802/2000 iteration 390/390 loss=18.3488 lr=0.00657851
Tiny epoch 803/2000 iteration 50/390 loss=18.1613 lr=0.00657755
Tiny epoch 803/2000 iteration 100/390 loss=18.4540 lr=0.00657659
Tiny epoch 803/2000 iteration 150/390 loss=18.5272 lr=0.00657563
Tiny epoch 803/2000 iteration 200/390 loss=18.4440 lr=0.00657467
Tiny epoch 803/2000 iteration 250/390 loss=18.4994 lr=0.00657371
Tiny epoch 803/2000 iteration 300/390 loss=18.5544 lr=0.00657275
Tiny epoch 803/2000 iteration 350/390 loss=18.5180 lr=0.00657179
Tiny epoch 803/2000 iteration 390/390 loss=18.4782 lr=0.00657102
Tiny epoch 804/2000 iteration 50/390 loss=17.8674 lr=0.00657006
Tiny epoch 804/2000 iteration 100/390 loss=18.1486 lr=0.0065691
Tiny epoch 804/2000 iteration 150/390 loss=18.1008 lr=0.00656814
Tiny epoch 804/2000 iteration 200/390 loss=18.1692 lr=0.00656718
Tiny epoch 804/2000 iteration 250/390 loss=18.2255 lr=0.00656622
Tiny epoch 804/2000 iteration 300/390 loss=18.2942 lr=0.00656526
Tiny epoch 804/2000 iteration 350/390 loss=18.4083 lr=0.0065643
Tiny epoch 804/2000 iteration 390/390 loss=18.4278 lr=0.00656353
Tiny epoch 805/2000 iteration 50/390 loss=18.5959 lr=0.00656257
Tiny epoch 805/2000 iteration 100/390 loss=18.1741 lr=0.00656161
Tiny epoch 805/2000 iteration 150/390 loss=18.0848 lr=0.00656065
Tiny epoch 805/2000 iteration 200/390 loss=18.0485 lr=0.00655969
Tiny epoch 805/2000 iteration 250/390 loss=18.0753 lr=0.00655873
Tiny epoch 805/2000 iteration 300/390 loss=18.1073 lr=0.00655777
Tiny epoch 805/2000 iteration 350/390 loss=18.1465 lr=0.00655681
Tiny epoch 805/2000 iteration 390/390 loss=18.2073 lr=0.00655604
Tiny epoch 806/2000 iteration 50/390 loss=17.9848 lr=0.00655508
Tiny epoch 806/2000 iteration 100/390 loss=17.9685 lr=0.00655412
Tiny epoch 806/2000 iteration 150/390 loss=18.1522 lr=0.00655315
Tiny epoch 806/2000 iteration 200/390 loss=18.1221 lr=0.00655219
Tiny epoch 806/2000 iteration 250/390 loss=18.0992 lr=0.00655123
Tiny epoch 806/2000 iteration 300/390 loss=18.2104 lr=0.00655027
Tiny epoch 806/2000 iteration 350/390 loss=18.2363 lr=0.00654931
Tiny epoch 806/2000 iteration 390/390 loss=18.2775 lr=0.00654854
Tiny epoch 807/2000 iteration 50/390 loss=18.3477 lr=0.00654758
Tiny epoch 807/2000 iteration 100/390 loss=18.3625 lr=0.00654662
Tiny epoch 807/2000 iteration 150/390 loss=18.4645 lr=0.00654566
Tiny epoch 807/2000 iteration 200/390 loss=18.3432 lr=0.00654469
Tiny epoch 807/2000 iteration 250/390 loss=18.2831 lr=0.00654373
Tiny epoch 807/2000 iteration 300/390 loss=18.3038 lr=0.00654277
Tiny epoch 807/2000 iteration 350/390 loss=18.3781 lr=0.00654181
Tiny epoch 807/2000 iteration 390/390 loss=18.3493 lr=0.00654104
Tiny epoch 808/2000 iteration 50/390 loss=18.1785 lr=0.00654008
Tiny epoch 808/2000 iteration 100/390 loss=18.2036 lr=0.00653911
Tiny epoch 808/2000 iteration 150/390 loss=18.3509 lr=0.00653815
Tiny epoch 808/2000 iteration 200/390 loss=18.3845 lr=0.00653719
Tiny epoch 808/2000 iteration 250/390 loss=18.2926 lr=0.00653623
Tiny epoch 808/2000 iteration 300/390 loss=18.2030 lr=0.00653527
Tiny epoch 808/2000 iteration 350/390 loss=18.2302 lr=0.0065343
Tiny epoch 808/2000 iteration 390/390 loss=18.2762 lr=0.00653353
Tiny epoch 809/2000 iteration 50/390 loss=18.2179 lr=0.00653257
Tiny epoch 809/2000 iteration 100/390 loss=18.2694 lr=0.00653161
Tiny epoch 809/2000 iteration 150/390 loss=18.1658 lr=0.00653065
Tiny epoch 809/2000 iteration 200/390 loss=18.2139 lr=0.00652968
Tiny epoch 809/2000 iteration 250/390 loss=18.2279 lr=0.00652872
Tiny epoch 809/2000 iteration 300/390 loss=18.1749 lr=0.00652776
Tiny epoch 809/2000 iteration 350/390 loss=18.2243 lr=0.00652679
Tiny epoch 809/2000 iteration 390/390 loss=18.2448 lr=0.00652602
Tiny epoch 810/2000 iteration 50/390 loss=18.3750 lr=0.00652506
Tiny epoch 810/2000 iteration 100/390 loss=18.1309 lr=0.0065241
Tiny epoch 810/2000 iteration 150/390 loss=18.2021 lr=0.00652313
Tiny epoch 810/2000 iteration 200/390 loss=18.1763 lr=0.00652217
Tiny epoch 810/2000 iteration 250/390 loss=18.2564 lr=0.00652121
Tiny epoch 810/2000 iteration 300/390 loss=18.2223 lr=0.00652024
Tiny epoch 810/2000 iteration 350/390 loss=18.2706 lr=0.00651928
Tiny epoch 810/2000 iteration 390/390 loss=18.3157 lr=0.00651851
[epoch 810/2000] saved backbone: /home/mmoslem3/scratch/MKDT/krrst_teacher_ckpt/barlow_twins_resnet18_tinyimagenet.pt
Tiny epoch 811/2000 iteration 50/390 loss=18.4267 lr=0.00651755
Tiny epoch 811/2000 iteration 100/390 loss=18.6529 lr=0.00651658
Tiny epoch 811/2000 iteration 150/390 loss=18.3900 lr=0.00651562
Tiny epoch 811/2000 iteration 200/390 loss=18.3353 lr=0.00651466
Tiny epoch 811/2000 iteration 250/390 loss=18.3815 lr=0.00651369
Tiny epoch 811/2000 iteration 300/390 loss=18.3400 lr=0.00651273
Tiny epoch 811/2000 iteration 350/390 loss=18.4017 lr=0.00651177
Tiny epoch 811/2000 iteration 390/390 loss=18.3562 lr=0.00651099
Tiny epoch 812/2000 iteration 50/390 loss=17.9939 lr=0.00651003
Tiny epoch 812/2000 iteration 100/390 loss=18.1056 lr=0.00650907
Tiny epoch 812/2000 iteration 150/390 loss=18.3572 lr=0.0065081
Tiny epoch 812/2000 iteration 200/390 loss=18.3233 lr=0.00650714
Tiny epoch 812/2000 iteration 250/390 loss=18.3028 lr=0.00650617
Tiny epoch 812/2000 iteration 300/390 loss=18.3487 lr=0.00650521
Tiny epoch 812/2000 iteration 350/390 loss=18.3976 lr=0.00650425
Tiny epoch 812/2000 iteration 390/390 loss=18.4111 lr=0.00650347
Tiny epoch 813/2000 iteration 50/390 loss=18.2175 lr=0.00650251
Tiny epoch 813/2000 iteration 100/390 loss=18.0276 lr=0.00650154
Tiny epoch 813/2000 iteration 150/390 loss=18.2088 lr=0.00650058
Tiny epoch 813/2000 iteration 200/390 loss=18.1103 lr=0.00649962
Tiny epoch 813/2000 iteration 250/390 loss=18.1384 lr=0.00649865
Tiny epoch 813/2000 iteration 300/390 loss=18.1575 lr=0.00649769
Tiny epoch 813/2000 iteration 350/390 loss=18.2065 lr=0.00649672
Tiny epoch 813/2000 iteration 390/390 loss=18.2356 lr=0.00649595
Tiny epoch 814/2000 iteration 50/390 loss=18.2310 lr=0.00649498
Tiny epoch 814/2000 iteration 100/390 loss=18.0417 lr=0.00649402
Tiny epoch 814/2000 iteration 150/390 loss=18.2268 lr=0.00649305
Tiny epoch 814/2000 iteration 200/390 loss=18.2437 lr=0.00649209
Tiny epoch 814/2000 iteration 250/390 loss=18.1696 lr=0.00649112
Tiny epoch 814/2000 iteration 300/390 loss=18.2174 lr=0.00649016
Tiny epoch 814/2000 iteration 350/390 loss=18.1754 lr=0.00648919
Tiny epoch 814/2000 iteration 390/390 loss=18.2018 lr=0.00648842
Tiny epoch 815/2000 iteration 50/390 loss=17.5598 lr=0.00648746
Tiny epoch 815/2000 iteration 100/390 loss=17.8950 lr=0.00648649
Tiny epoch 815/2000 iteration 150/390 loss=17.9641 lr=0.00648553
Tiny epoch 815/2000 iteration 200/390 loss=17.9442 lr=0.00648456
Tiny epoch 815/2000 iteration 250/390 loss=17.9682 lr=0.00648359
Tiny epoch 815/2000 iteration 300/390 loss=17.9751 lr=0.00648263
Tiny epoch 815/2000 iteration 350/390 loss=17.9543 lr=0.00648166
Tiny epoch 815/2000 iteration 390/390 loss=18.0247 lr=0.00648089
Tiny epoch 816/2000 iteration 50/390 loss=17.8867 lr=0.00647992
Tiny epoch 816/2000 iteration 100/390 loss=17.8785 lr=0.00647896
Tiny epoch 816/2000 iteration 150/390 loss=17.8295 lr=0.00647799
Tiny epoch 816/2000 iteration 200/390 loss=17.8820 lr=0.00647703
Tiny epoch 816/2000 iteration 250/390 loss=17.9302 lr=0.00647606
Tiny epoch 816/2000 iteration 300/390 loss=17.9679 lr=0.00647509
Tiny epoch 816/2000 iteration 350/390 loss=18.0583 lr=0.00647413
Tiny epoch 816/2000 iteration 390/390 loss=18.1089 lr=0.00647335
Tiny epoch 817/2000 iteration 50/390 loss=17.7877 lr=0.00647239
Tiny epoch 817/2000 iteration 100/390 loss=17.9732 lr=0.00647142
Tiny epoch 817/2000 iteration 150/390 loss=17.9886 lr=0.00647046
Tiny epoch 817/2000 iteration 200/390 loss=18.0212 lr=0.00646949
Tiny epoch 817/2000 iteration 250/390 loss=18.1577 lr=0.00646852
Tiny epoch 817/2000 iteration 300/390 loss=18.1812 lr=0.00646756
Tiny epoch 817/2000 iteration 350/390 loss=18.1982 lr=0.00646659
Tiny epoch 817/2000 iteration 390/390 loss=18.2320 lr=0.00646582
Tiny epoch 818/2000 iteration 50/390 loss=18.1660 lr=0.00646485
Tiny epoch 818/2000 iteration 100/390 loss=18.3013 lr=0.00646388
Tiny epoch 818/2000 iteration 150/390 loss=18.0194 lr=0.00646292
Tiny epoch 818/2000 iteration 200/390 loss=17.9874 lr=0.00646195
Tiny epoch 818/2000 iteration 250/390 loss=17.9796 lr=0.00646098
Tiny epoch 818/2000 iteration 300/390 loss=17.9506 lr=0.00646001
Tiny epoch 818/2000 iteration 350/390 loss=18.0296 lr=0.00645905
Tiny epoch 818/2000 iteration 390/390 loss=18.1036 lr=0.00645827
Tiny epoch 819/2000 iteration 50/390 loss=18.3601 lr=0.00645731
Tiny epoch 819/2000 iteration 100/390 loss=18.6433 lr=0.00645634
Tiny epoch 819/2000 iteration 150/390 loss=18.3224 lr=0.00645537
Tiny epoch 819/2000 iteration 200/390 loss=18.2906 lr=0.0064544
Tiny epoch 819/2000 iteration 250/390 loss=18.3513 lr=0.00645344
Tiny epoch 819/2000 iteration 300/390 loss=18.3501 lr=0.00645247
Tiny epoch 819/2000 iteration 350/390 loss=18.3000 lr=0.0064515
Tiny epoch 819/2000 iteration 390/390 loss=18.3302 lr=0.00645073
Tiny epoch 820/2000 iteration 50/390 loss=18.0113 lr=0.00644976
Tiny epoch 820/2000 iteration 100/390 loss=18.0012 lr=0.00644879
Tiny epoch 820/2000 iteration 150/390 loss=18.0747 lr=0.00644782
Tiny epoch 820/2000 iteration 200/390 loss=18.0053 lr=0.00644686
Tiny epoch 820/2000 iteration 250/390 loss=18.0116 lr=0.00644589
Tiny epoch 820/2000 iteration 300/390 loss=18.1068 lr=0.00644492
Tiny epoch 820/2000 iteration 350/390 loss=18.0768 lr=0.00644395
Tiny epoch 820/2000 iteration 390/390 loss=18.1366 lr=0.00644318
[epoch 820/2000] saved backbone: /home/mmoslem3/scratch/MKDT/krrst_teacher_ckpt/barlow_twins_resnet18_tinyimagenet.pt
Tiny epoch 821/2000 iteration 50/390 loss=18.5206 lr=0.00644221
Tiny epoch 821/2000 iteration 100/390 loss=18.2835 lr=0.00644124
Tiny epoch 821/2000 iteration 150/390 loss=18.3394 lr=0.00644027
Tiny epoch 821/2000 iteration 200/390 loss=18.2936 lr=0.0064393
Tiny epoch 821/2000 iteration 250/390 loss=18.3088 lr=0.00643834
Tiny epoch 821/2000 iteration 300/390 loss=18.2857 lr=0.00643737
Tiny epoch 821/2000 iteration 350/390 loss=18.3178 lr=0.0064364
Tiny epoch 821/2000 iteration 390/390 loss=18.3760 lr=0.00643562
Tiny epoch 822/2000 iteration 50/390 loss=17.7678 lr=0.00643465
Tiny epoch 822/2000 iteration 100/390 loss=18.2611 lr=0.00643369
Tiny epoch 822/2000 iteration 150/390 loss=18.2048 lr=0.00643272
Tiny epoch 822/2000 iteration 200/390 loss=18.2617 lr=0.00643175
Tiny epoch 822/2000 iteration 250/390 loss=18.2855 lr=0.00643078
Tiny epoch 822/2000 iteration 300/390 loss=18.2864 lr=0.00642981
Tiny epoch 822/2000 iteration 350/390 loss=18.2096 lr=0.00642884
Tiny epoch 822/2000 iteration 390/390 loss=18.2214 lr=0.00642807
Tiny epoch 823/2000 iteration 50/390 loss=18.1450 lr=0.0064271
Tiny epoch 823/2000 iteration 100/390 loss=18.1898 lr=0.00642613
Tiny epoch 823/2000 iteration 150/390 loss=18.2325 lr=0.00642516
Tiny epoch 823/2000 iteration 200/390 loss=18.1083 lr=0.00642419
Tiny epoch 823/2000 iteration 250/390 loss=18.1746 lr=0.00642322
Tiny epoch 823/2000 iteration 300/390 loss=18.1924 lr=0.00642225
Tiny epoch 823/2000 iteration 350/390 loss=18.1268 lr=0.00642128
Tiny epoch 823/2000 iteration 390/390 loss=18.1140 lr=0.00642051
Tiny epoch 824/2000 iteration 50/390 loss=18.0278 lr=0.00641954
Tiny epoch 824/2000 iteration 100/390 loss=17.8034 lr=0.00641857
Tiny epoch 824/2000 iteration 150/390 loss=17.8358 lr=0.0064176
Tiny epoch 824/2000 iteration 200/390 loss=17.9197 lr=0.00641663
Tiny epoch 824/2000 iteration 250/390 loss=17.9666 lr=0.00641566
Tiny epoch 824/2000 iteration 300/390 loss=18.0421 lr=0.00641469
Tiny epoch 824/2000 iteration 350/390 loss=18.1231 lr=0.00641372
Tiny epoch 824/2000 iteration 390/390 loss=18.1655 lr=0.00641294
Tiny epoch 825/2000 iteration 50/390 loss=18.1434 lr=0.00641197
Tiny epoch 825/2000 iteration 100/390 loss=18.0191 lr=0.006411
Tiny epoch 825/2000 iteration 150/390 loss=18.1131 lr=0.00641003
Tiny epoch 825/2000 iteration 200/390 loss=18.1849 lr=0.00640906
Tiny epoch 825/2000 iteration 250/390 loss=18.2148 lr=0.00640809
Tiny epoch 825/2000 iteration 300/390 loss=18.3429 lr=0.00640712
Tiny epoch 825/2000 iteration 350/390 loss=18.2662 lr=0.00640615
Tiny epoch 825/2000 iteration 390/390 loss=18.2485 lr=0.00640537
Tiny epoch 826/2000 iteration 50/390 loss=17.9220 lr=0.0064044
Tiny epoch 826/2000 iteration 100/390 loss=18.1185 lr=0.00640343
Tiny epoch 826/2000 iteration 150/390 loss=17.9427 lr=0.00640246
Tiny epoch 826/2000 iteration 200/390 loss=17.9167 lr=0.00640149
Tiny epoch 826/2000 iteration 250/390 loss=17.9933 lr=0.00640052
Tiny epoch 826/2000 iteration 300/390 loss=17.9488 lr=0.00639955
Tiny epoch 826/2000 iteration 350/390 loss=17.9893 lr=0.00639858
Tiny epoch 826/2000 iteration 390/390 loss=17.9926 lr=0.0063978
Tiny epoch 827/2000 iteration 50/390 loss=17.9177 lr=0.00639683
Tiny epoch 827/2000 iteration 100/390 loss=18.1529 lr=0.00639586
Tiny epoch 827/2000 iteration 150/390 loss=18.1825 lr=0.00639489
Tiny epoch 827/2000 iteration 200/390 loss=18.1373 lr=0.00639392
Tiny epoch 827/2000 iteration 250/390 loss=18.1696 lr=0.00639295
Tiny epoch 827/2000 iteration 300/390 loss=18.1469 lr=0.00639198
Tiny epoch 827/2000 iteration 350/390 loss=18.1153 lr=0.00639101
Tiny epoch 827/2000 iteration 390/390 loss=18.0805 lr=0.00639023
Tiny epoch 828/2000 iteration 50/390 loss=18.3147 lr=0.00638926
Tiny epoch 828/2000 iteration 100/390 loss=18.0577 lr=0.00638829
Tiny epoch 828/2000 iteration 150/390 loss=18.1460 lr=0.00638731
Tiny epoch 828/2000 iteration 200/390 loss=18.0643 lr=0.00638634
Tiny epoch 828/2000 iteration 250/390 loss=18.1124 lr=0.00638537
Tiny epoch 828/2000 iteration 300/390 loss=18.1621 lr=0.0063844
Tiny epoch 828/2000 iteration 350/390 loss=18.1184 lr=0.00638343
Tiny epoch 828/2000 iteration 390/390 loss=18.1219 lr=0.00638265
Tiny epoch 829/2000 iteration 50/390 loss=18.2413 lr=0.00638168
Tiny epoch 829/2000 iteration 100/390 loss=18.1761 lr=0.00638071
Tiny epoch 829/2000 iteration 150/390 loss=18.2073 lr=0.00637974
Tiny epoch 829/2000 iteration 200/390 loss=18.1735 lr=0.00637876
Tiny epoch 829/2000 iteration 250/390 loss=18.2002 lr=0.00637779
Tiny epoch 829/2000 iteration 300/390 loss=18.2550 lr=0.00637682
Tiny epoch 829/2000 iteration 350/390 loss=18.1717 lr=0.00637585
Tiny epoch 829/2000 iteration 390/390 loss=18.1951 lr=0.00637507
Tiny epoch 830/2000 iteration 50/390 loss=18.0079 lr=0.0063741
Tiny epoch 830/2000 iteration 100/390 loss=18.3677 lr=0.00637312
Tiny epoch 830/2000 iteration 150/390 loss=18.3051 lr=0.00637215
Tiny epoch 830/2000 iteration 200/390 loss=18.2014 lr=0.00637118
Tiny epoch 830/2000 iteration 250/390 loss=18.3222 lr=0.00637021
Tiny epoch 830/2000 iteration 300/390 loss=18.2431 lr=0.00636924
Tiny epoch 830/2000 iteration 350/390 loss=18.1405 lr=0.00636826
Tiny epoch 830/2000 iteration 390/390 loss=18.1794 lr=0.00636748
[epoch 830/2000] saved backbone: /home/mmoslem3/scratch/MKDT/krrst_teacher_ckpt/barlow_twins_resnet18_tinyimagenet.pt
Tiny epoch 831/2000 iteration 50/390 loss=17.6177 lr=0.00636651
Tiny epoch 831/2000 iteration 100/390 loss=17.7013 lr=0.00636554
Tiny epoch 831/2000 iteration 150/390 loss=17.8380 lr=0.00636457
Tiny epoch 831/2000 iteration 200/390 loss=18.0314 lr=0.00636359
Tiny epoch 831/2000 iteration 250/390 loss=18.0605 lr=0.00636262
Tiny epoch 831/2000 iteration 300/390 loss=18.0575 lr=0.00636165
Tiny epoch 831/2000 iteration 350/390 loss=18.0837 lr=0.00636067
Tiny epoch 831/2000 iteration 390/390 loss=18.0405 lr=0.0063599
Tiny epoch 832/2000 iteration 50/390 loss=17.7461 lr=0.00635892
Tiny epoch 832/2000 iteration 100/390 loss=18.0616 lr=0.00635795
Tiny epoch 832/2000 iteration 150/390 loss=18.3465 lr=0.00635698
Tiny epoch 832/2000 iteration 200/390 loss=18.2801 lr=0.006356
Tiny epoch 832/2000 iteration 250/390 loss=18.3063 lr=0.00635503
Tiny epoch 832/2000 iteration 300/390 loss=18.2686 lr=0.00635406
Tiny epoch 832/2000 iteration 350/390 loss=18.2628 lr=0.00635308
Tiny epoch 832/2000 iteration 390/390 loss=18.2549 lr=0.0063523
Tiny epoch 833/2000 iteration 50/390 loss=17.9388 lr=0.00635133
Tiny epoch 833/2000 iteration 100/390 loss=17.7278 lr=0.00635036
Tiny epoch 833/2000 iteration 150/390 loss=17.6970 lr=0.00634938
Tiny epoch 833/2000 iteration 200/390 loss=17.7175 lr=0.00634841
Tiny epoch 833/2000 iteration 250/390 loss=17.7964 lr=0.00634744
Tiny epoch 833/2000 iteration 300/390 loss=17.8706 lr=0.00634646
Tiny epoch 833/2000 iteration 350/390 loss=17.8892 lr=0.00634549
Tiny epoch 833/2000 iteration 390/390 loss=17.9157 lr=0.00634471
Tiny epoch 834/2000 iteration 50/390 loss=18.3572 lr=0.00634374
Tiny epoch 834/2000 iteration 100/390 loss=18.1868 lr=0.00634276
Tiny epoch 834/2000 iteration 150/390 loss=18.1704 lr=0.00634179
Tiny epoch 834/2000 iteration 200/390 loss=18.0550 lr=0.00634081
Tiny epoch 834/2000 iteration 250/390 loss=18.1460 lr=0.00633984
Tiny epoch 834/2000 iteration 300/390 loss=18.1089 lr=0.00633887
Tiny epoch 834/2000 iteration 350/390 loss=18.1208 lr=0.00633789
Tiny epoch 834/2000 iteration 390/390 loss=18.1285 lr=0.00633711
Tiny epoch 835/2000 iteration 50/390 loss=17.5289 lr=0.00633614
Tiny epoch 835/2000 iteration 100/390 loss=17.8810 lr=0.00633516
Tiny epoch 835/2000 iteration 150/390 loss=18.0297 lr=0.00633419
Tiny epoch 835/2000 iteration 200/390 loss=17.9554 lr=0.00633321
Tiny epoch 835/2000 iteration 250/390 loss=17.9636 lr=0.00633224
Tiny epoch 835/2000 iteration 300/390 loss=17.9924 lr=0.00633126
Tiny epoch 835/2000 iteration 350/390 loss=17.9967 lr=0.00633029
Tiny epoch 835/2000 iteration 390/390 loss=17.9967 lr=0.00632951
Tiny epoch 836/2000 iteration 50/390 loss=18.0436 lr=0.00632854
Tiny epoch 836/2000 iteration 100/390 loss=18.0820 lr=0.00632756
Tiny epoch 836/2000 iteration 150/390 loss=18.2539 lr=0.00632659
Tiny epoch 836/2000 iteration 200/390 loss=18.3063 lr=0.00632561
Tiny epoch 836/2000 iteration 250/390 loss=18.3414 lr=0.00632464
Tiny epoch 836/2000 iteration 300/390 loss=18.2784 lr=0.00632366
Tiny epoch 836/2000 iteration 350/390 loss=18.2797 lr=0.00632269
Tiny epoch 836/2000 iteration 390/390 loss=18.2739 lr=0.0063219
Tiny epoch 837/2000 iteration 50/390 loss=17.7310 lr=0.00632093
Tiny epoch 837/2000 iteration 100/390 loss=17.9690 lr=0.00631995
Tiny epoch 837/2000 iteration 150/390 loss=17.9030 lr=0.00631898
Tiny epoch 837/2000 iteration 200/390 loss=18.0507 lr=0.006318
Tiny epoch 837/2000 iteration 250/390 loss=18.1724 lr=0.00631703
Tiny epoch 837/2000 iteration 300/390 loss=18.1999 lr=0.00631605
Tiny epoch 837/2000 iteration 350/390 loss=18.2172 lr=0.00631508
Tiny epoch 837/2000 iteration 390/390 loss=18.2067 lr=0.0063143
Tiny epoch 838/2000 iteration 50/390 loss=18.2056 lr=0.00631332
Tiny epoch 838/2000 iteration 100/390 loss=18.0830 lr=0.00631235
Tiny epoch 838/2000 iteration 150/390 loss=18.0821 lr=0.00631137
Tiny epoch 838/2000 iteration 200/390 loss=18.0621 lr=0.00631039
Tiny epoch 838/2000 iteration 250/390 loss=18.0590 lr=0.00630942
Tiny epoch 838/2000 iteration 300/390 loss=18.1529 lr=0.00630844
Tiny epoch 838/2000 iteration 350/390 loss=18.1886 lr=0.00630747
Tiny epoch 838/2000 iteration 390/390 loss=18.2054 lr=0.00630669
Tiny epoch 839/2000 iteration 50/390 loss=17.9164 lr=0.00630571
Tiny epoch 839/2000 iteration 100/390 loss=17.7935 lr=0.00630473
Tiny epoch 839/2000 iteration 150/390 loss=18.0005 lr=0.00630376
Tiny epoch 839/2000 iteration 200/390 loss=18.0274 lr=0.00630278
Tiny epoch 839/2000 iteration 250/390 loss=18.0622 lr=0.0063018
Tiny epoch 839/2000 iteration 300/390 loss=18.0612 lr=0.00630083
Tiny epoch 839/2000 iteration 350/390 loss=18.0670 lr=0.00629985
Tiny epoch 839/2000 iteration 390/390 loss=18.0601 lr=0.00629907
Tiny epoch 840/2000 iteration 50/390 loss=17.8463 lr=0.00629809
Tiny epoch 840/2000 iteration 100/390 loss=17.5420 lr=0.00629712
Tiny epoch 840/2000 iteration 150/390 loss=17.7043 lr=0.00629614
Tiny epoch 840/2000 iteration 200/390 loss=17.8339 lr=0.00629516
Tiny epoch 840/2000 iteration 250/390 loss=17.8947 lr=0.00629419
Tiny epoch 840/2000 iteration 300/390 loss=17.9485 lr=0.00629321
Tiny epoch 840/2000 iteration 350/390 loss=17.9916 lr=0.00629223
Tiny epoch 840/2000 iteration 390/390 loss=18.0058 lr=0.00629145
[epoch 840/2000] saved backbone: /home/mmoslem3/scratch/MKDT/krrst_teacher_ckpt/barlow_twins_resnet18_tinyimagenet.pt
Tiny epoch 841/2000 iteration 50/390 loss=17.6253 lr=0.00629048
Tiny epoch 841/2000 iteration 100/390 loss=17.6862 lr=0.0062895
Tiny epoch 841/2000 iteration 150/390 loss=17.7669 lr=0.00628852
Tiny epoch 841/2000 iteration 200/390 loss=17.6789 lr=0.00628754
Tiny epoch 841/2000 iteration 250/390 loss=17.8269 lr=0.00628657
Tiny epoch 841/2000 iteration 300/390 loss=17.8572 lr=0.00628559
Tiny epoch 841/2000 iteration 350/390 loss=17.8950 lr=0.00628461
Tiny epoch 841/2000 iteration 390/390 loss=17.9135 lr=0.00628383
Tiny epoch 842/2000 iteration 50/390 loss=17.6398 lr=0.00628285
Tiny epoch 842/2000 iteration 100/390 loss=18.0333 lr=0.00628188
Tiny epoch 842/2000 iteration 150/390 loss=18.0041 lr=0.0062809
Tiny epoch 842/2000 iteration 200/390 loss=18.0014 lr=0.00627992
Tiny epoch 842/2000 iteration 250/390 loss=18.0643 lr=0.00627894
Tiny epoch 842/2000 iteration 300/390 loss=18.1319 lr=0.00627797
Tiny epoch 842/2000 iteration 350/390 loss=18.1678 lr=0.00627699
Tiny epoch 842/2000 iteration 390/390 loss=18.1742 lr=0.00627621
Tiny epoch 843/2000 iteration 50/390 loss=17.8810 lr=0.00627523
Tiny epoch 843/2000 iteration 100/390 loss=17.9181 lr=0.00627425
Tiny epoch 843/2000 iteration 150/390 loss=17.9335 lr=0.00627327
Tiny epoch 843/2000 iteration 200/390 loss=18.0076 lr=0.0062723
Tiny epoch 843/2000 iteration 250/390 loss=18.0287 lr=0.00627132
Tiny epoch 843/2000 iteration 300/390 loss=18.0953 lr=0.00627034
Tiny epoch 843/2000 iteration 350/390 loss=18.2144 lr=0.00626936
Tiny epoch 843/2000 iteration 390/390 loss=18.2164 lr=0.00626858
Tiny epoch 844/2000 iteration 50/390 loss=17.4855 lr=0.0062676
Tiny epoch 844/2000 iteration 100/390 loss=17.5337 lr=0.00626662
Tiny epoch 844/2000 iteration 150/390 loss=17.7698 lr=0.00626565
Tiny epoch 844/2000 iteration 200/390 loss=17.8121 lr=0.00626467
Tiny epoch 844/2000 iteration 250/390 loss=17.9670 lr=0.00626369
Tiny epoch 844/2000 iteration 300/390 loss=17.9690 lr=0.00626271
Tiny epoch 844/2000 iteration 350/390 loss=18.0239 lr=0.00626173
Tiny epoch 844/2000 iteration 390/390 loss=18.0516 lr=0.00626095
Tiny epoch 845/2000 iteration 50/390 loss=17.6569 lr=0.00625997
Tiny epoch 845/2000 iteration 100/390 loss=17.9748 lr=0.00625899
Tiny epoch 845/2000 iteration 150/390 loss=17.9045 lr=0.00625801
Tiny epoch 845/2000 iteration 200/390 loss=17.8446 lr=0.00625703
Tiny epoch 845/2000 iteration 250/390 loss=17.8517 lr=0.00625606
Tiny epoch 845/2000 iteration 300/390 loss=17.9409 lr=0.00625508
Tiny epoch 845/2000 iteration 350/390 loss=17.9247 lr=0.0062541
Tiny epoch 845/2000 iteration 390/390 loss=17.9383 lr=0.00625332
Tiny epoch 846/2000 iteration 50/390 loss=17.2112 lr=0.00625234
Tiny epoch 846/2000 iteration 100/390 loss=17.4297 lr=0.00625136
Tiny epoch 846/2000 iteration 150/390 loss=17.6700 lr=0.00625038
Tiny epoch 846/2000 iteration 200/390 loss=17.7926 lr=0.0062494
Tiny epoch 846/2000 iteration 250/390 loss=17.7569 lr=0.00624842
Tiny epoch 846/2000 iteration 300/390 loss=17.8647 lr=0.00624744
Tiny epoch 846/2000 iteration 350/390 loss=17.8750 lr=0.00624646
Tiny epoch 846/2000 iteration 390/390 loss=17.9072 lr=0.00624568
Tiny epoch 847/2000 iteration 50/390 loss=17.8107 lr=0.0062447
Tiny epoch 847/2000 iteration 100/390 loss=17.8544 lr=0.00624372
Tiny epoch 847/2000 iteration 150/390 loss=17.8894 lr=0.00624274
Tiny epoch 847/2000 iteration 200/390 loss=18.0595 lr=0.00624176
Tiny epoch 847/2000 iteration 250/390 loss=18.0126 lr=0.00624078
Tiny epoch 847/2000 iteration 300/390 loss=18.0670 lr=0.0062398
Tiny epoch 847/2000 iteration 350/390 loss=18.0609 lr=0.00623882
Tiny epoch 847/2000 iteration 390/390 loss=18.0001 lr=0.00623804
Tiny epoch 848/2000 iteration 50/390 loss=17.4404 lr=0.00623706
Tiny epoch 848/2000 iteration 100/390 loss=17.5157 lr=0.00623608
Tiny epoch 848/2000 iteration 150/390 loss=17.6336 lr=0.0062351
Tiny epoch 848/2000 iteration 200/390 loss=17.7427 lr=0.00623412
Tiny epoch 848/2000 iteration 250/390 loss=17.7876 lr=0.00623314
Tiny epoch 848/2000 iteration 300/390 loss=17.8676 lr=0.00623216
Tiny epoch 848/2000 iteration 350/390 loss=17.9354 lr=0.00623118
Tiny epoch 848/2000 iteration 390/390 loss=17.9466 lr=0.0062304
Tiny epoch 849/2000 iteration 50/390 loss=18.4236 lr=0.00622942
Tiny epoch 849/2000 iteration 100/390 loss=18.2406 lr=0.00622844
Tiny epoch 849/2000 iteration 150/390 loss=17.9871 lr=0.00622745
Tiny epoch 849/2000 iteration 200/390 loss=17.9036 lr=0.00622647
Tiny epoch 849/2000 iteration 250/390 loss=17.7934 lr=0.00622549
Tiny epoch 849/2000 iteration 300/390 loss=17.7786 lr=0.00622451
Tiny epoch 849/2000 iteration 350/390 loss=17.8092 lr=0.00622353
Tiny epoch 849/2000 iteration 390/390 loss=17.8644 lr=0.00622275
Tiny epoch 850/2000 iteration 50/390 loss=17.7625 lr=0.00622177
Tiny epoch 850/2000 iteration 100/390 loss=17.9486 lr=0.00622079
Tiny epoch 850/2000 iteration 150/390 loss=17.8671 lr=0.00621981
Tiny epoch 850/2000 iteration 200/390 loss=17.9237 lr=0.00621883
Tiny epoch 850/2000 iteration 250/390 loss=17.9543 lr=0.00621785
Tiny epoch 850/2000 iteration 300/390 loss=18.0165 lr=0.00621687
Tiny epoch 850/2000 iteration 350/390 loss=18.0239 lr=0.00621588
Tiny epoch 850/2000 iteration 390/390 loss=18.0606 lr=0.0062151
[epoch 850/2000] saved backbone: /home/mmoslem3/scratch/MKDT/krrst_teacher_ckpt/barlow_twins_resnet18_tinyimagenet.pt
Tiny epoch 851/2000 iteration 50/390 loss=17.8336 lr=0.00621412
Tiny epoch 851/2000 iteration 100/390 loss=17.9773 lr=0.00621314
Tiny epoch 851/2000 iteration 150/390 loss=17.9714 lr=0.00621216
Tiny epoch 851/2000 iteration 200/390 loss=18.0189 lr=0.00621118
Tiny epoch 851/2000 iteration 250/390 loss=18.1221 lr=0.0062102
Tiny epoch 851/2000 iteration 300/390 loss=18.1015 lr=0.00620921
Tiny epoch 851/2000 iteration 350/390 loss=18.0651 lr=0.00620823
Tiny epoch 851/2000 iteration 390/390 loss=18.0617 lr=0.00620745
Tiny epoch 852/2000 iteration 50/390 loss=17.8109 lr=0.00620647
Tiny epoch 852/2000 iteration 100/390 loss=17.8822 lr=0.00620549
Tiny epoch 852/2000 iteration 150/390 loss=17.8260 lr=0.0062045
Tiny epoch 852/2000 iteration 200/390 loss=17.8791 lr=0.00620352
Tiny epoch 852/2000 iteration 250/390 loss=17.8564 lr=0.00620254
Tiny epoch 852/2000 iteration 300/390 loss=17.8908 lr=0.00620156
Tiny epoch 852/2000 iteration 350/390 loss=17.9492 lr=0.00620058
Tiny epoch 852/2000 iteration 390/390 loss=17.9987 lr=0.00619979
Tiny epoch 853/2000 iteration 50/390 loss=18.2351 lr=0.00619881
Tiny epoch 853/2000 iteration 100/390 loss=18.3029 lr=0.00619783
Tiny epoch 853/2000 iteration 150/390 loss=18.2992 lr=0.00619685
Tiny epoch 853/2000 iteration 200/390 loss=18.1802 lr=0.00619587
Tiny epoch 853/2000 iteration 250/390 loss=18.0718 lr=0.00619488
Tiny epoch 853/2000 iteration 300/390 loss=18.0687 lr=0.0061939
Tiny epoch 853/2000 iteration 350/390 loss=18.1197 lr=0.00619292
Tiny epoch 853/2000 iteration 390/390 loss=18.1630 lr=0.00619213
Tiny epoch 854/2000 iteration 50/390 loss=18.2253 lr=0.00619115
Tiny epoch 854/2000 iteration 100/390 loss=18.4412 lr=0.00619017
Tiny epoch 854/2000 iteration 150/390 loss=18.3735 lr=0.00618919
Tiny epoch 854/2000 iteration 200/390 loss=18.1695 lr=0.00618821
Tiny epoch 854/2000 iteration 250/390 loss=18.1488 lr=0.00618722
Tiny epoch 854/2000 iteration 300/390 loss=18.1586 lr=0.00618624
Tiny epoch 854/2000 iteration 350/390 loss=18.1772 lr=0.00618526
Tiny epoch 854/2000 iteration 390/390 loss=18.2401 lr=0.00618447
Tiny epoch 855/2000 iteration 50/390 loss=17.7197 lr=0.00618349
Tiny epoch 855/2000 iteration 100/390 loss=17.5276 lr=0.00618251
Tiny epoch 855/2000 iteration 150/390 loss=17.7482 lr=0.00618153
Tiny epoch 855/2000 iteration 200/390 loss=17.7367 lr=0.00618054
Tiny epoch 855/2000 iteration 250/390 loss=17.8436 lr=0.00617956
Tiny epoch 855/2000 iteration 300/390 loss=17.8211 lr=0.00617858
Tiny epoch 855/2000 iteration 350/390 loss=17.8529 lr=0.0061776
Tiny epoch 855/2000 iteration 390/390 loss=17.8803 lr=0.00617681
Tiny epoch 856/2000 iteration 50/390 loss=18.1640 lr=0.00617583
Tiny epoch 856/2000 iteration 100/390 loss=18.0390 lr=0.00617484
Tiny epoch 856/2000 iteration 150/390 loss=17.9493 lr=0.00617386
Tiny epoch 856/2000 iteration 200/390 loss=17.8448 lr=0.00617288
Tiny epoch 856/2000 iteration 250/390 loss=17.8584 lr=0.0061719
Tiny epoch 856/2000 iteration 300/390 loss=17.8780 lr=0.00617091
Tiny epoch 856/2000 iteration 350/390 loss=17.9222 lr=0.00616993
Tiny epoch 856/2000 iteration 390/390 loss=17.9064 lr=0.00616914
Tiny epoch 857/2000 iteration 50/390 loss=17.2568 lr=0.00616816
Tiny epoch 857/2000 iteration 100/390 loss=17.8619 lr=0.00616718
Tiny epoch 857/2000 iteration 150/390 loss=17.9767 lr=0.00616619
Tiny epoch 857/2000 iteration 200/390 loss=17.9907 lr=0.00616521
Tiny epoch 857/2000 iteration 250/390 loss=18.0674 lr=0.00616423
Tiny epoch 857/2000 iteration 300/390 loss=18.0592 lr=0.00616324
Tiny epoch 857/2000 iteration 350/390 loss=18.0636 lr=0.00616226
Tiny epoch 857/2000 iteration 390/390 loss=18.0656 lr=0.00616147
Tiny epoch 858/2000 iteration 50/390 loss=17.9651 lr=0.00616049
Tiny epoch 858/2000 iteration 100/390 loss=17.7730 lr=0.00615951
Tiny epoch 858/2000 iteration 150/390 loss=17.8158 lr=0.00615852
Tiny epoch 858/2000 iteration 200/390 loss=17.8670 lr=0.00615754
Tiny epoch 858/2000 iteration 250/390 loss=17.8789 lr=0.00615655
Tiny epoch 858/2000 iteration 300/390 loss=17.8863 lr=0.00615557
Tiny epoch 858/2000 iteration 350/390 loss=17.9577 lr=0.00615459
Tiny epoch 858/2000 iteration 390/390 loss=17.9300 lr=0.0061538
Tiny epoch 859/2000 iteration 50/390 loss=17.2770 lr=0.00615282
Tiny epoch 859/2000 iteration 100/390 loss=17.7739 lr=0.00615183
Tiny epoch 859/2000 iteration 150/390 loss=17.8100 lr=0.00615085
Tiny epoch 859/2000 iteration 200/390 loss=17.8822 lr=0.00614986
Tiny epoch 859/2000 iteration 250/390 loss=17.8901 lr=0.00614888
Tiny epoch 859/2000 iteration 300/390 loss=17.9141 lr=0.0061479
Tiny epoch 859/2000 iteration 350/390 loss=17.9859 lr=0.00614691
Tiny epoch 859/2000 iteration 390/390 loss=18.0474 lr=0.00614612
Tiny epoch 860/2000 iteration 50/390 loss=17.9661 lr=0.00614514
Tiny epoch 860/2000 iteration 100/390 loss=17.7262 lr=0.00614416
Tiny epoch 860/2000 iteration 150/390 loss=17.5118 lr=0.00614317
Tiny epoch 860/2000 iteration 200/390 loss=17.5898 lr=0.00614219
Tiny epoch 860/2000 iteration 250/390 loss=17.7124 lr=0.0061412
Tiny epoch 860/2000 iteration 300/390 loss=17.7773 lr=0.00614022
Tiny epoch 860/2000 iteration 350/390 loss=17.8528 lr=0.00613923
Tiny epoch 860/2000 iteration 390/390 loss=17.8470 lr=0.00613845
[epoch 860/2000] saved backbone: /home/mmoslem3/scratch/MKDT/krrst_teacher_ckpt/barlow_twins_resnet18_tinyimagenet.pt
Tiny epoch 861/2000 iteration 50/390 loss=17.2232 lr=0.00613746
Tiny epoch 861/2000 iteration 100/390 loss=17.4428 lr=0.00613648
Tiny epoch 861/2000 iteration 150/390 loss=17.5651 lr=0.00613549
Tiny epoch 861/2000 iteration 200/390 loss=17.5343 lr=0.00613451
Tiny epoch 861/2000 iteration 250/390 loss=17.6513 lr=0.00613352
Tiny epoch 861/2000 iteration 300/390 loss=17.6363 lr=0.00613254
Tiny epoch 861/2000 iteration 350/390 loss=17.6390 lr=0.00613155
Tiny epoch 861/2000 iteration 390/390 loss=17.6303 lr=0.00613076
Tiny epoch 862/2000 iteration 50/390 loss=17.7628 lr=0.00612978
Tiny epoch 862/2000 iteration 100/390 loss=17.8643 lr=0.00612879
Tiny epoch 862/2000 iteration 150/390 loss=17.8269 lr=0.00612781
Tiny epoch 862/2000 iteration 200/390 loss=17.8826 lr=0.00612682
Tiny epoch 862/2000 iteration 250/390 loss=17.8612 lr=0.00612584
Tiny epoch 862/2000 iteration 300/390 loss=17.9458 lr=0.00612485
Tiny epoch 862/2000 iteration 350/390 loss=18.0212 lr=0.00612387
Tiny epoch 862/2000 iteration 390/390 loss=18.0042 lr=0.00612308
Tiny epoch 863/2000 iteration 50/390 loss=17.7285 lr=0.0061221
Tiny epoch 863/2000 iteration 100/390 loss=17.7538 lr=0.00612111
Tiny epoch 863/2000 iteration 150/390 loss=17.6948 lr=0.00612012
Tiny epoch 863/2000 iteration 200/390 loss=17.7055 lr=0.00611914
Tiny epoch 863/2000 iteration 250/390 loss=17.7848 lr=0.00611815
Tiny epoch 863/2000 iteration 300/390 loss=17.7739 lr=0.00611717
Tiny epoch 863/2000 iteration 350/390 loss=17.8998 lr=0.00611618
Tiny epoch 863/2000 iteration 390/390 loss=17.9477 lr=0.00611539
Tiny epoch 864/2000 iteration 50/390 loss=18.1065 lr=0.00611441
Tiny epoch 864/2000 iteration 100/390 loss=17.9716 lr=0.00611342
Tiny epoch 864/2000 iteration 150/390 loss=18.0387 lr=0.00611244
Tiny epoch 864/2000 iteration 200/390 loss=18.0158 lr=0.00611145
Tiny epoch 864/2000 iteration 250/390 loss=17.9576 lr=0.00611046
Tiny epoch 864/2000 iteration 300/390 loss=17.9203 lr=0.00610948
Tiny epoch 864/2000 iteration 350/390 loss=17.9334 lr=0.00610849
Tiny epoch 864/2000 iteration 390/390 loss=17.9037 lr=0.0061077
Tiny epoch 865/2000 iteration 50/390 loss=17.2070 lr=0.00610672
Tiny epoch 865/2000 iteration 100/390 loss=17.6222 lr=0.00610573
Tiny epoch 865/2000 iteration 150/390 loss=17.7043 lr=0.00610475
Tiny epoch 865/2000 iteration 200/390 loss=17.8563 lr=0.00610376
Tiny epoch 865/2000 iteration 250/390 loss=17.8255 lr=0.00610277
Tiny epoch 865/2000 iteration 300/390 loss=17.9287 lr=0.00610179
Tiny epoch 865/2000 iteration 350/390 loss=17.9366 lr=0.0061008
Tiny epoch 865/2000 iteration 390/390 loss=17.9072 lr=0.00610001
Tiny epoch 866/2000 iteration 50/390 loss=17.1202 lr=0.00609903
Tiny epoch 866/2000 iteration 100/390 loss=17.4244 lr=0.00609804
Tiny epoch 866/2000 iteration 150/390 loss=17.5513 lr=0.00609705
Tiny epoch 866/2000 iteration 200/390 loss=17.7280 lr=0.00609607
Tiny epoch 866/2000 iteration 250/390 loss=17.8563 lr=0.00609508
Tiny epoch 866/2000 iteration 300/390 loss=17.9562 lr=0.00609409
Tiny epoch 866/2000 iteration 350/390 loss=17.9895 lr=0.00609311
Tiny epoch 866/2000 iteration 390/390 loss=17.9422 lr=0.00609232
Tiny epoch 867/2000 iteration 50/390 loss=18.0874 lr=0.00609133
Tiny epoch 867/2000 iteration 100/390 loss=18.0206 lr=0.00609034
Tiny epoch 867/2000 iteration 150/390 loss=17.9544 lr=0.00608936
Tiny epoch 867/2000 iteration 200/390 loss=17.9823 lr=0.00608837
Tiny epoch 867/2000 iteration 250/390 loss=18.0259 lr=0.00608738
Tiny epoch 867/2000 iteration 300/390 loss=18.0229 lr=0.0060864
Tiny epoch 867/2000 iteration 350/390 loss=18.0111 lr=0.00608541
Tiny epoch 867/2000 iteration 390/390 loss=17.9598 lr=0.00608462
Tiny epoch 868/2000 iteration 50/390 loss=17.8969 lr=0.00608363
Tiny epoch 868/2000 iteration 100/390 loss=17.5605 lr=0.00608264
Tiny epoch 868/2000 iteration 150/390 loss=17.6734 lr=0.00608166
Tiny epoch 868/2000 iteration 200/390 loss=17.7959 lr=0.00608067
Tiny epoch 868/2000 iteration 250/390 loss=17.7835 lr=0.00607968
Tiny epoch 868/2000 iteration 300/390 loss=17.7697 lr=0.0060787
Tiny epoch 868/2000 iteration 350/390 loss=17.7831 lr=0.00607771
Tiny epoch 868/2000 iteration 390/390 loss=17.7870 lr=0.00607692
Tiny epoch 869/2000 iteration 50/390 loss=17.6553 lr=0.00607593
Tiny epoch 869/2000 iteration 100/390 loss=17.6098 lr=0.00607494
Tiny epoch 869/2000 iteration 150/390 loss=17.6520 lr=0.00607396
Tiny epoch 869/2000 iteration 200/390 loss=17.6075 lr=0.00607297
Tiny epoch 869/2000 iteration 250/390 loss=17.6933 lr=0.00607198
Tiny epoch 869/2000 iteration 300/390 loss=17.6958 lr=0.00607099
Tiny epoch 869/2000 iteration 350/390 loss=17.7029 lr=0.00607001
Tiny epoch 869/2000 iteration 390/390 loss=17.7398 lr=0.00606922
Tiny epoch 870/2000 iteration 50/390 loss=17.2008 lr=0.00606823
Tiny epoch 870/2000 iteration 100/390 loss=17.3784 lr=0.00606724
Tiny epoch 870/2000 iteration 150/390 loss=17.6342 lr=0.00606625
Tiny epoch 870/2000 iteration 200/390 loss=17.6562 lr=0.00606526
Tiny epoch 870/2000 iteration 250/390 loss=17.7029 lr=0.00606428
Tiny epoch 870/2000 iteration 300/390 loss=17.7144 lr=0.00606329
Tiny epoch 870/2000 iteration 350/390 loss=17.8351 lr=0.0060623
Tiny epoch 870/2000 iteration 390/390 loss=17.8626 lr=0.00606151
[epoch 870/2000] saved backbone: /home/mmoslem3/scratch/MKDT/krrst_teacher_ckpt/barlow_twins_resnet18_tinyimagenet.pt
Tiny epoch 871/2000 iteration 50/390 loss=17.5787 lr=0.00606052
Tiny epoch 871/2000 iteration 100/390 loss=18.1266 lr=0.00605953
Tiny epoch 871/2000 iteration 150/390 loss=18.2430 lr=0.00605854
Tiny epoch 871/2000 iteration 200/390 loss=18.2425 lr=0.00605756
Tiny epoch 871/2000 iteration 250/390 loss=18.2731 lr=0.00605657
Tiny epoch 871/2000 iteration 300/390 loss=18.1913 lr=0.00605558
Tiny epoch 871/2000 iteration 350/390 loss=18.1716 lr=0.00605459
Tiny epoch 871/2000 iteration 390/390 loss=18.1363 lr=0.0060538
Tiny epoch 872/2000 iteration 50/390 loss=17.4085 lr=0.00605281
Tiny epoch 872/2000 iteration 100/390 loss=17.5215 lr=0.00605182
Tiny epoch 872/2000 iteration 150/390 loss=17.5902 lr=0.00605084
Tiny epoch 872/2000 iteration 200/390 loss=17.6884 lr=0.00604985
Tiny epoch 872/2000 iteration 250/390 loss=17.7840 lr=0.00604886
Tiny epoch 872/2000 iteration 300/390 loss=17.8432 lr=0.00604787
Tiny epoch 872/2000 iteration 350/390 loss=17.8026 lr=0.00604688
Tiny epoch 872/2000 iteration 390/390 loss=17.8525 lr=0.00604609
Tiny epoch 873/2000 iteration 50/390 loss=17.3142 lr=0.0060451
Tiny epoch 873/2000 iteration 100/390 loss=17.5872 lr=0.00604411
Tiny epoch 873/2000 iteration 150/390 loss=17.7100 lr=0.00604312
Tiny epoch 873/2000 iteration 200/390 loss=17.7188 lr=0.00604213
Tiny epoch 873/2000 iteration 250/390 loss=17.7813 lr=0.00604115
Tiny epoch 873/2000 iteration 300/390 loss=17.8270 lr=0.00604016
Tiny epoch 873/2000 iteration 350/390 loss=17.8216 lr=0.00603917
Tiny epoch 873/2000 iteration 390/390 loss=17.8465 lr=0.00603838
Tiny epoch 874/2000 iteration 50/390 loss=17.6873 lr=0.00603739
Tiny epoch 874/2000 iteration 100/390 loss=17.8576 lr=0.0060364
Tiny epoch 874/2000 iteration 150/390 loss=17.7401 lr=0.00603541
Tiny epoch 874/2000 iteration 200/390 loss=17.8371 lr=0.00603442
Tiny epoch 874/2000 iteration 250/390 loss=17.8499 lr=0.00603343
Tiny epoch 874/2000 iteration 300/390 loss=17.8744 lr=0.00603244
Tiny epoch 874/2000 iteration 350/390 loss=17.8505 lr=0.00603145
Tiny epoch 874/2000 iteration 390/390 loss=17.9078 lr=0.00603066
Tiny epoch 875/2000 iteration 50/390 loss=17.3894 lr=0.00602967
Tiny epoch 875/2000 iteration 100/390 loss=17.4583 lr=0.00602868
Tiny epoch 875/2000 iteration 150/390 loss=17.5698 lr=0.00602769
Tiny epoch 875/2000 iteration 200/390 loss=17.6931 lr=0.0060267
Tiny epoch 875/2000 iteration 250/390 loss=17.6863 lr=0.00602571
Tiny epoch 875/2000 iteration 300/390 loss=17.7331 lr=0.00602472
Tiny epoch 875/2000 iteration 350/390 loss=17.7283 lr=0.00602373
Tiny epoch 875/2000 iteration 390/390 loss=17.7380 lr=0.00602294
Tiny epoch 876/2000 iteration 50/390 loss=17.7794 lr=0.00602195
Tiny epoch 876/2000 iteration 100/390 loss=17.7581 lr=0.00602096
Tiny epoch 876/2000 iteration 150/390 loss=17.9099 lr=0.00601997
Tiny epoch 876/2000 iteration 200/390 loss=17.9059 lr=0.00601898
Tiny epoch 876/2000 iteration 250/390 loss=17.8526 lr=0.00601799
Tiny epoch 876/2000 iteration 300/390 loss=17.9003 lr=0.006017
Tiny epoch 876/2000 iteration 350/390 loss=17.7806 lr=0.00601601
Tiny epoch 876/2000 iteration 390/390 loss=17.8100 lr=0.00601522
Tiny epoch 877/2000 iteration 50/390 loss=17.8227 lr=0.00601423
Tiny epoch 877/2000 iteration 100/390 loss=17.5397 lr=0.00601324
Tiny epoch 877/2000 iteration 150/390 loss=17.5646 lr=0.00601225
Tiny epoch 877/2000 iteration 200/390 loss=17.5419 lr=0.00601126
Tiny epoch 877/2000 iteration 250/390 loss=17.6167 lr=0.00601027
Tiny epoch 877/2000 iteration 300/390 loss=17.7162 lr=0.00600928
Tiny epoch 877/2000 iteration 350/390 loss=17.7717 lr=0.00600829
Tiny epoch 877/2000 iteration 390/390 loss=17.8033 lr=0.0060075
Tiny epoch 878/2000 iteration 50/390 loss=17.9518 lr=0.00600651
Tiny epoch 878/2000 iteration 100/390 loss=17.9820 lr=0.00600552
Tiny epoch 878/2000 iteration 150/390 loss=17.8703 lr=0.00600452
Tiny epoch 878/2000 iteration 200/390 loss=17.7296 lr=0.00600353
Tiny epoch 878/2000 iteration 250/390 loss=17.7248 lr=0.00600254
Tiny epoch 878/2000 iteration 300/390 loss=17.7475 lr=0.00600155
Tiny epoch 878/2000 iteration 350/390 loss=17.6605 lr=0.00600056
Tiny epoch 878/2000 iteration 390/390 loss=17.6884 lr=0.00599977
Tiny epoch 879/2000 iteration 50/390 loss=17.7487 lr=0.00599878
Tiny epoch 879/2000 iteration 100/390 loss=17.8435 lr=0.00599779
Tiny epoch 879/2000 iteration 150/390 loss=17.7378 lr=0.0059968
Tiny epoch 879/2000 iteration 200/390 loss=17.7112 lr=0.00599581
Tiny epoch 879/2000 iteration 250/390 loss=17.7696 lr=0.00599482
Tiny epoch 879/2000 iteration 300/390 loss=17.7557 lr=0.00599382
Tiny epoch 879/2000 iteration 350/390 loss=17.7794 lr=0.00599283
Tiny epoch 879/2000 iteration 390/390 loss=17.7671 lr=0.00599204
Tiny epoch 880/2000 iteration 50/390 loss=17.4527 lr=0.00599105
Tiny epoch 880/2000 iteration 100/390 loss=17.4667 lr=0.00599006
Tiny epoch 880/2000 iteration 150/390 loss=17.4777 lr=0.00598907
Tiny epoch 880/2000 iteration 200/390 loss=17.4109 lr=0.00598808
Tiny epoch 880/2000 iteration 250/390 loss=17.5055 lr=0.00598709
Tiny epoch 880/2000 iteration 300/390 loss=17.5638 lr=0.00598609
Tiny epoch 880/2000 iteration 350/390 loss=17.6277 lr=0.0059851
Tiny epoch 880/2000 iteration 390/390 loss=17.6546 lr=0.00598431
[epoch 880/2000] saved backbone: /home/mmoslem3/scratch/MKDT/krrst_teacher_ckpt/barlow_twins_resnet18_tinyimagenet.pt
Tiny epoch 881/2000 iteration 50/390 loss=17.5925 lr=0.00598332
Tiny epoch 881/2000 iteration 100/390 loss=17.6703 lr=0.00598233
Tiny epoch 881/2000 iteration 150/390 loss=17.7347 lr=0.00598134
Tiny epoch 881/2000 iteration 200/390 loss=17.7032 lr=0.00598034
Tiny epoch 881/2000 iteration 250/390 loss=17.6287 lr=0.00597935
Tiny epoch 881/2000 iteration 300/390 loss=17.6506 lr=0.00597836
Tiny epoch 881/2000 iteration 350/390 loss=17.6764 lr=0.00597737
Tiny epoch 881/2000 iteration 390/390 loss=17.7230 lr=0.00597658
Tiny epoch 882/2000 iteration 50/390 loss=17.7350 lr=0.00597558
Tiny epoch 882/2000 iteration 100/390 loss=17.5906 lr=0.00597459
Tiny epoch 882/2000 iteration 150/390 loss=17.6388 lr=0.0059736
Tiny epoch 882/2000 iteration 200/390 loss=17.7902 lr=0.00597261
Tiny epoch 882/2000 iteration 250/390 loss=17.7900 lr=0.00597162
Tiny epoch 882/2000 iteration 300/390 loss=17.8347 lr=0.00597063
Tiny epoch 882/2000 iteration 350/390 loss=17.8600 lr=0.00596963
Tiny epoch 882/2000 iteration 390/390 loss=17.8701 lr=0.00596884
Tiny epoch 883/2000 iteration 50/390 loss=17.6782 lr=0.00596785
Tiny epoch 883/2000 iteration 100/390 loss=17.5707 lr=0.00596686
Tiny epoch 883/2000 iteration 150/390 loss=17.8791 lr=0.00596586
Tiny epoch 883/2000 iteration 200/390 loss=17.7962 lr=0.00596487
Tiny epoch 883/2000 iteration 250/390 loss=17.7511 lr=0.00596388
Tiny epoch 883/2000 iteration 300/390 loss=17.8037 lr=0.00596289
Tiny epoch 883/2000 iteration 350/390 loss=17.8069 lr=0.00596189
Tiny epoch 883/2000 iteration 390/390 loss=17.7951 lr=0.0059611
Tiny epoch 884/2000 iteration 50/390 loss=17.6406 lr=0.00596011
Tiny epoch 884/2000 iteration 100/390 loss=17.5684 lr=0.00595912
Tiny epoch 884/2000 iteration 150/390 loss=17.5910 lr=0.00595812
Tiny epoch 884/2000 iteration 200/390 loss=17.6442 lr=0.00595713
Tiny epoch 884/2000 iteration 250/390 loss=17.5757 lr=0.00595614
Tiny epoch 884/2000 iteration 300/390 loss=17.7250 lr=0.00595515
Tiny epoch 884/2000 iteration 350/390 loss=17.8368 lr=0.00595415
Tiny epoch 884/2000 iteration 390/390 loss=17.8696 lr=0.00595336
Tiny epoch 885/2000 iteration 50/390 loss=17.3930 lr=0.00595237
Tiny epoch 885/2000 iteration 100/390 loss=17.7314 lr=0.00595137
Tiny epoch 885/2000 iteration 150/390 loss=17.6207 lr=0.00595038
Tiny epoch 885/2000 iteration 200/390 loss=17.6471 lr=0.00594939
Tiny epoch 885/2000 iteration 250/390 loss=17.7256 lr=0.0059484
Tiny epoch 885/2000 iteration 300/390 loss=17.7519 lr=0.0059474
Tiny epoch 885/2000 iteration 350/390 loss=17.7627 lr=0.00594641
Tiny epoch 885/2000 iteration 390/390 loss=17.7418 lr=0.00594562
Tiny epoch 886/2000 iteration 50/390 loss=17.5206 lr=0.00594462
Tiny epoch 886/2000 iteration 100/390 loss=17.7733 lr=0.00594363
Tiny epoch 886/2000 iteration 150/390 loss=17.8411 lr=0.00594264
Tiny epoch 886/2000 iteration 200/390 loss=17.7565 lr=0.00594164
Tiny epoch 886/2000 iteration 250/390 loss=17.6676 lr=0.00594065
Tiny epoch 886/2000 iteration 300/390 loss=17.7058 lr=0.00593966
Tiny epoch 886/2000 iteration 350/390 loss=17.7087 lr=0.00593867
Tiny epoch 886/2000 iteration 390/390 loss=17.7064 lr=0.00593787
Tiny epoch 887/2000 iteration 50/390 loss=17.3041 lr=0.00593688
Tiny epoch 887/2000 iteration 100/390 loss=17.2576 lr=0.00593588
Tiny epoch 887/2000 iteration 150/390 loss=17.3131 lr=0.00593489
Tiny epoch 887/2000 iteration 200/390 loss=17.3325 lr=0.0059339
Tiny epoch 887/2000 iteration 250/390 loss=17.3393 lr=0.0059329
Tiny epoch 887/2000 iteration 300/390 loss=17.3844 lr=0.00593191
Tiny epoch 887/2000 iteration 350/390 loss=17.4863 lr=0.00593092
Tiny epoch 887/2000 iteration 390/390 loss=17.5282 lr=0.00593012
Tiny epoch 888/2000 iteration 50/390 loss=17.2393 lr=0.00592913
Tiny epoch 888/2000 iteration 100/390 loss=17.3662 lr=0.00592814
Tiny epoch 888/2000 iteration 150/390 loss=17.4613 lr=0.00592714
Tiny epoch 888/2000 iteration 200/390 loss=17.5635 lr=0.00592615
Tiny epoch 888/2000 iteration 250/390 loss=17.6279 lr=0.00592516
Tiny epoch 888/2000 iteration 300/390 loss=17.5962 lr=0.00592416
Tiny epoch 888/2000 iteration 350/390 loss=17.5892 lr=0.00592317
Tiny epoch 888/2000 iteration 390/390 loss=17.6072 lr=0.00592237
Tiny epoch 889/2000 iteration 50/390 loss=17.8751 lr=0.00592138
Tiny epoch 889/2000 iteration 100/390 loss=17.7061 lr=0.00592039
Tiny epoch 889/2000 iteration 150/390 loss=17.7968 lr=0.00591939
Tiny epoch 889/2000 iteration 200/390 loss=17.7388 lr=0.0059184
Tiny epoch 889/2000 iteration 250/390 loss=17.7741 lr=0.0059174
Tiny epoch 889/2000 iteration 300/390 loss=17.7824 lr=0.00591641
Tiny epoch 889/2000 iteration 350/390 loss=17.7970 lr=0.00591542
Tiny epoch 889/2000 iteration 390/390 loss=17.7803 lr=0.00591462
Tiny epoch 890/2000 iteration 50/390 loss=17.1942 lr=0.00591363
Tiny epoch 890/2000 iteration 100/390 loss=17.7119 lr=0.00591263
Tiny epoch 890/2000 iteration 150/390 loss=17.7069 lr=0.00591164
Tiny epoch 890/2000 iteration 200/390 loss=17.7574 lr=0.00591064
Tiny epoch 890/2000 iteration 250/390 loss=17.7408 lr=0.00590965
Tiny epoch 890/2000 iteration 300/390 loss=17.6675 lr=0.00590866
Tiny epoch 890/2000 iteration 350/390 loss=17.6670 lr=0.00590766
Tiny epoch 890/2000 iteration 390/390 loss=17.6865 lr=0.00590687
[epoch 890/2000] saved backbone: /home/mmoslem3/scratch/MKDT/krrst_teacher_ckpt/barlow_twins_resnet18_tinyimagenet.pt
Tiny epoch 891/2000 iteration 50/390 loss=17.2858 lr=0.00590587
Tiny epoch 891/2000 iteration 100/390 loss=17.3896 lr=0.00590488
Tiny epoch 891/2000 iteration 150/390 loss=17.6336 lr=0.00590388
Tiny epoch 891/2000 iteration 200/390 loss=17.5709 lr=0.00590289
Tiny epoch 891/2000 iteration 250/390 loss=17.5685 lr=0.00590189
Tiny epoch 891/2000 iteration 300/390 loss=17.5805 lr=0.0059009
Tiny epoch 891/2000 iteration 350/390 loss=17.6552 lr=0.0058999
Tiny epoch 891/2000 iteration 390/390 loss=17.6885 lr=0.00589911
Tiny epoch 892/2000 iteration 50/390 loss=17.0647 lr=0.00589811
Tiny epoch 892/2000 iteration 100/390 loss=17.0831 lr=0.00589712
Tiny epoch 892/2000 iteration 150/390 loss=17.2311 lr=0.00589612
Tiny epoch 892/2000 iteration 200/390 loss=17.3324 lr=0.00589513
Tiny epoch 892/2000 iteration 250/390 loss=17.3591 lr=0.00589413
Tiny epoch 892/2000 iteration 300/390 loss=17.4832 lr=0.00589314
Tiny epoch 892/2000 iteration 350/390 loss=17.5312 lr=0.00589215
Tiny epoch 892/2000 iteration 390/390 loss=17.5951 lr=0.00589135
Tiny epoch 893/2000 iteration 50/390 loss=17.6611 lr=0.00589035
Tiny epoch 893/2000 iteration 100/390 loss=17.6393 lr=0.00588936
Tiny epoch 893/2000 iteration 150/390 loss=17.7578 lr=0.00588836
Tiny epoch 893/2000 iteration 200/390 loss=17.6736 lr=0.00588737
Tiny epoch 893/2000 iteration 250/390 loss=17.7287 lr=0.00588637
Tiny epoch 893/2000 iteration 300/390 loss=17.7683 lr=0.00588538
Tiny epoch 893/2000 iteration 350/390 loss=17.8283 lr=0.00588438
Tiny epoch 893/2000 iteration 390/390 loss=17.7968 lr=0.00588359
Tiny epoch 894/2000 iteration 50/390 loss=17.4325 lr=0.00588259
Tiny epoch 894/2000 iteration 100/390 loss=17.6259 lr=0.0058816
Tiny epoch 894/2000 iteration 150/390 loss=17.6433 lr=0.0058806
Tiny epoch 894/2000 iteration 200/390 loss=17.6913 lr=0.00587961
Tiny epoch 894/2000 iteration 250/390 loss=17.7735 lr=0.00587861
Tiny epoch 894/2000 iteration 300/390 loss=17.8426 lr=0.00587762
Tiny epoch 894/2000 iteration 350/390 loss=17.8530 lr=0.00587662
Tiny epoch 894/2000 iteration 390/390 loss=17.8370 lr=0.00587582
Tiny epoch 895/2000 iteration 50/390 loss=17.2486 lr=0.00587483
Tiny epoch 895/2000 iteration 100/390 loss=17.5192 lr=0.00587383
Tiny epoch 895/2000 iteration 150/390 loss=17.4903 lr=0.00587284
Tiny epoch 895/2000 iteration 200/390 loss=17.5623 lr=0.00587184
Tiny epoch 895/2000 iteration 250/390 loss=17.6591 lr=0.00587085
Tiny epoch 895/2000 iteration 300/390 loss=17.6561 lr=0.00586985
Tiny epoch 895/2000 iteration 350/390 loss=17.6342 lr=0.00586885
Tiny epoch 895/2000 iteration 390/390 loss=17.6824 lr=0.00586806
Tiny epoch 896/2000 iteration 50/390 loss=17.8797 lr=0.00586706
Tiny epoch 896/2000 iteration 100/390 loss=17.6719 lr=0.00586607
Tiny epoch 896/2000 iteration 150/390 loss=17.5253 lr=0.00586507
Tiny epoch 896/2000 iteration 200/390 loss=17.4631 lr=0.00586407
Tiny epoch 896/2000 iteration 250/390 loss=17.5523 lr=0.00586308
Tiny epoch 896/2000 iteration 300/390 loss=17.5929 lr=0.00586208
Tiny epoch 896/2000 iteration 350/390 loss=17.5669 lr=0.00586109
Tiny epoch 896/2000 iteration 390/390 loss=17.6245 lr=0.00586029
Tiny epoch 897/2000 iteration 50/390 loss=17.4021 lr=0.00585929
Tiny epoch 897/2000 iteration 100/390 loss=17.4219 lr=0.0058583
Tiny epoch 897/2000 iteration 150/390 loss=17.4055 lr=0.0058573
Tiny epoch 897/2000 iteration 200/390 loss=17.4099 lr=0.00585631
Tiny epoch 897/2000 iteration 250/390 loss=17.5276 lr=0.00585531
Tiny epoch 897/2000 iteration 300/390 loss=17.4981 lr=0.00585431
Tiny epoch 897/2000 iteration 350/390 loss=17.4918 lr=0.00585332
Tiny epoch 897/2000 iteration 390/390 loss=17.5023 lr=0.00585252
Tiny epoch 898/2000 iteration 50/390 loss=17.8268 lr=0.00585152
Tiny epoch 898/2000 iteration 100/390 loss=17.7257 lr=0.00585053
Tiny epoch 898/2000 iteration 150/390 loss=17.8560 lr=0.00584953
Tiny epoch 898/2000 iteration 200/390 loss=17.7723 lr=0.00584853
Tiny epoch 898/2000 iteration 250/390 loss=17.7808 lr=0.00584754
Tiny epoch 898/2000 iteration 300/390 loss=17.7191 lr=0.00584654
Tiny epoch 898/2000 iteration 350/390 loss=17.7613 lr=0.00584554
Tiny epoch 898/2000 iteration 390/390 loss=17.7795 lr=0.00584475
Tiny epoch 899/2000 iteration 50/390 loss=17.3962 lr=0.00584375
Tiny epoch 899/2000 iteration 100/390 loss=17.4411 lr=0.00584275
Tiny epoch 899/2000 iteration 150/390 loss=17.6519 lr=0.00584176
Tiny epoch 899/2000 iteration 200/390 loss=17.6736 lr=0.00584076
Tiny epoch 899/2000 iteration 250/390 loss=17.7035 lr=0.00583976
Tiny epoch 899/2000 iteration 300/390 loss=17.6037 lr=0.00583877
Tiny epoch 899/2000 iteration 350/390 loss=17.6788 lr=0.00583777
Tiny epoch 899/2000 iteration 390/390 loss=17.6656 lr=0.00583697
Tiny epoch 900/2000 iteration 50/390 loss=17.6626 lr=0.00583598
Tiny epoch 900/2000 iteration 100/390 loss=17.6492 lr=0.00583498
Tiny epoch 900/2000 iteration 150/390 loss=17.6089 lr=0.00583398
Tiny epoch 900/2000 iteration 200/390 loss=17.6004 lr=0.00583299
Tiny epoch 900/2000 iteration 250/390 loss=17.5124 lr=0.00583199
Tiny epoch 900/2000 iteration 300/390 loss=17.5296 lr=0.00583099
Tiny epoch 900/2000 iteration 350/390 loss=17.5910 lr=0.00582999
Tiny epoch 900/2000 iteration 390/390 loss=17.6237 lr=0.0058292
[epoch 900/2000] saved backbone: /home/mmoslem3/scratch/MKDT/krrst_teacher_ckpt/barlow_twins_resnet18_tinyimagenet.pt
Tiny epoch 901/2000 iteration 50/390 loss=17.7416 lr=0.0058282
Tiny epoch 901/2000 iteration 100/390 loss=17.9288 lr=0.0058272
Tiny epoch 901/2000 iteration 150/390 loss=17.8007 lr=0.00582621
Tiny epoch 901/2000 iteration 200/390 loss=17.6557 lr=0.00582521
Tiny epoch 901/2000 iteration 250/390 loss=17.6297 lr=0.00582421
Tiny epoch 901/2000 iteration 300/390 loss=17.6537 lr=0.00582321
Tiny epoch 901/2000 iteration 350/390 loss=17.6842 lr=0.00582222
Tiny epoch 901/2000 iteration 390/390 loss=17.7264 lr=0.00582142
Tiny epoch 902/2000 iteration 50/390 loss=17.5316 lr=0.00582042
Tiny epoch 902/2000 iteration 100/390 loss=17.7076 lr=0.00581942
Tiny epoch 902/2000 iteration 150/390 loss=17.6573 lr=0.00581843
Tiny epoch 902/2000 iteration 200/390 loss=17.5923 lr=0.00581743
Tiny epoch 902/2000 iteration 250/390 loss=17.5386 lr=0.00581643
Tiny epoch 902/2000 iteration 300/390 loss=17.5691 lr=0.00581543
Tiny epoch 902/2000 iteration 350/390 loss=17.5839 lr=0.00581444
Tiny epoch 902/2000 iteration 390/390 loss=17.6114 lr=0.00581364
Tiny epoch 903/2000 iteration 50/390 loss=17.7199 lr=0.00581264
Tiny epoch 903/2000 iteration 100/390 loss=17.6460 lr=0.00581164
Tiny epoch 903/2000 iteration 150/390 loss=17.6160 lr=0.00581064
Tiny epoch 903/2000 iteration 200/390 loss=17.5981 lr=0.00580965
Tiny epoch 903/2000 iteration 250/390 loss=17.5749 lr=0.00580865
Tiny epoch 903/2000 iteration 300/390 loss=17.5976 lr=0.00580765
Tiny epoch 903/2000 iteration 350/390 loss=17.6892 lr=0.00580665
Tiny epoch 903/2000 iteration 390/390 loss=17.7092 lr=0.00580586
Tiny epoch 904/2000 iteration 50/390 loss=17.5667 lr=0.00580486
Tiny epoch 904/2000 iteration 100/390 loss=17.6458 lr=0.00580386
Tiny epoch 904/2000 iteration 150/390 loss=17.6455 lr=0.00580286
Tiny epoch 904/2000 iteration 200/390 loss=17.5907 lr=0.00580186
Tiny epoch 904/2000 iteration 250/390 loss=17.5753 lr=0.00580087
Tiny epoch 904/2000 iteration 300/390 loss=17.5053 lr=0.00579987
Tiny epoch 904/2000 iteration 350/390 loss=17.5584 lr=0.00579887
Tiny epoch 904/2000 iteration 390/390 loss=17.5844 lr=0.00579807
Tiny epoch 905/2000 iteration 50/390 loss=17.6046 lr=0.00579707
Tiny epoch 905/2000 iteration 100/390 loss=17.4910 lr=0.00579607
Tiny epoch 905/2000 iteration 150/390 loss=17.5754 lr=0.00579508
Tiny epoch 905/2000 iteration 200/390 loss=17.6579 lr=0.00579408
Tiny epoch 905/2000 iteration 250/390 loss=17.7615 lr=0.00579308
Tiny epoch 905/2000 iteration 300/390 loss=17.7312 lr=0.00579208
Tiny epoch 905/2000 iteration 350/390 loss=17.7687 lr=0.00579108
Tiny epoch 905/2000 iteration 390/390 loss=17.7447 lr=0.00579028
Tiny epoch 906/2000 iteration 50/390 loss=17.5609 lr=0.00578929
Tiny epoch 906/2000 iteration 100/390 loss=17.4344 lr=0.00578829
Tiny epoch 906/2000 iteration 150/390 loss=17.3682 lr=0.00578729
Tiny epoch 906/2000 iteration 200/390 loss=17.4028 lr=0.00578629
Tiny epoch 906/2000 iteration 250/390 loss=17.4624 lr=0.00578529
Tiny epoch 906/2000 iteration 300/390 loss=17.4687 lr=0.00578429
Tiny epoch 906/2000 iteration 350/390 loss=17.4672 lr=0.00578329
Tiny epoch 906/2000 iteration 390/390 loss=17.4459 lr=0.0057825
Tiny epoch 907/2000 iteration 50/390 loss=17.5511 lr=0.0057815
Tiny epoch 907/2000 iteration 100/390 loss=17.8517 lr=0.0057805
Tiny epoch 907/2000 iteration 150/390 loss=17.8914 lr=0.0057795
Tiny epoch 907/2000 iteration 200/390 loss=17.7925 lr=0.0057785
Tiny epoch 907/2000 iteration 250/390 loss=17.8343 lr=0.0057775
Tiny epoch 907/2000 iteration 300/390 loss=17.8409 lr=0.0057765
Tiny epoch 907/2000 iteration 350/390 loss=17.8149 lr=0.0057755
Tiny epoch 907/2000 iteration 390/390 loss=17.8290 lr=0.00577471
Tiny epoch 908/2000 iteration 50/390 loss=17.3060 lr=0.00577371
Tiny epoch 908/2000 iteration 100/390 loss=17.3893 lr=0.00577271
Tiny epoch 908/2000 iteration 150/390 loss=17.2859 lr=0.00577171
Tiny epoch 908/2000 iteration 200/390 loss=17.3612 lr=0.00577071
Tiny epoch 908/2000 iteration 250/390 loss=17.3232 lr=0.00576971
Tiny epoch 908/2000 iteration 300/390 loss=17.3085 lr=0.00576871
Tiny epoch 908/2000 iteration 350/390 loss=17.3847 lr=0.00576771
Tiny epoch 908/2000 iteration 390/390 loss=17.3804 lr=0.00576691
Tiny epoch 909/2000 iteration 50/390 loss=17.3363 lr=0.00576591
Tiny epoch 909/2000 iteration 100/390 loss=17.5064 lr=0.00576491
Tiny epoch 909/2000 iteration 150/390 loss=17.6208 lr=0.00576392
Tiny epoch 909/2000 iteration 200/390 loss=17.5646 lr=0.00576292
Tiny epoch 909/2000 iteration 250/390 loss=17.5188 lr=0.00576192
Tiny epoch 909/2000 iteration 300/390 loss=17.4798 lr=0.00576092
Tiny epoch 909/2000 iteration 350/390 loss=17.5668 lr=0.00575992
Tiny epoch 909/2000 iteration 390/390 loss=17.5710 lr=0.00575912
Tiny epoch 910/2000 iteration 50/390 loss=17.5529 lr=0.00575812
Tiny epoch 910/2000 iteration 100/390 loss=17.4002 lr=0.00575712
Tiny epoch 910/2000 iteration 150/390 loss=17.4109 lr=0.00575612
Tiny epoch 910/2000 iteration 200/390 loss=17.4538 lr=0.00575512
Tiny epoch 910/2000 iteration 250/390 loss=17.4881 lr=0.00575412
Tiny epoch 910/2000 iteration 300/390 loss=17.5510 lr=0.00575312
Tiny epoch 910/2000 iteration 350/390 loss=17.5387 lr=0.00575212
Tiny epoch 910/2000 iteration 390/390 loss=17.5966 lr=0.00575132
[epoch 910/2000] saved backbone: /home/mmoslem3/scratch/MKDT/krrst_teacher_ckpt/barlow_twins_resnet18_tinyimagenet.pt
Tiny epoch 911/2000 iteration 50/390 loss=17.8462 lr=0.00575032
Tiny epoch 911/2000 iteration 100/390 loss=17.6706 lr=0.00574932
Tiny epoch 911/2000 iteration 150/390 loss=17.4913 lr=0.00574832
Tiny epoch 911/2000 iteration 200/390 loss=17.3877 lr=0.00574732
Tiny epoch 911/2000 iteration 250/390 loss=17.3814 lr=0.00574632
Tiny epoch 911/2000 iteration 300/390 loss=17.3559 lr=0.00574532
Tiny epoch 911/2000 iteration 350/390 loss=17.4479 lr=0.00574432
Tiny epoch 911/2000 iteration 390/390 loss=17.4231 lr=0.00574352
Tiny epoch 912/2000 iteration 50/390 loss=17.5533 lr=0.00574252
Tiny epoch 912/2000 iteration 100/390 loss=17.5208 lr=0.00574152
Tiny epoch 912/2000 iteration 150/390 loss=17.4284 lr=0.00574052
Tiny epoch 912/2000 iteration 200/390 loss=17.5459 lr=0.00573952
Tiny epoch 912/2000 iteration 250/390 loss=17.5387 lr=0.00573852
Tiny epoch 912/2000 iteration 300/390 loss=17.5277 lr=0.00573752
Tiny epoch 912/2000 iteration 350/390 loss=17.5375 lr=0.00573652
Tiny epoch 912/2000 iteration 390/390 loss=17.5572 lr=0.00573572
Tiny epoch 913/2000 iteration 50/390 loss=17.8054 lr=0.00573472
Tiny epoch 913/2000 iteration 100/390 loss=17.9444 lr=0.00573372
Tiny epoch 913/2000 iteration 150/390 loss=17.9819 lr=0.00573272
Tiny epoch 913/2000 iteration 200/390 loss=17.9254 lr=0.00573172
Tiny epoch 913/2000 iteration 250/390 loss=17.9267 lr=0.00573072
Tiny epoch 913/2000 iteration 300/390 loss=17.9308 lr=0.00572972
Tiny epoch 913/2000 iteration 350/390 loss=17.9102 lr=0.00572872
Tiny epoch 913/2000 iteration 390/390 loss=17.9293 lr=0.00572792
Tiny epoch 914/2000 iteration 50/390 loss=17.3274 lr=0.00572692
Tiny epoch 914/2000 iteration 100/390 loss=17.0828 lr=0.00572592
Tiny epoch 914/2000 iteration 150/390 loss=17.2831 lr=0.00572492
Tiny epoch 914/2000 iteration 200/390 loss=17.3181 lr=0.00572392
Tiny epoch 914/2000 iteration 250/390 loss=17.4006 lr=0.00572292
Tiny epoch 914/2000 iteration 300/390 loss=17.4128 lr=0.00572192
Tiny epoch 914/2000 iteration 350/390 loss=17.4532 lr=0.00572092
Tiny epoch 914/2000 iteration 390/390 loss=17.5216 lr=0.00572012
Tiny epoch 915/2000 iteration 50/390 loss=17.5050 lr=0.00571912
Tiny epoch 915/2000 iteration 100/390 loss=17.7214 lr=0.00571812
Tiny epoch 915/2000 iteration 150/390 loss=17.7315 lr=0.00571712
Tiny epoch 915/2000 iteration 200/390 loss=17.6651 lr=0.00571612
Tiny epoch 915/2000 iteration 250/390 loss=17.6819 lr=0.00571512
Tiny epoch 915/2000 iteration 300/390 loss=17.5871 lr=0.00571412
Tiny epoch 915/2000 iteration 350/390 loss=17.5795 lr=0.00571312
Tiny epoch 915/2000 iteration 390/390 loss=17.5401 lr=0.00571231
Tiny epoch 916/2000 iteration 50/390 loss=17.0958 lr=0.00571131
Tiny epoch 916/2000 iteration 100/390 loss=17.2663 lr=0.00571031
Tiny epoch 916/2000 iteration 150/390 loss=17.4106 lr=0.00570931
Tiny epoch 916/2000 iteration 200/390 loss=17.3805 lr=0.00570831
Tiny epoch 916/2000 iteration 250/390 loss=17.3813 lr=0.00570731
Tiny epoch 916/2000 iteration 300/390 loss=17.3713 lr=0.00570631
Tiny epoch 916/2000 iteration 350/390 loss=17.4064 lr=0.00570531
Tiny epoch 916/2000 iteration 390/390 loss=17.4302 lr=0.00570451
Tiny epoch 917/2000 iteration 50/390 loss=17.2964 lr=0.00570351
Tiny epoch 917/2000 iteration 100/390 loss=17.4253 lr=0.00570251
Tiny epoch 917/2000 iteration 150/390 loss=17.4758 lr=0.0057015
Tiny epoch 917/2000 iteration 200/390 loss=17.5023 lr=0.0057005
Tiny epoch 917/2000 iteration 250/390 loss=17.4823 lr=0.0056995
Tiny epoch 917/2000 iteration 300/390 loss=17.4992 lr=0.0056985
Tiny epoch 917/2000 iteration 350/390 loss=17.4992 lr=0.0056975
Tiny epoch 917/2000 iteration 390/390 loss=17.5064 lr=0.0056967
Tiny epoch 918/2000 iteration 50/390 loss=17.4746 lr=0.0056957
Tiny epoch 918/2000 iteration 100/390 loss=17.7022 lr=0.0056947
Tiny epoch 918/2000 iteration 150/390 loss=17.8114 lr=0.0056937
Tiny epoch 918/2000 iteration 200/390 loss=17.8383 lr=0.00569269
Tiny epoch 918/2000 iteration 250/390 loss=17.6591 lr=0.00569169
Tiny epoch 918/2000 iteration 300/390 loss=17.6148 lr=0.00569069
Tiny epoch 918/2000 iteration 350/390 loss=17.5600 lr=0.00568969
Tiny epoch 918/2000 iteration 390/390 loss=17.5781 lr=0.00568889
Tiny epoch 919/2000 iteration 50/390 loss=17.4211 lr=0.00568789
Tiny epoch 919/2000 iteration 100/390 loss=17.5167 lr=0.00568689
Tiny epoch 919/2000 iteration 150/390 loss=17.5099 lr=0.00568588
Tiny epoch 919/2000 iteration 200/390 loss=17.5965 lr=0.00568488
Tiny epoch 919/2000 iteration 250/390 loss=17.5784 lr=0.00568388
Tiny epoch 919/2000 iteration 300/390 loss=17.5643 lr=0.00568288
Tiny epoch 919/2000 iteration 350/390 loss=17.4671 lr=0.00568188
Tiny epoch 919/2000 iteration 390/390 loss=17.5014 lr=0.00568108
Tiny epoch 920/2000 iteration 50/390 loss=17.2425 lr=0.00568007
Tiny epoch 920/2000 iteration 100/390 loss=17.0459 lr=0.00567907
Tiny epoch 920/2000 iteration 150/390 loss=17.3466 lr=0.00567807
Tiny epoch 920/2000 iteration 200/390 loss=17.4091 lr=0.00567707
Tiny epoch 920/2000 iteration 250/390 loss=17.3576 lr=0.00567607
Tiny epoch 920/2000 iteration 300/390 loss=17.4048 lr=0.00567507
Tiny epoch 920/2000 iteration 350/390 loss=17.4150 lr=0.00567406
Tiny epoch 920/2000 iteration 390/390 loss=17.4424 lr=0.00567326
[epoch 920/2000] saved backbone: /home/mmoslem3/scratch/MKDT/krrst_teacher_ckpt/barlow_twins_resnet18_tinyimagenet.pt
Tiny epoch 921/2000 iteration 50/390 loss=17.4774 lr=0.00567226
Tiny epoch 921/2000 iteration 100/390 loss=17.3187 lr=0.00567126
Tiny epoch 921/2000 iteration 150/390 loss=17.1628 lr=0.00567026
Tiny epoch 921/2000 iteration 200/390 loss=17.3160 lr=0.00566925
Tiny epoch 921/2000 iteration 250/390 loss=17.3790 lr=0.00566825
Tiny epoch 921/2000 iteration 300/390 loss=17.3924 lr=0.00566725
Tiny epoch 921/2000 iteration 350/390 loss=17.4269 lr=0.00566625
Tiny epoch 921/2000 iteration 390/390 loss=17.4328 lr=0.00566545
Tiny epoch 922/2000 iteration 50/390 loss=17.5926 lr=0.00566444
Tiny epoch 922/2000 iteration 100/390 loss=17.5663 lr=0.00566344
Tiny epoch 922/2000 iteration 150/390 loss=17.7239 lr=0.00566244
Tiny epoch 922/2000 iteration 200/390 loss=17.6049 lr=0.00566144
Tiny epoch 922/2000 iteration 250/390 loss=17.5444 lr=0.00566044
Tiny epoch 922/2000 iteration 300/390 loss=17.5623 lr=0.00565943
Tiny epoch 922/2000 iteration 350/390 loss=17.5265 lr=0.00565843
Tiny epoch 922/2000 iteration 390/390 loss=17.5766 lr=0.00565763
Tiny epoch 923/2000 iteration 50/390 loss=17.2979 lr=0.00565663
Tiny epoch 923/2000 iteration 100/390 loss=17.4358 lr=0.00565563
Tiny epoch 923/2000 iteration 150/390 loss=17.5515 lr=0.00565462
Tiny epoch 923/2000 iteration 200/390 loss=17.6246 lr=0.00565362
Tiny epoch 923/2000 iteration 250/390 loss=17.6648 lr=0.00565262
Tiny epoch 923/2000 iteration 300/390 loss=17.6777 lr=0.00565162
Tiny epoch 923/2000 iteration 350/390 loss=17.6703 lr=0.00565061
Tiny epoch 923/2000 iteration 390/390 loss=17.6916 lr=0.00564981
Tiny epoch 924/2000 iteration 50/390 loss=17.1227 lr=0.00564881
Tiny epoch 924/2000 iteration 100/390 loss=17.1283 lr=0.00564781
Tiny epoch 924/2000 iteration 150/390 loss=17.0785 lr=0.0056468
Tiny epoch 924/2000 iteration 200/390 loss=17.0624 lr=0.0056458
Tiny epoch 924/2000 iteration 250/390 loss=17.0496 lr=0.0056448
Tiny epoch 924/2000 iteration 300/390 loss=17.1256 lr=0.0056438
Tiny epoch 924/2000 iteration 350/390 loss=17.2368 lr=0.00564279
Tiny epoch 924/2000 iteration 390/390 loss=17.2698 lr=0.00564199
Tiny epoch 925/2000 iteration 50/390 loss=17.1700 lr=0.00564099
Tiny epoch 925/2000 iteration 100/390 loss=17.3797 lr=0.00563999
Tiny epoch 925/2000 iteration 150/390 loss=17.4281 lr=0.00563898
Tiny epoch 925/2000 iteration 200/390 loss=17.5263 lr=0.00563798
Tiny epoch 925/2000 iteration 250/390 loss=17.4966 lr=0.00563698
Tiny epoch 925/2000 iteration 300/390 loss=17.4955 lr=0.00563597
Tiny epoch 925/2000 iteration 350/390 loss=17.5030 lr=0.00563497
Tiny epoch 925/2000 iteration 390/390 loss=17.5569 lr=0.00563417
Tiny epoch 926/2000 iteration 50/390 loss=16.8046 lr=0.00563317
Tiny epoch 926/2000 iteration 100/390 loss=17.1293 lr=0.00563216
Tiny epoch 926/2000 iteration 150/390 loss=17.3416 lr=0.00563116
Tiny epoch 926/2000 iteration 200/390 loss=17.2975 lr=0.00563016
Tiny epoch 926/2000 iteration 250/390 loss=17.3375 lr=0.00562915
Tiny epoch 926/2000 iteration 300/390 loss=17.3880 lr=0.00562815
Tiny epoch 926/2000 iteration 350/390 loss=17.3967 lr=0.00562715
Tiny epoch 926/2000 iteration 390/390 loss=17.4188 lr=0.00562635
Tiny epoch 927/2000 iteration 50/390 loss=17.1396 lr=0.00562534
Tiny epoch 927/2000 iteration 100/390 loss=17.3324 lr=0.00562434
Tiny epoch 927/2000 iteration 150/390 loss=17.3463 lr=0.00562334
Tiny epoch 927/2000 iteration 200/390 loss=17.3796 lr=0.00562233
Tiny epoch 927/2000 iteration 250/390 loss=17.3436 lr=0.00562133
Tiny epoch 927/2000 iteration 300/390 loss=17.3224 lr=0.00562033
Tiny epoch 927/2000 iteration 350/390 loss=17.3358 lr=0.00561932
Tiny epoch 927/2000 iteration 390/390 loss=17.3767 lr=0.00561852
Tiny epoch 928/2000 iteration 50/390 loss=17.2637 lr=0.00561752
Tiny epoch 928/2000 iteration 100/390 loss=17.5428 lr=0.00561651
Tiny epoch 928/2000 iteration 150/390 loss=17.4549 lr=0.00561551
Tiny epoch 928/2000 iteration 200/390 loss=17.5261 lr=0.00561451
Tiny epoch 928/2000 iteration 250/390 loss=17.4639 lr=0.0056135
Tiny epoch 928/2000 iteration 300/390 loss=17.3697 lr=0.0056125
Tiny epoch 928/2000 iteration 350/390 loss=17.4136 lr=0.0056115
Tiny epoch 928/2000 iteration 390/390 loss=17.4377 lr=0.00561069
Tiny epoch 929/2000 iteration 50/390 loss=17.2745 lr=0.00560969
Tiny epoch 929/2000 iteration 100/390 loss=17.0822 lr=0.00560869
Tiny epoch 929/2000 iteration 150/390 loss=17.2800 lr=0.00560768
Tiny epoch 929/2000 iteration 200/390 loss=17.3246 lr=0.00560668
Tiny epoch 929/2000 iteration 250/390 loss=17.4661 lr=0.00560568
Tiny epoch 929/2000 iteration 300/390 loss=17.4491 lr=0.00560467
Tiny epoch 929/2000 iteration 350/390 loss=17.4733 lr=0.00560367
Tiny epoch 929/2000 iteration 390/390 loss=17.4766 lr=0.00560287
Tiny epoch 930/2000 iteration 50/390 loss=17.1570 lr=0.00560186
Tiny epoch 930/2000 iteration 100/390 loss=17.3606 lr=0.00560086
Tiny epoch 930/2000 iteration 150/390 loss=17.4846 lr=0.00559985
Tiny epoch 930/2000 iteration 200/390 loss=17.3865 lr=0.00559885
Tiny epoch 930/2000 iteration 250/390 loss=17.4210 lr=0.00559785
Tiny epoch 930/2000 iteration 300/390 loss=17.4330 lr=0.00559684
Tiny epoch 930/2000 iteration 350/390 loss=17.4210 lr=0.00559584
Tiny epoch 930/2000 iteration 390/390 loss=17.3824 lr=0.00559504
[epoch 930/2000] saved backbone: /home/mmoslem3/scratch/MKDT/krrst_teacher_ckpt/barlow_twins_resnet18_tinyimagenet.pt
Tiny epoch 931/2000 iteration 50/390 loss=17.4005 lr=0.00559403
Tiny epoch 931/2000 iteration 100/390 loss=17.4273 lr=0.00559303
Tiny epoch 931/2000 iteration 150/390 loss=17.4812 lr=0.00559202
Tiny epoch 931/2000 iteration 200/390 loss=17.4689 lr=0.00559102
Tiny epoch 931/2000 iteration 250/390 loss=17.4970 lr=0.00559002
Tiny epoch 931/2000 iteration 300/390 loss=17.5715 lr=0.00558901
Tiny epoch 931/2000 iteration 350/390 loss=17.4535 lr=0.00558801
Tiny epoch 931/2000 iteration 390/390 loss=17.4941 lr=0.0055872
Tiny epoch 932/2000 iteration 50/390 loss=16.8803 lr=0.0055862
Tiny epoch 932/2000 iteration 100/390 loss=17.1251 lr=0.0055852
Tiny epoch 932/2000 iteration 150/390 loss=17.2288 lr=0.00558419
Tiny epoch 932/2000 iteration 200/390 loss=17.3395 lr=0.00558319
Tiny epoch 932/2000 iteration 250/390 loss=17.3972 lr=0.00558218
Tiny epoch 932/2000 iteration 300/390 loss=17.4019 lr=0.00558118
Tiny epoch 932/2000 iteration 350/390 loss=17.4844 lr=0.00558018
Tiny epoch 932/2000 iteration 390/390 loss=17.5251 lr=0.00557937
Tiny epoch 933/2000 iteration 50/390 loss=16.9855 lr=0.00557837
Tiny epoch 933/2000 iteration 100/390 loss=17.2016 lr=0.00557736
Tiny epoch 933/2000 iteration 150/390 loss=17.2570 lr=0.00557636
Tiny epoch 933/2000 iteration 200/390 loss=17.2408 lr=0.00557535
Tiny epoch 933/2000 iteration 250/390 loss=17.2467 lr=0.00557435
Tiny epoch 933/2000 iteration 300/390 loss=17.2664 lr=0.00557335
Tiny epoch 933/2000 iteration 350/390 loss=17.2499 lr=0.00557234
Tiny epoch 933/2000 iteration 390/390 loss=17.2830 lr=0.00557154
Tiny epoch 934/2000 iteration 50/390 loss=17.4912 lr=0.00557053
Tiny epoch 934/2000 iteration 100/390 loss=17.4814 lr=0.00556953
Tiny epoch 934/2000 iteration 150/390 loss=17.4111 lr=0.00556852
Tiny epoch 934/2000 iteration 200/390 loss=17.3188 lr=0.00556752
Tiny epoch 934/2000 iteration 250/390 loss=17.2569 lr=0.00556652
Tiny epoch 934/2000 iteration 300/390 loss=17.2765 lr=0.00556551
Tiny epoch 934/2000 iteration 350/390 loss=17.3236 lr=0.00556451
Tiny epoch 934/2000 iteration 390/390 loss=17.3604 lr=0.0055637
Tiny epoch 935/2000 iteration 50/390 loss=17.2624 lr=0.0055627
Tiny epoch 935/2000 iteration 100/390 loss=17.1935 lr=0.00556169
Tiny epoch 935/2000 iteration 150/390 loss=17.1728 lr=0.00556069
Tiny epoch 935/2000 iteration 200/390 loss=17.3670 lr=0.00555968
Tiny epoch 935/2000 iteration 250/390 loss=17.4365 lr=0.00555868
Tiny epoch 935/2000 iteration 300/390 loss=17.3763 lr=0.00555767
Tiny epoch 935/2000 iteration 350/390 loss=17.3892 lr=0.00555667
Tiny epoch 935/2000 iteration 390/390 loss=17.3473 lr=0.00555587
Tiny epoch 936/2000 iteration 50/390 loss=17.4180 lr=0.00555486
Tiny epoch 936/2000 iteration 100/390 loss=17.3940 lr=0.00555386
Tiny epoch 936/2000 iteration 150/390 loss=17.3760 lr=0.00555285
Tiny epoch 936/2000 iteration 200/390 loss=17.3678 lr=0.00555185
Tiny epoch 936/2000 iteration 250/390 loss=17.2865 lr=0.00555084
Tiny epoch 936/2000 iteration 300/390 loss=17.3551 lr=0.00554984
Tiny epoch 936/2000 iteration 350/390 loss=17.4385 lr=0.00554883
Tiny epoch 936/2000 iteration 390/390 loss=17.4232 lr=0.00554803
Tiny epoch 937/2000 iteration 50/390 loss=17.3326 lr=0.00554702
Tiny epoch 937/2000 iteration 100/390 loss=17.5492 lr=0.00554602
Tiny epoch 937/2000 iteration 150/390 loss=17.5243 lr=0.00554501
Tiny epoch 937/2000 iteration 200/390 loss=17.5757 lr=0.00554401
Tiny epoch 937/2000 iteration 250/390 loss=17.5216 lr=0.005543
Tiny epoch 937/2000 iteration 300/390 loss=17.4899 lr=0.005542
Tiny epoch 937/2000 iteration 350/390 loss=17.5200 lr=0.00554099
Tiny epoch 937/2000 iteration 390/390 loss=17.5703 lr=0.00554019
Tiny epoch 938/2000 iteration 50/390 loss=16.7820 lr=0.00553918
Tiny epoch 938/2000 iteration 100/390 loss=16.9940 lr=0.00553818
Tiny epoch 938/2000 iteration 150/390 loss=17.1463 lr=0.00553717
Tiny epoch 938/2000 iteration 200/390 loss=17.2843 lr=0.00553617
Tiny epoch 938/2000 iteration 250/390 loss=17.2773 lr=0.00553516
Tiny epoch 938/2000 iteration 300/390 loss=17.3013 lr=0.00553416
Tiny epoch 938/2000 iteration 350/390 loss=17.3063 lr=0.00553315
Tiny epoch 938/2000 iteration 390/390 loss=17.3176 lr=0.00553235
Tiny epoch 939/2000 iteration 50/390 loss=16.7894 lr=0.00553134
Tiny epoch 939/2000 iteration 100/390 loss=17.1139 lr=0.00553034
Tiny epoch 939/2000 iteration 150/390 loss=17.2640 lr=0.00552933
Tiny epoch 939/2000 iteration 200/390 loss=17.2568 lr=0.00552833
Tiny epoch 939/2000 iteration 250/390 loss=17.3201 lr=0.00552732
Tiny epoch 939/2000 iteration 300/390 loss=17.4610 lr=0.00552632
Tiny epoch 939/2000 iteration 350/390 loss=17.4476 lr=0.00552531
Tiny epoch 939/2000 iteration 390/390 loss=17.4177 lr=0.00552451
Tiny epoch 940/2000 iteration 50/390 loss=17.7250 lr=0.0055235
Tiny epoch 940/2000 iteration 100/390 loss=17.5685 lr=0.00552249
Tiny epoch 940/2000 iteration 150/390 loss=17.4501 lr=0.00552149
Tiny epoch 940/2000 iteration 200/390 loss=17.4125 lr=0.00552048
Tiny epoch 940/2000 iteration 250/390 loss=17.4710 lr=0.00551948
Tiny epoch 940/2000 iteration 300/390 loss=17.3739 lr=0.00551847
Tiny epoch 940/2000 iteration 350/390 loss=17.3515 lr=0.00551747
Tiny epoch 940/2000 iteration 390/390 loss=17.4015 lr=0.00551666
[epoch 940/2000] saved backbone: /home/mmoslem3/scratch/MKDT/krrst_teacher_ckpt/barlow_twins_resnet18_tinyimagenet.pt
Tiny epoch 941/2000 iteration 50/390 loss=17.6218 lr=0.00551566
Tiny epoch 941/2000 iteration 100/390 loss=17.3423 lr=0.00551465
Tiny epoch 941/2000 iteration 150/390 loss=17.4765 lr=0.00551365
Tiny epoch 941/2000 iteration 200/390 loss=17.4460 lr=0.00551264
Tiny epoch 941/2000 iteration 250/390 loss=17.4310 lr=0.00551163
Tiny epoch 941/2000 iteration 300/390 loss=17.4260 lr=0.00551063
Tiny epoch 941/2000 iteration 350/390 loss=17.4688 lr=0.00550962
Tiny epoch 941/2000 iteration 390/390 loss=17.4514 lr=0.00550882
Tiny epoch 942/2000 iteration 50/390 loss=17.1711 lr=0.00550781
Tiny epoch 942/2000 iteration 100/390 loss=17.1778 lr=0.00550681
Tiny epoch 942/2000 iteration 150/390 loss=17.2206 lr=0.0055058
Tiny epoch 942/2000 iteration 200/390 loss=17.1507 lr=0.00550479
Tiny epoch 942/2000 iteration 250/390 loss=17.2114 lr=0.00550379
Tiny epoch 942/2000 iteration 300/390 loss=17.3279 lr=0.00550278
Tiny epoch 942/2000 iteration 350/390 loss=17.4017 lr=0.00550178
Tiny epoch 942/2000 iteration 390/390 loss=17.4284 lr=0.00550097
Tiny epoch 943/2000 iteration 50/390 loss=17.4588 lr=0.00549997
Tiny epoch 943/2000 iteration 100/390 loss=17.3605 lr=0.00549896
Tiny epoch 943/2000 iteration 150/390 loss=17.2180 lr=0.00549795
Tiny epoch 943/2000 iteration 200/390 loss=17.4037 lr=0.00549695
Tiny epoch 943/2000 iteration 250/390 loss=17.4034 lr=0.00549594
Tiny epoch 943/2000 iteration 300/390 loss=17.3231 lr=0.00549494
Tiny epoch 943/2000 iteration 350/390 loss=17.3770 lr=0.00549393
Tiny epoch 943/2000 iteration 390/390 loss=17.4173 lr=0.00549312
Tiny epoch 944/2000 iteration 50/390 loss=17.1311 lr=0.00549212
Tiny epoch 944/2000 iteration 100/390 loss=17.3635 lr=0.00549111
Tiny epoch 944/2000 iteration 150/390 loss=17.3985 lr=0.00549011
Tiny epoch 944/2000 iteration 200/390 loss=17.4062 lr=0.0054891
Tiny epoch 944/2000 iteration 250/390 loss=17.3800 lr=0.00548809
Tiny epoch 944/2000 iteration 300/390 loss=17.3662 lr=0.00548709
Tiny epoch 944/2000 iteration 350/390 loss=17.3666 lr=0.00548608
Tiny epoch 944/2000 iteration 390/390 loss=17.2728 lr=0.00548528
Tiny epoch 945/2000 iteration 50/390 loss=16.9459 lr=0.00548427
Tiny epoch 945/2000 iteration 100/390 loss=17.1059 lr=0.00548326
Tiny epoch 945/2000 iteration 150/390 loss=17.0774 lr=0.00548226
Tiny epoch 945/2000 iteration 200/390 loss=17.0929 lr=0.00548125
Tiny epoch 945/2000 iteration 250/390 loss=17.2212 lr=0.00548024
Tiny epoch 945/2000 iteration 300/390 loss=17.2769 lr=0.00547924
Tiny epoch 945/2000 iteration 350/390 loss=17.2528 lr=0.00547823
Tiny epoch 945/2000 iteration 390/390 loss=17.2176 lr=0.00547743
Tiny epoch 946/2000 iteration 50/390 loss=17.3194 lr=0.00547642
Tiny epoch 946/2000 iteration 100/390 loss=17.4231 lr=0.00547541
Tiny epoch 946/2000 iteration 150/390 loss=17.4188 lr=0.00547441
Tiny epoch 946/2000 iteration 200/390 loss=17.4476 lr=0.0054734
Tiny epoch 946/2000 iteration 250/390 loss=17.4999 lr=0.00547239
Tiny epoch 946/2000 iteration 300/390 loss=17.5444 lr=0.00547139
Tiny epoch 946/2000 iteration 350/390 loss=17.5944 lr=0.00547038
Tiny epoch 946/2000 iteration 390/390 loss=17.5569 lr=0.00546958
Tiny epoch 947/2000 iteration 50/390 loss=17.1011 lr=0.00546857
Tiny epoch 947/2000 iteration 100/390 loss=16.9527 lr=0.00546756
Tiny epoch 947/2000 iteration 150/390 loss=17.2923 lr=0.00546656
Tiny epoch 947/2000 iteration 200/390 loss=17.3954 lr=0.00546555
Tiny epoch 947/2000 iteration 250/390 loss=17.3296 lr=0.00546454
Tiny epoch 947/2000 iteration 300/390 loss=17.3258 lr=0.00546354
Tiny epoch 947/2000 iteration 350/390 loss=17.2643 lr=0.00546253
Tiny epoch 947/2000 iteration 390/390 loss=17.3539 lr=0.00546172
Tiny epoch 948/2000 iteration 50/390 loss=17.1369 lr=0.00546072
Tiny epoch 948/2000 iteration 100/390 loss=17.2605 lr=0.00545971
Tiny epoch 948/2000 iteration 150/390 loss=17.2308 lr=0.0054587
Tiny epoch 948/2000 iteration 200/390 loss=17.3077 lr=0.0054577
Tiny epoch 948/2000 iteration 250/390 loss=17.2261 lr=0.00545669
Tiny epoch 948/2000 iteration 300/390 loss=17.3582 lr=0.00545568
Tiny epoch 948/2000 iteration 350/390 loss=17.3573 lr=0.00545468
Tiny epoch 948/2000 iteration 390/390 loss=17.4025 lr=0.00545387
Tiny epoch 949/2000 iteration 50/390 loss=17.3824 lr=0.00545286
Tiny epoch 949/2000 iteration 100/390 loss=17.3336 lr=0.00545186
Tiny epoch 949/2000 iteration 150/390 loss=17.3148 lr=0.00545085
Tiny epoch 949/2000 iteration 200/390 loss=17.2533 lr=0.00544984
Tiny epoch 949/2000 iteration 250/390 loss=17.2015 lr=0.00544884
Tiny epoch 949/2000 iteration 300/390 loss=17.2450 lr=0.00544783
Tiny epoch 949/2000 iteration 350/390 loss=17.1884 lr=0.00544682
Tiny epoch 949/2000 iteration 390/390 loss=17.2190 lr=0.00544602
Tiny epoch 950/2000 iteration 50/390 loss=16.8119 lr=0.00544501
Tiny epoch 950/2000 iteration 100/390 loss=16.9067 lr=0.005444
Tiny epoch 950/2000 iteration 150/390 loss=16.9836 lr=0.00544299
Tiny epoch 950/2000 iteration 200/390 loss=17.0303 lr=0.00544199
Tiny epoch 950/2000 iteration 250/390 loss=17.0550 lr=0.00544098
Tiny epoch 950/2000 iteration 300/390 loss=17.1587 lr=0.00543997
Tiny epoch 950/2000 iteration 350/390 loss=17.2109 lr=0.00543897
Tiny epoch 950/2000 iteration 390/390 loss=17.2206 lr=0.00543816
[epoch 950/2000] saved backbone: /home/mmoslem3/scratch/MKDT/krrst_teacher_ckpt/barlow_twins_resnet18_tinyimagenet.pt
Tiny epoch 951/2000 iteration 50/390 loss=16.9836 lr=0.00543715
Tiny epoch 951/2000 iteration 100/390 loss=17.1141 lr=0.00543615
Tiny epoch 951/2000 iteration 150/390 loss=17.0745 lr=0.00543514
Tiny epoch 951/2000 iteration 200/390 loss=17.1098 lr=0.00543413
Tiny epoch 951/2000 iteration 250/390 loss=17.1853 lr=0.00543312
Tiny epoch 951/2000 iteration 300/390 loss=17.2512 lr=0.00543212
Tiny epoch 951/2000 iteration 350/390 loss=17.2908 lr=0.00543111
Tiny epoch 951/2000 iteration 390/390 loss=17.2995 lr=0.0054303
Tiny epoch 952/2000 iteration 50/390 loss=17.0334 lr=0.0054293
Tiny epoch 952/2000 iteration 100/390 loss=17.2453 lr=0.00542829
Tiny epoch 952/2000 iteration 150/390 loss=17.3336 lr=0.00542728
Tiny epoch 952/2000 iteration 200/390 loss=17.3605 lr=0.00542628
Tiny epoch 952/2000 iteration 250/390 loss=17.2982 lr=0.00542527
Tiny epoch 952/2000 iteration 300/390 loss=17.2938 lr=0.00542426
Tiny epoch 952/2000 iteration 350/390 loss=17.4023 lr=0.00542325
Tiny epoch 952/2000 iteration 390/390 loss=17.4047 lr=0.00542245
Tiny epoch 953/2000 iteration 50/390 loss=17.0085 lr=0.00542144
Tiny epoch 953/2000 iteration 100/390 loss=16.7930 lr=0.00542043
Tiny epoch 953/2000 iteration 150/390 loss=16.7066 lr=0.00541942
Tiny epoch 953/2000 iteration 200/390 loss=16.7791 lr=0.00541842
Tiny epoch 953/2000 iteration 250/390 loss=16.9280 lr=0.00541741
Tiny epoch 953/2000 iteration 300/390 loss=16.9747 lr=0.0054164
Tiny epoch 953/2000 iteration 350/390 loss=17.0224 lr=0.00541539
Tiny epoch 953/2000 iteration 390/390 loss=17.0635 lr=0.00541459
Tiny epoch 954/2000 iteration 50/390 loss=17.0223 lr=0.00541358
Tiny epoch 954/2000 iteration 100/390 loss=17.0821 lr=0.00541257
Tiny epoch 954/2000 iteration 150/390 loss=17.0705 lr=0.00541157
Tiny epoch 954/2000 iteration 200/390 loss=17.1158 lr=0.00541056
Tiny epoch 954/2000 iteration 250/390 loss=17.1721 lr=0.00540955
Tiny epoch 954/2000 iteration 300/390 loss=17.1253 lr=0.00540854
Tiny epoch 954/2000 iteration 350/390 loss=17.1375 lr=0.00540754
Tiny epoch 954/2000 iteration 390/390 loss=17.1256 lr=0.00540673
Tiny epoch 955/2000 iteration 50/390 loss=17.2062 lr=0.00540572
Tiny epoch 955/2000 iteration 100/390 loss=17.1302 lr=0.00540471
Tiny epoch 955/2000 iteration 150/390 loss=17.0996 lr=0.00540371
Tiny epoch 955/2000 iteration 200/390 loss=17.1840 lr=0.0054027
Tiny epoch 955/2000 iteration 250/390 loss=17.2000 lr=0.00540169
Tiny epoch 955/2000 iteration 300/390 loss=17.2901 lr=0.00540068
Tiny epoch 955/2000 iteration 350/390 loss=17.3864 lr=0.00539967
Tiny epoch 955/2000 iteration 390/390 loss=17.3726 lr=0.00539887
Tiny epoch 956/2000 iteration 50/390 loss=17.2506 lr=0.00539786
Tiny epoch 956/2000 iteration 100/390 loss=17.3944 lr=0.00539685
Tiny epoch 956/2000 iteration 150/390 loss=17.4178 lr=0.00539584
Tiny epoch 956/2000 iteration 200/390 loss=17.3223 lr=0.00539484
Tiny epoch 956/2000 iteration 250/390 loss=17.3264 lr=0.00539383
Tiny epoch 956/2000 iteration 300/390 loss=17.3164 lr=0.00539282
Tiny epoch 956/2000 iteration 350/390 loss=17.3824 lr=0.00539181
Tiny epoch 956/2000 iteration 390/390 loss=17.3872 lr=0.00539101
Tiny epoch 957/2000 iteration 50/390 loss=17.2317 lr=0.00539
Tiny epoch 957/2000 iteration 100/390 loss=17.0929 lr=0.00538899
Tiny epoch 957/2000 iteration 150/390 loss=17.2030 lr=0.00538798
Tiny epoch 957/2000 iteration 200/390 loss=17.2727 lr=0.00538698
Tiny epoch 957/2000 iteration 250/390 loss=17.2073 lr=0.00538597
Tiny epoch 957/2000 iteration 300/390 loss=17.2601 lr=0.00538496
Tiny epoch 957/2000 iteration 350/390 loss=17.2560 lr=0.00538395
Tiny epoch 957/2000 iteration 390/390 loss=17.2984 lr=0.00538314
Tiny epoch 958/2000 iteration 50/390 loss=17.2777 lr=0.00538214
Tiny epoch 958/2000 iteration 100/390 loss=17.1638 lr=0.00538113
Tiny epoch 958/2000 iteration 150/390 loss=17.2106 lr=0.00538012
Tiny epoch 958/2000 iteration 200/390 loss=17.3015 lr=0.00537911
Tiny epoch 958/2000 iteration 250/390 loss=17.2802 lr=0.0053781
Tiny epoch 958/2000 iteration 300/390 loss=17.2978 lr=0.0053771
Tiny epoch 958/2000 iteration 350/390 loss=17.3622 lr=0.00537609
Tiny epoch 958/2000 iteration 390/390 loss=17.3346 lr=0.00537528
Tiny epoch 959/2000 iteration 50/390 loss=16.9905 lr=0.00537427
Tiny epoch 959/2000 iteration 100/390 loss=17.1586 lr=0.00537326
Tiny epoch 959/2000 iteration 150/390 loss=17.3470 lr=0.00537226
Tiny epoch 959/2000 iteration 200/390 loss=17.2743 lr=0.00537125
Tiny epoch 959/2000 iteration 250/390 loss=17.1686 lr=0.00537024
Tiny epoch 959/2000 iteration 300/390 loss=17.2565 lr=0.00536923
Tiny epoch 959/2000 iteration 350/390 loss=17.2851 lr=0.00536822
Tiny epoch 959/2000 iteration 390/390 loss=17.3094 lr=0.00536742
Tiny epoch 960/2000 iteration 50/390 loss=17.0345 lr=0.00536641
Tiny epoch 960/2000 iteration 100/390 loss=16.9875 lr=0.0053654
Tiny epoch 960/2000 iteration 150/390 loss=17.0508 lr=0.00536439
Tiny epoch 960/2000 iteration 200/390 loss=17.1120 lr=0.00536338
Tiny epoch 960/2000 iteration 250/390 loss=17.1695 lr=0.00536238
Tiny epoch 960/2000 iteration 300/390 loss=17.2468 lr=0.00536137
Tiny epoch 960/2000 iteration 350/390 loss=17.2447 lr=0.00536036
Tiny epoch 960/2000 iteration 390/390 loss=17.2693 lr=0.00535955
[epoch 960/2000] saved backbone: /home/mmoslem3/scratch/MKDT/krrst_teacher_ckpt/barlow_twins_resnet18_tinyimagenet.pt
Tiny epoch 961/2000 iteration 50/390 loss=16.8556 lr=0.00535854
Tiny epoch 961/2000 iteration 100/390 loss=16.8163 lr=0.00535753
Tiny epoch 961/2000 iteration 150/390 loss=17.0294 lr=0.00535653
Tiny epoch 961/2000 iteration 200/390 loss=17.1322 lr=0.00535552
Tiny epoch 961/2000 iteration 250/390 loss=17.1098 lr=0.00535451
Tiny epoch 961/2000 iteration 300/390 loss=17.1422 lr=0.0053535
Tiny epoch 961/2000 iteration 350/390 loss=17.1705 lr=0.00535249
Tiny epoch 961/2000 iteration 390/390 loss=17.1568 lr=0.00535169
Tiny epoch 962/2000 iteration 50/390 loss=16.7542 lr=0.00535068
Tiny epoch 962/2000 iteration 100/390 loss=17.0723 lr=0.00534967
Tiny epoch 962/2000 iteration 150/390 loss=17.0461 lr=0.00534866
Tiny epoch 962/2000 iteration 200/390 loss=17.1188 lr=0.00534765
Tiny epoch 962/2000 iteration 250/390 loss=17.1633 lr=0.00534664
Tiny epoch 962/2000 iteration 300/390 loss=17.1379 lr=0.00534563
Tiny epoch 962/2000 iteration 350/390 loss=17.1059 lr=0.00534463
Tiny epoch 962/2000 iteration 390/390 loss=17.1335 lr=0.00534382
Tiny epoch 963/2000 iteration 50/390 loss=16.4547 lr=0.00534281
Tiny epoch 963/2000 iteration 100/390 loss=16.9706 lr=0.0053418
Tiny epoch 963/2000 iteration 150/390 loss=17.1254 lr=0.00534079
Tiny epoch 963/2000 iteration 200/390 loss=17.2786 lr=0.00533978
Tiny epoch 963/2000 iteration 250/390 loss=17.3145 lr=0.00533878
Tiny epoch 963/2000 iteration 300/390 loss=17.3751 lr=0.00533777
Tiny epoch 963/2000 iteration 350/390 loss=17.4091 lr=0.00533676
Tiny epoch 963/2000 iteration 390/390 loss=17.4565 lr=0.00533595
Tiny epoch 964/2000 iteration 50/390 loss=17.1169 lr=0.00533494
Tiny epoch 964/2000 iteration 100/390 loss=16.9176 lr=0.00533393
Tiny epoch 964/2000 iteration 150/390 loss=17.1112 lr=0.00533292
Tiny epoch 964/2000 iteration 200/390 loss=17.0467 lr=0.00533192
Tiny epoch 964/2000 iteration 250/390 loss=17.0626 lr=0.00533091
Tiny epoch 964/2000 iteration 300/390 loss=17.1338 lr=0.0053299
Tiny epoch 964/2000 iteration 350/390 loss=17.1783 lr=0.00532889
Tiny epoch 964/2000 iteration 390/390 loss=17.1976 lr=0.00532808
Tiny epoch 965/2000 iteration 50/390 loss=17.4355 lr=0.00532707
Tiny epoch 965/2000 iteration 100/390 loss=17.1820 lr=0.00532606
Tiny epoch 965/2000 iteration 150/390 loss=17.1588 lr=0.00532506
Tiny epoch 965/2000 iteration 200/390 loss=17.2374 lr=0.00532405
Tiny epoch 965/2000 iteration 250/390 loss=17.2063 lr=0.00532304
Tiny epoch 965/2000 iteration 300/390 loss=17.2381 lr=0.00532203
Tiny epoch 965/2000 iteration 350/390 loss=17.3055 lr=0.00532102
Tiny epoch 965/2000 iteration 390/390 loss=17.3169 lr=0.00532021
Tiny epoch 966/2000 iteration 50/390 loss=17.0823 lr=0.0053192
Tiny epoch 966/2000 iteration 100/390 loss=17.2999 lr=0.00531819
Tiny epoch 966/2000 iteration 150/390 loss=17.3402 lr=0.00531719
Tiny epoch 966/2000 iteration 200/390 loss=17.3224 lr=0.00531618
Tiny epoch 966/2000 iteration 250/390 loss=17.3360 lr=0.00531517
Tiny epoch 966/2000 iteration 300/390 loss=17.2887 lr=0.00531416
Tiny epoch 966/2000 iteration 350/390 loss=17.2926 lr=0.00531315
Tiny epoch 966/2000 iteration 390/390 loss=17.2825 lr=0.00531234
Tiny epoch 967/2000 iteration 50/390 loss=16.9452 lr=0.00531133
Tiny epoch 967/2000 iteration 100/390 loss=17.1234 lr=0.00531032
Tiny epoch 967/2000 iteration 150/390 loss=17.0604 lr=0.00530932
Tiny epoch 967/2000 iteration 200/390 loss=17.1024 lr=0.00530831
Tiny epoch 967/2000 iteration 250/390 loss=17.0160 lr=0.0053073
Tiny epoch 967/2000 iteration 300/390 loss=17.0127 lr=0.00530629
Tiny epoch 967/2000 iteration 350/390 loss=17.0427 lr=0.00530528
Tiny epoch 967/2000 iteration 390/390 loss=17.0013 lr=0.00530447
Tiny epoch 968/2000 iteration 50/390 loss=17.0446 lr=0.00530346
Tiny epoch 968/2000 iteration 100/390 loss=17.0908 lr=0.00530245
Tiny epoch 968/2000 iteration 150/390 loss=17.0327 lr=0.00530144
Tiny epoch 968/2000 iteration 200/390 loss=16.9425 lr=0.00530043
Tiny epoch 968/2000 iteration 250/390 loss=16.9317 lr=0.00529943
Tiny epoch 968/2000 iteration 300/390 loss=16.9743 lr=0.00529842
Tiny epoch 968/2000 iteration 350/390 loss=17.0141 lr=0.00529741
Tiny epoch 968/2000 iteration 390/390 loss=17.0636 lr=0.0052966
Tiny epoch 969/2000 iteration 50/390 loss=16.9048 lr=0.00529559
Tiny epoch 969/2000 iteration 100/390 loss=16.8862 lr=0.00529458
Tiny epoch 969/2000 iteration 150/390 loss=16.9640 lr=0.00529357
Tiny epoch 969/2000 iteration 200/390 loss=16.9766 lr=0.00529256
Tiny epoch 969/2000 iteration 250/390 loss=16.9969 lr=0.00529155
Tiny epoch 969/2000 iteration 300/390 loss=17.0354 lr=0.00529054
Tiny epoch 969/2000 iteration 350/390 loss=16.9636 lr=0.00528953
Tiny epoch 969/2000 iteration 390/390 loss=16.9768 lr=0.00528873
Tiny epoch 970/2000 iteration 50/390 loss=17.4251 lr=0.00528772
Tiny epoch 970/2000 iteration 100/390 loss=17.2194 lr=0.00528671
Tiny epoch 970/2000 iteration 150/390 loss=17.2659 lr=0.0052857
Tiny epoch 970/2000 iteration 200/390 loss=17.2533 lr=0.00528469
Tiny epoch 970/2000 iteration 250/390 loss=17.2303 lr=0.00528368
Tiny epoch 970/2000 iteration 300/390 loss=17.2340 lr=0.00528267
Tiny epoch 970/2000 iteration 350/390 loss=17.2631 lr=0.00528166
Tiny epoch 970/2000 iteration 390/390 loss=17.2737 lr=0.00528085
[epoch 970/2000] saved backbone: /home/mmoslem3/scratch/MKDT/krrst_teacher_ckpt/barlow_twins_resnet18_tinyimagenet.pt
Tiny epoch 971/2000 iteration 50/390 loss=16.9536 lr=0.00527984
Tiny epoch 971/2000 iteration 100/390 loss=17.1438 lr=0.00527884
Tiny epoch 971/2000 iteration 150/390 loss=16.9593 lr=0.00527783
Tiny epoch 971/2000 iteration 200/390 loss=17.0794 lr=0.00527682
Tiny epoch 971/2000 iteration 250/390 loss=17.1619 lr=0.00527581
Tiny epoch 971/2000 iteration 300/390 loss=17.1573 lr=0.0052748
Tiny epoch 971/2000 iteration 350/390 loss=17.2312 lr=0.00527379
Tiny epoch 971/2000 iteration 390/390 loss=17.2510 lr=0.00527298
Tiny epoch 972/2000 iteration 50/390 loss=16.7238 lr=0.00527197
Tiny epoch 972/2000 iteration 100/390 loss=16.7966 lr=0.00527096
Tiny epoch 972/2000 iteration 150/390 loss=16.9052 lr=0.00526995
Tiny epoch 972/2000 iteration 200/390 loss=17.0997 lr=0.00526894
Tiny epoch 972/2000 iteration 250/390 loss=17.0924 lr=0.00526793
Tiny epoch 972/2000 iteration 300/390 loss=17.1735 lr=0.00526692
Tiny epoch 972/2000 iteration 350/390 loss=17.1906 lr=0.00526591
Tiny epoch 972/2000 iteration 390/390 loss=17.1895 lr=0.00526511
Tiny epoch 973/2000 iteration 50/390 loss=17.7118 lr=0.0052641
Tiny epoch 973/2000 iteration 100/390 loss=17.2303 lr=0.00526309
Tiny epoch 973/2000 iteration 150/390 loss=17.1130 lr=0.00526208
Tiny epoch 973/2000 iteration 200/390 loss=17.1100 lr=0.00526107
Tiny epoch 973/2000 iteration 250/390 loss=17.0508 lr=0.00526006
Tiny epoch 973/2000 iteration 300/390 loss=17.1893 lr=0.00525905
Tiny epoch 973/2000 iteration 350/390 loss=17.2216 lr=0.00525804
Tiny epoch 973/2000 iteration 390/390 loss=17.2115 lr=0.00525723
Tiny epoch 974/2000 iteration 50/390 loss=16.8793 lr=0.00525622
Tiny epoch 974/2000 iteration 100/390 loss=17.0506 lr=0.00525521
Tiny epoch 974/2000 iteration 150/390 loss=17.0844 lr=0.0052542
Tiny epoch 974/2000 iteration 200/390 loss=17.0944 lr=0.00525319
Tiny epoch 974/2000 iteration 250/390 loss=16.9937 lr=0.00525218
Tiny epoch 974/2000 iteration 300/390 loss=17.0333 lr=0.00525117
Tiny epoch 974/2000 iteration 350/390 loss=17.0391 lr=0.00525016
Tiny epoch 974/2000 iteration 390/390 loss=17.0252 lr=0.00524935
Tiny epoch 975/2000 iteration 50/390 loss=16.9512 lr=0.00524834
Tiny epoch 975/2000 iteration 100/390 loss=16.9450 lr=0.00524734
Tiny epoch 975/2000 iteration 150/390 loss=16.9230 lr=0.00524633
Tiny epoch 975/2000 iteration 200/390 loss=17.0291 lr=0.00524532
Tiny epoch 975/2000 iteration 250/390 loss=17.0976 lr=0.00524431
Tiny epoch 975/2000 iteration 300/390 loss=17.1030 lr=0.0052433
Tiny epoch 975/2000 iteration 350/390 loss=17.1060 lr=0.00524229
Tiny epoch 975/2000 iteration 390/390 loss=17.1608 lr=0.00524148
Tiny epoch 976/2000 iteration 50/390 loss=16.6483 lr=0.00524047
Tiny epoch 976/2000 iteration 100/390 loss=16.7534 lr=0.00523946
Tiny epoch 976/2000 iteration 150/390 loss=16.8854 lr=0.00523845
Tiny epoch 976/2000 iteration 200/390 loss=17.1503 lr=0.00523744
Tiny epoch 976/2000 iteration 250/390 loss=17.0832 lr=0.00523643
Tiny epoch 976/2000 iteration 300/390 loss=17.0764 lr=0.00523542
Tiny epoch 976/2000 iteration 350/390 loss=17.1198 lr=0.00523441
Tiny epoch 976/2000 iteration 390/390 loss=17.1161 lr=0.0052336
Tiny epoch 977/2000 iteration 50/390 loss=17.8309 lr=0.00523259
Tiny epoch 977/2000 iteration 100/390 loss=17.4805 lr=0.00523158
Tiny epoch 977/2000 iteration 150/390 loss=17.3295 lr=0.00523057
Tiny epoch 977/2000 iteration 200/390 loss=17.2590 lr=0.00522956
Tiny epoch 977/2000 iteration 250/390 loss=17.2074 lr=0.00522855
Tiny epoch 977/2000 iteration 300/390 loss=17.2099 lr=0.00522754
Tiny epoch 977/2000 iteration 350/390 loss=17.1722 lr=0.00522653
Tiny epoch 977/2000 iteration 390/390 loss=17.1669 lr=0.00522572
Tiny epoch 978/2000 iteration 50/390 loss=17.0127 lr=0.00522471
Tiny epoch 978/2000 iteration 100/390 loss=17.0877 lr=0.0052237
Tiny epoch 978/2000 iteration 150/390 loss=17.2064 lr=0.00522269
Tiny epoch 978/2000 iteration 200/390 loss=17.2995 lr=0.00522168
Tiny epoch 978/2000 iteration 250/390 loss=17.3446 lr=0.00522067
Tiny epoch 978/2000 iteration 300/390 loss=17.4053 lr=0.00521966
Tiny epoch 978/2000 iteration 350/390 loss=17.3574 lr=0.00521865
Tiny epoch 978/2000 iteration 390/390 loss=17.3853 lr=0.00521785
Tiny epoch 979/2000 iteration 50/390 loss=17.1320 lr=0.00521684
Tiny epoch 979/2000 iteration 100/390 loss=17.1120 lr=0.00521583
Tiny epoch 979/2000 iteration 150/390 loss=17.0349 lr=0.00521482
Tiny epoch 979/2000 iteration 200/390 loss=17.1684 lr=0.00521381
Tiny epoch 979/2000 iteration 250/390 loss=17.1561 lr=0.0052128
Tiny epoch 979/2000 iteration 300/390 loss=17.1684 lr=0.00521179
Tiny epoch 979/2000 iteration 350/390 loss=17.1014 lr=0.00521077
Tiny epoch 979/2000 iteration 390/390 loss=17.0866 lr=0.00520997
Tiny epoch 980/2000 iteration 50/390 loss=17.3013 lr=0.00520896
Tiny epoch 980/2000 iteration 100/390 loss=17.0150 lr=0.00520795
Tiny epoch 980/2000 iteration 150/390 loss=16.9456 lr=0.00520694
Tiny epoch 980/2000 iteration 200/390 loss=17.0002 lr=0.00520593
Tiny epoch 980/2000 iteration 250/390 loss=17.0783 lr=0.00520492
Tiny epoch 980/2000 iteration 300/390 loss=17.0446 lr=0.00520391
Tiny epoch 980/2000 iteration 350/390 loss=17.0660 lr=0.0052029
Tiny epoch 980/2000 iteration 390/390 loss=17.0992 lr=0.00520209
[epoch 980/2000] saved backbone: /home/mmoslem3/scratch/MKDT/krrst_teacher_ckpt/barlow_twins_resnet18_tinyimagenet.pt
Tiny epoch 981/2000 iteration 50/390 loss=16.9896 lr=0.00520108
Tiny epoch 981/2000 iteration 100/390 loss=16.9015 lr=0.00520007
Tiny epoch 981/2000 iteration 150/390 loss=16.8286 lr=0.00519906
Tiny epoch 981/2000 iteration 200/390 loss=16.9211 lr=0.00519805
Tiny epoch 981/2000 iteration 250/390 loss=17.0662 lr=0.00519704
Tiny epoch 981/2000 iteration 300/390 loss=17.0580 lr=0.00519603
Tiny epoch 981/2000 iteration 350/390 loss=17.1387 lr=0.00519502
Tiny epoch 981/2000 iteration 390/390 loss=17.1473 lr=0.00519421
Tiny epoch 982/2000 iteration 50/390 loss=16.9484 lr=0.0051932
Tiny epoch 982/2000 iteration 100/390 loss=16.8868 lr=0.00519219
Tiny epoch 982/2000 iteration 150/390 loss=17.0763 lr=0.00519118
Tiny epoch 982/2000 iteration 200/390 loss=17.1195 lr=0.00519017
Tiny epoch 982/2000 iteration 250/390 loss=17.0942 lr=0.00518916
Tiny epoch 982/2000 iteration 300/390 loss=17.1363 lr=0.00518815
Tiny epoch 982/2000 iteration 350/390 loss=17.1505 lr=0.00518714
Tiny epoch 982/2000 iteration 390/390 loss=17.1835 lr=0.00518633
Tiny epoch 983/2000 iteration 50/390 loss=16.8280 lr=0.00518532
Tiny epoch 983/2000 iteration 100/390 loss=16.9403 lr=0.00518431
Tiny epoch 983/2000 iteration 150/390 loss=16.9095 lr=0.0051833
Tiny epoch 983/2000 iteration 200/390 loss=16.9421 lr=0.00518229
Tiny epoch 983/2000 iteration 250/390 loss=16.9455 lr=0.00518128
Tiny epoch 983/2000 iteration 300/390 loss=16.9532 lr=0.00518027
Tiny epoch 983/2000 iteration 350/390 loss=16.9289 lr=0.00517926
Tiny epoch 983/2000 iteration 390/390 loss=16.9400 lr=0.00517845
Tiny epoch 984/2000 iteration 50/390 loss=16.6808 lr=0.00517744
Tiny epoch 984/2000 iteration 100/390 loss=16.8375 lr=0.00517643
Tiny epoch 984/2000 iteration 150/390 loss=16.9574 lr=0.00517542
Tiny epoch 984/2000 iteration 200/390 loss=16.8450 lr=0.00517441
Tiny epoch 984/2000 iteration 250/390 loss=16.9421 lr=0.0051734
Tiny epoch 984/2000 iteration 300/390 loss=16.9928 lr=0.00517239
Tiny epoch 984/2000 iteration 350/390 loss=16.9653 lr=0.00517137
Tiny epoch 984/2000 iteration 390/390 loss=17.0535 lr=0.00517057
Tiny epoch 985/2000 iteration 50/390 loss=17.2870 lr=0.00516956
Tiny epoch 985/2000 iteration 100/390 loss=17.1181 lr=0.00516855
Tiny epoch 985/2000 iteration 150/390 loss=16.8692 lr=0.00516754
Tiny epoch 985/2000 iteration 200/390 loss=16.7905 lr=0.00516652
Tiny epoch 985/2000 iteration 250/390 loss=16.8369 lr=0.00516551
Tiny epoch 985/2000 iteration 300/390 loss=16.9152 lr=0.0051645
Tiny epoch 985/2000 iteration 350/390 loss=16.9888 lr=0.00516349
Tiny epoch 985/2000 iteration 390/390 loss=16.9756 lr=0.00516268
Tiny epoch 986/2000 iteration 50/390 loss=16.5668 lr=0.00516167
Tiny epoch 986/2000 iteration 100/390 loss=16.6334 lr=0.00516066
Tiny epoch 986/2000 iteration 150/390 loss=16.6972 lr=0.00515965
Tiny epoch 986/2000 iteration 200/390 loss=16.8013 lr=0.00515864
Tiny epoch 986/2000 iteration 250/390 loss=16.8402 lr=0.00515763
Tiny epoch 986/2000 iteration 300/390 loss=16.9806 lr=0.00515662
Tiny epoch 986/2000 iteration 350/390 loss=16.9971 lr=0.00515561
Tiny epoch 986/2000 iteration 390/390 loss=17.0091 lr=0.0051548
Tiny epoch 987/2000 iteration 50/390 loss=16.7989 lr=0.00515379
Tiny epoch 987/2000 iteration 100/390 loss=16.9159 lr=0.00515278
Tiny epoch 987/2000 iteration 150/390 loss=17.0069 lr=0.00515177
Tiny epoch 987/2000 iteration 200/390 loss=17.1185 lr=0.00515076
Tiny epoch 987/2000 iteration 250/390 loss=17.0271 lr=0.00514975
Tiny epoch 987/2000 iteration 300/390 loss=17.0797 lr=0.00514874
Tiny epoch 987/2000 iteration 350/390 loss=17.0909 lr=0.00514773
Tiny epoch 987/2000 iteration 390/390 loss=17.0831 lr=0.00514692
Tiny epoch 988/2000 iteration 50/390 loss=16.6457 lr=0.00514591
Tiny epoch 988/2000 iteration 100/390 loss=16.6908 lr=0.0051449
Tiny epoch 988/2000 iteration 150/390 loss=16.7051 lr=0.00514389
Tiny epoch 988/2000 iteration 200/390 loss=16.7417 lr=0.00514288
Tiny epoch 988/2000 iteration 250/390 loss=16.7642 lr=0.00514187
Tiny epoch 988/2000 iteration 300/390 loss=16.8010 lr=0.00514086
Tiny epoch 988/2000 iteration 350/390 loss=16.9260 lr=0.00513985
Tiny epoch 988/2000 iteration 390/390 loss=17.0104 lr=0.00513904
Tiny epoch 989/2000 iteration 50/390 loss=17.1834 lr=0.00513803
Tiny epoch 989/2000 iteration 100/390 loss=17.3388 lr=0.00513702
Tiny epoch 989/2000 iteration 150/390 loss=17.2030 lr=0.00513601
Tiny epoch 989/2000 iteration 200/390 loss=17.1617 lr=0.005135
Tiny epoch 989/2000 iteration 250/390 loss=17.1347 lr=0.00513399
Tiny epoch 989/2000 iteration 300/390 loss=17.1741 lr=0.00513297
Tiny epoch 989/2000 iteration 350/390 loss=17.2181 lr=0.00513196
Tiny epoch 989/2000 iteration 390/390 loss=17.2286 lr=0.00513116
Tiny epoch 990/2000 iteration 50/390 loss=17.4893 lr=0.00513014
Tiny epoch 990/2000 iteration 100/390 loss=17.3090 lr=0.00512913
Tiny epoch 990/2000 iteration 150/390 loss=17.1853 lr=0.00512812
Tiny epoch 990/2000 iteration 200/390 loss=17.1201 lr=0.00512711
Tiny epoch 990/2000 iteration 250/390 loss=17.1314 lr=0.0051261
Tiny epoch 990/2000 iteration 300/390 loss=17.1625 lr=0.00512509
Tiny epoch 990/2000 iteration 350/390 loss=17.1883 lr=0.00512408
Tiny epoch 990/2000 iteration 390/390 loss=17.2236 lr=0.00512327
[epoch 990/2000] saved backbone: /home/mmoslem3/scratch/MKDT/krrst_teacher_ckpt/barlow_twins_resnet18_tinyimagenet.pt
Tiny epoch 991/2000 iteration 50/390 loss=16.8545 lr=0.00512226
Tiny epoch 991/2000 iteration 100/390 loss=17.0649 lr=0.00512125
Tiny epoch 991/2000 iteration 150/390 loss=17.0292 lr=0.00512024
Tiny epoch 991/2000 iteration 200/390 loss=16.9279 lr=0.00511923
Tiny epoch 991/2000 iteration 250/390 loss=16.9056 lr=0.00511822
Tiny epoch 991/2000 iteration 300/390 loss=16.9057 lr=0.00511721
Tiny epoch 991/2000 iteration 350/390 loss=16.9639 lr=0.0051162
Tiny epoch 991/2000 iteration 390/390 loss=16.9829 lr=0.00511539
Tiny epoch 992/2000 iteration 50/390 loss=17.1157 lr=0.00511438
Tiny epoch 992/2000 iteration 100/390 loss=16.9189 lr=0.00511337
Tiny epoch 992/2000 iteration 150/390 loss=16.7865 lr=0.00511236
Tiny epoch 992/2000 iteration 200/390 loss=16.8429 lr=0.00511135
Tiny epoch 992/2000 iteration 250/390 loss=16.8838 lr=0.00511034
Tiny epoch 992/2000 iteration 300/390 loss=16.9992 lr=0.00510932
Tiny epoch 992/2000 iteration 350/390 loss=16.9638 lr=0.00510831
Tiny epoch 992/2000 iteration 390/390 loss=16.9889 lr=0.00510751
Tiny epoch 993/2000 iteration 50/390 loss=16.8578 lr=0.00510649
Tiny epoch 993/2000 iteration 100/390 loss=16.7673 lr=0.00510548
Tiny epoch 993/2000 iteration 150/390 loss=16.7453 lr=0.00510447
Tiny epoch 993/2000 iteration 200/390 loss=16.8635 lr=0.00510346
Tiny epoch 993/2000 iteration 250/390 loss=16.8007 lr=0.00510245
Tiny epoch 993/2000 iteration 300/390 loss=16.9256 lr=0.00510144
Tiny epoch 993/2000 iteration 350/390 loss=16.9404 lr=0.00510043
Tiny epoch 993/2000 iteration 390/390 loss=16.9746 lr=0.00509962
Tiny epoch 994/2000 iteration 50/390 loss=16.9139 lr=0.00509861
Tiny epoch 994/2000 iteration 100/390 loss=16.8776 lr=0.0050976
Tiny epoch 994/2000 iteration 150/390 loss=16.8271 lr=0.00509659
Tiny epoch 994/2000 iteration 200/390 loss=16.9136 lr=0.00509558
Tiny epoch 994/2000 iteration 250/390 loss=16.9108 lr=0.00509457
Tiny epoch 994/2000 iteration 300/390 loss=16.9762 lr=0.00509356
Tiny epoch 994/2000 iteration 350/390 loss=16.9520 lr=0.00509255
Tiny epoch 994/2000 iteration 390/390 loss=16.9533 lr=0.00509174
Tiny epoch 995/2000 iteration 50/390 loss=16.8654 lr=0.00509073
Tiny epoch 995/2000 iteration 100/390 loss=16.6465 lr=0.00508972
Tiny epoch 995/2000 iteration 150/390 loss=16.7714 lr=0.0050887
Tiny epoch 995/2000 iteration 200/390 loss=16.8730 lr=0.00508769
Tiny epoch 995/2000 iteration 250/390 loss=16.9463 lr=0.00508668
Tiny epoch 995/2000 iteration 300/390 loss=17.0411 lr=0.00508567
Tiny epoch 995/2000 iteration 350/390 loss=17.0025 lr=0.00508466
Tiny epoch 995/2000 iteration 390/390 loss=16.9959 lr=0.00508385
Tiny epoch 996/2000 iteration 50/390 loss=17.0580 lr=0.00508284
Tiny epoch 996/2000 iteration 100/390 loss=16.9493 lr=0.00508183
Tiny epoch 996/2000 iteration 150/390 loss=17.0871 lr=0.00508082
Tiny epoch 996/2000 iteration 200/390 loss=17.0127 lr=0.00507981
Tiny epoch 996/2000 iteration 250/390 loss=17.0667 lr=0.0050788
Tiny epoch 996/2000 iteration 300/390 loss=17.1077 lr=0.00507779
Tiny epoch 996/2000 iteration 350/390 loss=17.1870 lr=0.00507678
Tiny epoch 996/2000 iteration 390/390 loss=17.1779 lr=0.00507597
Tiny epoch 997/2000 iteration 50/390 loss=16.6383 lr=0.00507496
Tiny epoch 997/2000 iteration 100/390 loss=16.9378 lr=0.00507395
Tiny epoch 997/2000 iteration 150/390 loss=17.0018 lr=0.00507293
Tiny epoch 997/2000 iteration 200/390 loss=17.1776 lr=0.00507192
Tiny epoch 997/2000 iteration 250/390 loss=17.1813 lr=0.00507091
Tiny epoch 997/2000 iteration 300/390 loss=17.1049 lr=0.0050699
Tiny epoch 997/2000 iteration 350/390 loss=17.1313 lr=0.00506889
Tiny epoch 997/2000 iteration 390/390 loss=17.1315 lr=0.00506808
Tiny epoch 998/2000 iteration 50/390 loss=16.8615 lr=0.00506707
Tiny epoch 998/2000 iteration 100/390 loss=17.0878 lr=0.00506606
Tiny epoch 998/2000 iteration 150/390 loss=17.0244 lr=0.00506505
Tiny epoch 998/2000 iteration 200/390 loss=17.1000 lr=0.00506404
Tiny epoch 998/2000 iteration 250/390 loss=17.1104 lr=0.00506303
Tiny epoch 998/2000 iteration 300/390 loss=17.1296 lr=0.00506202
Tiny epoch 998/2000 iteration 350/390 loss=17.0840 lr=0.00506101
Tiny epoch 998/2000 iteration 390/390 loss=17.0667 lr=0.0050602
Tiny epoch 999/2000 iteration 50/390 loss=16.5438 lr=0.00505919
Tiny epoch 999/2000 iteration 100/390 loss=16.8348 lr=0.00505818
Tiny epoch 999/2000 iteration 150/390 loss=16.8106 lr=0.00505717
Tiny epoch 999/2000 iteration 200/390 loss=16.8226 lr=0.00505615
Tiny epoch 999/2000 iteration 250/390 loss=16.8326 lr=0.00505514
Tiny epoch 999/2000 iteration 300/390 loss=16.8482 lr=0.00505413
Tiny epoch 999/2000 iteration 350/390 loss=16.9040 lr=0.00505312
Tiny epoch 999/2000 iteration 390/390 loss=16.9345 lr=0.00505231
Tiny epoch 1000/2000 iteration 50/390 loss=17.3855 lr=0.0050513
Tiny epoch 1000/2000 iteration 100/390 loss=17.0409 lr=0.00505029
Tiny epoch 1000/2000 iteration 150/390 loss=16.8015 lr=0.00504928
Tiny epoch 1000/2000 iteration 200/390 loss=16.8431 lr=0.00504827
Tiny epoch 1000/2000 iteration 250/390 loss=16.8998 lr=0.00504726
Tiny epoch 1000/2000 iteration 300/390 loss=16.8663 lr=0.00504625
Tiny epoch 1000/2000 iteration 350/390 loss=16.8589 lr=0.00504524
Tiny epoch 1000/2000 iteration 390/390 loss=16.9024 lr=0.00504443
[epoch 1000/2000] saved backbone: /home/mmoslem3/scratch/MKDT/krrst_teacher_ckpt/barlow_twins_resnet18_tinyimagenet.pt
Tiny epoch 1001/2000 iteration 50/390 loss=16.5575 lr=0.00504342
Tiny epoch 1001/2000 iteration 100/390 loss=16.7613 lr=0.00504241
Tiny epoch 1001/2000 iteration 150/390 loss=16.6399 lr=0.00504139
Tiny epoch 1001/2000 iteration 200/390 loss=16.7197 lr=0.00504038
Tiny epoch 1001/2000 iteration 250/390 loss=16.7588 lr=0.00503937
Tiny epoch 1001/2000 iteration 300/390 loss=16.8959 lr=0.00503836
Tiny epoch 1001/2000 iteration 350/390 loss=16.8973 lr=0.00503735
Tiny epoch 1001/2000 iteration 390/390 loss=16.9792 lr=0.00503654
Tiny epoch 1002/2000 iteration 50/390 loss=16.9059 lr=0.00503553
Tiny epoch 1002/2000 iteration 100/390 loss=16.9148 lr=0.00503452
Tiny epoch 1002/2000 iteration 150/390 loss=16.9538 lr=0.00503351
Tiny epoch 1002/2000 iteration 200/390 loss=16.9136 lr=0.0050325
Tiny epoch 1002/2000 iteration 250/390 loss=16.9151 lr=0.00503149
Tiny epoch 1002/2000 iteration 300/390 loss=17.0344 lr=0.00503048
Tiny epoch 1002/2000 iteration 350/390 loss=17.0369 lr=0.00502947
Tiny epoch 1002/2000 iteration 390/390 loss=17.0946 lr=0.00502866
Tiny epoch 1003/2000 iteration 50/390 loss=16.7315 lr=0.00502765
Tiny epoch 1003/2000 iteration 100/390 loss=16.8862 lr=0.00502663
Tiny epoch 1003/2000 iteration 150/390 loss=17.0012 lr=0.00502562
Tiny epoch 1003/2000 iteration 200/390 loss=16.9363 lr=0.00502461
Tiny epoch 1003/2000 iteration 250/390 loss=16.8427 lr=0.0050236
Tiny epoch 1003/2000 iteration 300/390 loss=16.7882 lr=0.00502259
Tiny epoch 1003/2000 iteration 350/390 loss=16.8099 lr=0.00502158
Tiny epoch 1003/2000 iteration 390/390 loss=16.8263 lr=0.00502077
Tiny epoch 1004/2000 iteration 50/390 loss=16.7777 lr=0.00501976
Tiny epoch 1004/2000 iteration 100/390 loss=16.7873 lr=0.00501875
Tiny epoch 1004/2000 iteration 150/390 loss=16.9263 lr=0.00501774
Tiny epoch 1004/2000 iteration 200/390 loss=16.9644 lr=0.00501673
Tiny epoch 1004/2000 iteration 250/390 loss=16.9966 lr=0.00501572
Tiny epoch 1004/2000 iteration 300/390 loss=16.9527 lr=0.00501471
Tiny epoch 1004/2000 iteration 350/390 loss=16.9758 lr=0.00501369
Tiny epoch 1004/2000 iteration 390/390 loss=17.0001 lr=0.00501289
Tiny epoch 1005/2000 iteration 50/390 loss=16.9964 lr=0.00501187
Tiny epoch 1005/2000 iteration 100/390 loss=16.9320 lr=0.00501086
Tiny epoch 1005/2000 iteration 150/390 loss=17.0446 lr=0.00500985
Tiny epoch 1005/2000 iteration 200/390 loss=17.1081 lr=0.00500884
Tiny epoch 1005/2000 iteration 250/390 loss=17.0115 lr=0.00500783
Tiny epoch 1005/2000 iteration 300/390 loss=17.0024 lr=0.00500682
Tiny epoch 1005/2000 iteration 350/390 loss=17.0395 lr=0.00500581
Tiny epoch 1005/2000 iteration 390/390 loss=17.0152 lr=0.005005
Tiny epoch 1006/2000 iteration 50/390 loss=16.6081 lr=0.00500399
Tiny epoch 1006/2000 iteration 100/390 loss=16.7557 lr=0.00500298
Tiny epoch 1006/2000 iteration 150/390 loss=16.7591 lr=0.00500197
Tiny epoch 1006/2000 iteration 200/390 loss=16.8503 lr=0.00500096
Tiny epoch 1006/2000 iteration 250/390 loss=16.8316 lr=0.00499995
Tiny epoch 1006/2000 iteration 300/390 loss=16.8130 lr=0.00499893
Tiny epoch 1006/2000 iteration 350/390 loss=16.8678 lr=0.00499792
Tiny epoch 1006/2000 iteration 390/390 loss=16.8595 lr=0.00499711
Tiny epoch 1007/2000 iteration 50/390 loss=16.3767 lr=0.0049961
Tiny epoch 1007/2000 iteration 100/390 loss=16.5252 lr=0.00499509
Tiny epoch 1007/2000 iteration 150/390 loss=16.7011 lr=0.00499408
Tiny epoch 1007/2000 iteration 200/390 loss=16.8408 lr=0.00499307
Tiny epoch 1007/2000 iteration 250/390 loss=16.8838 lr=0.00499206
Tiny epoch 1007/2000 iteration 300/390 loss=16.8369 lr=0.00499105
Tiny epoch 1007/2000 iteration 350/390 loss=16.8163 lr=0.00499004
Tiny epoch 1007/2000 iteration 390/390 loss=16.8120 lr=0.00498923
Tiny epoch 1008/2000 iteration 50/390 loss=16.7087 lr=0.00498822
Tiny epoch 1008/2000 iteration 100/390 loss=17.0309 lr=0.00498721
Tiny epoch 1008/2000 iteration 150/390 loss=17.0481 lr=0.0049862
Tiny epoch 1008/2000 iteration 200/390 loss=16.9886 lr=0.00498519
Tiny epoch 1008/2000 iteration 250/390 loss=16.9730 lr=0.00498417
Tiny epoch 1008/2000 iteration 300/390 loss=16.9861 lr=0.00498316
Tiny epoch 1008/2000 iteration 350/390 loss=16.9646 lr=0.00498215
Tiny epoch 1008/2000 iteration 390/390 loss=16.9451 lr=0.00498134
Tiny epoch 1009/2000 iteration 50/390 loss=17.1263 lr=0.00498033
Tiny epoch 1009/2000 iteration 100/390 loss=16.7749 lr=0.00497932
Tiny epoch 1009/2000 iteration 150/390 loss=16.7548 lr=0.00497831
Tiny epoch 1009/2000 iteration 200/390 loss=16.8692 lr=0.0049773
Tiny epoch 1009/2000 iteration 250/390 loss=16.8565 lr=0.00497629
Tiny epoch 1009/2000 iteration 300/390 loss=16.9658 lr=0.00497528
Tiny epoch 1009/2000 iteration 350/390 loss=16.9489 lr=0.00497427
Tiny epoch 1009/2000 iteration 390/390 loss=16.9586 lr=0.00497346
Tiny epoch 1010/2000 iteration 50/390 loss=16.8964 lr=0.00497245
Tiny epoch 1010/2000 iteration 100/390 loss=16.7823 lr=0.00497144
Tiny epoch 1010/2000 iteration 150/390 loss=16.7013 lr=0.00497043
Tiny epoch 1010/2000 iteration 200/390 loss=16.6920 lr=0.00496941
Tiny epoch 1010/2000 iteration 250/390 loss=16.7478 lr=0.0049684
Tiny epoch 1010/2000 iteration 300/390 loss=16.7305 lr=0.00496739
Tiny epoch 1010/2000 iteration 350/390 loss=16.7310 lr=0.00496638
Tiny epoch 1010/2000 iteration 390/390 loss=16.7722 lr=0.00496557
[epoch 1010/2000] saved backbone: /home/mmoslem3/scratch/MKDT/krrst_teacher_ckpt/barlow_twins_resnet18_tinyimagenet.pt
Tiny epoch 1011/2000 iteration 50/390 loss=16.5021 lr=0.00496456
Tiny epoch 1011/2000 iteration 100/390 loss=16.7440 lr=0.00496355
Tiny epoch 1011/2000 iteration 150/390 loss=16.8008 lr=0.00496254
Tiny epoch 1011/2000 iteration 200/390 loss=16.7079 lr=0.00496153
Tiny epoch 1011/2000 iteration 250/390 loss=16.6928 lr=0.00496052
Tiny epoch 1011/2000 iteration 300/390 loss=16.7499 lr=0.00495951
Tiny epoch 1011/2000 iteration 350/390 loss=16.7644 lr=0.0049585
Tiny epoch 1011/2000 iteration 390/390 loss=16.8106 lr=0.00495769
Tiny epoch 1012/2000 iteration 50/390 loss=16.8775 lr=0.00495668
Tiny epoch 1012/2000 iteration 100/390 loss=16.5851 lr=0.00495567
Tiny epoch 1012/2000 iteration 150/390 loss=16.5570 lr=0.00495465
Tiny epoch 1012/2000 iteration 200/390 loss=16.4968 lr=0.00495364
Tiny epoch 1012/2000 iteration 250/390 loss=16.6077 lr=0.00495263
Tiny epoch 1012/2000 iteration 300/390 loss=16.6601 lr=0.00495162
Tiny epoch 1012/2000 iteration 350/390 loss=16.6992 lr=0.00495061
Tiny epoch 1012/2000 iteration 390/390 loss=16.6876 lr=0.0049498
Tiny epoch 1013/2000 iteration 50/390 loss=16.5704 lr=0.00494879
Tiny epoch 1013/2000 iteration 100/390 loss=16.7466 lr=0.00494778
Tiny epoch 1013/2000 iteration 150/390 loss=16.8058 lr=0.00494677
Tiny epoch 1013/2000 iteration 200/390 loss=16.7535 lr=0.00494576
Tiny epoch 1013/2000 iteration 250/390 loss=16.7940 lr=0.00494475
Tiny epoch 1013/2000 iteration 300/390 loss=16.8111 lr=0.00494374
Tiny epoch 1013/2000 iteration 350/390 loss=16.7706 lr=0.00494273
Tiny epoch 1013/2000 iteration 390/390 loss=16.8075 lr=0.00494192
Tiny epoch 1014/2000 iteration 50/390 loss=16.8414 lr=0.00494091
Tiny epoch 1014/2000 iteration 100/390 loss=16.6406 lr=0.0049399
Tiny epoch 1014/2000 iteration 150/390 loss=16.6501 lr=0.00493888
Tiny epoch 1014/2000 iteration 200/390 loss=16.7679 lr=0.00493787
Tiny epoch 1014/2000 iteration 250/390 loss=16.8844 lr=0.00493686
Tiny epoch 1014/2000 iteration 300/390 loss=16.8808 lr=0.00493585
Tiny epoch 1014/2000 iteration 350/390 loss=16.9066 lr=0.00493484
Tiny epoch 1014/2000 iteration 390/390 loss=16.9132 lr=0.00493403
Tiny epoch 1015/2000 iteration 50/390 loss=17.0564 lr=0.00493302
Tiny epoch 1015/2000 iteration 100/390 loss=16.8686 lr=0.00493201
Tiny epoch 1015/2000 iteration 150/390 loss=16.9763 lr=0.004931
Tiny epoch 1015/2000 iteration 200/390 loss=16.9418 lr=0.00492999
Tiny epoch 1015/2000 iteration 250/390 loss=16.9464 lr=0.00492898
Tiny epoch 1015/2000 iteration 300/390 loss=16.9416 lr=0.00492797
Tiny epoch 1015/2000 iteration 350/390 loss=16.9462 lr=0.00492696
Tiny epoch 1015/2000 iteration 390/390 loss=16.9514 lr=0.00492615
Tiny epoch 1016/2000 iteration 50/390 loss=16.6844 lr=0.00492514
Tiny epoch 1016/2000 iteration 100/390 loss=16.9533 lr=0.00492413
Tiny epoch 1016/2000 iteration 150/390 loss=16.8559 lr=0.00492312
Tiny epoch 1016/2000 iteration 200/390 loss=16.8648 lr=0.0049221
Tiny epoch 1016/2000 iteration 250/390 loss=16.8552 lr=0.00492109
Tiny epoch 1016/2000 iteration 300/390 loss=16.9187 lr=0.00492008
Tiny epoch 1016/2000 iteration 350/390 loss=16.8702 lr=0.00491907
Tiny epoch 1016/2000 iteration 390/390 loss=16.8674 lr=0.00491826
Tiny epoch 1017/2000 iteration 50/390 loss=16.5932 lr=0.00491725
Tiny epoch 1017/2000 iteration 100/390 loss=16.6893 lr=0.00491624
Tiny epoch 1017/2000 iteration 150/390 loss=16.5367 lr=0.00491523
Tiny epoch 1017/2000 iteration 200/390 loss=16.5189 lr=0.00491422
Tiny epoch 1017/2000 iteration 250/390 loss=16.5046 lr=0.00491321
Tiny epoch 1017/2000 iteration 300/390 loss=16.6069 lr=0.0049122
Tiny epoch 1017/2000 iteration 350/390 loss=16.6535 lr=0.00491119
Tiny epoch 1017/2000 iteration 390/390 loss=16.6856 lr=0.00491038
Tiny epoch 1018/2000 iteration 50/390 loss=16.4024 lr=0.00490937
Tiny epoch 1018/2000 iteration 100/390 loss=16.7602 lr=0.00490836
Tiny epoch 1018/2000 iteration 150/390 loss=16.6664 lr=0.00490735
Tiny epoch 1018/2000 iteration 200/390 loss=16.7691 lr=0.00490634
Tiny epoch 1018/2000 iteration 250/390 loss=16.9164 lr=0.00490533
Tiny epoch 1018/2000 iteration 300/390 loss=16.9457 lr=0.00490431
Tiny epoch 1018/2000 iteration 350/390 loss=16.9193 lr=0.0049033
Tiny epoch 1018/2000 iteration 390/390 loss=16.9175 lr=0.00490249
Tiny epoch 1019/2000 iteration 50/390 loss=16.3586 lr=0.00490148
Tiny epoch 1019/2000 iteration 100/390 loss=16.5863 lr=0.00490047
Tiny epoch 1019/2000 iteration 150/390 loss=16.5438 lr=0.00489946
Tiny epoch 1019/2000 iteration 200/390 loss=16.5070 lr=0.00489845
Tiny epoch 1019/2000 iteration 250/390 loss=16.5645 lr=0.00489744
Tiny epoch 1019/2000 iteration 300/390 loss=16.5796 lr=0.00489643
Tiny epoch 1019/2000 iteration 350/390 loss=16.6085 lr=0.00489542
Tiny epoch 1019/2000 iteration 390/390 loss=16.6535 lr=0.00489461
Tiny epoch 1020/2000 iteration 50/390 loss=16.8288 lr=0.0048936
Tiny epoch 1020/2000 iteration 100/390 loss=16.9253 lr=0.00489259
Tiny epoch 1020/2000 iteration 150/390 loss=16.7806 lr=0.00489158
Tiny epoch 1020/2000 iteration 200/390 loss=16.7613 lr=0.00489057
Tiny epoch 1020/2000 iteration 250/390 loss=16.8270 lr=0.00488956
Tiny epoch 1020/2000 iteration 300/390 loss=16.7829 lr=0.00488855
Tiny epoch 1020/2000 iteration 350/390 loss=16.7822 lr=0.00488754
Tiny epoch 1020/2000 iteration 390/390 loss=16.7692 lr=0.00488673
[epoch 1020/2000] saved backbone: /home/mmoslem3/scratch/MKDT/krrst_teacher_ckpt/barlow_twins_resnet18_tinyimagenet.pt
Tiny epoch 1021/2000 iteration 50/390 loss=16.8095 lr=0.00488572
Tiny epoch 1021/2000 iteration 100/390 loss=16.7986 lr=0.00488471
Tiny epoch 1021/2000 iteration 150/390 loss=17.0185 lr=0.0048837
Tiny epoch 1021/2000 iteration 200/390 loss=17.0408 lr=0.00488269
Tiny epoch 1021/2000 iteration 250/390 loss=16.9640 lr=0.00488167
Tiny epoch 1021/2000 iteration 300/390 loss=16.8883 lr=0.00488066
Tiny epoch 1021/2000 iteration 350/390 loss=16.8283 lr=0.00487965
Tiny epoch 1021/2000 iteration 390/390 loss=16.8171 lr=0.00487884
Tiny epoch 1022/2000 iteration 50/390 loss=16.4238 lr=0.00487783
Tiny epoch 1022/2000 iteration 100/390 loss=16.7508 lr=0.00487682
Tiny epoch 1022/2000 iteration 150/390 loss=16.8039 lr=0.00487581
Tiny epoch 1022/2000 iteration 200/390 loss=16.7949 lr=0.0048748
Tiny epoch 1022/2000 iteration 250/390 loss=16.8217 lr=0.00487379
Tiny epoch 1022/2000 iteration 300/390 loss=16.7955 lr=0.00487278
Tiny epoch 1022/2000 iteration 350/390 loss=16.8070 lr=0.00487177
Tiny epoch 1022/2000 iteration 390/390 loss=16.8185 lr=0.00487096
Tiny epoch 1023/2000 iteration 50/390 loss=16.5321 lr=0.00486995
Tiny epoch 1023/2000 iteration 100/390 loss=16.8111 lr=0.00486894
Tiny epoch 1023/2000 iteration 150/390 loss=16.6337 lr=0.00486793
Tiny epoch 1023/2000 iteration 200/390 loss=16.6762 lr=0.00486692
Tiny epoch 1023/2000 iteration 250/390 loss=16.6950 lr=0.00486591
Tiny epoch 1023/2000 iteration 300/390 loss=16.7164 lr=0.0048649
Tiny epoch 1023/2000 iteration 350/390 loss=16.7209 lr=0.00486389
Tiny epoch 1023/2000 iteration 390/390 loss=16.7520 lr=0.00486308
Tiny epoch 1024/2000 iteration 50/390 loss=16.3945 lr=0.00486207
Tiny epoch 1024/2000 iteration 100/390 loss=16.6807 lr=0.00486106
Tiny epoch 1024/2000 iteration 150/390 loss=16.6877 lr=0.00486005
Tiny epoch 1024/2000 iteration 200/390 loss=16.6622 lr=0.00485904
Tiny epoch 1024/2000 iteration 250/390 loss=16.6922 lr=0.00485803
Tiny epoch 1024/2000 iteration 300/390 loss=16.7462 lr=0.00485702
Tiny epoch 1024/2000 iteration 350/390 loss=16.7720 lr=0.00485601
Tiny epoch 1024/2000 iteration 390/390 loss=16.8416 lr=0.0048552
Tiny epoch 1025/2000 iteration 50/390 loss=16.7391 lr=0.00485419
Tiny epoch 1025/2000 iteration 100/390 loss=16.7346 lr=0.00485318
Tiny epoch 1025/2000 iteration 150/390 loss=16.7020 lr=0.00485217
Tiny epoch 1025/2000 iteration 200/390 loss=16.6525 lr=0.00485115
Tiny epoch 1025/2000 iteration 250/390 loss=16.6635 lr=0.00485014
Tiny epoch 1025/2000 iteration 300/390 loss=16.6398 lr=0.00484913
Tiny epoch 1025/2000 iteration 350/390 loss=16.6905 lr=0.00484812
Tiny epoch 1025/2000 iteration 390/390 loss=16.6591 lr=0.00484732
Tiny epoch 1026/2000 iteration 50/390 loss=16.6895 lr=0.0048463
Tiny epoch 1026/2000 iteration 100/390 loss=16.5976 lr=0.00484529
Tiny epoch 1026/2000 iteration 150/390 loss=16.7594 lr=0.00484428
Tiny epoch 1026/2000 iteration 200/390 loss=16.7471 lr=0.00484327
Tiny epoch 1026/2000 iteration 250/390 loss=16.7275 lr=0.00484226
Tiny epoch 1026/2000 iteration 300/390 loss=16.8321 lr=0.00484125
Tiny epoch 1026/2000 iteration 350/390 loss=16.8640 lr=0.00484024
Tiny epoch 1026/2000 iteration 390/390 loss=16.8587 lr=0.00483943
Tiny epoch 1027/2000 iteration 50/390 loss=16.7064 lr=0.00483842
Tiny epoch 1027/2000 iteration 100/390 loss=16.8304 lr=0.00483741
Tiny epoch 1027/2000 iteration 150/390 loss=16.6991 lr=0.0048364
Tiny epoch 1027/2000 iteration 200/390 loss=16.7203 lr=0.00483539
Tiny epoch 1027/2000 iteration 250/390 loss=16.7086 lr=0.00483438
Tiny epoch 1027/2000 iteration 300/390 loss=16.7232 lr=0.00483337
Tiny epoch 1027/2000 iteration 350/390 loss=16.6993 lr=0.00483236
Tiny epoch 1027/2000 iteration 390/390 loss=16.7390 lr=0.00483155
Tiny epoch 1028/2000 iteration 50/390 loss=16.9216 lr=0.00483054
Tiny epoch 1028/2000 iteration 100/390 loss=16.7866 lr=0.00482953
Tiny epoch 1028/2000 iteration 150/390 loss=16.7347 lr=0.00482852
Tiny epoch 1028/2000 iteration 200/390 loss=16.9082 lr=0.00482751
Tiny epoch 1028/2000 iteration 250/390 loss=16.8117 lr=0.0048265
Tiny epoch 1028/2000 iteration 300/390 loss=16.7741 lr=0.00482549
Tiny epoch 1028/2000 iteration 350/390 loss=16.7735 lr=0.00482448
Tiny epoch 1028/2000 iteration 390/390 loss=16.7652 lr=0.00482367
Tiny epoch 1029/2000 iteration 50/390 loss=16.2893 lr=0.00482266
Tiny epoch 1029/2000 iteration 100/390 loss=16.3540 lr=0.00482165
Tiny epoch 1029/2000 iteration 150/390 loss=16.3752 lr=0.00482064
Tiny epoch 1029/2000 iteration 200/390 loss=16.4100 lr=0.00481963
Tiny epoch 1029/2000 iteration 250/390 loss=16.5957 lr=0.00481862
Tiny epoch 1029/2000 iteration 300/390 loss=16.6174 lr=0.00481761
Tiny epoch 1029/2000 iteration 350/390 loss=16.5889 lr=0.0048166
Tiny epoch 1029/2000 iteration 390/390 loss=16.6380 lr=0.00481579
Tiny epoch 1030/2000 iteration 50/390 loss=16.2696 lr=0.00481478
Tiny epoch 1030/2000 iteration 100/390 loss=16.5361 lr=0.00481377
Tiny epoch 1030/2000 iteration 150/390 loss=16.6534 lr=0.00481276
Tiny epoch 1030/2000 iteration 200/390 loss=16.6330 lr=0.00481175
Tiny epoch 1030/2000 iteration 250/390 loss=16.6635 lr=0.00481074
Tiny epoch 1030/2000 iteration 300/390 loss=16.6222 lr=0.00480973
Tiny epoch 1030/2000 iteration 350/390 loss=16.6612 lr=0.00480872
Tiny epoch 1030/2000 iteration 390/390 loss=16.6992 lr=0.00480791
[epoch 1030/2000] saved backbone: /home/mmoslem3/scratch/MKDT/krrst_teacher_ckpt/barlow_twins_resnet18_tinyimagenet.pt
Tiny epoch 1031/2000 iteration 50/390 loss=16.5154 lr=0.0048069
Tiny epoch 1031/2000 iteration 100/390 loss=16.7141 lr=0.00480589
Tiny epoch 1031/2000 iteration 150/390 loss=16.5577 lr=0.00480488
Tiny epoch 1031/2000 iteration 200/390 loss=16.5510 lr=0.00480387
Tiny epoch 1031/2000 iteration 250/390 loss=16.5722 lr=0.00480286
Tiny epoch 1031/2000 iteration 300/390 loss=16.5856 lr=0.00480185
Tiny epoch 1031/2000 iteration 350/390 loss=16.5824 lr=0.00480084
Tiny epoch 1031/2000 iteration 390/390 loss=16.6008 lr=0.00480003
Tiny epoch 1032/2000 iteration 50/390 loss=17.0223 lr=0.00479902
Tiny epoch 1032/2000 iteration 100/390 loss=16.8828 lr=0.00479801
Tiny epoch 1032/2000 iteration 150/390 loss=16.8521 lr=0.004797
Tiny epoch 1032/2000 iteration 200/390 loss=16.7569 lr=0.00479599
Tiny epoch 1032/2000 iteration 250/390 loss=16.7050 lr=0.00479498
Tiny epoch 1032/2000 iteration 300/390 loss=16.7165 lr=0.00479397
Tiny epoch 1032/2000 iteration 350/390 loss=16.7298 lr=0.00479296
Tiny epoch 1032/2000 iteration 390/390 loss=16.7208 lr=0.00479215
Tiny epoch 1033/2000 iteration 50/390 loss=16.5234 lr=0.00479114
Tiny epoch 1033/2000 iteration 100/390 loss=16.5561 lr=0.00479013
Tiny epoch 1033/2000 iteration 150/390 loss=16.6658 lr=0.00478912
Tiny epoch 1033/2000 iteration 200/390 loss=16.7414 lr=0.00478811
Tiny epoch 1033/2000 iteration 250/390 loss=16.6909 lr=0.0047871
Tiny epoch 1033/2000 iteration 300/390 loss=16.7488 lr=0.00478609
Tiny epoch 1033/2000 iteration 350/390 loss=16.7995 lr=0.00478508
Tiny epoch 1033/2000 iteration 390/390 loss=16.7763 lr=0.00478428
Tiny epoch 1034/2000 iteration 50/390 loss=16.8551 lr=0.00478327
Tiny epoch 1034/2000 iteration 100/390 loss=16.6730 lr=0.00478226
Tiny epoch 1034/2000 iteration 150/390 loss=16.8562 lr=0.00478125
Tiny epoch 1034/2000 iteration 200/390 loss=16.9240 lr=0.00478024
Tiny epoch 1034/2000 iteration 250/390 loss=16.7892 lr=0.00477923
Tiny epoch 1034/2000 iteration 300/390 loss=16.9064 lr=0.00477822
Tiny epoch 1034/2000 iteration 350/390 loss=16.8914 lr=0.00477721
Tiny epoch 1034/2000 iteration 390/390 loss=16.8718 lr=0.0047764
Tiny epoch 1035/2000 iteration 50/390 loss=16.7780 lr=0.00477539
Tiny epoch 1035/2000 iteration 100/390 loss=16.7402 lr=0.00477438
Tiny epoch 1035/2000 iteration 150/390 loss=16.7717 lr=0.00477337
Tiny epoch 1035/2000 iteration 200/390 loss=16.7847 lr=0.00477236
Tiny epoch 1035/2000 iteration 250/390 loss=16.7121 lr=0.00477135
Tiny epoch 1035/2000 iteration 300/390 loss=16.6940 lr=0.00477034
Tiny epoch 1035/2000 iteration 350/390 loss=16.7267 lr=0.00476933
Tiny epoch 1035/2000 iteration 390/390 loss=16.7770 lr=0.00476852
Tiny epoch 1036/2000 iteration 50/390 loss=16.4587 lr=0.00476751
Tiny epoch 1036/2000 iteration 100/390 loss=16.6485 lr=0.0047665
Tiny epoch 1036/2000 iteration 150/390 loss=16.7126 lr=0.00476549
Tiny epoch 1036/2000 iteration 200/390 loss=16.7899 lr=0.00476448
Tiny epoch 1036/2000 iteration 250/390 loss=16.7428 lr=0.00476347
Tiny epoch 1036/2000 iteration 300/390 loss=16.7576 lr=0.00476246
Tiny epoch 1036/2000 iteration 350/390 loss=16.7273 lr=0.00476145
Tiny epoch 1036/2000 iteration 390/390 loss=16.6892 lr=0.00476065
Tiny epoch 1037/2000 iteration 50/390 loss=16.4068 lr=0.00475964
Tiny epoch 1037/2000 iteration 100/390 loss=16.2383 lr=0.00475863
Tiny epoch 1037/2000 iteration 150/390 loss=16.3402 lr=0.00475762
Tiny epoch 1037/2000 iteration 200/390 loss=16.5072 lr=0.00475661
Tiny epoch 1037/2000 iteration 250/390 loss=16.5426 lr=0.0047556
Tiny epoch 1037/2000 iteration 300/390 loss=16.5624 lr=0.00475459
Tiny epoch 1037/2000 iteration 350/390 loss=16.5256 lr=0.00475358
Tiny epoch 1037/2000 iteration 390/390 loss=16.5953 lr=0.00475277
Tiny epoch 1038/2000 iteration 50/390 loss=16.5753 lr=0.00475176
Tiny epoch 1038/2000 iteration 100/390 loss=16.4591 lr=0.00475075
Tiny epoch 1038/2000 iteration 150/390 loss=16.5896 lr=0.00474974
Tiny epoch 1038/2000 iteration 200/390 loss=16.6546 lr=0.00474873
Tiny epoch 1038/2000 iteration 250/390 loss=16.7206 lr=0.00474772
Tiny epoch 1038/2000 iteration 300/390 loss=16.7211 lr=0.00474671
Tiny epoch 1038/2000 iteration 350/390 loss=16.7446 lr=0.0047457
Tiny epoch 1038/2000 iteration 390/390 loss=16.7499 lr=0.00474489
Tiny epoch 1039/2000 iteration 50/390 loss=17.0509 lr=0.00474388
Tiny epoch 1039/2000 iteration 100/390 loss=16.9291 lr=0.00474288
Tiny epoch 1039/2000 iteration 150/390 loss=16.8981 lr=0.00474187
Tiny epoch 1039/2000 iteration 200/390 loss=16.8027 lr=0.00474086
Tiny epoch 1039/2000 iteration 250/390 loss=16.8174 lr=0.00473985
Tiny epoch 1039/2000 iteration 300/390 loss=16.8061 lr=0.00473884
Tiny epoch 1039/2000 iteration 350/390 loss=16.8713 lr=0.00473783
Tiny epoch 1039/2000 iteration 390/390 loss=16.8420 lr=0.00473702
Tiny epoch 1040/2000 iteration 50/390 loss=16.2025 lr=0.00473601
Tiny epoch 1040/2000 iteration 100/390 loss=16.4546 lr=0.004735
Tiny epoch 1040/2000 iteration 150/390 loss=16.5315 lr=0.00473399
Tiny epoch 1040/2000 iteration 200/390 loss=16.5670 lr=0.00473298
Tiny epoch 1040/2000 iteration 250/390 loss=16.6283 lr=0.00473197
Tiny epoch 1040/2000 iteration 300/390 loss=16.6367 lr=0.00473096
Tiny epoch 1040/2000 iteration 350/390 loss=16.6648 lr=0.00472995
Tiny epoch 1040/2000 iteration 390/390 loss=16.6680 lr=0.00472915
[epoch 1040/2000] saved backbone: /home/mmoslem3/scratch/MKDT/krrst_teacher_ckpt/barlow_twins_resnet18_tinyimagenet.pt
Tiny epoch 1041/2000 iteration 50/390 loss=16.3157 lr=0.00472814
Tiny epoch 1041/2000 iteration 100/390 loss=16.4882 lr=0.00472713
Tiny epoch 1041/2000 iteration 150/390 loss=16.4440 lr=0.00472612
Tiny epoch 1041/2000 iteration 200/390 loss=16.5427 lr=0.00472511
Tiny epoch 1041/2000 iteration 250/390 loss=16.4485 lr=0.0047241
Tiny epoch 1041/2000 iteration 300/390 loss=16.4699 lr=0.00472309
Tiny epoch 1041/2000 iteration 350/390 loss=16.5012 lr=0.00472208
Tiny epoch 1041/2000 iteration 390/390 loss=16.5864 lr=0.00472127
Tiny epoch 1042/2000 iteration 50/390 loss=16.7603 lr=0.00472026
Tiny epoch 1042/2000 iteration 100/390 loss=16.6479 lr=0.00471925
Tiny epoch 1042/2000 iteration 150/390 loss=16.6237 lr=0.00471824
Tiny epoch 1042/2000 iteration 200/390 loss=16.5161 lr=0.00471724
Tiny epoch 1042/2000 iteration 250/390 loss=16.4744 lr=0.00471623
Tiny epoch 1042/2000 iteration 300/390 loss=16.4459 lr=0.00471522
Tiny epoch 1042/2000 iteration 350/390 loss=16.4208 lr=0.00471421
Tiny epoch 1042/2000 iteration 390/390 loss=16.4487 lr=0.0047134
Tiny epoch 1043/2000 iteration 50/390 loss=16.2978 lr=0.00471239
Tiny epoch 1043/2000 iteration 100/390 loss=16.3098 lr=0.00471138
Tiny epoch 1043/2000 iteration 150/390 loss=16.3345 lr=0.00471037
Tiny epoch 1043/2000 iteration 200/390 loss=16.4684 lr=0.00470936
Tiny epoch 1043/2000 iteration 250/390 loss=16.4817 lr=0.00470835
Tiny epoch 1043/2000 iteration 300/390 loss=16.4830 lr=0.00470735
Tiny epoch 1043/2000 iteration 350/390 loss=16.4820 lr=0.00470634
Tiny epoch 1043/2000 iteration 390/390 loss=16.4946 lr=0.00470553
Tiny epoch 1044/2000 iteration 50/390 loss=16.1211 lr=0.00470452
Tiny epoch 1044/2000 iteration 100/390 loss=16.3549 lr=0.00470351
Tiny epoch 1044/2000 iteration 150/390 loss=16.6028 lr=0.0047025
Tiny epoch 1044/2000 iteration 200/390 loss=16.6299 lr=0.00470149
Tiny epoch 1044/2000 iteration 250/390 loss=16.6678 lr=0.00470048
Tiny epoch 1044/2000 iteration 300/390 loss=16.6989 lr=0.00469947
Tiny epoch 1044/2000 iteration 350/390 loss=16.7402 lr=0.00469846
Tiny epoch 1044/2000 iteration 390/390 loss=16.7402 lr=0.00469766
Tiny epoch 1045/2000 iteration 50/390 loss=16.2275 lr=0.00469665
Tiny epoch 1045/2000 iteration 100/390 loss=16.3649 lr=0.00469564
Tiny epoch 1045/2000 iteration 150/390 loss=16.4523 lr=0.00469463
Tiny epoch 1045/2000 iteration 200/390 loss=16.5965 lr=0.00469362
Tiny epoch 1045/2000 iteration 250/390 loss=16.6310 lr=0.00469261
Tiny epoch 1045/2000 iteration 300/390 loss=16.6466 lr=0.0046916
Tiny epoch 1045/2000 iteration 350/390 loss=16.6450 lr=0.00469059
Tiny epoch 1045/2000 iteration 390/390 loss=16.6529 lr=0.00468979
Tiny epoch 1046/2000 iteration 50/390 loss=16.2895 lr=0.00468878
Tiny epoch 1046/2000 iteration 100/390 loss=16.6144 lr=0.00468777
Tiny epoch 1046/2000 iteration 150/390 loss=16.5744 lr=0.00468676
Tiny epoch 1046/2000 iteration 200/390 loss=16.5956 lr=0.00468575
Tiny epoch 1046/2000 iteration 250/390 loss=16.5841 lr=0.00468474
Tiny epoch 1046/2000 iteration 300/390 loss=16.5560 lr=0.00468373
Tiny epoch 1046/2000 iteration 350/390 loss=16.6641 lr=0.00468273
Tiny epoch 1046/2000 iteration 390/390 loss=16.7121 lr=0.00468192
Tiny epoch 1047/2000 iteration 50/390 loss=16.6305 lr=0.00468091
Tiny epoch 1047/2000 iteration 100/390 loss=16.7113 lr=0.0046799
Tiny epoch 1047/2000 iteration 150/390 loss=16.7140 lr=0.00467889
Tiny epoch 1047/2000 iteration 200/390 loss=16.7939 lr=0.00467788
Tiny epoch 1047/2000 iteration 250/390 loss=16.7419 lr=0.00467687
Tiny epoch 1047/2000 iteration 300/390 loss=16.7254 lr=0.00467587
Tiny epoch 1047/2000 iteration 350/390 loss=16.6761 lr=0.00467486
Tiny epoch 1047/2000 iteration 390/390 loss=16.6720 lr=0.00467405
Tiny epoch 1048/2000 iteration 50/390 loss=16.6122 lr=0.00467304
Tiny epoch 1048/2000 iteration 100/390 loss=16.4954 lr=0.00467203
Tiny epoch 1048/2000 iteration 150/390 loss=16.6201 lr=0.00467102
Tiny epoch 1048/2000 iteration 200/390 loss=16.5238 lr=0.00467001
Tiny epoch 1048/2000 iteration 250/390 loss=16.5041 lr=0.00466901
Tiny epoch 1048/2000 iteration 300/390 loss=16.5189 lr=0.004668
Tiny epoch 1048/2000 iteration 350/390 loss=16.5589 lr=0.00466699
Tiny epoch 1048/2000 iteration 390/390 loss=16.5483 lr=0.00466618
Tiny epoch 1049/2000 iteration 50/390 loss=17.1993 lr=0.00466517
Tiny epoch 1049/2000 iteration 100/390 loss=16.7877 lr=0.00466416
Tiny epoch 1049/2000 iteration 150/390 loss=16.7908 lr=0.00466316
Tiny epoch 1049/2000 iteration 200/390 loss=16.7756 lr=0.00466215
Tiny epoch 1049/2000 iteration 250/390 loss=16.7868 lr=0.00466114
Tiny epoch 1049/2000 iteration 300/390 loss=16.7289 lr=0.00466013
Tiny epoch 1049/2000 iteration 350/390 loss=16.7711 lr=0.00465912
Tiny epoch 1049/2000 iteration 390/390 loss=16.7788 lr=0.00465831
Tiny epoch 1050/2000 iteration 50/390 loss=16.8765 lr=0.00465731
Tiny epoch 1050/2000 iteration 100/390 loss=16.5503 lr=0.0046563
Tiny epoch 1050/2000 iteration 150/390 loss=16.6758 lr=0.00465529
Tiny epoch 1050/2000 iteration 200/390 loss=16.6341 lr=0.00465428
Tiny epoch 1050/2000 iteration 250/390 loss=16.6974 lr=0.00465327
Tiny epoch 1050/2000 iteration 300/390 loss=16.6963 lr=0.00465226
Tiny epoch 1050/2000 iteration 350/390 loss=16.6616 lr=0.00465126
Tiny epoch 1050/2000 iteration 390/390 loss=16.6287 lr=0.00465045
[epoch 1050/2000] saved backbone: /home/mmoslem3/scratch/MKDT/krrst_teacher_ckpt/barlow_twins_resnet18_tinyimagenet.pt
Tiny epoch 1051/2000 iteration 50/390 loss=16.6569 lr=0.00464944
Tiny epoch 1051/2000 iteration 100/390 loss=16.4313 lr=0.00464843
Tiny epoch 1051/2000 iteration 150/390 loss=16.4570 lr=0.00464742
Tiny epoch 1051/2000 iteration 200/390 loss=16.4880 lr=0.00464641
Tiny epoch 1051/2000 iteration 250/390 loss=16.5118 lr=0.00464541
Tiny epoch 1051/2000 iteration 300/390 loss=16.5210 lr=0.0046444
Tiny epoch 1051/2000 iteration 350/390 loss=16.5274 lr=0.00464339
Tiny epoch 1051/2000 iteration 390/390 loss=16.5564 lr=0.00464258
Tiny epoch 1052/2000 iteration 50/390 loss=16.3282 lr=0.00464157
Tiny epoch 1052/2000 iteration 100/390 loss=16.4355 lr=0.00464057
Tiny epoch 1052/2000 iteration 150/390 loss=16.5519 lr=0.00463956
Tiny epoch 1052/2000 iteration 200/390 loss=16.5503 lr=0.00463855
Tiny epoch 1052/2000 iteration 250/390 loss=16.6197 lr=0.00463754
Tiny epoch 1052/2000 iteration 300/390 loss=16.6176 lr=0.00463653
Tiny epoch 1052/2000 iteration 350/390 loss=16.6576 lr=0.00463553
Tiny epoch 1052/2000 iteration 390/390 loss=16.6164 lr=0.00463472
Tiny epoch 1053/2000 iteration 50/390 loss=16.4549 lr=0.00463371
Tiny epoch 1053/2000 iteration 100/390 loss=16.2608 lr=0.0046327
Tiny epoch 1053/2000 iteration 150/390 loss=16.3780 lr=0.00463169
Tiny epoch 1053/2000 iteration 200/390 loss=16.5521 lr=0.00463069
Tiny epoch 1053/2000 iteration 250/390 loss=16.5235 lr=0.00462968
Tiny epoch 1053/2000 iteration 300/390 loss=16.5602 lr=0.00462867
Tiny epoch 1053/2000 iteration 350/390 loss=16.5799 lr=0.00462766
Tiny epoch 1053/2000 iteration 390/390 loss=16.6323 lr=0.00462686
Tiny epoch 1054/2000 iteration 50/390 loss=16.3649 lr=0.00462585
Tiny epoch 1054/2000 iteration 100/390 loss=16.5378 lr=0.00462484
Tiny epoch 1054/2000 iteration 150/390 loss=16.4649 lr=0.00462383
Tiny epoch 1054/2000 iteration 200/390 loss=16.3800 lr=0.00462282
Tiny epoch 1054/2000 iteration 250/390 loss=16.4838 lr=0.00462182
Tiny epoch 1054/2000 iteration 300/390 loss=16.5613 lr=0.00462081
Tiny epoch 1054/2000 iteration 350/390 loss=16.6015 lr=0.0046198
Tiny epoch 1054/2000 iteration 390/390 loss=16.5664 lr=0.00461899
Tiny epoch 1055/2000 iteration 50/390 loss=15.9897 lr=0.00461799
Tiny epoch 1055/2000 iteration 100/390 loss=16.3236 lr=0.00461698
Tiny epoch 1055/2000 iteration 150/390 loss=16.3424 lr=0.00461597
Tiny epoch 1055/2000 iteration 200/390 loss=16.3687 lr=0.00461496
Tiny epoch 1055/2000 iteration 250/390 loss=16.3478 lr=0.00461395
Tiny epoch 1055/2000 iteration 300/390 loss=16.4326 lr=0.00461295
Tiny epoch 1055/2000 iteration 350/390 loss=16.4790 lr=0.00461194
Tiny epoch 1055/2000 iteration 390/390 loss=16.4773 lr=0.00461113
Tiny epoch 1056/2000 iteration 50/390 loss=16.3076 lr=0.00461012
Tiny epoch 1056/2000 iteration 100/390 loss=16.4175 lr=0.00460912
Tiny epoch 1056/2000 iteration 150/390 loss=16.5363 lr=0.00460811
Tiny epoch 1056/2000 iteration 200/390 loss=16.5392 lr=0.0046071
Tiny epoch 1056/2000 iteration 250/390 loss=16.5050 lr=0.00460609
Tiny epoch 1056/2000 iteration 300/390 loss=16.5315 lr=0.00460508
Tiny epoch 1056/2000 iteration 350/390 loss=16.5676 lr=0.00460408
Tiny epoch 1056/2000 iteration 390/390 loss=16.5677 lr=0.00460327
Tiny epoch 1057/2000 iteration 50/390 loss=16.6067 lr=0.00460226
Tiny epoch 1057/2000 iteration 100/390 loss=16.7747 lr=0.00460126
Tiny epoch 1057/2000 iteration 150/390 loss=16.7008 lr=0.00460025
Tiny epoch 1057/2000 iteration 200/390 loss=16.5017 lr=0.00459924
Tiny epoch 1057/2000 iteration 250/390 loss=16.4744 lr=0.00459823
Tiny epoch 1057/2000 iteration 300/390 loss=16.4745 lr=0.00459723
Tiny epoch 1057/2000 iteration 350/390 loss=16.4883 lr=0.00459622
Tiny epoch 1057/2000 iteration 390/390 loss=16.5376 lr=0.00459541
Tiny epoch 1058/2000 iteration 50/390 loss=16.7189 lr=0.0045944
Tiny epoch 1058/2000 iteration 100/390 loss=16.6090 lr=0.0045934
Tiny epoch 1058/2000 iteration 150/390 loss=16.4137 lr=0.00459239
Tiny epoch 1058/2000 iteration 200/390 loss=16.3660 lr=0.00459138
Tiny epoch 1058/2000 iteration 250/390 loss=16.4391 lr=0.00459037
Tiny epoch 1058/2000 iteration 300/390 loss=16.4875 lr=0.00458937
Tiny epoch 1058/2000 iteration 350/390 loss=16.5283 lr=0.00458836
Tiny epoch 1058/2000 iteration 390/390 loss=16.5814 lr=0.00458755
Tiny epoch 1059/2000 iteration 50/390 loss=16.5036 lr=0.00458655
Tiny epoch 1059/2000 iteration 100/390 loss=16.3243 lr=0.00458554
Tiny epoch 1059/2000 iteration 150/390 loss=16.5496 lr=0.00458453
Tiny epoch 1059/2000 iteration 200/390 loss=16.6734 lr=0.00458352
Tiny epoch 1059/2000 iteration 250/390 loss=16.6292 lr=0.00458252
Tiny epoch 1059/2000 iteration 300/390 loss=16.6937 lr=0.00458151
Tiny epoch 1059/2000 iteration 350/390 loss=16.6956 lr=0.0045805
Tiny epoch 1059/2000 iteration 390/390 loss=16.6729 lr=0.0045797
Tiny epoch 1060/2000 iteration 50/390 loss=16.5429 lr=0.00457869
Tiny epoch 1060/2000 iteration 100/390 loss=16.4687 lr=0.00457768
Tiny epoch 1060/2000 iteration 150/390 loss=16.2984 lr=0.00457667
Tiny epoch 1060/2000 iteration 200/390 loss=16.3241 lr=0.00457567
Tiny epoch 1060/2000 iteration 250/390 loss=16.4419 lr=0.00457466
Tiny epoch 1060/2000 iteration 300/390 loss=16.5350 lr=0.00457365
Tiny epoch 1060/2000 iteration 350/390 loss=16.5526 lr=0.00457264
Tiny epoch 1060/2000 iteration 390/390 loss=16.6031 lr=0.00457184
[epoch 1060/2000] saved backbone: /home/mmoslem3/scratch/MKDT/krrst_teacher_ckpt/barlow_twins_resnet18_tinyimagenet.pt
Tiny epoch 1061/2000 iteration 50/390 loss=16.7126 lr=0.00457083
Tiny epoch 1061/2000 iteration 100/390 loss=16.3665 lr=0.00456982
Tiny epoch 1061/2000 iteration 150/390 loss=16.3768 lr=0.00456882
Tiny epoch 1061/2000 iteration 200/390 loss=16.4493 lr=0.00456781
Tiny epoch 1061/2000 iteration 250/390 loss=16.4579 lr=0.0045668
Tiny epoch 1061/2000 iteration 300/390 loss=16.4613 lr=0.0045658
Tiny epoch 1061/2000 iteration 350/390 loss=16.4120 lr=0.00456479
Tiny epoch 1061/2000 iteration 390/390 loss=16.4338 lr=0.00456398
Tiny epoch 1062/2000 iteration 50/390 loss=16.1467 lr=0.00456298
Tiny epoch 1062/2000 iteration 100/390 loss=16.3803 lr=0.00456197
Tiny epoch 1062/2000 iteration 150/390 loss=16.4920 lr=0.00456096
Tiny epoch 1062/2000 iteration 200/390 loss=16.4918 lr=0.00455996
Tiny epoch 1062/2000 iteration 250/390 loss=16.5289 lr=0.00455895
Tiny epoch 1062/2000 iteration 300/390 loss=16.5281 lr=0.00455794
Tiny epoch 1062/2000 iteration 350/390 loss=16.5901 lr=0.00455694
Tiny epoch 1062/2000 iteration 390/390 loss=16.5519 lr=0.00455613
Tiny epoch 1063/2000 iteration 50/390 loss=16.3981 lr=0.00455512
Tiny epoch 1063/2000 iteration 100/390 loss=16.3878 lr=0.00455412
Tiny epoch 1063/2000 iteration 150/390 loss=16.3202 lr=0.00455311
Tiny epoch 1063/2000 iteration 200/390 loss=16.3649 lr=0.0045521
Tiny epoch 1063/2000 iteration 250/390 loss=16.3907 lr=0.0045511
Tiny epoch 1063/2000 iteration 300/390 loss=16.3885 lr=0.00455009
Tiny epoch 1063/2000 iteration 350/390 loss=16.4659 lr=0.00454908
Tiny epoch 1063/2000 iteration 390/390 loss=16.4669 lr=0.00454828
Tiny epoch 1064/2000 iteration 50/390 loss=16.2097 lr=0.00454727
Tiny epoch 1064/2000 iteration 100/390 loss=16.6561 lr=0.00454626
Tiny epoch 1064/2000 iteration 150/390 loss=16.6971 lr=0.00454526
Tiny epoch 1064/2000 iteration 200/390 loss=16.7195 lr=0.00454425
Tiny epoch 1064/2000 iteration 250/390 loss=16.6805 lr=0.00454324
Tiny epoch 1064/2000 iteration 300/390 loss=16.7450 lr=0.00454224
Tiny epoch 1064/2000 iteration 350/390 loss=16.7106 lr=0.00454123
Tiny epoch 1064/2000 iteration 390/390 loss=16.7726 lr=0.00454042
Tiny epoch 1065/2000 iteration 50/390 loss=16.8103 lr=0.00453942
Tiny epoch 1065/2000 iteration 100/390 loss=16.6883 lr=0.00453841
Tiny epoch 1065/2000 iteration 150/390 loss=16.5594 lr=0.0045374
Tiny epoch 1065/2000 iteration 200/390 loss=16.4424 lr=0.0045364
Tiny epoch 1065/2000 iteration 250/390 loss=16.5145 lr=0.00453539
Tiny epoch 1065/2000 iteration 300/390 loss=16.5035 lr=0.00453439
Tiny epoch 1065/2000 iteration 350/390 loss=16.4397 lr=0.00453338
Tiny epoch 1065/2000 iteration 390/390 loss=16.4767 lr=0.00453257
Tiny epoch 1066/2000 iteration 50/390 loss=16.4874 lr=0.00453157
Tiny epoch 1066/2000 iteration 100/390 loss=16.4708 lr=0.00453056
Tiny epoch 1066/2000 iteration 150/390 loss=16.3953 lr=0.00452955
Tiny epoch 1066/2000 iteration 200/390 loss=16.3776 lr=0.00452855
Tiny epoch 1066/2000 iteration 250/390 loss=16.4745 lr=0.00452754
Tiny epoch 1066/2000 iteration 300/390 loss=16.4468 lr=0.00452654
Tiny epoch 1066/2000 iteration 350/390 loss=16.3924 lr=0.00452553
Tiny epoch 1066/2000 iteration 390/390 loss=16.4213 lr=0.00452472
Tiny epoch 1067/2000 iteration 50/390 loss=15.9046 lr=0.00452372
Tiny epoch 1067/2000 iteration 100/390 loss=16.0489 lr=0.00452271
Tiny epoch 1067/2000 iteration 150/390 loss=16.1309 lr=0.00452171
Tiny epoch 1067/2000 iteration 200/390 loss=16.2710 lr=0.0045207
Tiny epoch 1067/2000 iteration 250/390 loss=16.3178 lr=0.00451969
Tiny epoch 1067/2000 iteration 300/390 loss=16.3250 lr=0.00451869
Tiny epoch 1067/2000 iteration 350/390 loss=16.3661 lr=0.00451768
Tiny epoch 1067/2000 iteration 390/390 loss=16.4441 lr=0.00451688
Tiny epoch 1068/2000 iteration 50/390 loss=15.9523 lr=0.00451587
Tiny epoch 1068/2000 iteration 100/390 loss=16.1267 lr=0.00451486
Tiny epoch 1068/2000 iteration 150/390 loss=16.3461 lr=0.00451386
Tiny epoch 1068/2000 iteration 200/390 loss=16.5424 lr=0.00451285
Tiny epoch 1068/2000 iteration 250/390 loss=16.5117 lr=0.00451185
Tiny epoch 1068/2000 iteration 300/390 loss=16.4501 lr=0.00451084
Tiny epoch 1068/2000 iteration 350/390 loss=16.3919 lr=0.00450983
Tiny epoch 1068/2000 iteration 390/390 loss=16.3975 lr=0.00450903
Tiny epoch 1069/2000 iteration 50/390 loss=16.4075 lr=0.00450802
Tiny epoch 1069/2000 iteration 100/390 loss=16.3894 lr=0.00450702
Tiny epoch 1069/2000 iteration 150/390 loss=16.5734 lr=0.00450601
Tiny epoch 1069/2000 iteration 200/390 loss=16.5712 lr=0.004505
Tiny epoch 1069/2000 iteration 250/390 loss=16.5939 lr=0.004504
Tiny epoch 1069/2000 iteration 300/390 loss=16.6492 lr=0.00450299
Tiny epoch 1069/2000 iteration 350/390 loss=16.6438 lr=0.00450199
Tiny epoch 1069/2000 iteration 390/390 loss=16.6381 lr=0.00450118
Tiny epoch 1070/2000 iteration 50/390 loss=16.1967 lr=0.00450018
Tiny epoch 1070/2000 iteration 100/390 loss=16.1754 lr=0.00449917
Tiny epoch 1070/2000 iteration 150/390 loss=16.3872 lr=0.00449817
Tiny epoch 1070/2000 iteration 200/390 loss=16.4447 lr=0.00449716
Tiny epoch 1070/2000 iteration 250/390 loss=16.3923 lr=0.00449615
Tiny epoch 1070/2000 iteration 300/390 loss=16.3256 lr=0.00449515
Tiny epoch 1070/2000 iteration 350/390 loss=16.3843 lr=0.00449414
Tiny epoch 1070/2000 iteration 390/390 loss=16.3482 lr=0.00449334
[epoch 1070/2000] saved backbone: /home/mmoslem3/scratch/MKDT/krrst_teacher_ckpt/barlow_twins_resnet18_tinyimagenet.pt
Tiny epoch 1071/2000 iteration 50/390 loss=16.4839 lr=0.00449233
Tiny epoch 1071/2000 iteration 100/390 loss=16.5993 lr=0.00449133
Tiny epoch 1071/2000 iteration 150/390 loss=16.5141 lr=0.00449032
Tiny epoch 1071/2000 iteration 200/390 loss=16.5134 lr=0.00448932
Tiny epoch 1071/2000 iteration 250/390 loss=16.4348 lr=0.00448831
Tiny epoch 1071/2000 iteration 300/390 loss=16.4515 lr=0.0044873
Tiny epoch 1071/2000 iteration 350/390 loss=16.5050 lr=0.0044863
Tiny epoch 1071/2000 iteration 390/390 loss=16.4517 lr=0.00448549
Tiny epoch 1072/2000 iteration 50/390 loss=15.9209 lr=0.00448449
Tiny epoch 1072/2000 iteration 100/390 loss=16.0715 lr=0.00448348
Tiny epoch 1072/2000 iteration 150/390 loss=16.1567 lr=0.00448248
Tiny epoch 1072/2000 iteration 200/390 loss=16.1473 lr=0.00448147
Tiny epoch 1072/2000 iteration 250/390 loss=16.1620 lr=0.00448047
Tiny epoch 1072/2000 iteration 300/390 loss=16.1625 lr=0.00447946
Tiny epoch 1072/2000 iteration 350/390 loss=16.2583 lr=0.00447846
Tiny epoch 1072/2000 iteration 390/390 loss=16.2720 lr=0.00447765
Tiny epoch 1073/2000 iteration 50/390 loss=16.1923 lr=0.00447665
Tiny epoch 1073/2000 iteration 100/390 loss=16.3638 lr=0.00447564
Tiny epoch 1073/2000 iteration 150/390 loss=16.4351 lr=0.00447464
Tiny epoch 1073/2000 iteration 200/390 loss=16.4650 lr=0.00447363
Tiny epoch 1073/2000 iteration 250/390 loss=16.4808 lr=0.00447263
Tiny epoch 1073/2000 iteration 300/390 loss=16.4990 lr=0.00447162
Tiny epoch 1073/2000 iteration 350/390 loss=16.4895 lr=0.00447062
Tiny epoch 1073/2000 iteration 390/390 loss=16.4731 lr=0.00446981
Tiny epoch 1074/2000 iteration 50/390 loss=16.1953 lr=0.00446881
Tiny epoch 1074/2000 iteration 100/390 loss=16.3193 lr=0.0044678
Tiny epoch 1074/2000 iteration 150/390 loss=16.1594 lr=0.0044668
Tiny epoch 1074/2000 iteration 200/390 loss=16.2029 lr=0.00446579
Tiny epoch 1074/2000 iteration 250/390 loss=16.2173 lr=0.00446479
Tiny epoch 1074/2000 iteration 300/390 loss=16.2809 lr=0.00446378
Tiny epoch 1074/2000 iteration 350/390 loss=16.3328 lr=0.00446278
Tiny epoch 1074/2000 iteration 390/390 loss=16.3527 lr=0.00446197
Tiny epoch 1075/2000 iteration 50/390 loss=15.9554 lr=0.00446097
Tiny epoch 1075/2000 iteration 100/390 loss=16.0489 lr=0.00445996
Tiny epoch 1075/2000 iteration 150/390 loss=16.1074 lr=0.00445896
Tiny epoch 1075/2000 iteration 200/390 loss=16.0911 lr=0.00445795
Tiny epoch 1075/2000 iteration 250/390 loss=16.2458 lr=0.00445695
Tiny epoch 1075/2000 iteration 300/390 loss=16.2952 lr=0.00445594
Tiny epoch 1075/2000 iteration 350/390 loss=16.2993 lr=0.00445494
Tiny epoch 1075/2000 iteration 390/390 loss=16.3341 lr=0.00445413
Tiny epoch 1076/2000 iteration 50/390 loss=16.1380 lr=0.00445313
Tiny epoch 1076/2000 iteration 100/390 loss=16.0575 lr=0.00445212
Tiny epoch 1076/2000 iteration 150/390 loss=16.1402 lr=0.00445112
Tiny epoch 1076/2000 iteration 200/390 loss=16.2499 lr=0.00445011
Tiny epoch 1076/2000 iteration 250/390 loss=16.2387 lr=0.00444911
Tiny epoch 1076/2000 iteration 300/390 loss=16.3286 lr=0.00444811
Tiny epoch 1076/2000 iteration 350/390 loss=16.3499 lr=0.0044471
Tiny epoch 1076/2000 iteration 390/390 loss=16.3083 lr=0.0044463
Tiny epoch 1077/2000 iteration 50/390 loss=16.6998 lr=0.00444529
Tiny epoch 1077/2000 iteration 100/390 loss=16.4290 lr=0.00444429
Tiny epoch 1077/2000 iteration 150/390 loss=16.3982 lr=0.00444328
Tiny epoch 1077/2000 iteration 200/390 loss=16.4541 lr=0.00444228
Tiny epoch 1077/2000 iteration 250/390 loss=16.4432 lr=0.00444127
Tiny epoch 1077/2000 iteration 300/390 loss=16.4586 lr=0.00444027
Tiny epoch 1077/2000 iteration 350/390 loss=16.4450 lr=0.00443927
Tiny epoch 1077/2000 iteration 390/390 loss=16.4163 lr=0.00443846
Tiny epoch 1078/2000 iteration 50/390 loss=16.5236 lr=0.00443746
Tiny epoch 1078/2000 iteration 100/390 loss=16.5238 lr=0.00443645
Tiny epoch 1078/2000 iteration 150/390 loss=16.4985 lr=0.00443545
Tiny epoch 1078/2000 iteration 200/390 loss=16.4869 lr=0.00443444
Tiny epoch 1078/2000 iteration 250/390 loss=16.4749 lr=0.00443344
Tiny epoch 1078/2000 iteration 300/390 loss=16.3788 lr=0.00443244
Tiny epoch 1078/2000 iteration 350/390 loss=16.3687 lr=0.00443143
Tiny epoch 1078/2000 iteration 390/390 loss=16.3370 lr=0.00443063
Tiny epoch 1079/2000 iteration 50/390 loss=17.0071 lr=0.00442962
Tiny epoch 1079/2000 iteration 100/390 loss=16.9327 lr=0.00442862
Tiny epoch 1079/2000 iteration 150/390 loss=16.7061 lr=0.00442762
Tiny epoch 1079/2000 iteration 200/390 loss=16.6740 lr=0.00442661
Tiny epoch 1079/2000 iteration 250/390 loss=16.5695 lr=0.00442561
Tiny epoch 1079/2000 iteration 300/390 loss=16.5386 lr=0.0044246
Tiny epoch 1079/2000 iteration 350/390 loss=16.5218 lr=0.0044236
Tiny epoch 1079/2000 iteration 390/390 loss=16.4645 lr=0.0044228
Tiny epoch 1080/2000 iteration 50/390 loss=16.7494 lr=0.00442179
Tiny epoch 1080/2000 iteration 100/390 loss=16.6069 lr=0.00442079
Tiny epoch 1080/2000 iteration 150/390 loss=16.5706 lr=0.00441978
Tiny epoch 1080/2000 iteration 200/390 loss=16.5753 lr=0.00441878
Tiny epoch 1080/2000 iteration 250/390 loss=16.5528 lr=0.00441778
Tiny epoch 1080/2000 iteration 300/390 loss=16.4938 lr=0.00441677
Tiny epoch 1080/2000 iteration 350/390 loss=16.5011 lr=0.00441577
Tiny epoch 1080/2000 iteration 390/390 loss=16.4810 lr=0.00441496
[epoch 1080/2000] saved backbone: /home/mmoslem3/scratch/MKDT/krrst_teacher_ckpt/barlow_twins_resnet18_tinyimagenet.pt
Tiny epoch 1081/2000 iteration 50/390 loss=16.0611 lr=0.00441396
Tiny epoch 1081/2000 iteration 100/390 loss=16.0278 lr=0.00441296
Tiny epoch 1081/2000 iteration 150/390 loss=16.1162 lr=0.00441195
Tiny epoch 1081/2000 iteration 200/390 loss=16.3105 lr=0.00441095
Tiny epoch 1081/2000 iteration 250/390 loss=16.3504 lr=0.00440995
Tiny epoch 1081/2000 iteration 300/390 loss=16.4067 lr=0.00440894
Tiny epoch 1081/2000 iteration 350/390 loss=16.4433 lr=0.00440794
Tiny epoch 1081/2000 iteration 390/390 loss=16.4081 lr=0.00440713
Tiny epoch 1082/2000 iteration 50/390 loss=15.8966 lr=0.00440613
Tiny epoch 1082/2000 iteration 100/390 loss=15.8961 lr=0.00440513
Tiny epoch 1082/2000 iteration 150/390 loss=15.9955 lr=0.00440412
Tiny epoch 1082/2000 iteration 200/390 loss=16.2054 lr=0.00440312
Tiny epoch 1082/2000 iteration 250/390 loss=16.2777 lr=0.00440212
Tiny epoch 1082/2000 iteration 300/390 loss=16.3058 lr=0.00440111
Tiny epoch 1082/2000 iteration 350/390 loss=16.2893 lr=0.00440011
Tiny epoch 1082/2000 iteration 390/390 loss=16.3476 lr=0.00439931
Tiny epoch 1083/2000 iteration 50/390 loss=16.1738 lr=0.0043983
Tiny epoch 1083/2000 iteration 100/390 loss=16.2499 lr=0.0043973
Tiny epoch 1083/2000 iteration 150/390 loss=16.2510 lr=0.0043963
Tiny epoch 1083/2000 iteration 200/390 loss=16.2794 lr=0.00439529
Tiny epoch 1083/2000 iteration 250/390 loss=16.3800 lr=0.00439429
Tiny epoch 1083/2000 iteration 300/390 loss=16.3761 lr=0.00439329
Tiny epoch 1083/2000 iteration 350/390 loss=16.3383 lr=0.00439228
Tiny epoch 1083/2000 iteration 390/390 loss=16.3152 lr=0.00439148
Tiny epoch 1084/2000 iteration 50/390 loss=16.4221 lr=0.00439048
Tiny epoch 1084/2000 iteration 100/390 loss=16.2925 lr=0.00438947
Tiny epoch 1084/2000 iteration 150/390 loss=16.3001 lr=0.00438847
Tiny epoch 1084/2000 iteration 200/390 loss=16.3166 lr=0.00438747
Tiny epoch 1084/2000 iteration 250/390 loss=16.3267 lr=0.00438646
Tiny epoch 1084/2000 iteration 300/390 loss=16.3391 lr=0.00438546
Tiny epoch 1084/2000 iteration 350/390 loss=16.2914 lr=0.00438446
Tiny epoch 1084/2000 iteration 390/390 loss=16.3098 lr=0.00438365
Tiny epoch 1085/2000 iteration 50/390 loss=15.8403 lr=0.00438265
Tiny epoch 1085/2000 iteration 100/390 loss=15.9749 lr=0.00438165
Tiny epoch 1085/2000 iteration 150/390 loss=16.0363 lr=0.00438065
Tiny epoch 1085/2000 iteration 200/390 loss=16.1441 lr=0.00437964
Tiny epoch 1085/2000 iteration 250/390 loss=16.1695 lr=0.00437864
Tiny epoch 1085/2000 iteration 300/390 loss=16.2999 lr=0.00437764
Tiny epoch 1085/2000 iteration 350/390 loss=16.3548 lr=0.00437663
Tiny epoch 1085/2000 iteration 390/390 loss=16.3697 lr=0.00437583
Tiny epoch 1086/2000 iteration 50/390 loss=16.4547 lr=0.00437483
Tiny epoch 1086/2000 iteration 100/390 loss=16.3781 lr=0.00437383
Tiny epoch 1086/2000 iteration 150/390 loss=16.3338 lr=0.00437282
Tiny epoch 1086/2000 iteration 200/390 loss=16.3561 lr=0.00437182
Tiny epoch 1086/2000 iteration 250/390 loss=16.4173 lr=0.00437082
Tiny epoch 1086/2000 iteration 300/390 loss=16.3876 lr=0.00436981
Tiny epoch 1086/2000 iteration 350/390 loss=16.4194 lr=0.00436881
Tiny epoch 1086/2000 iteration 390/390 loss=16.3927 lr=0.00436801
Tiny epoch 1087/2000 iteration 50/390 loss=16.6125 lr=0.00436701
Tiny epoch 1087/2000 iteration 100/390 loss=16.2128 lr=0.004366
Tiny epoch 1087/2000 iteration 150/390 loss=16.0800 lr=0.004365
Tiny epoch 1087/2000 iteration 200/390 loss=16.1608 lr=0.004364
Tiny epoch 1087/2000 iteration 250/390 loss=16.2668 lr=0.004363
Tiny epoch 1087/2000 iteration 300/390 loss=16.1884 lr=0.00436199
Tiny epoch 1087/2000 iteration 350/390 loss=16.2487 lr=0.00436099
Tiny epoch 1087/2000 iteration 390/390 loss=16.2300 lr=0.00436019
Tiny epoch 1088/2000 iteration 50/390 loss=16.3983 lr=0.00435919
Tiny epoch 1088/2000 iteration 100/390 loss=16.0691 lr=0.00435818
Tiny epoch 1088/2000 iteration 150/390 loss=16.1299 lr=0.00435718
Tiny epoch 1088/2000 iteration 200/390 loss=16.1280 lr=0.00435618
Tiny epoch 1088/2000 iteration 250/390 loss=16.1584 lr=0.00435518
Tiny epoch 1088/2000 iteration 300/390 loss=16.1842 lr=0.00435417
Tiny epoch 1088/2000 iteration 350/390 loss=16.2071 lr=0.00435317
Tiny epoch 1088/2000 iteration 390/390 loss=16.2538 lr=0.00435237
Tiny epoch 1089/2000 iteration 50/390 loss=16.5938 lr=0.00435137
Tiny epoch 1089/2000 iteration 100/390 loss=16.3717 lr=0.00435037
Tiny epoch 1089/2000 iteration 150/390 loss=16.2879 lr=0.00434936
Tiny epoch 1089/2000 iteration 200/390 loss=16.2461 lr=0.00434836
Tiny epoch 1089/2000 iteration 250/390 loss=16.2708 lr=0.00434736
Tiny epoch 1089/2000 iteration 300/390 loss=16.3226 lr=0.00434636
Tiny epoch 1089/2000 iteration 350/390 loss=16.3544 lr=0.00434535
Tiny epoch 1089/2000 iteration 390/390 loss=16.3820 lr=0.00434455
Tiny epoch 1090/2000 iteration 50/390 loss=16.2506 lr=0.00434355
Tiny epoch 1090/2000 iteration 100/390 loss=16.1935 lr=0.00434255
Tiny epoch 1090/2000 iteration 150/390 loss=16.2770 lr=0.00434155
Tiny epoch 1090/2000 iteration 200/390 loss=16.3927 lr=0.00434054
Tiny epoch 1090/2000 iteration 250/390 loss=16.3063 lr=0.00433954
Tiny epoch 1090/2000 iteration 300/390 loss=16.3558 lr=0.00433854
Tiny epoch 1090/2000 iteration 350/390 loss=16.3166 lr=0.00433754
Tiny epoch 1090/2000 iteration 390/390 loss=16.3374 lr=0.00433674
[epoch 1090/2000] saved backbone: /home/mmoslem3/scratch/MKDT/krrst_teacher_ckpt/barlow_twins_resnet18_tinyimagenet.pt
Tiny epoch 1091/2000 iteration 50/390 loss=16.5504 lr=0.00433574
Tiny epoch 1091/2000 iteration 100/390 loss=16.6591 lr=0.00433473
Tiny epoch 1091/2000 iteration 150/390 loss=16.4245 lr=0.00433373
Tiny epoch 1091/2000 iteration 200/390 loss=16.2836 lr=0.00433273
Tiny epoch 1091/2000 iteration 250/390 loss=16.2792 lr=0.00433173
Tiny epoch 1091/2000 iteration 300/390 loss=16.2540 lr=0.00433073
Tiny epoch 1091/2000 iteration 350/390 loss=16.2612 lr=0.00432973
Tiny epoch 1091/2000 iteration 390/390 loss=16.2629 lr=0.00432892
Tiny epoch 1092/2000 iteration 50/390 loss=16.0999 lr=0.00432792
Tiny epoch 1092/2000 iteration 100/390 loss=16.0891 lr=0.00432692
Tiny epoch 1092/2000 iteration 150/390 loss=16.0600 lr=0.00432592
Tiny epoch 1092/2000 iteration 200/390 loss=16.0180 lr=0.00432492
Tiny epoch 1092/2000 iteration 250/390 loss=16.0854 lr=0.00432392
Tiny epoch 1092/2000 iteration 300/390 loss=16.0970 lr=0.00432291
Tiny epoch 1092/2000 iteration 350/390 loss=16.2174 lr=0.00432191
Tiny epoch 1092/2000 iteration 390/390 loss=16.2631 lr=0.00432111
Tiny epoch 1093/2000 iteration 50/390 loss=16.1850 lr=0.00432011
Tiny epoch 1093/2000 iteration 100/390 loss=16.0931 lr=0.00431911
Tiny epoch 1093/2000 iteration 150/390 loss=16.0989 lr=0.00431811
Tiny epoch 1093/2000 iteration 200/390 loss=16.1624 lr=0.00431711
Tiny epoch 1093/2000 iteration 250/390 loss=16.1283 lr=0.0043161
Tiny epoch 1093/2000 iteration 300/390 loss=16.1616 lr=0.0043151
Tiny epoch 1093/2000 iteration 350/390 loss=16.1940 lr=0.0043141
Tiny epoch 1093/2000 iteration 390/390 loss=16.2452 lr=0.0043133
Tiny epoch 1094/2000 iteration 50/390 loss=16.0010 lr=0.0043123
Tiny epoch 1094/2000 iteration 100/390 loss=16.0098 lr=0.0043113
Tiny epoch 1094/2000 iteration 150/390 loss=16.1279 lr=0.0043103
Tiny epoch 1094/2000 iteration 200/390 loss=16.0907 lr=0.0043093
Tiny epoch 1094/2000 iteration 250/390 loss=16.0962 lr=0.0043083
Tiny epoch 1094/2000 iteration 300/390 loss=16.1766 lr=0.00430729
Tiny epoch 1094/2000 iteration 350/390 loss=16.2293 lr=0.00430629
Tiny epoch 1094/2000 iteration 390/390 loss=16.2696 lr=0.00430549
Tiny epoch 1095/2000 iteration 50/390 loss=16.1982 lr=0.00430449
Tiny epoch 1095/2000 iteration 100/390 loss=16.4311 lr=0.00430349
Tiny epoch 1095/2000 iteration 150/390 loss=16.4803 lr=0.00430249
Tiny epoch 1095/2000 iteration 200/390 loss=16.4607 lr=0.00430149
Tiny epoch 1095/2000 iteration 250/390 loss=16.4771 lr=0.00430049
Tiny epoch 1095/2000 iteration 300/390 loss=16.4199 lr=0.00429949
Tiny epoch 1095/2000 iteration 350/390 loss=16.4185 lr=0.00429849
Tiny epoch 1095/2000 iteration 390/390 loss=16.3991 lr=0.00429769
Tiny epoch 1096/2000 iteration 50/390 loss=15.8734 lr=0.00429668
Tiny epoch 1096/2000 iteration 100/390 loss=16.0562 lr=0.00429568
Tiny epoch 1096/2000 iteration 150/390 loss=16.1080 lr=0.00429468
Tiny epoch 1096/2000 iteration 200/390 loss=16.0920 lr=0.00429368
Tiny epoch 1096/2000 iteration 250/390 loss=16.0336 lr=0.00429268
Tiny epoch 1096/2000 iteration 300/390 loss=16.0668 lr=0.00429168
Tiny epoch 1096/2000 iteration 350/390 loss=16.0796 lr=0.00429068
Tiny epoch 1096/2000 iteration 390/390 loss=16.1014 lr=0.00428988
Tiny epoch 1097/2000 iteration 50/390 loss=16.2822 lr=0.00428888
Tiny epoch 1097/2000 iteration 100/390 loss=16.2614 lr=0.00428788
Tiny epoch 1097/2000 iteration 150/390 loss=16.3055 lr=0.00428688
Tiny epoch 1097/2000 iteration 200/390 loss=16.3103 lr=0.00428588
Tiny epoch 1097/2000 iteration 250/390 loss=16.2262 lr=0.00428488
Tiny epoch 1097/2000 iteration 300/390 loss=16.2392 lr=0.00428388
Tiny epoch 1097/2000 iteration 350/390 loss=16.2148 lr=0.00428288
Tiny epoch 1097/2000 iteration 390/390 loss=16.2186 lr=0.00428208
Tiny epoch 1098/2000 iteration 50/390 loss=16.4571 lr=0.00428108
Tiny epoch 1098/2000 iteration 100/390 loss=16.4082 lr=0.00428008
Tiny epoch 1098/2000 iteration 150/390 loss=16.3465 lr=0.00427908
Tiny epoch 1098/2000 iteration 200/390 loss=16.2029 lr=0.00427808
Tiny epoch 1098/2000 iteration 250/390 loss=16.1951 lr=0.00427708
Tiny epoch 1098/2000 iteration 300/390 loss=16.2030 lr=0.00427608
Tiny epoch 1098/2000 iteration 350/390 loss=16.2085 lr=0.00427508
Tiny epoch 1098/2000 iteration 390/390 loss=16.2100 lr=0.00427428
Tiny epoch 1099/2000 iteration 50/390 loss=16.5165 lr=0.00427328
Tiny epoch 1099/2000 iteration 100/390 loss=16.2306 lr=0.00427228
Tiny epoch 1099/2000 iteration 150/390 loss=16.1932 lr=0.00427128
Tiny epoch 1099/2000 iteration 200/390 loss=16.2591 lr=0.00427028
Tiny epoch 1099/2000 iteration 250/390 loss=16.2667 lr=0.00426928
Tiny epoch 1099/2000 iteration 300/390 loss=16.2479 lr=0.00426828
Tiny epoch 1099/2000 iteration 350/390 loss=16.2646 lr=0.00426728
Tiny epoch 1099/2000 iteration 390/390 loss=16.2695 lr=0.00426648
Tiny epoch 1100/2000 iteration 50/390 loss=15.9188 lr=0.00426548
Tiny epoch 1100/2000 iteration 100/390 loss=15.8457 lr=0.00426448
Tiny epoch 1100/2000 iteration 150/390 loss=16.0521 lr=0.00426348
Tiny epoch 1100/2000 iteration 200/390 loss=16.0787 lr=0.00426248
Tiny epoch 1100/2000 iteration 250/390 loss=16.0823 lr=0.00426148
Tiny epoch 1100/2000 iteration 300/390 loss=16.1446 lr=0.00426048
Tiny epoch 1100/2000 iteration 350/390 loss=16.2163 lr=0.00425948
Tiny epoch 1100/2000 iteration 390/390 loss=16.2454 lr=0.00425868
[epoch 1100/2000] saved backbone: /home/mmoslem3/scratch/MKDT/krrst_teacher_ckpt/barlow_twins_resnet18_tinyimagenet.pt
Tiny epoch 1101/2000 iteration 50/390 loss=16.1805 lr=0.00425768
Tiny epoch 1101/2000 iteration 100/390 loss=16.2429 lr=0.00425668
Tiny epoch 1101/2000 iteration 150/390 loss=16.3004 lr=0.00425568
Tiny epoch 1101/2000 iteration 200/390 loss=16.2349 lr=0.00425468
Tiny epoch 1101/2000 iteration 250/390 loss=16.2011 lr=0.00425368
Tiny epoch 1101/2000 iteration 300/390 loss=16.2043 lr=0.00425268
Tiny epoch 1101/2000 iteration 350/390 loss=16.2010 lr=0.00425168
Tiny epoch 1101/2000 iteration 390/390 loss=16.2254 lr=0.00425088
Tiny epoch 1102/2000 iteration 50/390 loss=16.1320 lr=0.00424988
Tiny epoch 1102/2000 iteration 100/390 loss=16.0838 lr=0.00424888
Tiny epoch 1102/2000 iteration 150/390 loss=15.9742 lr=0.00424788
Tiny epoch 1102/2000 iteration 200/390 loss=15.9544 lr=0.00424688
Tiny epoch 1102/2000 iteration 250/390 loss=15.9579 lr=0.00424588
Tiny epoch 1102/2000 iteration 300/390 loss=15.9592 lr=0.00424489
Tiny epoch 1102/2000 iteration 350/390 loss=16.0514 lr=0.00424389
Tiny epoch 1102/2000 iteration 390/390 loss=16.0955 lr=0.00424309
Tiny epoch 1103/2000 iteration 50/390 loss=16.1637 lr=0.00424209
Tiny epoch 1103/2000 iteration 100/390 loss=15.9650 lr=0.00424109
Tiny epoch 1103/2000 iteration 150/390 loss=16.1152 lr=0.00424009
Tiny epoch 1103/2000 iteration 200/390 loss=16.1752 lr=0.00423909
Tiny epoch 1103/2000 iteration 250/390 loss=16.1741 lr=0.00423809
Tiny epoch 1103/2000 iteration 300/390 loss=16.1871 lr=0.00423709
Tiny epoch 1103/2000 iteration 350/390 loss=16.2028 lr=0.00423609
Tiny epoch 1103/2000 iteration 390/390 loss=16.2155 lr=0.00423529
Tiny epoch 1104/2000 iteration 50/390 loss=16.3671 lr=0.0042343
Tiny epoch 1104/2000 iteration 100/390 loss=16.3838 lr=0.0042333
Tiny epoch 1104/2000 iteration 150/390 loss=16.3871 lr=0.0042323
Tiny epoch 1104/2000 iteration 200/390 loss=16.3578 lr=0.0042313
Tiny epoch 1104/2000 iteration 250/390 loss=16.2965 lr=0.0042303
Tiny epoch 1104/2000 iteration 300/390 loss=16.2568 lr=0.0042293
Tiny epoch 1104/2000 iteration 350/390 loss=16.2230 lr=0.0042283
Tiny epoch 1104/2000 iteration 390/390 loss=16.2085 lr=0.0042275
Tiny epoch 1105/2000 iteration 50/390 loss=15.8775 lr=0.00422651
Tiny epoch 1105/2000 iteration 100/390 loss=16.0461 lr=0.00422551
Tiny epoch 1105/2000 iteration 150/390 loss=16.0875 lr=0.00422451
Tiny epoch 1105/2000 iteration 200/390 loss=16.2114 lr=0.00422351
Tiny epoch 1105/2000 iteration 250/390 loss=16.2651 lr=0.00422251
Tiny epoch 1105/2000 iteration 300/390 loss=16.2830 lr=0.00422151
Tiny epoch 1105/2000 iteration 350/390 loss=16.3102 lr=0.00422051
Tiny epoch 1105/2000 iteration 390/390 loss=16.2889 lr=0.00421972
Tiny epoch 1106/2000 iteration 50/390 loss=16.0705 lr=0.00421872
Tiny epoch 1106/2000 iteration 100/390 loss=15.8130 lr=0.00421772
Tiny epoch 1106/2000 iteration 150/390 loss=15.9459 lr=0.00421672
Tiny epoch 1106/2000 iteration 200/390 loss=15.9519 lr=0.00421572
Tiny epoch 1106/2000 iteration 250/390 loss=16.0269 lr=0.00421472
Tiny epoch 1106/2000 iteration 300/390 loss=16.1070 lr=0.00421373
Tiny epoch 1106/2000 iteration 350/390 loss=16.2265 lr=0.00421273
Tiny epoch 1106/2000 iteration 390/390 loss=16.2210 lr=0.00421193
Tiny epoch 1107/2000 iteration 50/390 loss=15.7976 lr=0.00421093
Tiny epoch 1107/2000 iteration 100/390 loss=15.8918 lr=0.00420993
Tiny epoch 1107/2000 iteration 150/390 loss=15.9313 lr=0.00420894
Tiny epoch 1107/2000 iteration 200/390 loss=15.9149 lr=0.00420794
Tiny epoch 1107/2000 iteration 250/390 loss=16.0387 lr=0.00420694
Tiny epoch 1107/2000 iteration 300/390 loss=16.1198 lr=0.00420594
Tiny epoch 1107/2000 iteration 350/390 loss=16.1478 lr=0.00420494
Tiny epoch 1107/2000 iteration 390/390 loss=16.1918 lr=0.00420414
Tiny epoch 1108/2000 iteration 50/390 loss=16.4757 lr=0.00420315
Tiny epoch 1108/2000 iteration 100/390 loss=16.2888 lr=0.00420215
Tiny epoch 1108/2000 iteration 150/390 loss=16.2037 lr=0.00420115
Tiny epoch 1108/2000 iteration 200/390 loss=16.1835 lr=0.00420015
Tiny epoch 1108/2000 iteration 250/390 loss=16.0996 lr=0.00419916
Tiny epoch 1108/2000 iteration 300/390 loss=16.1697 lr=0.00419816
Tiny epoch 1108/2000 iteration 350/390 loss=16.1088 lr=0.00419716
Tiny epoch 1108/2000 iteration 390/390 loss=16.1219 lr=0.00419636
Tiny epoch 1109/2000 iteration 50/390 loss=16.0820 lr=0.00419536
Tiny epoch 1109/2000 iteration 100/390 loss=16.0240 lr=0.00419437
Tiny epoch 1109/2000 iteration 150/390 loss=16.1270 lr=0.00419337
Tiny epoch 1109/2000 iteration 200/390 loss=16.1599 lr=0.00419237
Tiny epoch 1109/2000 iteration 250/390 loss=16.2105 lr=0.00419137
Tiny epoch 1109/2000 iteration 300/390 loss=16.1643 lr=0.00419038
Tiny epoch 1109/2000 iteration 350/390 loss=16.2290 lr=0.00418938
Tiny epoch 1109/2000 iteration 390/390 loss=16.2370 lr=0.00418858
Tiny epoch 1110/2000 iteration 50/390 loss=16.1240 lr=0.00418758
Tiny epoch 1110/2000 iteration 100/390 loss=16.0442 lr=0.00418659
Tiny epoch 1110/2000 iteration 150/390 loss=16.0330 lr=0.00418559
Tiny epoch 1110/2000 iteration 200/390 loss=16.0143 lr=0.00418459
Tiny epoch 1110/2000 iteration 250/390 loss=15.9914 lr=0.0041836
Tiny epoch 1110/2000 iteration 300/390 loss=16.0742 lr=0.0041826
Tiny epoch 1110/2000 iteration 350/390 loss=16.0730 lr=0.0041816
Tiny epoch 1110/2000 iteration 390/390 loss=16.0814 lr=0.0041808
[epoch 1110/2000] saved backbone: /home/mmoslem3/scratch/MKDT/krrst_teacher_ckpt/barlow_twins_resnet18_tinyimagenet.pt
Tiny epoch 1111/2000 iteration 50/390 loss=15.5430 lr=0.00417981
Tiny epoch 1111/2000 iteration 100/390 loss=15.7946 lr=0.00417881
Tiny epoch 1111/2000 iteration 150/390 loss=15.8257 lr=0.00417781
Tiny epoch 1111/2000 iteration 200/390 loss=15.8326 lr=0.00417682
Tiny epoch 1111/2000 iteration 250/390 loss=15.8816 lr=0.00417582
Tiny epoch 1111/2000 iteration 300/390 loss=15.9650 lr=0.00417482
Tiny epoch 1111/2000 iteration 350/390 loss=16.0118 lr=0.00417382
Tiny epoch 1111/2000 iteration 390/390 loss=16.0283 lr=0.00417303
Tiny epoch 1112/2000 iteration 50/390 loss=15.3860 lr=0.00417203
Tiny epoch 1112/2000 iteration 100/390 loss=15.5224 lr=0.00417103
Tiny epoch 1112/2000 iteration 150/390 loss=15.7852 lr=0.00417004
Tiny epoch 1112/2000 iteration 200/390 loss=15.8946 lr=0.00416904
Tiny epoch 1112/2000 iteration 250/390 loss=15.9715 lr=0.00416804
Tiny epoch 1112/2000 iteration 300/390 loss=16.0639 lr=0.00416705
Tiny epoch 1112/2000 iteration 350/390 loss=16.0935 lr=0.00416605
Tiny epoch 1112/2000 iteration 390/390 loss=16.1174 lr=0.00416525
Tiny epoch 1113/2000 iteration 50/390 loss=15.9042 lr=0.00416426
Tiny epoch 1113/2000 iteration 100/390 loss=15.9588 lr=0.00416326
Tiny epoch 1113/2000 iteration 150/390 loss=16.0550 lr=0.00416226
Tiny epoch 1113/2000 iteration 200/390 loss=16.0126 lr=0.00416127
Tiny epoch 1113/2000 iteration 250/390 loss=16.1208 lr=0.00416027
Tiny epoch 1113/2000 iteration 300/390 loss=16.1909 lr=0.00415927
Tiny epoch 1113/2000 iteration 350/390 loss=16.2053 lr=0.00415828
Tiny epoch 1113/2000 iteration 390/390 loss=16.2133 lr=0.00415748
Tiny epoch 1114/2000 iteration 50/390 loss=15.9361 lr=0.00415648
Tiny epoch 1114/2000 iteration 100/390 loss=16.0789 lr=0.00415549
Tiny epoch 1114/2000 iteration 150/390 loss=16.1843 lr=0.00415449
Tiny epoch 1114/2000 iteration 200/390 loss=16.1899 lr=0.0041535
Tiny epoch 1114/2000 iteration 250/390 loss=16.3044 lr=0.0041525
Tiny epoch 1114/2000 iteration 300/390 loss=16.2774 lr=0.0041515
Tiny epoch 1114/2000 iteration 350/390 loss=16.2421 lr=0.00415051
Tiny epoch 1114/2000 iteration 390/390 loss=16.2166 lr=0.00414971
Tiny epoch 1115/2000 iteration 50/390 loss=16.2202 lr=0.00414871
Tiny epoch 1115/2000 iteration 100/390 loss=16.0906 lr=0.00414772
Tiny epoch 1115/2000 iteration 150/390 loss=16.2935 lr=0.00414672
Tiny epoch 1115/2000 iteration 200/390 loss=16.2911 lr=0.00414573
Tiny epoch 1115/2000 iteration 250/390 loss=16.3147 lr=0.00414473
Tiny epoch 1115/2000 iteration 300/390 loss=16.3478 lr=0.00414373
Tiny epoch 1115/2000 iteration 350/390 loss=16.2915 lr=0.00414274
Tiny epoch 1115/2000 iteration 390/390 loss=16.2320 lr=0.00414194
Tiny epoch 1116/2000 iteration 50/390 loss=15.9178 lr=0.00414095
Tiny epoch 1116/2000 iteration 100/390 loss=15.7278 lr=0.00413995
Tiny epoch 1116/2000 iteration 150/390 loss=15.7888 lr=0.00413895
Tiny epoch 1116/2000 iteration 200/390 loss=15.8477 lr=0.00413796
Tiny epoch 1116/2000 iteration 250/390 loss=16.0171 lr=0.00413696
Tiny epoch 1116/2000 iteration 300/390 loss=15.9923 lr=0.00413597
Tiny epoch 1116/2000 iteration 350/390 loss=16.0478 lr=0.00413497
Tiny epoch 1116/2000 iteration 390/390 loss=16.0824 lr=0.00413418
Tiny epoch 1117/2000 iteration 50/390 loss=16.0656 lr=0.00413318
Tiny epoch 1117/2000 iteration 100/390 loss=16.0184 lr=0.00413219
Tiny epoch 1117/2000 iteration 150/390 loss=16.0909 lr=0.00413119
Tiny epoch 1117/2000 iteration 200/390 loss=16.0988 lr=0.00413019
Tiny epoch 1117/2000 iteration 250/390 loss=16.1163 lr=0.0041292
Tiny epoch 1117/2000 iteration 300/390 loss=16.0396 lr=0.0041282
Tiny epoch 1117/2000 iteration 350/390 loss=16.0348 lr=0.00412721
Tiny epoch 1117/2000 iteration 390/390 loss=16.0444 lr=0.00412641
Tiny epoch 1118/2000 iteration 50/390 loss=15.8327 lr=0.00412542
Tiny epoch 1118/2000 iteration 100/390 loss=16.1168 lr=0.00412442
Tiny epoch 1118/2000 iteration 150/390 loss=16.0490 lr=0.00412343
Tiny epoch 1118/2000 iteration 200/390 loss=15.9627 lr=0.00412243
Tiny epoch 1118/2000 iteration 250/390 loss=16.0095 lr=0.00412144
Tiny epoch 1118/2000 iteration 300/390 loss=16.0875 lr=0.00412044
Tiny epoch 1118/2000 iteration 350/390 loss=16.1095 lr=0.00411945
Tiny epoch 1118/2000 iteration 390/390 loss=16.1249 lr=0.00411865
Tiny epoch 1119/2000 iteration 50/390 loss=16.1157 lr=0.00411766
Tiny epoch 1119/2000 iteration 100/390 loss=16.2298 lr=0.00411666
Tiny epoch 1119/2000 iteration 150/390 loss=16.1985 lr=0.00411567
Tiny epoch 1119/2000 iteration 200/390 loss=16.0810 lr=0.00411467
Tiny epoch 1119/2000 iteration 250/390 loss=16.0409 lr=0.00411368
Tiny epoch 1119/2000 iteration 300/390 loss=16.0319 lr=0.00411268
Tiny epoch 1119/2000 iteration 350/390 loss=16.1350 lr=0.00411169
Tiny epoch 1119/2000 iteration 390/390 loss=16.1304 lr=0.00411089
Tiny epoch 1120/2000 iteration 50/390 loss=16.3071 lr=0.0041099
Tiny epoch 1120/2000 iteration 100/390 loss=16.0828 lr=0.0041089
Tiny epoch 1120/2000 iteration 150/390 loss=16.0331 lr=0.00410791
Tiny epoch 1120/2000 iteration 200/390 loss=16.1158 lr=0.00410691
Tiny epoch 1120/2000 iteration 250/390 loss=16.1518 lr=0.00410592
Tiny epoch 1120/2000 iteration 300/390 loss=16.1085 lr=0.00410492
Tiny epoch 1120/2000 iteration 350/390 loss=16.1445 lr=0.00410393
Tiny epoch 1120/2000 iteration 390/390 loss=16.1454 lr=0.00410313
[epoch 1120/2000] saved backbone: /home/mmoslem3/scratch/MKDT/krrst_teacher_ckpt/barlow_twins_resnet18_tinyimagenet.pt
Tiny epoch 1121/2000 iteration 50/390 loss=15.8924 lr=0.00410214
Tiny epoch 1121/2000 iteration 100/390 loss=16.0325 lr=0.00410115
Tiny epoch 1121/2000 iteration 150/390 loss=16.1038 lr=0.00410015
Tiny epoch 1121/2000 iteration 200/390 loss=16.1132 lr=0.00409916
Tiny epoch 1121/2000 iteration 250/390 loss=16.0680 lr=0.00409816
Tiny epoch 1121/2000 iteration 300/390 loss=16.1266 lr=0.00409717
Tiny epoch 1121/2000 iteration 350/390 loss=16.0913 lr=0.00409617
Tiny epoch 1121/2000 iteration 390/390 loss=16.1063 lr=0.00409538
Tiny epoch 1122/2000 iteration 50/390 loss=15.9714 lr=0.00409439
Tiny epoch 1122/2000 iteration 100/390 loss=15.7722 lr=0.00409339
Tiny epoch 1122/2000 iteration 150/390 loss=15.9341 lr=0.0040924
Tiny epoch 1122/2000 iteration 200/390 loss=15.9607 lr=0.0040914
Tiny epoch 1122/2000 iteration 250/390 loss=15.9483 lr=0.00409041
Tiny epoch 1122/2000 iteration 300/390 loss=15.9566 lr=0.00408942
Tiny epoch 1122/2000 iteration 350/390 loss=15.9897 lr=0.00408842
Tiny epoch 1122/2000 iteration 390/390 loss=16.0143 lr=0.00408763
Tiny epoch 1123/2000 iteration 50/390 loss=15.8497 lr=0.00408663
Tiny epoch 1123/2000 iteration 100/390 loss=16.0701 lr=0.00408564
Tiny epoch 1123/2000 iteration 150/390 loss=15.8911 lr=0.00408465
Tiny epoch 1123/2000 iteration 200/390 loss=15.9697 lr=0.00408365
Tiny epoch 1123/2000 iteration 250/390 loss=15.9951 lr=0.00408266
Tiny epoch 1123/2000 iteration 300/390 loss=16.0948 lr=0.00408167
Tiny epoch 1123/2000 iteration 350/390 loss=16.1107 lr=0.00408067
Tiny epoch 1123/2000 iteration 390/390 loss=16.1226 lr=0.00407988
Tiny epoch 1124/2000 iteration 50/390 loss=16.0180 lr=0.00407888
Tiny epoch 1124/2000 iteration 100/390 loss=16.0826 lr=0.00407789
Tiny epoch 1124/2000 iteration 150/390 loss=15.9408 lr=0.0040769
Tiny epoch 1124/2000 iteration 200/390 loss=16.0491 lr=0.0040759
Tiny epoch 1124/2000 iteration 250/390 loss=16.0443 lr=0.00407491
Tiny epoch 1124/2000 iteration 300/390 loss=16.0383 lr=0.00407392
Tiny epoch 1124/2000 iteration 350/390 loss=16.0685 lr=0.00407292
Tiny epoch 1124/2000 iteration 390/390 loss=16.0951 lr=0.00407213
Tiny epoch 1125/2000 iteration 50/390 loss=15.4366 lr=0.00407114
Tiny epoch 1125/2000 iteration 100/390 loss=15.7596 lr=0.00407014
Tiny epoch 1125/2000 iteration 150/390 loss=15.9512 lr=0.00406915
Tiny epoch 1125/2000 iteration 200/390 loss=15.9391 lr=0.00406816
Tiny epoch 1125/2000 iteration 250/390 loss=16.0409 lr=0.00406716
Tiny epoch 1125/2000 iteration 300/390 loss=16.0417 lr=0.00406617
Tiny epoch 1125/2000 iteration 350/390 loss=15.9930 lr=0.00406518
Tiny epoch 1125/2000 iteration 390/390 loss=16.0142 lr=0.00406438
Tiny epoch 1126/2000 iteration 50/390 loss=16.0574 lr=0.00406339
Tiny epoch 1126/2000 iteration 100/390 loss=15.8325 lr=0.0040624
Tiny epoch 1126/2000 iteration 150/390 loss=15.8078 lr=0.0040614
Tiny epoch 1126/2000 iteration 200/390 loss=15.8672 lr=0.00406041
Tiny epoch 1126/2000 iteration 250/390 loss=15.9508 lr=0.00405942
Tiny epoch 1126/2000 iteration 300/390 loss=15.9790 lr=0.00405843
Tiny epoch 1126/2000 iteration 350/390 loss=16.0229 lr=0.00405743
Tiny epoch 1126/2000 iteration 390/390 loss=16.0143 lr=0.00405664
Tiny epoch 1127/2000 iteration 50/390 loss=15.9454 lr=0.00405565
Tiny epoch 1127/2000 iteration 100/390 loss=15.9662 lr=0.00405465
Tiny epoch 1127/2000 iteration 150/390 loss=15.9704 lr=0.00405366
Tiny epoch 1127/2000 iteration 200/390 loss=15.9597 lr=0.00405267
Tiny epoch 1127/2000 iteration 250/390 loss=15.9084 lr=0.00405168
Tiny epoch 1127/2000 iteration 300/390 loss=15.9543 lr=0.00405069
Tiny epoch 1127/2000 iteration 350/390 loss=15.9456 lr=0.00404969
Tiny epoch 1127/2000 iteration 390/390 loss=15.9861 lr=0.0040489
Tiny epoch 1128/2000 iteration 50/390 loss=16.3404 lr=0.00404791
Tiny epoch 1128/2000 iteration 100/390 loss=16.1998 lr=0.00404691
Tiny epoch 1128/2000 iteration 150/390 loss=16.0942 lr=0.00404592
Tiny epoch 1128/2000 iteration 200/390 loss=16.1377 lr=0.00404493
Tiny epoch 1128/2000 iteration 250/390 loss=16.1488 lr=0.00404394
Tiny epoch 1128/2000 iteration 300/390 loss=16.1350 lr=0.00404295
Tiny epoch 1128/2000 iteration 350/390 loss=16.1141 lr=0.00404195
Tiny epoch 1128/2000 iteration 390/390 loss=16.1169 lr=0.00404116
Tiny epoch 1129/2000 iteration 50/390 loss=15.5876 lr=0.00404017
Tiny epoch 1129/2000 iteration 100/390 loss=15.7898 lr=0.00403918
Tiny epoch 1129/2000 iteration 150/390 loss=15.7878 lr=0.00403818
Tiny epoch 1129/2000 iteration 200/390 loss=15.8918 lr=0.00403719
Tiny epoch 1129/2000 iteration 250/390 loss=15.8906 lr=0.0040362
Tiny epoch 1129/2000 iteration 300/390 loss=15.9158 lr=0.00403521
Tiny epoch 1129/2000 iteration 350/390 loss=15.9777 lr=0.00403422
Tiny epoch 1129/2000 iteration 390/390 loss=15.9593 lr=0.00403342
Tiny epoch 1130/2000 iteration 50/390 loss=15.9474 lr=0.00403243
Tiny epoch 1130/2000 iteration 100/390 loss=15.9661 lr=0.00403144
Tiny epoch 1130/2000 iteration 150/390 loss=15.9961 lr=0.00403045
Tiny epoch 1130/2000 iteration 200/390 loss=16.1311 lr=0.00402946
Tiny epoch 1130/2000 iteration 250/390 loss=16.1494 lr=0.00402847
Tiny epoch 1130/2000 iteration 300/390 loss=16.1669 lr=0.00402748
Tiny epoch 1130/2000 iteration 350/390 loss=16.1705 lr=0.00402648
Tiny epoch 1130/2000 iteration 390/390 loss=16.1573 lr=0.00402569
[epoch 1130/2000] saved backbone: /home/mmoslem3/scratch/MKDT/krrst_teacher_ckpt/barlow_twins_resnet18_tinyimagenet.pt
Tiny epoch 1131/2000 iteration 50/390 loss=16.1962 lr=0.0040247
Tiny epoch 1131/2000 iteration 100/390 loss=15.9881 lr=0.00402371
Tiny epoch 1131/2000 iteration 150/390 loss=16.0213 lr=0.00402272
Tiny epoch 1131/2000 iteration 200/390 loss=16.0458 lr=0.00402173
Tiny epoch 1131/2000 iteration 250/390 loss=16.0072 lr=0.00402073
Tiny epoch 1131/2000 iteration 300/390 loss=16.0654 lr=0.00401974
Tiny epoch 1131/2000 iteration 350/390 loss=16.0656 lr=0.00401875
Tiny epoch 1131/2000 iteration 390/390 loss=16.0922 lr=0.00401796
Tiny epoch 1132/2000 iteration 50/390 loss=15.8199 lr=0.00401697
Tiny epoch 1132/2000 iteration 100/390 loss=16.0151 lr=0.00401598
Tiny epoch 1132/2000 iteration 150/390 loss=15.9606 lr=0.00401499
Tiny epoch 1132/2000 iteration 200/390 loss=16.1219 lr=0.004014
Tiny epoch 1132/2000 iteration 250/390 loss=16.0827 lr=0.004013
Tiny epoch 1132/2000 iteration 300/390 loss=16.1398 lr=0.00401201
Tiny epoch 1132/2000 iteration 350/390 loss=16.1959 lr=0.00401102
Tiny epoch 1132/2000 iteration 390/390 loss=16.1959 lr=0.00401023
Tiny epoch 1133/2000 iteration 50/390 loss=15.4936 lr=0.00400924
Tiny epoch 1133/2000 iteration 100/390 loss=15.7503 lr=0.00400825
Tiny epoch 1133/2000 iteration 150/390 loss=15.8467 lr=0.00400726
Tiny epoch 1133/2000 iteration 200/390 loss=15.9800 lr=0.00400627
Tiny epoch 1133/2000 iteration 250/390 loss=15.9518 lr=0.00400528
Tiny epoch 1133/2000 iteration 300/390 loss=15.9055 lr=0.00400429
Tiny epoch 1133/2000 iteration 350/390 loss=15.9108 lr=0.0040033
Tiny epoch 1133/2000 iteration 390/390 loss=15.9843 lr=0.0040025
Tiny epoch 1134/2000 iteration 50/390 loss=15.6426 lr=0.00400151
Tiny epoch 1134/2000 iteration 100/390 loss=15.7389 lr=0.00400052
Tiny epoch 1134/2000 iteration 150/390 loss=15.7012 lr=0.00399953
Tiny epoch 1134/2000 iteration 200/390 loss=15.7025 lr=0.00399854
Tiny epoch 1134/2000 iteration 250/390 loss=15.7290 lr=0.00399755
Tiny epoch 1134/2000 iteration 300/390 loss=15.6863 lr=0.00399656
Tiny epoch 1134/2000 iteration 350/390 loss=15.7405 lr=0.00399557
Tiny epoch 1134/2000 iteration 390/390 loss=15.7836 lr=0.00399478
Tiny epoch 1135/2000 iteration 50/390 loss=15.7590 lr=0.00399379
Tiny epoch 1135/2000 iteration 100/390 loss=15.9173 lr=0.0039928
Tiny epoch 1135/2000 iteration 150/390 loss=16.0677 lr=0.00399181
Tiny epoch 1135/2000 iteration 200/390 loss=16.0616 lr=0.00399082
Tiny epoch 1135/2000 iteration 250/390 loss=16.0481 lr=0.00398983
Tiny epoch 1135/2000 iteration 300/390 loss=16.0665 lr=0.00398884
Tiny epoch 1135/2000 iteration 350/390 loss=16.0555 lr=0.00398785
Tiny epoch 1135/2000 iteration 390/390 loss=16.0891 lr=0.00398706
Tiny epoch 1136/2000 iteration 50/390 loss=15.8588 lr=0.00398607
Tiny epoch 1136/2000 iteration 100/390 loss=15.9902 lr=0.00398508
Tiny epoch 1136/2000 iteration 150/390 loss=15.9360 lr=0.00398409
Tiny epoch 1136/2000 iteration 200/390 loss=15.9079 lr=0.0039831
Tiny epoch 1136/2000 iteration 250/390 loss=15.8522 lr=0.00398211
Tiny epoch 1136/2000 iteration 300/390 loss=15.8363 lr=0.00398112
Tiny epoch 1136/2000 iteration 350/390 loss=15.8606 lr=0.00398013
Tiny epoch 1136/2000 iteration 390/390 loss=15.9064 lr=0.00397934
Tiny epoch 1137/2000 iteration 50/390 loss=15.9816 lr=0.00397835
Tiny epoch 1137/2000 iteration 100/390 loss=15.7924 lr=0.00397736
Tiny epoch 1137/2000 iteration 150/390 loss=16.0886 lr=0.00397637
Tiny epoch 1137/2000 iteration 200/390 loss=16.0591 lr=0.00397538
Tiny epoch 1137/2000 iteration 250/390 loss=16.0707 lr=0.00397439
Tiny epoch 1137/2000 iteration 300/390 loss=16.1029 lr=0.0039734
Tiny epoch 1137/2000 iteration 350/390 loss=16.1148 lr=0.00397242
Tiny epoch 1137/2000 iteration 390/390 loss=16.0986 lr=0.00397162
Tiny epoch 1138/2000 iteration 50/390 loss=16.3360 lr=0.00397063
Tiny epoch 1138/2000 iteration 100/390 loss=16.1322 lr=0.00396965
Tiny epoch 1138/2000 iteration 150/390 loss=16.0861 lr=0.00396866
Tiny epoch 1138/2000 iteration 200/390 loss=16.0051 lr=0.00396767
Tiny epoch 1138/2000 iteration 250/390 loss=16.0000 lr=0.00396668
Tiny epoch 1138/2000 iteration 300/390 loss=15.9598 lr=0.00396569
Tiny epoch 1138/2000 iteration 350/390 loss=15.9525 lr=0.0039647
Tiny epoch 1138/2000 iteration 390/390 loss=15.9815 lr=0.00396391
Tiny epoch 1139/2000 iteration 50/390 loss=15.4109 lr=0.00396292
Tiny epoch 1139/2000 iteration 100/390 loss=15.6954 lr=0.00396193
Tiny epoch 1139/2000 iteration 150/390 loss=15.7018 lr=0.00396094
Tiny epoch 1139/2000 iteration 200/390 loss=15.6963 lr=0.00395996
Tiny epoch 1139/2000 iteration 250/390 loss=15.6900 lr=0.00395897
Tiny epoch 1139/2000 iteration 300/390 loss=15.7087 lr=0.00395798
Tiny epoch 1139/2000 iteration 350/390 loss=15.7697 lr=0.00395699
Tiny epoch 1139/2000 iteration 390/390 loss=15.8006 lr=0.0039562
Tiny epoch 1140/2000 iteration 50/390 loss=16.0489 lr=0.00395521
Tiny epoch 1140/2000 iteration 100/390 loss=16.0550 lr=0.00395422
Tiny epoch 1140/2000 iteration 150/390 loss=16.0203 lr=0.00395323
Tiny epoch 1140/2000 iteration 200/390 loss=15.9057 lr=0.00395225
Tiny epoch 1140/2000 iteration 250/390 loss=15.9367 lr=0.00395126
Tiny epoch 1140/2000 iteration 300/390 loss=15.9563 lr=0.00395027
Tiny epoch 1140/2000 iteration 350/390 loss=15.9800 lr=0.00394928
Tiny epoch 1140/2000 iteration 390/390 loss=16.0007 lr=0.00394849
[epoch 1140/2000] saved backbone: /home/mmoslem3/scratch/MKDT/krrst_teacher_ckpt/barlow_twins_resnet18_tinyimagenet.pt
Tiny epoch 1141/2000 iteration 50/390 loss=16.1526 lr=0.0039475
Tiny epoch 1141/2000 iteration 100/390 loss=15.8103 lr=0.00394651
Tiny epoch 1141/2000 iteration 150/390 loss=15.8419 lr=0.00394553
Tiny epoch 1141/2000 iteration 200/390 loss=15.8702 lr=0.00394454
Tiny epoch 1141/2000 iteration 250/390 loss=15.8437 lr=0.00394355
Tiny epoch 1141/2000 iteration 300/390 loss=15.8794 lr=0.00394256
Tiny epoch 1141/2000 iteration 350/390 loss=15.9198 lr=0.00394158
Tiny epoch 1141/2000 iteration 390/390 loss=15.9514 lr=0.00394078
Tiny epoch 1142/2000 iteration 50/390 loss=15.6003 lr=0.0039398
Tiny epoch 1142/2000 iteration 100/390 loss=15.8224 lr=0.00393881
Tiny epoch 1142/2000 iteration 150/390 loss=15.7939 lr=0.00393782
Tiny epoch 1142/2000 iteration 200/390 loss=15.8336 lr=0.00393683
Tiny epoch 1142/2000 iteration 250/390 loss=15.8092 lr=0.00393585
Tiny epoch 1142/2000 iteration 300/390 loss=15.8717 lr=0.00393486
Tiny epoch 1142/2000 iteration 350/390 loss=15.8980 lr=0.00393387
Tiny epoch 1142/2000 iteration 390/390 loss=15.9173 lr=0.00393308
Tiny epoch 1143/2000 iteration 50/390 loss=15.6540 lr=0.00393209
Tiny epoch 1143/2000 iteration 100/390 loss=15.7383 lr=0.00393111
Tiny epoch 1143/2000 iteration 150/390 loss=15.6942 lr=0.00393012
Tiny epoch 1143/2000 iteration 200/390 loss=15.6945 lr=0.00392913
Tiny epoch 1143/2000 iteration 250/390 loss=15.7445 lr=0.00392815
Tiny epoch 1143/2000 iteration 300/390 loss=15.8196 lr=0.00392716
Tiny epoch 1143/2000 iteration 350/390 loss=15.8153 lr=0.00392617
Tiny epoch 1143/2000 iteration 390/390 loss=15.8451 lr=0.00392538
Tiny epoch 1144/2000 iteration 50/390 loss=15.7742 lr=0.00392439
Tiny epoch 1144/2000 iteration 100/390 loss=16.1262 lr=0.00392341
Tiny epoch 1144/2000 iteration 150/390 loss=16.0193 lr=0.00392242
Tiny epoch 1144/2000 iteration 200/390 loss=16.0770 lr=0.00392143
Tiny epoch 1144/2000 iteration 250/390 loss=16.0774 lr=0.00392045
Tiny epoch 1144/2000 iteration 300/390 loss=16.0349 lr=0.00391946
Tiny epoch 1144/2000 iteration 350/390 loss=16.0383 lr=0.00391847
Tiny epoch 1144/2000 iteration 390/390 loss=16.0312 lr=0.00391768
Tiny epoch 1145/2000 iteration 50/390 loss=15.6288 lr=0.0039167
Tiny epoch 1145/2000 iteration 100/390 loss=15.7555 lr=0.00391571
Tiny epoch 1145/2000 iteration 150/390 loss=15.6993 lr=0.00391472
Tiny epoch 1145/2000 iteration 200/390 loss=15.6995 lr=0.00391374
Tiny epoch 1145/2000 iteration 250/390 loss=15.6619 lr=0.00391275
Tiny epoch 1145/2000 iteration 300/390 loss=15.7002 lr=0.00391176
Tiny epoch 1145/2000 iteration 350/390 loss=15.8423 lr=0.00391078
Tiny epoch 1145/2000 iteration 390/390 loss=15.8482 lr=0.00390999
Tiny epoch 1146/2000 iteration 50/390 loss=15.9534 lr=0.003909
Tiny epoch 1146/2000 iteration 100/390 loss=15.7863 lr=0.00390802
Tiny epoch 1146/2000 iteration 150/390 loss=15.7929 lr=0.00390703
Tiny epoch 1146/2000 iteration 200/390 loss=15.8229 lr=0.00390604
Tiny epoch 1146/2000 iteration 250/390 loss=15.7985 lr=0.00390506
Tiny epoch 1146/2000 iteration 300/390 loss=15.7795 lr=0.00390407
Tiny epoch 1146/2000 iteration 350/390 loss=15.7979 lr=0.00390308
Tiny epoch 1146/2000 iteration 390/390 loss=15.8105 lr=0.0039023
Tiny epoch 1147/2000 iteration 50/390 loss=15.7028 lr=0.00390131
Tiny epoch 1147/2000 iteration 100/390 loss=15.6731 lr=0.00390032
Tiny epoch 1147/2000 iteration 150/390 loss=15.7134 lr=0.00389934
Tiny epoch 1147/2000 iteration 200/390 loss=15.8457 lr=0.00389835
Tiny epoch 1147/2000 iteration 250/390 loss=15.8831 lr=0.00389737
Tiny epoch 1147/2000 iteration 300/390 loss=15.8641 lr=0.00389638
Tiny epoch 1147/2000 iteration 350/390 loss=15.9062 lr=0.00389539
Tiny epoch 1147/2000 iteration 390/390 loss=15.8729 lr=0.00389461
Tiny epoch 1148/2000 iteration 50/390 loss=15.8019 lr=0.00389362
Tiny epoch 1148/2000 iteration 100/390 loss=15.7716 lr=0.00389263
Tiny epoch 1148/2000 iteration 150/390 loss=15.7018 lr=0.00389165
Tiny epoch 1148/2000 iteration 200/390 loss=15.8364 lr=0.00389066
Tiny epoch 1148/2000 iteration 250/390 loss=15.8370 lr=0.00388968
Tiny epoch 1148/2000 iteration 300/390 loss=15.8973 lr=0.00388869
Tiny epoch 1148/2000 iteration 350/390 loss=15.8895 lr=0.00388771
Tiny epoch 1148/2000 iteration 390/390 loss=15.8815 lr=0.00388692
Tiny epoch 1149/2000 iteration 50/390 loss=15.8318 lr=0.00388593
Tiny epoch 1149/2000 iteration 100/390 loss=15.5938 lr=0.00388495
Tiny epoch 1149/2000 iteration 150/390 loss=15.6133 lr=0.00388396
Tiny epoch 1149/2000 iteration 200/390 loss=15.6208 lr=0.00388298
Tiny epoch 1149/2000 iteration 250/390 loss=15.6096 lr=0.00388199
Tiny epoch 1149/2000 iteration 300/390 loss=15.6350 lr=0.00388101
Tiny epoch 1149/2000 iteration 350/390 loss=15.6916 lr=0.00388002
Tiny epoch 1149/2000 iteration 390/390 loss=15.7321 lr=0.00387924
Tiny epoch 1150/2000 iteration 50/390 loss=16.0468 lr=0.00387825
Tiny epoch 1150/2000 iteration 100/390 loss=16.0178 lr=0.00387727
Tiny epoch 1150/2000 iteration 150/390 loss=15.9096 lr=0.00387628
Tiny epoch 1150/2000 iteration 200/390 loss=15.9345 lr=0.0038753
Tiny epoch 1150/2000 iteration 250/390 loss=15.9692 lr=0.00387431
Tiny epoch 1150/2000 iteration 300/390 loss=16.0208 lr=0.00387333
Tiny epoch 1150/2000 iteration 350/390 loss=15.9781 lr=0.00387234
Tiny epoch 1150/2000 iteration 390/390 loss=15.9713 lr=0.00387155
[epoch 1150/2000] saved backbone: /home/mmoslem3/scratch/MKDT/krrst_teacher_ckpt/barlow_twins_resnet18_tinyimagenet.pt
Tiny epoch 1151/2000 iteration 50/390 loss=15.5693 lr=0.00387057
Tiny epoch 1151/2000 iteration 100/390 loss=15.6413 lr=0.00386958
Tiny epoch 1151/2000 iteration 150/390 loss=15.6709 lr=0.0038686
Tiny epoch 1151/2000 iteration 200/390 loss=15.6457 lr=0.00386762
Tiny epoch 1151/2000 iteration 250/390 loss=15.7187 lr=0.00386663
Tiny epoch 1151/2000 iteration 300/390 loss=15.7792 lr=0.00386565
Tiny epoch 1151/2000 iteration 350/390 loss=15.7846 lr=0.00386466
Tiny epoch 1151/2000 iteration 390/390 loss=15.7725 lr=0.00386388
Tiny epoch 1152/2000 iteration 50/390 loss=15.7016 lr=0.00386289
Tiny epoch 1152/2000 iteration 100/390 loss=15.7332 lr=0.00386191
Tiny epoch 1152/2000 iteration 150/390 loss=15.7538 lr=0.00386092
Tiny epoch 1152/2000 iteration 200/390 loss=15.7670 lr=0.00385994
Tiny epoch 1152/2000 iteration 250/390 loss=15.8073 lr=0.00385896
Tiny epoch 1152/2000 iteration 300/390 loss=15.7745 lr=0.00385797
Tiny epoch 1152/2000 iteration 350/390 loss=15.7862 lr=0.00385699
Tiny epoch 1152/2000 iteration 390/390 loss=15.7598 lr=0.0038562
Tiny epoch 1153/2000 iteration 50/390 loss=15.3465 lr=0.00385522
Tiny epoch 1153/2000 iteration 100/390 loss=15.5929 lr=0.00385423
Tiny epoch 1153/2000 iteration 150/390 loss=15.6804 lr=0.00385325
Tiny epoch 1153/2000 iteration 200/390 loss=15.7127 lr=0.00385226
Tiny epoch 1153/2000 iteration 250/390 loss=15.7393 lr=0.00385128
Tiny epoch 1153/2000 iteration 300/390 loss=15.7651 lr=0.0038503
Tiny epoch 1153/2000 iteration 350/390 loss=15.7992 lr=0.00384931
Tiny epoch 1153/2000 iteration 390/390 loss=15.8729 lr=0.00384853
Tiny epoch 1154/2000 iteration 50/390 loss=15.9890 lr=0.00384754
Tiny epoch 1154/2000 iteration 100/390 loss=15.8172 lr=0.00384656
Tiny epoch 1154/2000 iteration 150/390 loss=15.7996 lr=0.00384558
Tiny epoch 1154/2000 iteration 200/390 loss=15.8452 lr=0.00384459
Tiny epoch 1154/2000 iteration 250/390 loss=15.8420 lr=0.00384361
Tiny epoch 1154/2000 iteration 300/390 loss=15.9000 lr=0.00384263
Tiny epoch 1154/2000 iteration 350/390 loss=15.9182 lr=0.00384164
Tiny epoch 1154/2000 iteration 390/390 loss=15.9064 lr=0.00384086
Tiny epoch 1155/2000 iteration 50/390 loss=15.8161 lr=0.00383987
Tiny epoch 1155/2000 iteration 100/390 loss=15.7504 lr=0.00383889
Tiny epoch 1155/2000 iteration 150/390 loss=15.7341 lr=0.00383791
Tiny epoch 1155/2000 iteration 200/390 loss=15.8152 lr=0.00383693
Tiny epoch 1155/2000 iteration 250/390 loss=15.8143 lr=0.00383594
Tiny epoch 1155/2000 iteration 300/390 loss=15.7801 lr=0.00383496
Tiny epoch 1155/2000 iteration 350/390 loss=15.8235 lr=0.00383398
Tiny epoch 1155/2000 iteration 390/390 loss=15.8345 lr=0.00383319
Tiny epoch 1156/2000 iteration 50/390 loss=15.6270 lr=0.00383221
Tiny epoch 1156/2000 iteration 100/390 loss=15.5718 lr=0.00383123
Tiny epoch 1156/2000 iteration 150/390 loss=15.4281 lr=0.00383024
Tiny epoch 1156/2000 iteration 200/390 loss=15.5150 lr=0.00382926
Tiny epoch 1156/2000 iteration 250/390 loss=15.5250 lr=0.00382828
Tiny epoch 1156/2000 iteration 300/390 loss=15.5284 lr=0.00382729
Tiny epoch 1156/2000 iteration 350/390 loss=15.5616 lr=0.00382631
Tiny epoch 1156/2000 iteration 390/390 loss=15.6069 lr=0.00382553
Tiny epoch 1157/2000 iteration 50/390 loss=15.5343 lr=0.00382454
Tiny epoch 1157/2000 iteration 100/390 loss=15.6123 lr=0.00382356
Tiny epoch 1157/2000 iteration 150/390 loss=15.8488 lr=0.00382258
Tiny epoch 1157/2000 iteration 200/390 loss=15.8777 lr=0.0038216
Tiny epoch 1157/2000 iteration 250/390 loss=15.9306 lr=0.00382062
Tiny epoch 1157/2000 iteration 300/390 loss=15.9793 lr=0.00381963
Tiny epoch 1157/2000 iteration 350/390 loss=15.9490 lr=0.00381865
Tiny epoch 1157/2000 iteration 390/390 loss=15.9188 lr=0.00381787
Tiny epoch 1158/2000 iteration 50/390 loss=15.8273 lr=0.00381688
Tiny epoch 1158/2000 iteration 100/390 loss=15.8112 lr=0.0038159
Tiny epoch 1158/2000 iteration 150/390 loss=15.7588 lr=0.00381492
Tiny epoch 1158/2000 iteration 200/390 loss=15.8302 lr=0.00381394
Tiny epoch 1158/2000 iteration 250/390 loss=15.7745 lr=0.00381296
Tiny epoch 1158/2000 iteration 300/390 loss=15.8569 lr=0.00381197
Tiny epoch 1158/2000 iteration 350/390 loss=15.8869 lr=0.00381099
Tiny epoch 1158/2000 iteration 390/390 loss=15.8969 lr=0.00381021
Tiny epoch 1159/2000 iteration 50/390 loss=15.9118 lr=0.00380923
Tiny epoch 1159/2000 iteration 100/390 loss=15.9511 lr=0.00380824
Tiny epoch 1159/2000 iteration 150/390 loss=15.8823 lr=0.00380726
Tiny epoch 1159/2000 iteration 200/390 loss=15.8772 lr=0.00380628
Tiny epoch 1159/2000 iteration 250/390 loss=15.9324 lr=0.0038053
Tiny epoch 1159/2000 iteration 300/390 loss=16.0033 lr=0.00380432
Tiny epoch 1159/2000 iteration 350/390 loss=16.0027 lr=0.00380334
Tiny epoch 1159/2000 iteration 390/390 loss=16.0211 lr=0.00380255
Tiny epoch 1160/2000 iteration 50/390 loss=16.0026 lr=0.00380157
Tiny epoch 1160/2000 iteration 100/390 loss=16.0056 lr=0.00380059
Tiny epoch 1160/2000 iteration 150/390 loss=15.6661 lr=0.00379961
Tiny epoch 1160/2000 iteration 200/390 loss=15.6299 lr=0.00379863
Tiny epoch 1160/2000 iteration 250/390 loss=15.6130 lr=0.00379765
Tiny epoch 1160/2000 iteration 300/390 loss=15.6782 lr=0.00379667
Tiny epoch 1160/2000 iteration 350/390 loss=15.7781 lr=0.00379568
Tiny epoch 1160/2000 iteration 390/390 loss=15.8156 lr=0.0037949
[epoch 1160/2000] saved backbone: /home/mmoslem3/scratch/MKDT/krrst_teacher_ckpt/barlow_twins_resnet18_tinyimagenet.pt
Tiny epoch 1161/2000 iteration 50/390 loss=15.9975 lr=0.00379392
Tiny epoch 1161/2000 iteration 100/390 loss=15.8185 lr=0.00379294
Tiny epoch 1161/2000 iteration 150/390 loss=15.7539 lr=0.00379196
Tiny epoch 1161/2000 iteration 200/390 loss=15.7095 lr=0.00379098
Tiny epoch 1161/2000 iteration 250/390 loss=15.7577 lr=0.00379
Tiny epoch 1161/2000 iteration 300/390 loss=15.7344 lr=0.00378902
Tiny epoch 1161/2000 iteration 350/390 loss=15.7827 lr=0.00378804
Tiny epoch 1161/2000 iteration 390/390 loss=15.7805 lr=0.00378725
Tiny epoch 1162/2000 iteration 50/390 loss=15.8195 lr=0.00378627
Tiny epoch 1162/2000 iteration 100/390 loss=15.8607 lr=0.00378529
Tiny epoch 1162/2000 iteration 150/390 loss=15.8547 lr=0.00378431
Tiny epoch 1162/2000 iteration 200/390 loss=15.8178 lr=0.00378333
Tiny epoch 1162/2000 iteration 250/390 loss=15.9244 lr=0.00378235
Tiny epoch 1162/2000 iteration 300/390 loss=15.9619 lr=0.00378137
Tiny epoch 1162/2000 iteration 350/390 loss=15.8973 lr=0.00378039
Tiny epoch 1162/2000 iteration 390/390 loss=15.8586 lr=0.0037796
Tiny epoch 1163/2000 iteration 50/390 loss=15.9510 lr=0.00377862
Tiny epoch 1163/2000 iteration 100/390 loss=15.6787 lr=0.00377764
Tiny epoch 1163/2000 iteration 150/390 loss=15.6050 lr=0.00377666
Tiny epoch 1163/2000 iteration 200/390 loss=15.6386 lr=0.00377568
Tiny epoch 1163/2000 iteration 250/390 loss=15.6732 lr=0.0037747
Tiny epoch 1163/2000 iteration 300/390 loss=15.6100 lr=0.00377373
Tiny epoch 1163/2000 iteration 350/390 loss=15.7130 lr=0.00377275
Tiny epoch 1163/2000 iteration 390/390 loss=15.6963 lr=0.00377196
Tiny epoch 1164/2000 iteration 50/390 loss=15.9200 lr=0.00377098
Tiny epoch 1164/2000 iteration 100/390 loss=15.9013 lr=0.00377
Tiny epoch 1164/2000 iteration 150/390 loss=15.8788 lr=0.00376902
Tiny epoch 1164/2000 iteration 200/390 loss=15.8287 lr=0.00376804
Tiny epoch 1164/2000 iteration 250/390 loss=15.9041 lr=0.00376706
Tiny epoch 1164/2000 iteration 300/390 loss=15.9333 lr=0.00376608
Tiny epoch 1164/2000 iteration 350/390 loss=15.9337 lr=0.00376511
Tiny epoch 1164/2000 iteration 390/390 loss=15.8963 lr=0.00376432
Tiny epoch 1165/2000 iteration 50/390 loss=15.9338 lr=0.00376334
Tiny epoch 1165/2000 iteration 100/390 loss=15.6714 lr=0.00376236
Tiny epoch 1165/2000 iteration 150/390 loss=15.6888 lr=0.00376138
Tiny epoch 1165/2000 iteration 200/390 loss=15.6776 lr=0.0037604
Tiny epoch 1165/2000 iteration 250/390 loss=15.6911 lr=0.00375943
Tiny epoch 1165/2000 iteration 300/390 loss=15.6847 lr=0.00375845
Tiny epoch 1165/2000 iteration 350/390 loss=15.7119 lr=0.00375747
Tiny epoch 1165/2000 iteration 390/390 loss=15.7090 lr=0.00375668
Tiny epoch 1166/2000 iteration 50/390 loss=15.3807 lr=0.00375571
Tiny epoch 1166/2000 iteration 100/390 loss=15.5156 lr=0.00375473
Tiny epoch 1166/2000 iteration 150/390 loss=15.6725 lr=0.00375375
Tiny epoch 1166/2000 iteration 200/390 loss=15.5639 lr=0.00375277
Tiny epoch 1166/2000 iteration 250/390 loss=15.6061 lr=0.00375179
Tiny epoch 1166/2000 iteration 300/390 loss=15.6226 lr=0.00375081
Tiny epoch 1166/2000 iteration 350/390 loss=15.6817 lr=0.00374983
Tiny epoch 1166/2000 iteration 390/390 loss=15.7323 lr=0.00374905
Tiny epoch 1167/2000 iteration 50/390 loss=15.7321 lr=0.00374807
Tiny epoch 1167/2000 iteration 100/390 loss=15.7445 lr=0.00374709
Tiny epoch 1167/2000 iteration 150/390 loss=15.8856 lr=0.00374612
Tiny epoch 1167/2000 iteration 200/390 loss=15.7766 lr=0.00374514
Tiny epoch 1167/2000 iteration 250/390 loss=15.6817 lr=0.00374416
Tiny epoch 1167/2000 iteration 300/390 loss=15.7707 lr=0.00374318
Tiny epoch 1167/2000 iteration 350/390 loss=15.8109 lr=0.0037422
Tiny epoch 1167/2000 iteration 390/390 loss=15.7748 lr=0.00374142
Tiny epoch 1168/2000 iteration 50/390 loss=15.8296 lr=0.00374044
Tiny epoch 1168/2000 iteration 100/390 loss=15.7494 lr=0.00373946
Tiny epoch 1168/2000 iteration 150/390 loss=15.6606 lr=0.00373849
Tiny epoch 1168/2000 iteration 200/390 loss=15.7355 lr=0.00373751
Tiny epoch 1168/2000 iteration 250/390 loss=15.8110 lr=0.00373653
Tiny epoch 1168/2000 iteration 300/390 loss=15.8028 lr=0.00373555
Tiny epoch 1168/2000 iteration 350/390 loss=15.8021 lr=0.00373458
Tiny epoch 1168/2000 iteration 390/390 loss=15.7767 lr=0.00373379
Tiny epoch 1169/2000 iteration 50/390 loss=15.2444 lr=0.00373282
Tiny epoch 1169/2000 iteration 100/390 loss=15.4055 lr=0.00373184
Tiny epoch 1169/2000 iteration 150/390 loss=15.5407 lr=0.00373086
Tiny epoch 1169/2000 iteration 200/390 loss=15.5526 lr=0.00372988
Tiny epoch 1169/2000 iteration 250/390 loss=15.6044 lr=0.00372891
Tiny epoch 1169/2000 iteration 300/390 loss=15.5908 lr=0.00372793
Tiny epoch 1169/2000 iteration 350/390 loss=15.5957 lr=0.00372695
Tiny epoch 1169/2000 iteration 390/390 loss=15.6082 lr=0.00372617
Tiny epoch 1170/2000 iteration 50/390 loss=16.1006 lr=0.00372519
Tiny epoch 1170/2000 iteration 100/390 loss=15.9468 lr=0.00372421
Tiny epoch 1170/2000 iteration 150/390 loss=15.7381 lr=0.00372324
Tiny epoch 1170/2000 iteration 200/390 loss=15.7243 lr=0.00372226
Tiny epoch 1170/2000 iteration 250/390 loss=15.7500 lr=0.00372128
Tiny epoch 1170/2000 iteration 300/390 loss=15.7590 lr=0.00372031
Tiny epoch 1170/2000 iteration 350/390 loss=15.7454 lr=0.00371933
Tiny epoch 1170/2000 iteration 390/390 loss=15.7824 lr=0.00371855
[epoch 1170/2000] saved backbone: /home/mmoslem3/scratch/MKDT/krrst_teacher_ckpt/barlow_twins_resnet18_tinyimagenet.pt
Tiny epoch 1171/2000 iteration 50/390 loss=15.6242 lr=0.00371757
Tiny epoch 1171/2000 iteration 100/390 loss=15.6308 lr=0.00371659
Tiny epoch 1171/2000 iteration 150/390 loss=15.7399 lr=0.00371562
Tiny epoch 1171/2000 iteration 200/390 loss=15.7711 lr=0.00371464
Tiny epoch 1171/2000 iteration 250/390 loss=15.7531 lr=0.00371366
Tiny epoch 1171/2000 iteration 300/390 loss=15.7256 lr=0.00371269
Tiny epoch 1171/2000 iteration 350/390 loss=15.7082 lr=0.00371171
Tiny epoch 1171/2000 iteration 390/390 loss=15.6953 lr=0.00371093
Tiny epoch 1172/2000 iteration 50/390 loss=15.9745 lr=0.00370995
Tiny epoch 1172/2000 iteration 100/390 loss=15.9098 lr=0.00370898
Tiny epoch 1172/2000 iteration 150/390 loss=15.8475 lr=0.003708
Tiny epoch 1172/2000 iteration 200/390 loss=15.8615 lr=0.00370702
Tiny epoch 1172/2000 iteration 250/390 loss=15.7356 lr=0.00370605
Tiny epoch 1172/2000 iteration 300/390 loss=15.7380 lr=0.00370507
Tiny epoch 1172/2000 iteration 350/390 loss=15.7336 lr=0.0037041
Tiny epoch 1172/2000 iteration 390/390 loss=15.7738 lr=0.00370331
Tiny epoch 1173/2000 iteration 50/390 loss=15.5569 lr=0.00370234
Tiny epoch 1173/2000 iteration 100/390 loss=15.6633 lr=0.00370136
Tiny epoch 1173/2000 iteration 150/390 loss=15.5781 lr=0.00370039
Tiny epoch 1173/2000 iteration 200/390 loss=15.6939 lr=0.00369941
Tiny epoch 1173/2000 iteration 250/390 loss=15.7206 lr=0.00369844
Tiny epoch 1173/2000 iteration 300/390 loss=15.7144 lr=0.00369746
Tiny epoch 1173/2000 iteration 350/390 loss=15.7614 lr=0.00369648
Tiny epoch 1173/2000 iteration 390/390 loss=15.7564 lr=0.0036957
Tiny epoch 1174/2000 iteration 50/390 loss=15.6533 lr=0.00369473
Tiny epoch 1174/2000 iteration 100/390 loss=15.6286 lr=0.00369375
Tiny epoch 1174/2000 iteration 150/390 loss=15.6948 lr=0.00369278
Tiny epoch 1174/2000 iteration 200/390 loss=15.6921 lr=0.0036918
Tiny epoch 1174/2000 iteration 250/390 loss=15.6393 lr=0.00369083
Tiny epoch 1174/2000 iteration 300/390 loss=15.5786 lr=0.00368985
Tiny epoch 1174/2000 iteration 350/390 loss=15.6103 lr=0.00368888
Tiny epoch 1174/2000 iteration 390/390 loss=15.6449 lr=0.0036881
Tiny epoch 1175/2000 iteration 50/390 loss=15.9253 lr=0.00368712
Tiny epoch 1175/2000 iteration 100/390 loss=15.8421 lr=0.00368614
Tiny epoch 1175/2000 iteration 150/390 loss=15.8525 lr=0.00368517
Tiny epoch 1175/2000 iteration 200/390 loss=15.7029 lr=0.00368419
Tiny epoch 1175/2000 iteration 250/390 loss=15.7118 lr=0.00368322
Tiny epoch 1175/2000 iteration 300/390 loss=15.6651 lr=0.00368224
Tiny epoch 1175/2000 iteration 350/390 loss=15.6242 lr=0.00368127
Tiny epoch 1175/2000 iteration 390/390 loss=15.6692 lr=0.00368049
Tiny epoch 1176/2000 iteration 50/390 loss=15.5201 lr=0.00367952
Tiny epoch 1176/2000 iteration 100/390 loss=15.4033 lr=0.00367854
Tiny epoch 1176/2000 iteration 150/390 loss=15.3761 lr=0.00367757
Tiny epoch 1176/2000 iteration 200/390 loss=15.3815 lr=0.00367659
Tiny epoch 1176/2000 iteration 250/390 loss=15.3849 lr=0.00367562
Tiny epoch 1176/2000 iteration 300/390 loss=15.5060 lr=0.00367464
Tiny epoch 1176/2000 iteration 350/390 loss=15.5490 lr=0.00367367
Tiny epoch 1176/2000 iteration 390/390 loss=15.5704 lr=0.00367289
Tiny epoch 1177/2000 iteration 50/390 loss=15.9148 lr=0.00367191
Tiny epoch 1177/2000 iteration 100/390 loss=15.5825 lr=0.00367094
Tiny epoch 1177/2000 iteration 150/390 loss=15.4863 lr=0.00366997
Tiny epoch 1177/2000 iteration 200/390 loss=15.5135 lr=0.00366899
Tiny epoch 1177/2000 iteration 250/390 loss=15.6023 lr=0.00366802
Tiny epoch 1177/2000 iteration 300/390 loss=15.6843 lr=0.00366704
Tiny epoch 1177/2000 iteration 350/390 loss=15.6951 lr=0.00366607
Tiny epoch 1177/2000 iteration 390/390 loss=15.7121 lr=0.00366529
Tiny epoch 1178/2000 iteration 50/390 loss=15.5432 lr=0.00366432
Tiny epoch 1178/2000 iteration 100/390 loss=15.6033 lr=0.00366334
Tiny epoch 1178/2000 iteration 150/390 loss=15.6556 lr=0.00366237
Tiny epoch 1178/2000 iteration 200/390 loss=15.5439 lr=0.00366139
Tiny epoch 1178/2000 iteration 250/390 loss=15.5890 lr=0.00366042
Tiny epoch 1178/2000 iteration 300/390 loss=15.5871 lr=0.00365945
Tiny epoch 1178/2000 iteration 350/390 loss=15.6177 lr=0.00365847
Tiny epoch 1178/2000 iteration 390/390 loss=15.6043 lr=0.0036577
Tiny epoch 1179/2000 iteration 50/390 loss=15.5497 lr=0.00365672
Tiny epoch 1179/2000 iteration 100/390 loss=15.4672 lr=0.00365575
Tiny epoch 1179/2000 iteration 150/390 loss=15.4073 lr=0.00365478
Tiny epoch 1179/2000 iteration 200/390 loss=15.4856 lr=0.0036538
Tiny epoch 1179/2000 iteration 250/390 loss=15.5232 lr=0.00365283
Tiny epoch 1179/2000 iteration 300/390 loss=15.5088 lr=0.00365186
Tiny epoch 1179/2000 iteration 350/390 loss=15.5363 lr=0.00365088
Tiny epoch 1179/2000 iteration 390/390 loss=15.5644 lr=0.0036501
Tiny epoch 1180/2000 iteration 50/390 loss=15.7930 lr=0.00364913
Tiny epoch 1180/2000 iteration 100/390 loss=15.6479 lr=0.00364816
Tiny epoch 1180/2000 iteration 150/390 loss=15.5967 lr=0.00364718
Tiny epoch 1180/2000 iteration 200/390 loss=15.5909 lr=0.00364621
Tiny epoch 1180/2000 iteration 250/390 loss=15.5313 lr=0.00364524
Tiny epoch 1180/2000 iteration 300/390 loss=15.6096 lr=0.00364427
Tiny epoch 1180/2000 iteration 350/390 loss=15.5978 lr=0.00364329
Tiny epoch 1180/2000 iteration 390/390 loss=15.5703 lr=0.00364252
[epoch 1180/2000] saved backbone: /home/mmoslem3/scratch/MKDT/krrst_teacher_ckpt/barlow_twins_resnet18_tinyimagenet.pt
Tiny epoch 1181/2000 iteration 50/390 loss=15.2546 lr=0.00364154
Tiny epoch 1181/2000 iteration 100/390 loss=15.6379 lr=0.00364057
Tiny epoch 1181/2000 iteration 150/390 loss=15.5035 lr=0.0036396
Tiny epoch 1181/2000 iteration 200/390 loss=15.5279 lr=0.00363863
Tiny epoch 1181/2000 iteration 250/390 loss=15.5085 lr=0.00363765
Tiny epoch 1181/2000 iteration 300/390 loss=15.5745 lr=0.00363668
Tiny epoch 1181/2000 iteration 350/390 loss=15.6391 lr=0.00363571
Tiny epoch 1181/2000 iteration 390/390 loss=15.6956 lr=0.00363493
Tiny epoch 1182/2000 iteration 50/390 loss=15.5767 lr=0.00363396
Tiny epoch 1182/2000 iteration 100/390 loss=15.5919 lr=0.00363299
Tiny epoch 1182/2000 iteration 150/390 loss=15.6946 lr=0.00363201
Tiny epoch 1182/2000 iteration 200/390 loss=15.7471 lr=0.00363104
Tiny epoch 1182/2000 iteration 250/390 loss=15.6213 lr=0.00363007
Tiny epoch 1182/2000 iteration 300/390 loss=15.5973 lr=0.0036291
Tiny epoch 1182/2000 iteration 350/390 loss=15.5597 lr=0.00362813
Tiny epoch 1182/2000 iteration 390/390 loss=15.5881 lr=0.00362735
Tiny epoch 1183/2000 iteration 50/390 loss=15.2961 lr=0.00362638
Tiny epoch 1183/2000 iteration 100/390 loss=15.3248 lr=0.00362541
Tiny epoch 1183/2000 iteration 150/390 loss=15.3380 lr=0.00362443
Tiny epoch 1183/2000 iteration 200/390 loss=15.3568 lr=0.00362346
Tiny epoch 1183/2000 iteration 250/390 loss=15.3985 lr=0.00362249
Tiny epoch 1183/2000 iteration 300/390 loss=15.4063 lr=0.00362152
Tiny epoch 1183/2000 iteration 350/390 loss=15.4071 lr=0.00362055
Tiny epoch 1183/2000 iteration 390/390 loss=15.4400 lr=0.00361977
Tiny epoch 1184/2000 iteration 50/390 loss=15.6849 lr=0.0036188
Tiny epoch 1184/2000 iteration 100/390 loss=15.6382 lr=0.00361783
Tiny epoch 1184/2000 iteration 150/390 loss=15.6995 lr=0.00361686
Tiny epoch 1184/2000 iteration 200/390 loss=15.6619 lr=0.00361589
Tiny epoch 1184/2000 iteration 250/390 loss=15.7652 lr=0.00361492
Tiny epoch 1184/2000 iteration 300/390 loss=15.7152 lr=0.00361394
Tiny epoch 1184/2000 iteration 350/390 loss=15.7379 lr=0.00361297
Tiny epoch 1184/2000 iteration 390/390 loss=15.7495 lr=0.0036122
Tiny epoch 1185/2000 iteration 50/390 loss=16.0347 lr=0.00361123
Tiny epoch 1185/2000 iteration 100/390 loss=15.8108 lr=0.00361026
Tiny epoch 1185/2000 iteration 150/390 loss=15.6346 lr=0.00360928
Tiny epoch 1185/2000 iteration 200/390 loss=15.5657 lr=0.00360831
Tiny epoch 1185/2000 iteration 250/390 loss=15.6882 lr=0.00360734
Tiny epoch 1185/2000 iteration 300/390 loss=15.6516 lr=0.00360637
Tiny epoch 1185/2000 iteration 350/390 loss=15.6759 lr=0.0036054
Tiny epoch 1185/2000 iteration 390/390 loss=15.6710 lr=0.00360463
Tiny epoch 1186/2000 iteration 50/390 loss=15.6629 lr=0.00360366
Tiny epoch 1186/2000 iteration 100/390 loss=15.6943 lr=0.00360268
Tiny epoch 1186/2000 iteration 150/390 loss=15.7934 lr=0.00360171
Tiny epoch 1186/2000 iteration 200/390 loss=15.7470 lr=0.00360074
Tiny epoch 1186/2000 iteration 250/390 loss=15.7082 lr=0.00359977
Tiny epoch 1186/2000 iteration 300/390 loss=15.6520 lr=0.0035988
Tiny epoch 1186/2000 iteration 350/390 loss=15.6347 lr=0.00359783
Tiny epoch 1186/2000 iteration 390/390 loss=15.6906 lr=0.00359706
Tiny epoch 1187/2000 iteration 50/390 loss=15.7351 lr=0.00359609
Tiny epoch 1187/2000 iteration 100/390 loss=15.5251 lr=0.00359512
Tiny epoch 1187/2000 iteration 150/390 loss=15.4261 lr=0.00359415
Tiny epoch 1187/2000 iteration 200/390 loss=15.5628 lr=0.00359318
Tiny epoch 1187/2000 iteration 250/390 loss=15.5471 lr=0.00359221
Tiny epoch 1187/2000 iteration 300/390 loss=15.5647 lr=0.00359124
Tiny epoch 1187/2000 iteration 350/390 loss=15.5681 lr=0.00359027
Tiny epoch 1187/2000 iteration 390/390 loss=15.5653 lr=0.00358949
Tiny epoch 1188/2000 iteration 50/390 loss=15.5536 lr=0.00358852
Tiny epoch 1188/2000 iteration 100/390 loss=15.6156 lr=0.00358756
Tiny epoch 1188/2000 iteration 150/390 loss=15.6355 lr=0.00358659
Tiny epoch 1188/2000 iteration 200/390 loss=15.5658 lr=0.00358562
Tiny epoch 1188/2000 iteration 250/390 loss=15.5912 lr=0.00358465
Tiny epoch 1188/2000 iteration 300/390 loss=15.6076 lr=0.00358368
Tiny epoch 1188/2000 iteration 350/390 loss=15.6694 lr=0.00358271
Tiny epoch 1188/2000 iteration 390/390 loss=15.6146 lr=0.00358193
Tiny epoch 1189/2000 iteration 50/390 loss=15.3784 lr=0.00358096
Tiny epoch 1189/2000 iteration 100/390 loss=15.5232 lr=0.00358
Tiny epoch 1189/2000 iteration 150/390 loss=15.6396 lr=0.00357903
Tiny epoch 1189/2000 iteration 200/390 loss=15.6397 lr=0.00357806
Tiny epoch 1189/2000 iteration 250/390 loss=15.6270 lr=0.00357709
Tiny epoch 1189/2000 iteration 300/390 loss=15.6488 lr=0.00357612
Tiny epoch 1189/2000 iteration 350/390 loss=15.6711 lr=0.00357515
Tiny epoch 1189/2000 iteration 390/390 loss=15.6774 lr=0.00357438
Tiny epoch 1190/2000 iteration 50/390 loss=15.6583 lr=0.00357341
Tiny epoch 1190/2000 iteration 100/390 loss=15.7625 lr=0.00357244
Tiny epoch 1190/2000 iteration 150/390 loss=15.6362 lr=0.00357147
Tiny epoch 1190/2000 iteration 200/390 loss=15.5918 lr=0.0035705
Tiny epoch 1190/2000 iteration 250/390 loss=15.6059 lr=0.00356953
Tiny epoch 1190/2000 iteration 300/390 loss=15.6239 lr=0.00356857
Tiny epoch 1190/2000 iteration 350/390 loss=15.6041 lr=0.0035676
Tiny epoch 1190/2000 iteration 390/390 loss=15.6399 lr=0.00356682
[epoch 1190/2000] saved backbone: /home/mmoslem3/scratch/MKDT/krrst_teacher_ckpt/barlow_twins_resnet18_tinyimagenet.pt
Tiny epoch 1191/2000 iteration 50/390 loss=15.5258 lr=0.00356585
Tiny epoch 1191/2000 iteration 100/390 loss=15.3551 lr=0.00356489
Tiny epoch 1191/2000 iteration 150/390 loss=15.3410 lr=0.00356392
Tiny epoch 1191/2000 iteration 200/390 loss=15.4354 lr=0.00356295
Tiny epoch 1191/2000 iteration 250/390 loss=15.4736 lr=0.00356198
Tiny epoch 1191/2000 iteration 300/390 loss=15.4877 lr=0.00356102
Tiny epoch 1191/2000 iteration 350/390 loss=15.5290 lr=0.00356005
Tiny epoch 1191/2000 iteration 390/390 loss=15.5291 lr=0.00355927
Tiny epoch 1192/2000 iteration 50/390 loss=15.7055 lr=0.00355831
Tiny epoch 1192/2000 iteration 100/390 loss=15.5652 lr=0.00355734
Tiny epoch 1192/2000 iteration 150/390 loss=15.5460 lr=0.00355637
Tiny epoch 1192/2000 iteration 200/390 loss=15.5349 lr=0.0035554
Tiny epoch 1192/2000 iteration 250/390 loss=15.4990 lr=0.00355444
Tiny epoch 1192/2000 iteration 300/390 loss=15.4998 lr=0.00355347
Tiny epoch 1192/2000 iteration 350/390 loss=15.4784 lr=0.0035525
Tiny epoch 1192/2000 iteration 390/390 loss=15.5059 lr=0.00355173
Tiny epoch 1193/2000 iteration 50/390 loss=15.7011 lr=0.00355076
Tiny epoch 1193/2000 iteration 100/390 loss=15.4110 lr=0.00354979
Tiny epoch 1193/2000 iteration 150/390 loss=15.3166 lr=0.00354883
Tiny epoch 1193/2000 iteration 200/390 loss=15.3311 lr=0.00354786
Tiny epoch 1193/2000 iteration 250/390 loss=15.3465 lr=0.00354689
Tiny epoch 1193/2000 iteration 300/390 loss=15.4198 lr=0.00354592
Tiny epoch 1193/2000 iteration 350/390 loss=15.4478 lr=0.00354496
Tiny epoch 1193/2000 iteration 390/390 loss=15.4834 lr=0.00354418
Tiny epoch 1194/2000 iteration 50/390 loss=15.7414 lr=0.00354322
Tiny epoch 1194/2000 iteration 100/390 loss=15.5342 lr=0.00354225
Tiny epoch 1194/2000 iteration 150/390 loss=15.6000 lr=0.00354128
Tiny epoch 1194/2000 iteration 200/390 loss=15.5153 lr=0.00354032
Tiny epoch 1194/2000 iteration 250/390 loss=15.4469 lr=0.00353935
Tiny epoch 1194/2000 iteration 300/390 loss=15.4193 lr=0.00353838
Tiny epoch 1194/2000 iteration 350/390 loss=15.4523 lr=0.00353742
Tiny epoch 1194/2000 iteration 390/390 loss=15.4766 lr=0.00353665
Tiny epoch 1195/2000 iteration 50/390 loss=15.8534 lr=0.00353568
Tiny epoch 1195/2000 iteration 100/390 loss=15.5913 lr=0.00353471
Tiny epoch 1195/2000 iteration 150/390 loss=15.5006 lr=0.00353375
Tiny epoch 1195/2000 iteration 200/390 loss=15.5668 lr=0.00353278
Tiny epoch 1195/2000 iteration 250/390 loss=15.5952 lr=0.00353181
Tiny epoch 1195/2000 iteration 300/390 loss=15.5902 lr=0.00353085
Tiny epoch 1195/2000 iteration 350/390 loss=15.6689 lr=0.00352988
Tiny epoch 1195/2000 iteration 390/390 loss=15.6450 lr=0.00352911
Tiny epoch 1196/2000 iteration 50/390 loss=15.4794 lr=0.00352814
Tiny epoch 1196/2000 iteration 100/390 loss=15.4978 lr=0.00352718
Tiny epoch 1196/2000 iteration 150/390 loss=15.4062 lr=0.00352621
Tiny epoch 1196/2000 iteration 200/390 loss=15.4662 lr=0.00352525
Tiny epoch 1196/2000 iteration 250/390 loss=15.4566 lr=0.00352428
Tiny epoch 1196/2000 iteration 300/390 loss=15.4744 lr=0.00352332
Tiny epoch 1196/2000 iteration 350/390 loss=15.5048 lr=0.00352235
Tiny epoch 1196/2000 iteration 390/390 loss=15.5088 lr=0.00352158
Tiny epoch 1197/2000 iteration 50/390 loss=15.2529 lr=0.00352061
Tiny epoch 1197/2000 iteration 100/390 loss=15.4012 lr=0.00351965
Tiny epoch 1197/2000 iteration 150/390 loss=15.4681 lr=0.00351868
Tiny epoch 1197/2000 iteration 200/390 loss=15.5197 lr=0.00351772
Tiny epoch 1197/2000 iteration 250/390 loss=15.5295 lr=0.00351675
Tiny epoch 1197/2000 iteration 300/390 loss=15.5900 lr=0.00351579
Tiny epoch 1197/2000 iteration 350/390 loss=15.6446 lr=0.00351482
Tiny epoch 1197/2000 iteration 390/390 loss=15.6967 lr=0.00351405
Tiny epoch 1198/2000 iteration 50/390 loss=15.6429 lr=0.00351309
Tiny epoch 1198/2000 iteration 100/390 loss=15.5264 lr=0.00351212
Tiny epoch 1198/2000 iteration 150/390 loss=15.5850 lr=0.00351116
Tiny epoch 1198/2000 iteration 200/390 loss=15.5922 lr=0.00351019
Tiny epoch 1198/2000 iteration 250/390 loss=15.6287 lr=0.00350923
Tiny epoch 1198/2000 iteration 300/390 loss=15.6749 lr=0.00350826
Tiny epoch 1198/2000 iteration 350/390 loss=15.7357 lr=0.0035073
Tiny epoch 1198/2000 iteration 390/390 loss=15.6816 lr=0.00350653
Tiny epoch 1199/2000 iteration 50/390 loss=15.3901 lr=0.00350556
Tiny epoch 1199/2000 iteration 100/390 loss=15.4496 lr=0.0035046
Tiny epoch 1199/2000 iteration 150/390 loss=15.5061 lr=0.00350363
Tiny epoch 1199/2000 iteration 200/390 loss=15.6180 lr=0.00350267
Tiny epoch 1199/2000 iteration 250/390 loss=15.7129 lr=0.00350171
Tiny epoch 1199/2000 iteration 300/390 loss=15.7284 lr=0.00350074
Tiny epoch 1199/2000 iteration 350/390 loss=15.7421 lr=0.00349978
Tiny epoch 1199/2000 iteration 390/390 loss=15.6682 lr=0.00349901
Tiny epoch 1200/2000 iteration 50/390 loss=15.0645 lr=0.00349804
Tiny epoch 1200/2000 iteration 100/390 loss=15.1848 lr=0.00349708
Tiny epoch 1200/2000 iteration 150/390 loss=15.2076 lr=0.00349611
Tiny epoch 1200/2000 iteration 200/390 loss=15.1936 lr=0.00349515
Tiny epoch 1200/2000 iteration 250/390 loss=15.2701 lr=0.00349419
Tiny epoch 1200/2000 iteration 300/390 loss=15.2947 lr=0.00349322
Tiny epoch 1200/2000 iteration 350/390 loss=15.3592 lr=0.00349226
Tiny epoch 1200/2000 iteration 390/390 loss=15.3289 lr=0.00349149
[epoch 1200/2000] saved backbone: /home/mmoslem3/scratch/MKDT/krrst_teacher_ckpt/barlow_twins_resnet18_tinyimagenet.pt
Tiny epoch 1201/2000 iteration 50/390 loss=15.5295 lr=0.00349053
Tiny epoch 1201/2000 iteration 100/390 loss=15.6833 lr=0.00348956
Tiny epoch 1201/2000 iteration 150/390 loss=15.6498 lr=0.0034886
Tiny epoch 1201/2000 iteration 200/390 loss=15.6704 lr=0.00348764
Tiny epoch 1201/2000 iteration 250/390 loss=15.5732 lr=0.00348667
Tiny epoch 1201/2000 iteration 300/390 loss=15.5775 lr=0.00348571
Tiny epoch 1201/2000 iteration 350/390 loss=15.5667 lr=0.00348475
Tiny epoch 1201/2000 iteration 390/390 loss=15.5425 lr=0.00348398
Tiny epoch 1202/2000 iteration 50/390 loss=15.7689 lr=0.00348301
Tiny epoch 1202/2000 iteration 100/390 loss=15.6716 lr=0.00348205
Tiny epoch 1202/2000 iteration 150/390 loss=15.7041 lr=0.00348109
Tiny epoch 1202/2000 iteration 200/390 loss=15.5822 lr=0.00348012
Tiny epoch 1202/2000 iteration 250/390 loss=15.5836 lr=0.00347916
Tiny epoch 1202/2000 iteration 300/390 loss=15.6477 lr=0.0034782
Tiny epoch 1202/2000 iteration 350/390 loss=15.6178 lr=0.00347724
Tiny epoch 1202/2000 iteration 390/390 loss=15.6394 lr=0.00347647
Tiny epoch 1203/2000 iteration 50/390 loss=15.2640 lr=0.0034755
Tiny epoch 1203/2000 iteration 100/390 loss=15.3867 lr=0.00347454
Tiny epoch 1203/2000 iteration 150/390 loss=15.5333 lr=0.00347358
Tiny epoch 1203/2000 iteration 200/390 loss=15.4651 lr=0.00347262
Tiny epoch 1203/2000 iteration 250/390 loss=15.4324 lr=0.00347166
Tiny epoch 1203/2000 iteration 300/390 loss=15.4745 lr=0.00347069
Tiny epoch 1203/2000 iteration 350/390 loss=15.5042 lr=0.00346973
Tiny epoch 1203/2000 iteration 390/390 loss=15.5109 lr=0.00346896
Tiny epoch 1204/2000 iteration 50/390 loss=15.4281 lr=0.003468
Tiny epoch 1204/2000 iteration 100/390 loss=15.4117 lr=0.00346704
Tiny epoch 1204/2000 iteration 150/390 loss=15.4280 lr=0.00346608
Tiny epoch 1204/2000 iteration 200/390 loss=15.4055 lr=0.00346511
Tiny epoch 1204/2000 iteration 250/390 loss=15.4092 lr=0.00346415
Tiny epoch 1204/2000 iteration 300/390 loss=15.4618 lr=0.00346319
Tiny epoch 1204/2000 iteration 350/390 loss=15.4429 lr=0.00346223
Tiny epoch 1204/2000 iteration 390/390 loss=15.4212 lr=0.00346146
Tiny epoch 1205/2000 iteration 50/390 loss=15.3141 lr=0.0034605
Tiny epoch 1205/2000 iteration 100/390 loss=15.5476 lr=0.00345954
Tiny epoch 1205/2000 iteration 150/390 loss=15.6020 lr=0.00345858
Tiny epoch 1205/2000 iteration 200/390 loss=15.5923 lr=0.00345761
Tiny epoch 1205/2000 iteration 250/390 loss=15.5974 lr=0.00345665
Tiny epoch 1205/2000 iteration 300/390 loss=15.5701 lr=0.00345569
Tiny epoch 1205/2000 iteration 350/390 loss=15.5561 lr=0.00345473
Tiny epoch 1205/2000 iteration 390/390 loss=15.5197 lr=0.00345396
Tiny epoch 1206/2000 iteration 50/390 loss=15.4137 lr=0.003453
Tiny epoch 1206/2000 iteration 100/390 loss=15.3770 lr=0.00345204
Tiny epoch 1206/2000 iteration 150/390 loss=15.3116 lr=0.00345108
Tiny epoch 1206/2000 iteration 200/390 loss=15.3935 lr=0.00345012
Tiny epoch 1206/2000 iteration 250/390 loss=15.4304 lr=0.00344916
Tiny epoch 1206/2000 iteration 300/390 loss=15.4802 lr=0.0034482
Tiny epoch 1206/2000 iteration 350/390 loss=15.4337 lr=0.00344724
Tiny epoch 1206/2000 iteration 390/390 loss=15.4550 lr=0.00344647
Tiny epoch 1207/2000 iteration 50/390 loss=15.2678 lr=0.00344551
Tiny epoch 1207/2000 iteration 100/390 loss=15.2681 lr=0.00344455
Tiny epoch 1207/2000 iteration 150/390 loss=15.5102 lr=0.00344359
Tiny epoch 1207/2000 iteration 200/390 loss=15.5321 lr=0.00344263
Tiny epoch 1207/2000 iteration 250/390 loss=15.5492 lr=0.00344167
Tiny epoch 1207/2000 iteration 300/390 loss=15.5503 lr=0.00344071
Tiny epoch 1207/2000 iteration 350/390 loss=15.4794 lr=0.00343975
Tiny epoch 1207/2000 iteration 390/390 loss=15.4805 lr=0.00343898
Tiny epoch 1208/2000 iteration 50/390 loss=15.6794 lr=0.00343802
Tiny epoch 1208/2000 iteration 100/390 loss=15.6398 lr=0.00343706
Tiny epoch 1208/2000 iteration 150/390 loss=15.6401 lr=0.0034361
Tiny epoch 1208/2000 iteration 200/390 loss=15.5416 lr=0.00343514
Tiny epoch 1208/2000 iteration 250/390 loss=15.5387 lr=0.00343418
Tiny epoch 1208/2000 iteration 300/390 loss=15.5055 lr=0.00343322
Tiny epoch 1208/2000 iteration 350/390 loss=15.4893 lr=0.00343226
Tiny epoch 1208/2000 iteration 390/390 loss=15.4993 lr=0.00343149
Tiny epoch 1209/2000 iteration 50/390 loss=15.3969 lr=0.00343053
Tiny epoch 1209/2000 iteration 100/390 loss=15.2959 lr=0.00342957
Tiny epoch 1209/2000 iteration 150/390 loss=15.2464 lr=0.00342861
Tiny epoch 1209/2000 iteration 200/390 loss=15.3696 lr=0.00342766
Tiny epoch 1209/2000 iteration 250/390 loss=15.4160 lr=0.0034267
Tiny epoch 1209/2000 iteration 300/390 loss=15.3551 lr=0.00342574
Tiny epoch 1209/2000 iteration 350/390 loss=15.3809 lr=0.00342478
Tiny epoch 1209/2000 iteration 390/390 loss=15.4350 lr=0.00342401
Tiny epoch 1210/2000 iteration 50/390 loss=15.0136 lr=0.00342305
Tiny epoch 1210/2000 iteration 100/390 loss=15.3159 lr=0.00342209
Tiny epoch 1210/2000 iteration 150/390 loss=15.2726 lr=0.00342113
Tiny epoch 1210/2000 iteration 200/390 loss=15.3196 lr=0.00342018
Tiny epoch 1210/2000 iteration 250/390 loss=15.3883 lr=0.00341922
Tiny epoch 1210/2000 iteration 300/390 loss=15.4031 lr=0.00341826
Tiny epoch 1210/2000 iteration 350/390 loss=15.3944 lr=0.0034173
Tiny epoch 1210/2000 iteration 390/390 loss=15.4051 lr=0.00341653
[epoch 1210/2000] saved backbone: /home/mmoslem3/scratch/MKDT/krrst_teacher_ckpt/barlow_twins_resnet18_tinyimagenet.pt
Tiny epoch 1211/2000 iteration 50/390 loss=15.3200 lr=0.00341557
Tiny epoch 1211/2000 iteration 100/390 loss=15.2920 lr=0.00341462
Tiny epoch 1211/2000 iteration 150/390 loss=15.2097 lr=0.00341366
Tiny epoch 1211/2000 iteration 200/390 loss=15.2804 lr=0.0034127
Tiny epoch 1211/2000 iteration 250/390 loss=15.2677 lr=0.00341174
Tiny epoch 1211/2000 iteration 300/390 loss=15.3589 lr=0.00341078
Tiny epoch 1211/2000 iteration 350/390 loss=15.3864 lr=0.00340982
Tiny epoch 1211/2000 iteration 390/390 loss=15.3752 lr=0.00340906
Tiny epoch 1212/2000 iteration 50/390 loss=15.5343 lr=0.0034081
Tiny epoch 1212/2000 iteration 100/390 loss=15.3285 lr=0.00340714
Tiny epoch 1212/2000 iteration 150/390 loss=15.3142 lr=0.00340618
Tiny epoch 1212/2000 iteration 200/390 loss=15.3357 lr=0.00340523
Tiny epoch 1212/2000 iteration 250/390 loss=15.4104 lr=0.00340427
Tiny epoch 1212/2000 iteration 300/390 loss=15.4182 lr=0.00340331
Tiny epoch 1212/2000 iteration 350/390 loss=15.4390 lr=0.00340235
Tiny epoch 1212/2000 iteration 390/390 loss=15.4384 lr=0.00340159
Tiny epoch 1213/2000 iteration 50/390 loss=15.3739 lr=0.00340063
Tiny epoch 1213/2000 iteration 100/390 loss=15.1351 lr=0.00339967
Tiny epoch 1213/2000 iteration 150/390 loss=15.1979 lr=0.00339872
Tiny epoch 1213/2000 iteration 200/390 loss=15.3341 lr=0.00339776
Tiny epoch 1213/2000 iteration 250/390 loss=15.4030 lr=0.0033968
Tiny epoch 1213/2000 iteration 300/390 loss=15.3806 lr=0.00339584
Tiny epoch 1213/2000 iteration 350/390 loss=15.3365 lr=0.00339489
Tiny epoch 1213/2000 iteration 390/390 loss=15.3355 lr=0.00339412
Tiny epoch 1214/2000 iteration 50/390 loss=15.4446 lr=0.00339316
Tiny epoch 1214/2000 iteration 100/390 loss=15.3331 lr=0.00339221
Tiny epoch 1214/2000 iteration 150/390 loss=15.3137 lr=0.00339125
Tiny epoch 1214/2000 iteration 200/390 loss=15.2944 lr=0.00339029
Tiny epoch 1214/2000 iteration 250/390 loss=15.3019 lr=0.00338934
Tiny epoch 1214/2000 iteration 300/390 loss=15.3724 lr=0.00338838
Tiny epoch 1214/2000 iteration 350/390 loss=15.4116 lr=0.00338742
Tiny epoch 1214/2000 iteration 390/390 loss=15.4459 lr=0.00338666
Tiny epoch 1215/2000 iteration 50/390 loss=15.3275 lr=0.0033857
Tiny epoch 1215/2000 iteration 100/390 loss=15.3329 lr=0.00338475
Tiny epoch 1215/2000 iteration 150/390 loss=15.3172 lr=0.00338379
Tiny epoch 1215/2000 iteration 200/390 loss=15.3647 lr=0.00338283
Tiny epoch 1215/2000 iteration 250/390 loss=15.3637 lr=0.00338188
Tiny epoch 1215/2000 iteration 300/390 loss=15.3645 lr=0.00338092
Tiny epoch 1215/2000 iteration 350/390 loss=15.4787 lr=0.00337997
Tiny epoch 1215/2000 iteration 390/390 loss=15.5125 lr=0.0033792
Tiny epoch 1216/2000 iteration 50/390 loss=15.2922 lr=0.00337825
Tiny epoch 1216/2000 iteration 100/390 loss=15.2985 lr=0.00337729
Tiny epoch 1216/2000 iteration 150/390 loss=15.4353 lr=0.00337633
Tiny epoch 1216/2000 iteration 200/390 loss=15.4153 lr=0.00337538
Tiny epoch 1216/2000 iteration 250/390 loss=15.3890 lr=0.00337442
Tiny epoch 1216/2000 iteration 300/390 loss=15.3859 lr=0.00337347
Tiny epoch 1216/2000 iteration 350/390 loss=15.4579 lr=0.00337251
Tiny epoch 1216/2000 iteration 390/390 loss=15.4206 lr=0.00337175
Tiny epoch 1217/2000 iteration 50/390 loss=15.0337 lr=0.00337079
Tiny epoch 1217/2000 iteration 100/390 loss=15.0817 lr=0.00336984
Tiny epoch 1217/2000 iteration 150/390 loss=15.2428 lr=0.00336888
Tiny epoch 1217/2000 iteration 200/390 loss=15.2406 lr=0.00336793
Tiny epoch 1217/2000 iteration 250/390 loss=15.3053 lr=0.00336697
Tiny epoch 1217/2000 iteration 300/390 loss=15.3750 lr=0.00336602
Tiny epoch 1217/2000 iteration 350/390 loss=15.4056 lr=0.00336506
Tiny epoch 1217/2000 iteration 390/390 loss=15.4284 lr=0.0033643
Tiny epoch 1218/2000 iteration 50/390 loss=15.4530 lr=0.00336334
Tiny epoch 1218/2000 iteration 100/390 loss=15.4253 lr=0.00336239
Tiny epoch 1218/2000 iteration 150/390 loss=15.4438 lr=0.00336143
Tiny epoch 1218/2000 iteration 200/390 loss=15.4222 lr=0.00336048
Tiny epoch 1218/2000 iteration 250/390 loss=15.3825 lr=0.00335952
Tiny epoch 1218/2000 iteration 300/390 loss=15.3437 lr=0.00335857
Tiny epoch 1218/2000 iteration 350/390 loss=15.3525 lr=0.00335761
Tiny epoch 1218/2000 iteration 390/390 loss=15.3737 lr=0.00335685
Tiny epoch 1219/2000 iteration 50/390 loss=15.1464 lr=0.0033559
Tiny epoch 1219/2000 iteration 100/390 loss=15.3835 lr=0.00335494
Tiny epoch 1219/2000 iteration 150/390 loss=15.3889 lr=0.00335399
Tiny epoch 1219/2000 iteration 200/390 loss=15.3078 lr=0.00335303
Tiny epoch 1219/2000 iteration 250/390 loss=15.2959 lr=0.00335208
Tiny epoch 1219/2000 iteration 300/390 loss=15.2840 lr=0.00335113
Tiny epoch 1219/2000 iteration 350/390 loss=15.3312 lr=0.00335017
Tiny epoch 1219/2000 iteration 390/390 loss=15.3422 lr=0.00334941
Tiny epoch 1220/2000 iteration 50/390 loss=15.1453 lr=0.00334846
Tiny epoch 1220/2000 iteration 100/390 loss=15.2699 lr=0.0033475
Tiny epoch 1220/2000 iteration 150/390 loss=15.2856 lr=0.00334655
Tiny epoch 1220/2000 iteration 200/390 loss=15.3232 lr=0.00334559
Tiny epoch 1220/2000 iteration 250/390 loss=15.3818 lr=0.00334464
Tiny epoch 1220/2000 iteration 300/390 loss=15.4297 lr=0.00334369
Tiny epoch 1220/2000 iteration 350/390 loss=15.4093 lr=0.00334273
Tiny epoch 1220/2000 iteration 390/390 loss=15.4437 lr=0.00334197
[epoch 1220/2000] saved backbone: /home/mmoslem3/scratch/MKDT/krrst_teacher_ckpt/barlow_twins_resnet18_tinyimagenet.pt
Tiny epoch 1221/2000 iteration 50/390 loss=15.2570 lr=0.00334102
Tiny epoch 1221/2000 iteration 100/390 loss=15.2470 lr=0.00334007
Tiny epoch 1221/2000 iteration 150/390 loss=15.2906 lr=0.00333911
Tiny epoch 1221/2000 iteration 200/390 loss=15.2554 lr=0.00333816
Tiny epoch 1221/2000 iteration 250/390 loss=15.3041 lr=0.00333721
Tiny epoch 1221/2000 iteration 300/390 loss=15.3344 lr=0.00333625
Tiny epoch 1221/2000 iteration 350/390 loss=15.3135 lr=0.0033353
Tiny epoch 1221/2000 iteration 390/390 loss=15.2785 lr=0.00333454
Tiny epoch 1222/2000 iteration 50/390 loss=15.4450 lr=0.00333359
Tiny epoch 1222/2000 iteration 100/390 loss=15.4383 lr=0.00333263
Tiny epoch 1222/2000 iteration 150/390 loss=15.4432 lr=0.00333168
Tiny epoch 1222/2000 iteration 200/390 loss=15.4180 lr=0.00333073
Tiny epoch 1222/2000 iteration 250/390 loss=15.3291 lr=0.00332977
Tiny epoch 1222/2000 iteration 300/390 loss=15.3346 lr=0.00332882
Tiny epoch 1222/2000 iteration 350/390 loss=15.3227 lr=0.00332787
Tiny epoch 1222/2000 iteration 390/390 loss=15.3229 lr=0.00332711
Tiny epoch 1223/2000 iteration 50/390 loss=15.5513 lr=0.00332616
Tiny epoch 1223/2000 iteration 100/390 loss=15.4365 lr=0.0033252
Tiny epoch 1223/2000 iteration 150/390 loss=15.3631 lr=0.00332425
Tiny epoch 1223/2000 iteration 200/390 loss=15.2736 lr=0.0033233
Tiny epoch 1223/2000 iteration 250/390 loss=15.2124 lr=0.00332235
Tiny epoch 1223/2000 iteration 300/390 loss=15.2376 lr=0.0033214
Tiny epoch 1223/2000 iteration 350/390 loss=15.2650 lr=0.00332044
Tiny epoch 1223/2000 iteration 390/390 loss=15.2593 lr=0.00331968
Tiny epoch 1224/2000 iteration 50/390 loss=14.9910 lr=0.00331873
Tiny epoch 1224/2000 iteration 100/390 loss=15.3230 lr=0.00331778
Tiny epoch 1224/2000 iteration 150/390 loss=15.2924 lr=0.00331683
Tiny epoch 1224/2000 iteration 200/390 loss=15.3427 lr=0.00331588
Tiny epoch 1224/2000 iteration 250/390 loss=15.3573 lr=0.00331493
Tiny epoch 1224/2000 iteration 300/390 loss=15.3449 lr=0.00331397
Tiny epoch 1224/2000 iteration 350/390 loss=15.3928 lr=0.00331302
Tiny epoch 1224/2000 iteration 390/390 loss=15.3963 lr=0.00331226
Tiny epoch 1225/2000 iteration 50/390 loss=15.3193 lr=0.00331131
Tiny epoch 1225/2000 iteration 100/390 loss=15.2389 lr=0.00331036
Tiny epoch 1225/2000 iteration 150/390 loss=15.2526 lr=0.00330941
Tiny epoch 1225/2000 iteration 200/390 loss=15.2088 lr=0.00330846
Tiny epoch 1225/2000 iteration 250/390 loss=15.1571 lr=0.00330751
Tiny epoch 1225/2000 iteration 300/390 loss=15.1783 lr=0.00330656
Tiny epoch 1225/2000 iteration 350/390 loss=15.2422 lr=0.00330561
Tiny epoch 1225/2000 iteration 390/390 loss=15.2362 lr=0.00330485
Tiny epoch 1226/2000 iteration 50/390 loss=15.1948 lr=0.00330389
Tiny epoch 1226/2000 iteration 100/390 loss=15.2613 lr=0.00330294
Tiny epoch 1226/2000 iteration 150/390 loss=15.2788 lr=0.00330199
Tiny epoch 1226/2000 iteration 200/390 loss=15.2891 lr=0.00330104
Tiny epoch 1226/2000 iteration 250/390 loss=15.2817 lr=0.00330009
Tiny epoch 1226/2000 iteration 300/390 loss=15.2828 lr=0.00329914
Tiny epoch 1226/2000 iteration 350/390 loss=15.3188 lr=0.00329819
Tiny epoch 1226/2000 iteration 390/390 loss=15.3368 lr=0.00329743
Tiny epoch 1227/2000 iteration 50/390 loss=15.0074 lr=0.00329648
Tiny epoch 1227/2000 iteration 100/390 loss=15.0349 lr=0.00329553
Tiny epoch 1227/2000 iteration 150/390 loss=15.1968 lr=0.00329458
Tiny epoch 1227/2000 iteration 200/390 loss=15.2852 lr=0.00329363
Tiny epoch 1227/2000 iteration 250/390 loss=15.3079 lr=0.00329268
Tiny epoch 1227/2000 iteration 300/390 loss=15.3177 lr=0.00329173
Tiny epoch 1227/2000 iteration 350/390 loss=15.2879 lr=0.00329078
Tiny epoch 1227/2000 iteration 390/390 loss=15.2656 lr=0.00329002
Tiny epoch 1228/2000 iteration 50/390 loss=15.0343 lr=0.00328907
Tiny epoch 1228/2000 iteration 100/390 loss=14.9651 lr=0.00328813
Tiny epoch 1228/2000 iteration 150/390 loss=15.1257 lr=0.00328718
Tiny epoch 1228/2000 iteration 200/390 loss=15.2471 lr=0.00328623
Tiny epoch 1228/2000 iteration 250/390 loss=15.2463 lr=0.00328528
Tiny epoch 1228/2000 iteration 300/390 loss=15.2827 lr=0.00328433
Tiny epoch 1228/2000 iteration 350/390 loss=15.3087 lr=0.00328338
Tiny epoch 1228/2000 iteration 390/390 loss=15.3061 lr=0.00328262
Tiny epoch 1229/2000 iteration 50/390 loss=15.0449 lr=0.00328167
Tiny epoch 1229/2000 iteration 100/390 loss=15.1292 lr=0.00328072
Tiny epoch 1229/2000 iteration 150/390 loss=15.1969 lr=0.00327977
Tiny epoch 1229/2000 iteration 200/390 loss=15.2419 lr=0.00327883
Tiny epoch 1229/2000 iteration 250/390 loss=15.3557 lr=0.00327788
Tiny epoch 1229/2000 iteration 300/390 loss=15.3406 lr=0.00327693
Tiny epoch 1229/2000 iteration 350/390 loss=15.2960 lr=0.00327598
Tiny epoch 1229/2000 iteration 390/390 loss=15.3515 lr=0.00327522
Tiny epoch 1230/2000 iteration 50/390 loss=15.0964 lr=0.00327427
Tiny epoch 1230/2000 iteration 100/390 loss=15.0407 lr=0.00327332
Tiny epoch 1230/2000 iteration 150/390 loss=15.0993 lr=0.00327238
Tiny epoch 1230/2000 iteration 200/390 loss=15.1751 lr=0.00327143
Tiny epoch 1230/2000 iteration 250/390 loss=15.2151 lr=0.00327048
Tiny epoch 1230/2000 iteration 300/390 loss=15.2277 lr=0.00326953
Tiny epoch 1230/2000 iteration 350/390 loss=15.2500 lr=0.00326858
Tiny epoch 1230/2000 iteration 390/390 loss=15.2485 lr=0.00326783
[epoch 1230/2000] saved backbone: /home/mmoslem3/scratch/MKDT/krrst_teacher_ckpt/barlow_twins_resnet18_tinyimagenet.pt
Tiny epoch 1231/2000 iteration 50/390 loss=15.7036 lr=0.00326688
Tiny epoch 1231/2000 iteration 100/390 loss=15.4980 lr=0.00326593
Tiny epoch 1231/2000 iteration 150/390 loss=15.5447 lr=0.00326498
Tiny epoch 1231/2000 iteration 200/390 loss=15.4597 lr=0.00326403
Tiny epoch 1231/2000 iteration 250/390 loss=15.4703 lr=0.00326309
Tiny epoch 1231/2000 iteration 300/390 loss=15.4680 lr=0.00326214
Tiny epoch 1231/2000 iteration 350/390 loss=15.4175 lr=0.00326119
Tiny epoch 1231/2000 iteration 390/390 loss=15.4020 lr=0.00326043
Tiny epoch 1232/2000 iteration 50/390 loss=14.9269 lr=0.00325949
Tiny epoch 1232/2000 iteration 100/390 loss=15.2922 lr=0.00325854
Tiny epoch 1232/2000 iteration 150/390 loss=15.2469 lr=0.00325759
Tiny epoch 1232/2000 iteration 200/390 loss=15.2351 lr=0.00325665
Tiny epoch 1232/2000 iteration 250/390 loss=15.2793 lr=0.0032557
Tiny epoch 1232/2000 iteration 300/390 loss=15.2532 lr=0.00325475
Tiny epoch 1232/2000 iteration 350/390 loss=15.2069 lr=0.0032538
Tiny epoch 1232/2000 iteration 390/390 loss=15.2205 lr=0.00325305
Tiny epoch 1233/2000 iteration 50/390 loss=15.0442 lr=0.0032521
Tiny epoch 1233/2000 iteration 100/390 loss=15.0976 lr=0.00325115
Tiny epoch 1233/2000 iteration 150/390 loss=15.1672 lr=0.00325021
Tiny epoch 1233/2000 iteration 200/390 loss=15.1857 lr=0.00324926
Tiny epoch 1233/2000 iteration 250/390 loss=15.1890 lr=0.00324831
Tiny epoch 1233/2000 iteration 300/390 loss=15.1966 lr=0.00324737
Tiny epoch 1233/2000 iteration 350/390 loss=15.2015 lr=0.00324642
Tiny epoch 1233/2000 iteration 390/390 loss=15.2667 lr=0.00324566
Tiny epoch 1234/2000 iteration 50/390 loss=15.1620 lr=0.00324472
Tiny epoch 1234/2000 iteration 100/390 loss=15.2591 lr=0.00324377
Tiny epoch 1234/2000 iteration 150/390 loss=15.4235 lr=0.00324283
Tiny epoch 1234/2000 iteration 200/390 loss=15.4263 lr=0.00324188
Tiny epoch 1234/2000 iteration 250/390 loss=15.4184 lr=0.00324093
Tiny epoch 1234/2000 iteration 300/390 loss=15.4619 lr=0.00323999
Tiny epoch 1234/2000 iteration 350/390 loss=15.4666 lr=0.00323904
Tiny epoch 1234/2000 iteration 390/390 loss=15.4527 lr=0.00323829
Tiny epoch 1235/2000 iteration 50/390 loss=15.3020 lr=0.00323734
Tiny epoch 1235/2000 iteration 100/390 loss=15.2873 lr=0.0032364
Tiny epoch 1235/2000 iteration 150/390 loss=15.2174 lr=0.00323545
Tiny epoch 1235/2000 iteration 200/390 loss=15.2027 lr=0.0032345
Tiny epoch 1235/2000 iteration 250/390 loss=15.1086 lr=0.00323356
Tiny epoch 1235/2000 iteration 300/390 loss=15.0948 lr=0.00323261
Tiny epoch 1235/2000 iteration 350/390 loss=15.1272 lr=0.00323167
Tiny epoch 1235/2000 iteration 390/390 loss=15.1180 lr=0.00323091
Tiny epoch 1236/2000 iteration 50/390 loss=15.8803 lr=0.00322997
Tiny epoch 1236/2000 iteration 100/390 loss=15.4588 lr=0.00322902
Tiny epoch 1236/2000 iteration 150/390 loss=15.3651 lr=0.00322808
Tiny epoch 1236/2000 iteration 200/390 loss=15.3512 lr=0.00322713
Tiny epoch 1236/2000 iteration 250/390 loss=15.2715 lr=0.00322619
Tiny epoch 1236/2000 iteration 300/390 loss=15.3419 lr=0.00322524
Tiny epoch 1236/2000 iteration 350/390 loss=15.2697 lr=0.0032243
Tiny epoch 1236/2000 iteration 390/390 loss=15.2628 lr=0.00322354
Tiny epoch 1237/2000 iteration 50/390 loss=15.2531 lr=0.0032226
Tiny epoch 1237/2000 iteration 100/390 loss=15.2151 lr=0.00322166
Tiny epoch 1237/2000 iteration 150/390 loss=15.1210 lr=0.00322071
Tiny epoch 1237/2000 iteration 200/390 loss=15.1341 lr=0.00321977
Tiny epoch 1237/2000 iteration 250/390 loss=15.2318 lr=0.00321882
Tiny epoch 1237/2000 iteration 300/390 loss=15.2473 lr=0.00321788
Tiny epoch 1237/2000 iteration 350/390 loss=15.2985 lr=0.00321693
Tiny epoch 1237/2000 iteration 390/390 loss=15.2749 lr=0.00321618
Tiny epoch 1238/2000 iteration 50/390 loss=14.5621 lr=0.00321524
Tiny epoch 1238/2000 iteration 100/390 loss=14.8542 lr=0.00321429
Tiny epoch 1238/2000 iteration 150/390 loss=14.8907 lr=0.00321335
Tiny epoch 1238/2000 iteration 200/390 loss=15.0143 lr=0.0032124
Tiny epoch 1238/2000 iteration 250/390 loss=15.1525 lr=0.00321146
Tiny epoch 1238/2000 iteration 300/390 loss=15.1243 lr=0.00321052
Tiny epoch 1238/2000 iteration 350/390 loss=15.1885 lr=0.00320957
Tiny epoch 1238/2000 iteration 390/390 loss=15.2308 lr=0.00320882
Tiny epoch 1239/2000 iteration 50/390 loss=15.4591 lr=0.00320788
Tiny epoch 1239/2000 iteration 100/390 loss=15.3826 lr=0.00320693
Tiny epoch 1239/2000 iteration 150/390 loss=15.3265 lr=0.00320599
Tiny epoch 1239/2000 iteration 200/390 loss=15.3461 lr=0.00320505
Tiny epoch 1239/2000 iteration 250/390 loss=15.2986 lr=0.0032041
Tiny epoch 1239/2000 iteration 300/390 loss=15.3653 lr=0.00320316
Tiny epoch 1239/2000 iteration 350/390 loss=15.3704 lr=0.00320222
Tiny epoch 1239/2000 iteration 390/390 loss=15.3373 lr=0.00320146
Tiny epoch 1240/2000 iteration 50/390 loss=15.1318 lr=0.00320052
Tiny epoch 1240/2000 iteration 100/390 loss=15.1505 lr=0.00319958
Tiny epoch 1240/2000 iteration 150/390 loss=15.2404 lr=0.00319864
Tiny epoch 1240/2000 iteration 200/390 loss=15.2007 lr=0.00319769
Tiny epoch 1240/2000 iteration 250/390 loss=15.1514 lr=0.00319675
Tiny epoch 1240/2000 iteration 300/390 loss=15.2110 lr=0.00319581
Tiny epoch 1240/2000 iteration 350/390 loss=15.2486 lr=0.00319487
Tiny epoch 1240/2000 iteration 390/390 loss=15.2586 lr=0.00319411
[epoch 1240/2000] saved backbone: /home/mmoslem3/scratch/MKDT/krrst_teacher_ckpt/barlow_twins_resnet18_tinyimagenet.pt
Tiny epoch 1241/2000 iteration 50/390 loss=15.1797 lr=0.00319317
Tiny epoch 1241/2000 iteration 100/390 loss=14.9844 lr=0.00319223
Tiny epoch 1241/2000 iteration 150/390 loss=15.1133 lr=0.00319129
Tiny epoch 1241/2000 iteration 200/390 loss=15.0820 lr=0.00319034
Tiny epoch 1241/2000 iteration 250/390 loss=15.0807 lr=0.0031894
Tiny epoch 1241/2000 iteration 300/390 loss=15.1331 lr=0.00318846
Tiny epoch 1241/2000 iteration 350/390 loss=15.1715 lr=0.00318752
Tiny epoch 1241/2000 iteration 390/390 loss=15.2040 lr=0.00318676
Tiny epoch 1242/2000 iteration 50/390 loss=15.2217 lr=0.00318582
Tiny epoch 1242/2000 iteration 100/390 loss=15.0695 lr=0.00318488
Tiny epoch 1242/2000 iteration 150/390 loss=15.0811 lr=0.00318394
Tiny epoch 1242/2000 iteration 200/390 loss=15.1627 lr=0.003183
Tiny epoch 1242/2000 iteration 250/390 loss=15.1385 lr=0.00318206
Tiny epoch 1242/2000 iteration 300/390 loss=15.1416 lr=0.00318112
Tiny epoch 1242/2000 iteration 350/390 loss=15.1353 lr=0.00318018
Tiny epoch 1242/2000 iteration 390/390 loss=15.1518 lr=0.00317942
Tiny epoch 1243/2000 iteration 50/390 loss=14.9444 lr=0.00317848
Tiny epoch 1243/2000 iteration 100/390 loss=15.1844 lr=0.00317754
Tiny epoch 1243/2000 iteration 150/390 loss=15.1338 lr=0.0031766
Tiny epoch 1243/2000 iteration 200/390 loss=15.1449 lr=0.00317566
Tiny epoch 1243/2000 iteration 250/390 loss=15.1065 lr=0.00317472
Tiny epoch 1243/2000 iteration 300/390 loss=15.1324 lr=0.00317378
Tiny epoch 1243/2000 iteration 350/390 loss=15.1000 lr=0.00317284
Tiny epoch 1243/2000 iteration 390/390 loss=15.1157 lr=0.00317208
Tiny epoch 1244/2000 iteration 50/390 loss=15.3451 lr=0.00317114
Tiny epoch 1244/2000 iteration 100/390 loss=15.1444 lr=0.0031702
Tiny epoch 1244/2000 iteration 150/390 loss=15.2036 lr=0.00316926
Tiny epoch 1244/2000 iteration 200/390 loss=15.1454 lr=0.00316832
Tiny epoch 1244/2000 iteration 250/390 loss=15.1078 lr=0.00316738
Tiny epoch 1244/2000 iteration 300/390 loss=15.0971 lr=0.00316644
Tiny epoch 1244/2000 iteration 350/390 loss=15.1732 lr=0.0031655
Tiny epoch 1244/2000 iteration 390/390 loss=15.1763 lr=0.00316475
Tiny epoch 1245/2000 iteration 50/390 loss=14.9932 lr=0.00316381
Tiny epoch 1245/2000 iteration 100/390 loss=14.9170 lr=0.00316287
Tiny epoch 1245/2000 iteration 150/390 loss=14.8701 lr=0.00316193
Tiny epoch 1245/2000 iteration 200/390 loss=14.8951 lr=0.00316099
Tiny epoch 1245/2000 iteration 250/390 loss=14.8698 lr=0.00316005
Tiny epoch 1245/2000 iteration 300/390 loss=14.9443 lr=0.00315911
Tiny epoch 1245/2000 iteration 350/390 loss=14.9698 lr=0.00315817
Tiny epoch 1245/2000 iteration 390/390 loss=14.9989 lr=0.00315742
Tiny epoch 1246/2000 iteration 50/390 loss=15.2270 lr=0.00315648
Tiny epoch 1246/2000 iteration 100/390 loss=15.0743 lr=0.00315554
Tiny epoch 1246/2000 iteration 150/390 loss=15.1744 lr=0.00315461
Tiny epoch 1246/2000 iteration 200/390 loss=15.1254 lr=0.00315367
Tiny epoch 1246/2000 iteration 250/390 loss=15.1655 lr=0.00315273
Tiny epoch 1246/2000 iteration 300/390 loss=15.2128 lr=0.00315179
Tiny epoch 1246/2000 iteration 350/390 loss=15.1984 lr=0.00315085
Tiny epoch 1246/2000 iteration 390/390 loss=15.1733 lr=0.0031501
Tiny epoch 1247/2000 iteration 50/390 loss=14.8873 lr=0.00314916
Tiny epoch 1247/2000 iteration 100/390 loss=15.0794 lr=0.00314822
Tiny epoch 1247/2000 iteration 150/390 loss=14.9982 lr=0.00314728
Tiny epoch 1247/2000 iteration 200/390 loss=15.0621 lr=0.00314634
Tiny epoch 1247/2000 iteration 250/390 loss=15.1430 lr=0.00314541
Tiny epoch 1247/2000 iteration 300/390 loss=15.1443 lr=0.00314447
Tiny epoch 1247/2000 iteration 350/390 loss=15.1776 lr=0.00314353
Tiny epoch 1247/2000 iteration 390/390 loss=15.2250 lr=0.00314278
Tiny epoch 1248/2000 iteration 50/390 loss=15.1757 lr=0.00314184
Tiny epoch 1248/2000 iteration 100/390 loss=15.0489 lr=0.0031409
Tiny epoch 1248/2000 iteration 150/390 loss=15.0744 lr=0.00313997
Tiny epoch 1248/2000 iteration 200/390 loss=15.1101 lr=0.00313903
Tiny epoch 1248/2000 iteration 250/390 loss=15.1455 lr=0.00313809
Tiny epoch 1248/2000 iteration 300/390 loss=15.1315 lr=0.00313715
Tiny epoch 1248/2000 iteration 350/390 loss=15.1741 lr=0.00313621
Tiny epoch 1248/2000 iteration 390/390 loss=15.1704 lr=0.00313546
Tiny epoch 1249/2000 iteration 50/390 loss=15.2361 lr=0.00313453
Tiny epoch 1249/2000 iteration 100/390 loss=15.3667 lr=0.00313359
Tiny epoch 1249/2000 iteration 150/390 loss=15.3280 lr=0.00313265
Tiny epoch 1249/2000 iteration 200/390 loss=15.2462 lr=0.00313172
Tiny epoch 1249/2000 iteration 250/390 loss=15.2474 lr=0.00313078
Tiny epoch 1249/2000 iteration 300/390 loss=15.2919 lr=0.00312984
Tiny epoch 1249/2000 iteration 350/390 loss=15.2804 lr=0.0031289
Tiny epoch 1249/2000 iteration 390/390 loss=15.3180 lr=0.00312815
Tiny epoch 1250/2000 iteration 50/390 loss=14.8621 lr=0.00312722
Tiny epoch 1250/2000 iteration 100/390 loss=15.0248 lr=0.00312628
Tiny epoch 1250/2000 iteration 150/390 loss=15.1160 lr=0.00312534
Tiny epoch 1250/2000 iteration 200/390 loss=15.1416 lr=0.00312441
Tiny epoch 1250/2000 iteration 250/390 loss=15.1689 lr=0.00312347
Tiny epoch 1250/2000 iteration 300/390 loss=15.1597 lr=0.00312253
Tiny epoch 1250/2000 iteration 350/390 loss=15.1862 lr=0.0031216
Tiny epoch 1250/2000 iteration 390/390 loss=15.2027 lr=0.00312085
[epoch 1250/2000] saved backbone: /home/mmoslem3/scratch/MKDT/krrst_teacher_ckpt/barlow_twins_resnet18_tinyimagenet.pt
Tiny epoch 1251/2000 iteration 50/390 loss=15.0843 lr=0.00311991
Tiny epoch 1251/2000 iteration 100/390 loss=15.0734 lr=0.00311898
Tiny epoch 1251/2000 iteration 150/390 loss=15.0719 lr=0.00311804
Tiny epoch 1251/2000 iteration 200/390 loss=15.1096 lr=0.0031171
Tiny epoch 1251/2000 iteration 250/390 loss=15.0794 lr=0.00311617
Tiny epoch 1251/2000 iteration 300/390 loss=15.0123 lr=0.00311523
Tiny epoch 1251/2000 iteration 350/390 loss=15.0465 lr=0.0031143
Tiny epoch 1251/2000 iteration 390/390 loss=15.1093 lr=0.00311355
Tiny epoch 1252/2000 iteration 50/390 loss=15.3096 lr=0.00311261
Tiny epoch 1252/2000 iteration 100/390 loss=15.1856 lr=0.00311168
Tiny epoch 1252/2000 iteration 150/390 loss=15.1402 lr=0.00311074
Tiny epoch 1252/2000 iteration 200/390 loss=15.1634 lr=0.00310981
Tiny epoch 1252/2000 iteration 250/390 loss=15.2358 lr=0.00310887
Tiny epoch 1252/2000 iteration 300/390 loss=15.1970 lr=0.00310794
Tiny epoch 1252/2000 iteration 350/390 loss=15.2133 lr=0.003107
Tiny epoch 1252/2000 iteration 390/390 loss=15.2077 lr=0.00310625
Tiny epoch 1253/2000 iteration 50/390 loss=15.1121 lr=0.00310532
Tiny epoch 1253/2000 iteration 100/390 loss=15.1713 lr=0.00310438
Tiny epoch 1253/2000 iteration 150/390 loss=14.9979 lr=0.00310345
Tiny epoch 1253/2000 iteration 200/390 loss=15.0457 lr=0.00310251
Tiny epoch 1253/2000 iteration 250/390 loss=15.0696 lr=0.00310158
Tiny epoch 1253/2000 iteration 300/390 loss=15.0293 lr=0.00310064
Tiny epoch 1253/2000 iteration 350/390 loss=15.0864 lr=0.00309971
Tiny epoch 1253/2000 iteration 390/390 loss=15.0711 lr=0.00309896
Tiny epoch 1254/2000 iteration 50/390 loss=14.5541 lr=0.00309803
Tiny epoch 1254/2000 iteration 100/390 loss=14.8650 lr=0.00309709
Tiny epoch 1254/2000 iteration 150/390 loss=14.8722 lr=0.00309616
Tiny epoch 1254/2000 iteration 200/390 loss=14.9628 lr=0.00309522
Tiny epoch 1254/2000 iteration 250/390 loss=15.0419 lr=0.00309429
Tiny epoch 1254/2000 iteration 300/390 loss=15.0169 lr=0.00309336
Tiny epoch 1254/2000 iteration 350/390 loss=15.0953 lr=0.00309242
Tiny epoch 1254/2000 iteration 390/390 loss=15.1027 lr=0.00309168
Tiny epoch 1255/2000 iteration 50/390 loss=14.9924 lr=0.00309074
Tiny epoch 1255/2000 iteration 100/390 loss=14.7777 lr=0.00308981
Tiny epoch 1255/2000 iteration 150/390 loss=14.9635 lr=0.00308887
Tiny epoch 1255/2000 iteration 200/390 loss=15.0526 lr=0.00308794
Tiny epoch 1255/2000 iteration 250/390 loss=15.1198 lr=0.00308701
Tiny epoch 1255/2000 iteration 300/390 loss=15.1442 lr=0.00308607
Tiny epoch 1255/2000 iteration 350/390 loss=15.1212 lr=0.00308514
Tiny epoch 1255/2000 iteration 390/390 loss=15.2093 lr=0.00308439
Tiny epoch 1256/2000 iteration 50/390 loss=15.5209 lr=0.00308346
Tiny epoch 1256/2000 iteration 100/390 loss=15.3520 lr=0.00308253
Tiny epoch 1256/2000 iteration 150/390 loss=15.2156 lr=0.00308159
Tiny epoch 1256/2000 iteration 200/390 loss=15.1347 lr=0.00308066
Tiny epoch 1256/2000 iteration 250/390 loss=15.1399 lr=0.00307973
Tiny epoch 1256/2000 iteration 300/390 loss=15.1118 lr=0.0030788
Tiny epoch 1256/2000 iteration 350/390 loss=15.2038 lr=0.00307786
Tiny epoch 1256/2000 iteration 390/390 loss=15.2164 lr=0.00307712
Tiny epoch 1257/2000 iteration 50/390 loss=14.9278 lr=0.00307618
Tiny epoch 1257/2000 iteration 100/390 loss=15.0280 lr=0.00307525
Tiny epoch 1257/2000 iteration 150/390 loss=14.9908 lr=0.00307432
Tiny epoch 1257/2000 iteration 200/390 loss=15.0735 lr=0.00307339
Tiny epoch 1257/2000 iteration 250/390 loss=15.1348 lr=0.00307245
Tiny epoch 1257/2000 iteration 300/390 loss=15.0959 lr=0.00307152
Tiny epoch 1257/2000 iteration 350/390 loss=15.0944 lr=0.00307059
Tiny epoch 1257/2000 iteration 390/390 loss=15.0624 lr=0.00306984
Tiny epoch 1258/2000 iteration 50/390 loss=15.1017 lr=0.00306891
Tiny epoch 1258/2000 iteration 100/390 loss=14.9895 lr=0.00306798
Tiny epoch 1258/2000 iteration 150/390 loss=15.0265 lr=0.00306705
Tiny epoch 1258/2000 iteration 200/390 loss=15.0096 lr=0.00306612
Tiny epoch 1258/2000 iteration 250/390 loss=15.0508 lr=0.00306519
Tiny epoch 1258/2000 iteration 300/390 loss=15.1285 lr=0.00306425
Tiny epoch 1258/2000 iteration 350/390 loss=15.1557 lr=0.00306332
Tiny epoch 1258/2000 iteration 390/390 loss=15.1472 lr=0.00306258
Tiny epoch 1259/2000 iteration 50/390 loss=15.3698 lr=0.00306165
Tiny epoch 1259/2000 iteration 100/390 loss=15.2354 lr=0.00306071
Tiny epoch 1259/2000 iteration 150/390 loss=15.0719 lr=0.00305978
Tiny epoch 1259/2000 iteration 200/390 loss=15.0809 lr=0.00305885
Tiny epoch 1259/2000 iteration 250/390 loss=14.9562 lr=0.00305792
Tiny epoch 1259/2000 iteration 300/390 loss=14.9498 lr=0.00305699
Tiny epoch 1259/2000 iteration 350/390 loss=14.9521 lr=0.00305606
Tiny epoch 1259/2000 iteration 390/390 loss=14.9493 lr=0.00305531
Tiny epoch 1260/2000 iteration 50/390 loss=14.8074 lr=0.00305438
Tiny epoch 1260/2000 iteration 100/390 loss=14.9603 lr=0.00305345
Tiny epoch 1260/2000 iteration 150/390 loss=14.8848 lr=0.00305252
Tiny epoch 1260/2000 iteration 200/390 loss=14.8960 lr=0.00305159
Tiny epoch 1260/2000 iteration 250/390 loss=14.8860 lr=0.00305066
Tiny epoch 1260/2000 iteration 300/390 loss=14.8942 lr=0.00304973
Tiny epoch 1260/2000 iteration 350/390 loss=14.9256 lr=0.0030488
Tiny epoch 1260/2000 iteration 390/390 loss=14.9288 lr=0.00304806
[epoch 1260/2000] saved backbone: /home/mmoslem3/scratch/MKDT/krrst_teacher_ckpt/barlow_twins_resnet18_tinyimagenet.pt
Tiny epoch 1261/2000 iteration 50/390 loss=14.7815 lr=0.00304713
Tiny epoch 1261/2000 iteration 100/390 loss=14.8483 lr=0.0030462
Tiny epoch 1261/2000 iteration 150/390 loss=14.8498 lr=0.00304527
Tiny epoch 1261/2000 iteration 200/390 loss=15.0267 lr=0.00304434
Tiny epoch 1261/2000 iteration 250/390 loss=14.9882 lr=0.00304341
Tiny epoch 1261/2000 iteration 300/390 loss=14.9548 lr=0.00304248
Tiny epoch 1261/2000 iteration 350/390 loss=15.0268 lr=0.00304155
Tiny epoch 1261/2000 iteration 390/390 loss=15.0692 lr=0.0030408
Tiny epoch 1262/2000 iteration 50/390 loss=15.3210 lr=0.00303987
Tiny epoch 1262/2000 iteration 100/390 loss=15.2624 lr=0.00303895
Tiny epoch 1262/2000 iteration 150/390 loss=15.1595 lr=0.00303802
Tiny epoch 1262/2000 iteration 200/390 loss=15.0869 lr=0.00303709
Tiny epoch 1262/2000 iteration 250/390 loss=14.9809 lr=0.00303616
Tiny epoch 1262/2000 iteration 300/390 loss=15.0122 lr=0.00303523
Tiny epoch 1262/2000 iteration 350/390 loss=15.0433 lr=0.0030343
Tiny epoch 1262/2000 iteration 390/390 loss=15.0423 lr=0.00303356
Tiny epoch 1263/2000 iteration 50/390 loss=14.4835 lr=0.00303263
Tiny epoch 1263/2000 iteration 100/390 loss=14.6882 lr=0.0030317
Tiny epoch 1263/2000 iteration 150/390 loss=14.8918 lr=0.00303077
Tiny epoch 1263/2000 iteration 200/390 loss=14.8801 lr=0.00302984
Tiny epoch 1263/2000 iteration 250/390 loss=14.9124 lr=0.00302891
Tiny epoch 1263/2000 iteration 300/390 loss=14.9134 lr=0.00302798
Tiny epoch 1263/2000 iteration 350/390 loss=14.9542 lr=0.00302706
Tiny epoch 1263/2000 iteration 390/390 loss=14.9847 lr=0.00302631
Tiny epoch 1264/2000 iteration 50/390 loss=14.8409 lr=0.00302539
Tiny epoch 1264/2000 iteration 100/390 loss=14.7136 lr=0.00302446
Tiny epoch 1264/2000 iteration 150/390 loss=14.7387 lr=0.00302353
Tiny epoch 1264/2000 iteration 200/390 loss=14.8783 lr=0.0030226
Tiny epoch 1264/2000 iteration 250/390 loss=14.9518 lr=0.00302167
Tiny epoch 1264/2000 iteration 300/390 loss=15.0095 lr=0.00302075
Tiny epoch 1264/2000 iteration 350/390 loss=15.0900 lr=0.00301982
Tiny epoch 1264/2000 iteration 390/390 loss=15.0866 lr=0.00301908
Tiny epoch 1265/2000 iteration 50/390 loss=14.3536 lr=0.00301815
Tiny epoch 1265/2000 iteration 100/390 loss=14.4477 lr=0.00301722
Tiny epoch 1265/2000 iteration 150/390 loss=14.7223 lr=0.00301629
Tiny epoch 1265/2000 iteration 200/390 loss=14.8469 lr=0.00301537
Tiny epoch 1265/2000 iteration 250/390 loss=14.9177 lr=0.00301444
Tiny epoch 1265/2000 iteration 300/390 loss=14.9464 lr=0.00301351
Tiny epoch 1265/2000 iteration 350/390 loss=15.0091 lr=0.00301258
Tiny epoch 1265/2000 iteration 390/390 loss=15.0087 lr=0.00301184
Tiny epoch 1266/2000 iteration 50/390 loss=15.1254 lr=0.00301092
Tiny epoch 1266/2000 iteration 100/390 loss=15.1364 lr=0.00300999
Tiny epoch 1266/2000 iteration 150/390 loss=15.1385 lr=0.00300906
Tiny epoch 1266/2000 iteration 200/390 loss=15.1304 lr=0.00300814
Tiny epoch 1266/2000 iteration 250/390 loss=15.0483 lr=0.00300721
Tiny epoch 1266/2000 iteration 300/390 loss=14.9721 lr=0.00300628
Tiny epoch 1266/2000 iteration 350/390 loss=15.0014 lr=0.00300536
Tiny epoch 1266/2000 iteration 390/390 loss=15.0176 lr=0.00300461
Tiny epoch 1267/2000 iteration 50/390 loss=14.9078 lr=0.00300369
Tiny epoch 1267/2000 iteration 100/390 loss=14.9457 lr=0.00300276
Tiny epoch 1267/2000 iteration 150/390 loss=14.7996 lr=0.00300184
Tiny epoch 1267/2000 iteration 200/390 loss=14.8735 lr=0.00300091
Tiny epoch 1267/2000 iteration 250/390 loss=14.8638 lr=0.00299998
Tiny epoch 1267/2000 iteration 300/390 loss=14.8472 lr=0.00299906
Tiny epoch 1267/2000 iteration 350/390 loss=14.9076 lr=0.00299813
Tiny epoch 1267/2000 iteration 390/390 loss=14.9798 lr=0.00299739
Tiny epoch 1268/2000 iteration 50/390 loss=14.8205 lr=0.00299647
Tiny epoch 1268/2000 iteration 100/390 loss=14.8495 lr=0.00299554
Tiny epoch 1268/2000 iteration 150/390 loss=14.8711 lr=0.00299461
Tiny epoch 1268/2000 iteration 200/390 loss=14.8402 lr=0.00299369
Tiny epoch 1268/2000 iteration 250/390 loss=14.8489 lr=0.00299276
Tiny epoch 1268/2000 iteration 300/390 loss=14.9242 lr=0.00299184
Tiny epoch 1268/2000 iteration 350/390 loss=14.9432 lr=0.00299091
Tiny epoch 1268/2000 iteration 390/390 loss=14.9017 lr=0.00299017
Tiny epoch 1269/2000 iteration 50/390 loss=14.7000 lr=0.00298925
Tiny epoch 1269/2000 iteration 100/390 loss=14.7579 lr=0.00298832
Tiny epoch 1269/2000 iteration 150/390 loss=14.8783 lr=0.0029874
Tiny epoch 1269/2000 iteration 200/390 loss=14.8758 lr=0.00298647
Tiny epoch 1269/2000 iteration 250/390 loss=14.8690 lr=0.00298555
Tiny epoch 1269/2000 iteration 300/390 loss=14.8963 lr=0.00298462
Tiny epoch 1269/2000 iteration 350/390 loss=14.9378 lr=0.0029837
Tiny epoch 1269/2000 iteration 390/390 loss=14.9526 lr=0.00298296
Tiny epoch 1270/2000 iteration 50/390 loss=14.9249 lr=0.00298204
Tiny epoch 1270/2000 iteration 100/390 loss=14.7358 lr=0.00298111
Tiny epoch 1270/2000 iteration 150/390 loss=14.8151 lr=0.00298019
Tiny epoch 1270/2000 iteration 200/390 loss=14.8829 lr=0.00297926
Tiny epoch 1270/2000 iteration 250/390 loss=14.9489 lr=0.00297834
Tiny epoch 1270/2000 iteration 300/390 loss=14.8936 lr=0.00297741
Tiny epoch 1270/2000 iteration 350/390 loss=14.9084 lr=0.00297649
Tiny epoch 1270/2000 iteration 390/390 loss=14.9640 lr=0.00297575
[epoch 1270/2000] saved backbone: /home/mmoslem3/scratch/MKDT/krrst_teacher_ckpt/barlow_twins_resnet18_tinyimagenet.pt
Tiny epoch 1271/2000 iteration 50/390 loss=14.6414 lr=0.00297483
Tiny epoch 1271/2000 iteration 100/390 loss=14.7891 lr=0.0029739
Tiny epoch 1271/2000 iteration 150/390 loss=14.8460 lr=0.00297298
Tiny epoch 1271/2000 iteration 200/390 loss=14.9838 lr=0.00297206
Tiny epoch 1271/2000 iteration 250/390 loss=14.9383 lr=0.00297113
Tiny epoch 1271/2000 iteration 300/390 loss=14.9883 lr=0.00297021
Tiny epoch 1271/2000 iteration 350/390 loss=15.0193 lr=0.00296929
Tiny epoch 1271/2000 iteration 390/390 loss=15.0312 lr=0.00296855
Tiny epoch 1272/2000 iteration 50/390 loss=15.1895 lr=0.00296763
Tiny epoch 1272/2000 iteration 100/390 loss=14.9728 lr=0.0029667
Tiny epoch 1272/2000 iteration 150/390 loss=14.9340 lr=0.00296578
Tiny epoch 1272/2000 iteration 200/390 loss=14.9480 lr=0.00296486
Tiny epoch 1272/2000 iteration 250/390 loss=14.9646 lr=0.00296393
Tiny epoch 1272/2000 iteration 300/390 loss=14.9571 lr=0.00296301
Tiny epoch 1272/2000 iteration 350/390 loss=14.9611 lr=0.00296209
Tiny epoch 1272/2000 iteration 390/390 loss=14.9801 lr=0.00296135
Tiny epoch 1273/2000 iteration 50/390 loss=14.4732 lr=0.00296043
Tiny epoch 1273/2000 iteration 100/390 loss=14.4418 lr=0.00295951
Tiny epoch 1273/2000 iteration 150/390 loss=14.6116 lr=0.00295858
Tiny epoch 1273/2000 iteration 200/390 loss=14.7284 lr=0.00295766
Tiny epoch 1273/2000 iteration 250/390 loss=14.7457 lr=0.00295674
Tiny epoch 1273/2000 iteration 300/390 loss=14.7697 lr=0.00295582
Tiny epoch 1273/2000 iteration 350/390 loss=14.8083 lr=0.0029549
Tiny epoch 1273/2000 iteration 390/390 loss=14.8789 lr=0.00295416
Tiny epoch 1274/2000 iteration 50/390 loss=14.9880 lr=0.00295324
Tiny epoch 1274/2000 iteration 100/390 loss=14.8761 lr=0.00295231
Tiny epoch 1274/2000 iteration 150/390 loss=14.8143 lr=0.00295139
Tiny epoch 1274/2000 iteration 200/390 loss=14.9273 lr=0.00295047
Tiny epoch 1274/2000 iteration 250/390 loss=14.9698 lr=0.00294955
Tiny epoch 1274/2000 iteration 300/390 loss=15.0160 lr=0.00294863
Tiny epoch 1274/2000 iteration 350/390 loss=15.0837 lr=0.00294771
Tiny epoch 1274/2000 iteration 390/390 loss=15.0558 lr=0.00294697
Tiny epoch 1275/2000 iteration 50/390 loss=14.8449 lr=0.00294605
Tiny epoch 1275/2000 iteration 100/390 loss=14.9244 lr=0.00294513
Tiny epoch 1275/2000 iteration 150/390 loss=14.9572 lr=0.00294421
Tiny epoch 1275/2000 iteration 200/390 loss=14.9359 lr=0.00294329
Tiny epoch 1275/2000 iteration 250/390 loss=14.8988 lr=0.00294237
Tiny epoch 1275/2000 iteration 300/390 loss=14.8923 lr=0.00294145
Tiny epoch 1275/2000 iteration 350/390 loss=14.9372 lr=0.00294052
Tiny epoch 1275/2000 iteration 390/390 loss=14.9440 lr=0.00293979
Tiny epoch 1276/2000 iteration 50/390 loss=14.9066 lr=0.00293887
Tiny epoch 1276/2000 iteration 100/390 loss=14.9875 lr=0.00293795
Tiny epoch 1276/2000 iteration 150/390 loss=14.9592 lr=0.00293703
Tiny epoch 1276/2000 iteration 200/390 loss=14.9379 lr=0.00293611
Tiny epoch 1276/2000 iteration 250/390 loss=14.9724 lr=0.00293519
Tiny epoch 1276/2000 iteration 300/390 loss=14.9774 lr=0.00293427
Tiny epoch 1276/2000 iteration 350/390 loss=15.0426 lr=0.00293335
Tiny epoch 1276/2000 iteration 390/390 loss=15.0911 lr=0.00293261
Tiny epoch 1277/2000 iteration 50/390 loss=15.1930 lr=0.00293169
Tiny epoch 1277/2000 iteration 100/390 loss=15.0624 lr=0.00293077
Tiny epoch 1277/2000 iteration 150/390 loss=14.9338 lr=0.00292985
Tiny epoch 1277/2000 iteration 200/390 loss=14.9658 lr=0.00292893
Tiny epoch 1277/2000 iteration 250/390 loss=14.9860 lr=0.00292801
Tiny epoch 1277/2000 iteration 300/390 loss=15.0403 lr=0.00292709
Tiny epoch 1277/2000 iteration 350/390 loss=15.0065 lr=0.00292617
Tiny epoch 1277/2000 iteration 390/390 loss=14.9849 lr=0.00292544
Tiny epoch 1278/2000 iteration 50/390 loss=14.7134 lr=0.00292452
Tiny epoch 1278/2000 iteration 100/390 loss=14.8716 lr=0.0029236
Tiny epoch 1278/2000 iteration 150/390 loss=14.8490 lr=0.00292268
Tiny epoch 1278/2000 iteration 200/390 loss=14.9147 lr=0.00292176
Tiny epoch 1278/2000 iteration 250/390 loss=14.9576 lr=0.00292084
Tiny epoch 1278/2000 iteration 300/390 loss=15.0322 lr=0.00291992
Tiny epoch 1278/2000 iteration 350/390 loss=14.9989 lr=0.00291901
Tiny epoch 1278/2000 iteration 390/390 loss=14.9806 lr=0.00291827
Tiny epoch 1279/2000 iteration 50/390 loss=14.7791 lr=0.00291735
Tiny epoch 1279/2000 iteration 100/390 loss=14.8301 lr=0.00291643
Tiny epoch 1279/2000 iteration 150/390 loss=14.8005 lr=0.00291552
Tiny epoch 1279/2000 iteration 200/390 loss=14.8835 lr=0.0029146
Tiny epoch 1279/2000 iteration 250/390 loss=14.9213 lr=0.00291368
Tiny epoch 1279/2000 iteration 300/390 loss=14.9222 lr=0.00291276
Tiny epoch 1279/2000 iteration 350/390 loss=14.9133 lr=0.00291184
Tiny epoch 1279/2000 iteration 390/390 loss=14.9358 lr=0.00291111
Tiny epoch 1280/2000 iteration 50/390 loss=14.5262 lr=0.00291019
Tiny epoch 1280/2000 iteration 100/390 loss=14.7162 lr=0.00290927
Tiny epoch 1280/2000 iteration 150/390 loss=14.7281 lr=0.00290836
Tiny epoch 1280/2000 iteration 200/390 loss=14.7704 lr=0.00290744
Tiny epoch 1280/2000 iteration 250/390 loss=14.8099 lr=0.00290652
Tiny epoch 1280/2000 iteration 300/390 loss=14.8825 lr=0.0029056
Tiny epoch 1280/2000 iteration 350/390 loss=14.8814 lr=0.00290469
Tiny epoch 1280/2000 iteration 390/390 loss=14.8614 lr=0.00290395
[epoch 1280/2000] saved backbone: /home/mmoslem3/scratch/MKDT/krrst_teacher_ckpt/barlow_twins_resnet18_tinyimagenet.pt
Tiny epoch 1281/2000 iteration 50/390 loss=14.7081 lr=0.00290304
Tiny epoch 1281/2000 iteration 100/390 loss=14.9149 lr=0.00290212
Tiny epoch 1281/2000 iteration 150/390 loss=15.0490 lr=0.0029012
Tiny epoch 1281/2000 iteration 200/390 loss=14.9495 lr=0.00290028
Tiny epoch 1281/2000 iteration 250/390 loss=14.9605 lr=0.00289937
Tiny epoch 1281/2000 iteration 300/390 loss=14.9264 lr=0.00289845
Tiny epoch 1281/2000 iteration 350/390 loss=14.9495 lr=0.00289753
Tiny epoch 1281/2000 iteration 390/390 loss=14.9545 lr=0.0028968
Tiny epoch 1282/2000 iteration 50/390 loss=14.9354 lr=0.00289589
Tiny epoch 1282/2000 iteration 100/390 loss=14.8872 lr=0.00289497
Tiny epoch 1282/2000 iteration 150/390 loss=14.9042 lr=0.00289405
Tiny epoch 1282/2000 iteration 200/390 loss=14.9573 lr=0.00289314
Tiny epoch 1282/2000 iteration 250/390 loss=15.0402 lr=0.00289222
Tiny epoch 1282/2000 iteration 300/390 loss=15.0052 lr=0.0028913
Tiny epoch 1282/2000 iteration 350/390 loss=14.9584 lr=0.00289039
Tiny epoch 1282/2000 iteration 390/390 loss=14.9696 lr=0.00288966
Tiny epoch 1283/2000 iteration 50/390 loss=14.7657 lr=0.00288874
Tiny epoch 1283/2000 iteration 100/390 loss=14.8330 lr=0.00288782
Tiny epoch 1283/2000 iteration 150/390 loss=14.9759 lr=0.00288691
Tiny epoch 1283/2000 iteration 200/390 loss=14.9930 lr=0.00288599
Tiny epoch 1283/2000 iteration 250/390 loss=14.9184 lr=0.00288508
Tiny epoch 1283/2000 iteration 300/390 loss=14.8874 lr=0.00288416
Tiny epoch 1283/2000 iteration 350/390 loss=14.8287 lr=0.00288325
Tiny epoch 1283/2000 iteration 390/390 loss=14.8172 lr=0.00288251
Tiny epoch 1284/2000 iteration 50/390 loss=14.9406 lr=0.0028816
Tiny epoch 1284/2000 iteration 100/390 loss=15.0976 lr=0.00288068
Tiny epoch 1284/2000 iteration 150/390 loss=15.0409 lr=0.00287977
Tiny epoch 1284/2000 iteration 200/390 loss=14.9555 lr=0.00287885
Tiny epoch 1284/2000 iteration 250/390 loss=14.9127 lr=0.00287794
Tiny epoch 1284/2000 iteration 300/390 loss=14.9778 lr=0.00287703
Tiny epoch 1284/2000 iteration 350/390 loss=14.9793 lr=0.00287611
Tiny epoch 1284/2000 iteration 390/390 loss=14.9595 lr=0.00287538
Tiny epoch 1285/2000 iteration 50/390 loss=14.4131 lr=0.00287446
Tiny epoch 1285/2000 iteration 100/390 loss=14.5649 lr=0.00287355
Tiny epoch 1285/2000 iteration 150/390 loss=14.5924 lr=0.00287264
Tiny epoch 1285/2000 iteration 200/390 loss=14.7034 lr=0.00287172
Tiny epoch 1285/2000 iteration 250/390 loss=14.7170 lr=0.00287081
Tiny epoch 1285/2000 iteration 300/390 loss=14.7698 lr=0.00286989
Tiny epoch 1285/2000 iteration 350/390 loss=14.7449 lr=0.00286898
Tiny epoch 1285/2000 iteration 390/390 loss=14.8106 lr=0.00286825
Tiny epoch 1286/2000 iteration 50/390 loss=14.6221 lr=0.00286733
Tiny epoch 1286/2000 iteration 100/390 loss=14.9068 lr=0.00286642
Tiny epoch 1286/2000 iteration 150/390 loss=15.0563 lr=0.00286551
Tiny epoch 1286/2000 iteration 200/390 loss=14.9505 lr=0.00286459
Tiny epoch 1286/2000 iteration 250/390 loss=14.9010 lr=0.00286368
Tiny epoch 1286/2000 iteration 300/390 loss=14.9287 lr=0.00286277
Tiny epoch 1286/2000 iteration 350/390 loss=14.9362 lr=0.00286185
Tiny epoch 1286/2000 iteration 390/390 loss=14.9609 lr=0.00286112
Tiny epoch 1287/2000 iteration 50/390 loss=14.9442 lr=0.00286021
Tiny epoch 1287/2000 iteration 100/390 loss=14.8127 lr=0.0028593
Tiny epoch 1287/2000 iteration 150/390 loss=14.8462 lr=0.00285838
Tiny epoch 1287/2000 iteration 200/390 loss=14.8329 lr=0.00285747
Tiny epoch 1287/2000 iteration 250/390 loss=14.9369 lr=0.00285656
Tiny epoch 1287/2000 iteration 300/390 loss=14.9401 lr=0.00285565
Tiny epoch 1287/2000 iteration 350/390 loss=14.8673 lr=0.00285473
Tiny epoch 1287/2000 iteration 390/390 loss=14.8670 lr=0.002854
Tiny epoch 1288/2000 iteration 50/390 loss=14.6910 lr=0.00285309
Tiny epoch 1288/2000 iteration 100/390 loss=14.8972 lr=0.00285218
Tiny epoch 1288/2000 iteration 150/390 loss=14.9682 lr=0.00285127
Tiny epoch 1288/2000 iteration 200/390 loss=14.9693 lr=0.00285035
Tiny epoch 1288/2000 iteration 250/390 loss=14.8732 lr=0.00284944
Tiny epoch 1288/2000 iteration 300/390 loss=14.8318 lr=0.00284853
Tiny epoch 1288/2000 iteration 350/390 loss=14.7919 lr=0.00284762
Tiny epoch 1288/2000 iteration 390/390 loss=14.7856 lr=0.00284689
Tiny epoch 1289/2000 iteration 50/390 loss=15.1391 lr=0.00284598
Tiny epoch 1289/2000 iteration 100/390 loss=14.8297 lr=0.00284507
Tiny epoch 1289/2000 iteration 150/390 loss=14.7330 lr=0.00284415
Tiny epoch 1289/2000 iteration 200/390 loss=14.7698 lr=0.00284324
Tiny epoch 1289/2000 iteration 250/390 loss=14.8677 lr=0.00284233
Tiny epoch 1289/2000 iteration 300/390 loss=14.8631 lr=0.00284142
Tiny epoch 1289/2000 iteration 350/390 loss=14.8676 lr=0.00284051
Tiny epoch 1289/2000 iteration 390/390 loss=14.8692 lr=0.00283978
Tiny epoch 1290/2000 iteration 50/390 loss=14.6820 lr=0.00283887
Tiny epoch 1290/2000 iteration 100/390 loss=14.7035 lr=0.00283796
Tiny epoch 1290/2000 iteration 150/390 loss=14.8669 lr=0.00283705
Tiny epoch 1290/2000 iteration 200/390 loss=14.8604 lr=0.00283614
Tiny epoch 1290/2000 iteration 250/390 loss=14.8565 lr=0.00283523
Tiny epoch 1290/2000 iteration 300/390 loss=14.8178 lr=0.00283432
Tiny epoch 1290/2000 iteration 350/390 loss=14.8362 lr=0.00283341
Tiny epoch 1290/2000 iteration 390/390 loss=14.8559 lr=0.00283268
[epoch 1290/2000] saved backbone: /home/mmoslem3/scratch/MKDT/krrst_teacher_ckpt/barlow_twins_resnet18_tinyimagenet.pt
Tiny epoch 1291/2000 iteration 50/390 loss=14.9221 lr=0.00283177
Tiny epoch 1291/2000 iteration 100/390 loss=14.7682 lr=0.00283086
Tiny epoch 1291/2000 iteration 150/390 loss=14.9101 lr=0.00282995
Tiny epoch 1291/2000 iteration 200/390 loss=14.9157 lr=0.00282904
Tiny epoch 1291/2000 iteration 250/390 loss=14.8873 lr=0.00282813
Tiny epoch 1291/2000 iteration 300/390 loss=14.9137 lr=0.00282722
Tiny epoch 1291/2000 iteration 350/390 loss=14.9447 lr=0.00282631
Tiny epoch 1291/2000 iteration 390/390 loss=14.9626 lr=0.00282558
Tiny epoch 1292/2000 iteration 50/390 loss=15.0090 lr=0.00282467
Tiny epoch 1292/2000 iteration 100/390 loss=14.8957 lr=0.00282376
Tiny epoch 1292/2000 iteration 150/390 loss=14.8185 lr=0.00282285
Tiny epoch 1292/2000 iteration 200/390 loss=14.8181 lr=0.00282194
Tiny epoch 1292/2000 iteration 250/390 loss=14.8259 lr=0.00282103
Tiny epoch 1292/2000 iteration 300/390 loss=14.8521 lr=0.00282012
Tiny epoch 1292/2000 iteration 350/390 loss=14.8705 lr=0.00281921
Tiny epoch 1292/2000 iteration 390/390 loss=14.8603 lr=0.00281849
Tiny epoch 1293/2000 iteration 50/390 loss=14.7488 lr=0.00281758
Tiny epoch 1293/2000 iteration 100/390 loss=14.6777 lr=0.00281667
Tiny epoch 1293/2000 iteration 150/390 loss=14.7896 lr=0.00281576
Tiny epoch 1293/2000 iteration 200/390 loss=14.8518 lr=0.00281485
Tiny epoch 1293/2000 iteration 250/390 loss=14.8708 lr=0.00281394
Tiny epoch 1293/2000 iteration 300/390 loss=14.8665 lr=0.00281303
Tiny epoch 1293/2000 iteration 350/390 loss=14.8896 lr=0.00281213
Tiny epoch 1293/2000 iteration 390/390 loss=14.8809 lr=0.0028114
Tiny epoch 1294/2000 iteration 50/390 loss=14.6100 lr=0.00281049
Tiny epoch 1294/2000 iteration 100/390 loss=14.8333 lr=0.00280958
Tiny epoch 1294/2000 iteration 150/390 loss=14.9169 lr=0.00280868
Tiny epoch 1294/2000 iteration 200/390 loss=14.9350 lr=0.00280777
Tiny epoch 1294/2000 iteration 250/390 loss=14.9538 lr=0.00280686
Tiny epoch 1294/2000 iteration 300/390 loss=15.0078 lr=0.00280595
Tiny epoch 1294/2000 iteration 350/390 loss=15.0123 lr=0.00280504
Tiny epoch 1294/2000 iteration 390/390 loss=15.0098 lr=0.00280432
Tiny epoch 1295/2000 iteration 50/390 loss=14.5965 lr=0.00280341
Tiny epoch 1295/2000 iteration 100/390 loss=14.7127 lr=0.0028025
Tiny epoch 1295/2000 iteration 150/390 loss=14.7934 lr=0.0028016
Tiny epoch 1295/2000 iteration 200/390 loss=14.8808 lr=0.00280069
Tiny epoch 1295/2000 iteration 250/390 loss=14.8508 lr=0.00279978
Tiny epoch 1295/2000 iteration 300/390 loss=14.8944 lr=0.00279887
Tiny epoch 1295/2000 iteration 350/390 loss=14.8879 lr=0.00279797
Tiny epoch 1295/2000 iteration 390/390 loss=14.8780 lr=0.00279724
Tiny epoch 1296/2000 iteration 50/390 loss=15.0537 lr=0.00279633
Tiny epoch 1296/2000 iteration 100/390 loss=14.8746 lr=0.00279543
Tiny epoch 1296/2000 iteration 150/390 loss=14.8064 lr=0.00279452
Tiny epoch 1296/2000 iteration 200/390 loss=14.8516 lr=0.00279361
Tiny epoch 1296/2000 iteration 250/390 loss=14.8553 lr=0.00279271
Tiny epoch 1296/2000 iteration 300/390 loss=14.8942 lr=0.0027918
Tiny epoch 1296/2000 iteration 350/390 loss=14.8747 lr=0.0027909
Tiny epoch 1296/2000 iteration 390/390 loss=14.8732 lr=0.00279017
Tiny epoch 1297/2000 iteration 50/390 loss=14.6639 lr=0.00278926
Tiny epoch 1297/2000 iteration 100/390 loss=14.8918 lr=0.00278836
Tiny epoch 1297/2000 iteration 150/390 loss=14.8694 lr=0.00278745
Tiny epoch 1297/2000 iteration 200/390 loss=14.8093 lr=0.00278655
Tiny epoch 1297/2000 iteration 250/390 loss=14.8152 lr=0.00278564
Tiny epoch 1297/2000 iteration 300/390 loss=14.7869 lr=0.00278474
Tiny epoch 1297/2000 iteration 350/390 loss=14.8143 lr=0.00278383
Tiny epoch 1297/2000 iteration 390/390 loss=14.7855 lr=0.00278311
Tiny epoch 1298/2000 iteration 50/390 loss=14.3950 lr=0.0027822
Tiny epoch 1298/2000 iteration 100/390 loss=14.5445 lr=0.00278129
Tiny epoch 1298/2000 iteration 150/390 loss=14.6325 lr=0.00278039
Tiny epoch 1298/2000 iteration 200/390 loss=14.6863 lr=0.00277948
Tiny epoch 1298/2000 iteration 250/390 loss=14.6906 lr=0.00277858
Tiny epoch 1298/2000 iteration 300/390 loss=14.7412 lr=0.00277767
Tiny epoch 1298/2000 iteration 350/390 loss=14.7864 lr=0.00277677
Tiny epoch 1298/2000 iteration 390/390 loss=14.7689 lr=0.00277605
Tiny epoch 1299/2000 iteration 50/390 loss=14.6585 lr=0.00277514
Tiny epoch 1299/2000 iteration 100/390 loss=14.6306 lr=0.00277424
Tiny epoch 1299/2000 iteration 150/390 loss=14.6432 lr=0.00277333
Tiny epoch 1299/2000 iteration 200/390 loss=14.6277 lr=0.00277243
Tiny epoch 1299/2000 iteration 250/390 loss=14.6358 lr=0.00277152
Tiny epoch 1299/2000 iteration 300/390 loss=14.6326 lr=0.00277062
Tiny epoch 1299/2000 iteration 350/390 loss=14.7095 lr=0.00276972
Tiny epoch 1299/2000 iteration 390/390 loss=14.7184 lr=0.00276899
Tiny epoch 1300/2000 iteration 50/390 loss=15.0594 lr=0.00276809
Tiny epoch 1300/2000 iteration 100/390 loss=14.9466 lr=0.00276718
Tiny epoch 1300/2000 iteration 150/390 loss=15.0122 lr=0.00276628
Tiny epoch 1300/2000 iteration 200/390 loss=14.8900 lr=0.00276538
Tiny epoch 1300/2000 iteration 250/390 loss=14.8879 lr=0.00276447
Tiny epoch 1300/2000 iteration 300/390 loss=14.9258 lr=0.00276357
Tiny epoch 1300/2000 iteration 350/390 loss=14.9316 lr=0.00276267
Tiny epoch 1300/2000 iteration 390/390 loss=14.9474 lr=0.00276194
[epoch 1300/2000] saved backbone: /home/mmoslem3/scratch/MKDT/krrst_teacher_ckpt/barlow_twins_resnet18_tinyimagenet.pt
Tiny epoch 1301/2000 iteration 50/390 loss=14.6010 lr=0.00276104
Tiny epoch 1301/2000 iteration 100/390 loss=14.4979 lr=0.00276014
Tiny epoch 1301/2000 iteration 150/390 loss=14.6365 lr=0.00275923
Tiny epoch 1301/2000 iteration 200/390 loss=14.7415 lr=0.00275833
Tiny epoch 1301/2000 iteration 250/390 loss=14.6486 lr=0.00275743
Tiny epoch 1301/2000 iteration 300/390 loss=14.6404 lr=0.00275653
Tiny epoch 1301/2000 iteration 350/390 loss=14.6835 lr=0.00275562
Tiny epoch 1301/2000 iteration 390/390 loss=14.6900 lr=0.0027549
Tiny epoch 1302/2000 iteration 50/390 loss=14.4557 lr=0.002754
Tiny epoch 1302/2000 iteration 100/390 loss=14.7478 lr=0.0027531
Tiny epoch 1302/2000 iteration 150/390 loss=14.8851 lr=0.00275219
Tiny epoch 1302/2000 iteration 200/390 loss=14.9093 lr=0.00275129
Tiny epoch 1302/2000 iteration 250/390 loss=14.9162 lr=0.00275039
Tiny epoch 1302/2000 iteration 300/390 loss=14.9186 lr=0.00274949
Tiny epoch 1302/2000 iteration 350/390 loss=14.8812 lr=0.00274858
Tiny epoch 1302/2000 iteration 390/390 loss=14.8677 lr=0.00274786
Tiny epoch 1303/2000 iteration 50/390 loss=14.3890 lr=0.00274696
Tiny epoch 1303/2000 iteration 100/390 loss=14.5638 lr=0.00274606
Tiny epoch 1303/2000 iteration 150/390 loss=14.6035 lr=0.00274516
Tiny epoch 1303/2000 iteration 200/390 loss=14.6792 lr=0.00274426
Tiny epoch 1303/2000 iteration 250/390 loss=14.7378 lr=0.00274335
Tiny epoch 1303/2000 iteration 300/390 loss=14.7565 lr=0.00274245
Tiny epoch 1303/2000 iteration 350/390 loss=14.7518 lr=0.00274155
Tiny epoch 1303/2000 iteration 390/390 loss=14.7483 lr=0.00274083
Tiny epoch 1304/2000 iteration 50/390 loss=14.4712 lr=0.00273993
Tiny epoch 1304/2000 iteration 100/390 loss=14.5213 lr=0.00273903
Tiny epoch 1304/2000 iteration 150/390 loss=14.6246 lr=0.00273813
Tiny epoch 1304/2000 iteration 200/390 loss=14.5722 lr=0.00273723
Tiny epoch 1304/2000 iteration 250/390 loss=14.6292 lr=0.00273633
Tiny epoch 1304/2000 iteration 300/390 loss=14.6814 lr=0.00273543
Tiny epoch 1304/2000 iteration 350/390 loss=14.7012 lr=0.00273453
Tiny epoch 1304/2000 iteration 390/390 loss=14.7411 lr=0.00273381
Tiny epoch 1305/2000 iteration 50/390 loss=14.6183 lr=0.0027329
Tiny epoch 1305/2000 iteration 100/390 loss=14.6671 lr=0.002732
Tiny epoch 1305/2000 iteration 150/390 loss=14.8100 lr=0.0027311
Tiny epoch 1305/2000 iteration 200/390 loss=14.8390 lr=0.0027302
Tiny epoch 1305/2000 iteration 250/390 loss=14.8278 lr=0.0027293
Tiny epoch 1305/2000 iteration 300/390 loss=14.7653 lr=0.0027284
Tiny epoch 1305/2000 iteration 350/390 loss=14.7432 lr=0.0027275
Tiny epoch 1305/2000 iteration 390/390 loss=14.7328 lr=0.00272678
Tiny epoch 1306/2000 iteration 50/390 loss=14.7625 lr=0.00272589
Tiny epoch 1306/2000 iteration 100/390 loss=14.6677 lr=0.00272499
Tiny epoch 1306/2000 iteration 150/390 loss=14.7432 lr=0.00272409
Tiny epoch 1306/2000 iteration 200/390 loss=14.7295 lr=0.00272319
Tiny epoch 1306/2000 iteration 250/390 loss=14.7164 lr=0.00272229
Tiny epoch 1306/2000 iteration 300/390 loss=14.7327 lr=0.00272139
Tiny epoch 1306/2000 iteration 350/390 loss=14.7275 lr=0.00272049
Tiny epoch 1306/2000 iteration 390/390 loss=14.7643 lr=0.00271977
Tiny epoch 1307/2000 iteration 50/390 loss=14.6988 lr=0.00271887
Tiny epoch 1307/2000 iteration 100/390 loss=14.7781 lr=0.00271797
Tiny epoch 1307/2000 iteration 150/390 loss=14.7581 lr=0.00271707
Tiny epoch 1307/2000 iteration 200/390 loss=14.8553 lr=0.00271617
Tiny epoch 1307/2000 iteration 250/390 loss=14.8036 lr=0.00271528
Tiny epoch 1307/2000 iteration 300/390 loss=14.8124 lr=0.00271438
Tiny epoch 1307/2000 iteration 350/390 loss=14.7627 lr=0.00271348
Tiny epoch 1307/2000 iteration 390/390 loss=14.7694 lr=0.00271276
Tiny epoch 1308/2000 iteration 50/390 loss=14.3251 lr=0.00271186
Tiny epoch 1308/2000 iteration 100/390 loss=14.4505 lr=0.00271096
Tiny epoch 1308/2000 iteration 150/390 loss=14.4754 lr=0.00271007
Tiny epoch 1308/2000 iteration 200/390 loss=14.5585 lr=0.00270917
Tiny epoch 1308/2000 iteration 250/390 loss=14.5166 lr=0.00270827
Tiny epoch 1308/2000 iteration 300/390 loss=14.5625 lr=0.00270737
Tiny epoch 1308/2000 iteration 350/390 loss=14.5865 lr=0.00270648
Tiny epoch 1308/2000 iteration 390/390 loss=14.5807 lr=0.00270576
Tiny epoch 1309/2000 iteration 50/390 loss=14.6017 lr=0.00270486
Tiny epoch 1309/2000 iteration 100/390 loss=14.6219 lr=0.00270396
Tiny epoch 1309/2000 iteration 150/390 loss=14.5627 lr=0.00270307
Tiny epoch 1309/2000 iteration 200/390 loss=14.6277 lr=0.00270217
Tiny epoch 1309/2000 iteration 250/390 loss=14.6629 lr=0.00270127
Tiny epoch 1309/2000 iteration 300/390 loss=14.7195 lr=0.00270037
Tiny epoch 1309/2000 iteration 350/390 loss=14.7257 lr=0.00269948
Tiny epoch 1309/2000 iteration 390/390 loss=14.7364 lr=0.00269876
Tiny epoch 1310/2000 iteration 50/390 loss=14.8478 lr=0.00269786
Tiny epoch 1310/2000 iteration 100/390 loss=14.6319 lr=0.00269697
Tiny epoch 1310/2000 iteration 150/390 loss=14.7661 lr=0.00269607
Tiny epoch 1310/2000 iteration 200/390 loss=14.7757 lr=0.00269517
Tiny epoch 1310/2000 iteration 250/390 loss=14.6798 lr=0.00269428
Tiny epoch 1310/2000 iteration 300/390 loss=14.6324 lr=0.00269338
Tiny epoch 1310/2000 iteration 350/390 loss=14.6429 lr=0.00269248
Tiny epoch 1310/2000 iteration 390/390 loss=14.6219 lr=0.00269177
[epoch 1310/2000] saved backbone: /home/mmoslem3/scratch/MKDT/krrst_teacher_ckpt/barlow_twins_resnet18_tinyimagenet.pt
Tiny epoch 1311/2000 iteration 50/390 loss=14.5764 lr=0.00269087
Tiny epoch 1311/2000 iteration 100/390 loss=14.5341 lr=0.00268998
Tiny epoch 1311/2000 iteration 150/390 loss=14.4174 lr=0.00268908
Tiny epoch 1311/2000 iteration 200/390 loss=14.4322 lr=0.00268818
Tiny epoch 1311/2000 iteration 250/390 loss=14.4929 lr=0.00268729
Tiny epoch 1311/2000 iteration 300/390 loss=14.4930 lr=0.00268639
Tiny epoch 1311/2000 iteration 350/390 loss=14.5415 lr=0.0026855
Tiny epoch 1311/2000 iteration 390/390 loss=14.5207 lr=0.00268478
Tiny epoch 1312/2000 iteration 50/390 loss=14.6990 lr=0.00268389
Tiny epoch 1312/2000 iteration 100/390 loss=14.7854 lr=0.00268299
Tiny epoch 1312/2000 iteration 150/390 loss=14.7197 lr=0.0026821
Tiny epoch 1312/2000 iteration 200/390 loss=14.7230 lr=0.0026812
Tiny epoch 1312/2000 iteration 250/390 loss=14.7306 lr=0.00268031
Tiny epoch 1312/2000 iteration 300/390 loss=14.7531 lr=0.00267941
Tiny epoch 1312/2000 iteration 350/390 loss=14.7358 lr=0.00267852
Tiny epoch 1312/2000 iteration 390/390 loss=14.7411 lr=0.0026778
Tiny epoch 1313/2000 iteration 50/390 loss=14.3654 lr=0.00267691
Tiny epoch 1313/2000 iteration 100/390 loss=14.5793 lr=0.00267601
Tiny epoch 1313/2000 iteration 150/390 loss=14.5005 lr=0.00267512
Tiny epoch 1313/2000 iteration 200/390 loss=14.5297 lr=0.00267422
Tiny epoch 1313/2000 iteration 250/390 loss=14.5475 lr=0.00267333
Tiny epoch 1313/2000 iteration 300/390 loss=14.5511 lr=0.00267244
Tiny epoch 1313/2000 iteration 350/390 loss=14.5549 lr=0.00267154
Tiny epoch 1313/2000 iteration 390/390 loss=14.6081 lr=0.00267083
Tiny epoch 1314/2000 iteration 50/390 loss=14.3581 lr=0.00266993
Tiny epoch 1314/2000 iteration 100/390 loss=14.6053 lr=0.00266904
Tiny epoch 1314/2000 iteration 150/390 loss=14.6208 lr=0.00266815
Tiny epoch 1314/2000 iteration 200/390 loss=14.6040 lr=0.00266725
Tiny epoch 1314/2000 iteration 250/390 loss=14.6848 lr=0.00266636
Tiny epoch 1314/2000 iteration 300/390 loss=14.6903 lr=0.00266547
Tiny epoch 1314/2000 iteration 350/390 loss=14.6825 lr=0.00266457
Tiny epoch 1314/2000 iteration 390/390 loss=14.6937 lr=0.00266386
Tiny epoch 1315/2000 iteration 50/390 loss=14.4624 lr=0.00266297
Tiny epoch 1315/2000 iteration 100/390 loss=14.5253 lr=0.00266207
Tiny epoch 1315/2000 iteration 150/390 loss=14.4656 lr=0.00266118
Tiny epoch 1315/2000 iteration 200/390 loss=14.4624 lr=0.00266029
Tiny epoch 1315/2000 iteration 250/390 loss=14.4911 lr=0.00265939
Tiny epoch 1315/2000 iteration 300/390 loss=14.5331 lr=0.0026585
Tiny epoch 1315/2000 iteration 350/390 loss=14.5087 lr=0.00265761
Tiny epoch 1315/2000 iteration 390/390 loss=14.5712 lr=0.0026569
Tiny epoch 1316/2000 iteration 50/390 loss=14.4238 lr=0.002656
Tiny epoch 1316/2000 iteration 100/390 loss=14.3894 lr=0.00265511
Tiny epoch 1316/2000 iteration 150/390 loss=14.4707 lr=0.00265422
Tiny epoch 1316/2000 iteration 200/390 loss=14.5323 lr=0.00265333
Tiny epoch 1316/2000 iteration 250/390 loss=14.5337 lr=0.00265244
Tiny epoch 1316/2000 iteration 300/390 loss=14.5809 lr=0.00265154
Tiny epoch 1316/2000 iteration 350/390 loss=14.6313 lr=0.00265065
Tiny epoch 1316/2000 iteration 390/390 loss=14.6243 lr=0.00264994
Tiny epoch 1317/2000 iteration 50/390 loss=14.5216 lr=0.00264905
Tiny epoch 1317/2000 iteration 100/390 loss=14.7430 lr=0.00264816
Tiny epoch 1317/2000 iteration 150/390 loss=14.7395 lr=0.00264726
Tiny epoch 1317/2000 iteration 200/390 loss=14.7833 lr=0.00264637
Tiny epoch 1317/2000 iteration 250/390 loss=14.7914 lr=0.00264548
Tiny epoch 1317/2000 iteration 300/390 loss=14.7848 lr=0.00264459
Tiny epoch 1317/2000 iteration 350/390 loss=14.7700 lr=0.0026437
Tiny epoch 1317/2000 iteration 390/390 loss=14.7524 lr=0.00264299
Tiny epoch 1318/2000 iteration 50/390 loss=14.7022 lr=0.0026421
Tiny epoch 1318/2000 iteration 100/390 loss=14.7628 lr=0.00264121
Tiny epoch 1318/2000 iteration 150/390 loss=14.6987 lr=0.00264032
Tiny epoch 1318/2000 iteration 200/390 loss=14.6386 lr=0.00263943
Tiny epoch 1318/2000 iteration 250/390 loss=14.6964 lr=0.00263853
Tiny epoch 1318/2000 iteration 300/390 loss=14.6996 lr=0.00263764
Tiny epoch 1318/2000 iteration 350/390 loss=14.6481 lr=0.00263675
Tiny epoch 1318/2000 iteration 390/390 loss=14.6632 lr=0.00263604
Tiny epoch 1319/2000 iteration 50/390 loss=14.5959 lr=0.00263515
Tiny epoch 1319/2000 iteration 100/390 loss=14.5547 lr=0.00263426
Tiny epoch 1319/2000 iteration 150/390 loss=14.5802 lr=0.00263337
Tiny epoch 1319/2000 iteration 200/390 loss=14.6647 lr=0.00263248
Tiny epoch 1319/2000 iteration 250/390 loss=14.6342 lr=0.00263159
Tiny epoch 1319/2000 iteration 300/390 loss=14.6255 lr=0.0026307
Tiny epoch 1319/2000 iteration 350/390 loss=14.6266 lr=0.00262981
Tiny epoch 1319/2000 iteration 390/390 loss=14.6297 lr=0.0026291
Tiny epoch 1320/2000 iteration 50/390 loss=14.4904 lr=0.00262821
Tiny epoch 1320/2000 iteration 100/390 loss=14.5517 lr=0.00262732
Tiny epoch 1320/2000 iteration 150/390 loss=14.4972 lr=0.00262644
Tiny epoch 1320/2000 iteration 200/390 loss=14.5413 lr=0.00262555
Tiny epoch 1320/2000 iteration 250/390 loss=14.5282 lr=0.00262466
Tiny epoch 1320/2000 iteration 300/390 loss=14.5272 lr=0.00262377
Tiny epoch 1320/2000 iteration 350/390 loss=14.5523 lr=0.00262288
Tiny epoch 1320/2000 iteration 390/390 loss=14.5557 lr=0.00262217
[epoch 1320/2000] saved backbone: /home/mmoslem3/scratch/MKDT/krrst_teacher_ckpt/barlow_twins_resnet18_tinyimagenet.pt
Tiny epoch 1321/2000 iteration 50/390 loss=14.3234 lr=0.00262128
Tiny epoch 1321/2000 iteration 100/390 loss=14.3330 lr=0.00262039
Tiny epoch 1321/2000 iteration 150/390 loss=14.3554 lr=0.0026195
Tiny epoch 1321/2000 iteration 200/390 loss=14.4460 lr=0.00261862
Tiny epoch 1321/2000 iteration 250/390 loss=14.5193 lr=0.00261773
Tiny epoch 1321/2000 iteration 300/390 loss=14.5009 lr=0.00261684
Tiny epoch 1321/2000 iteration 350/390 loss=14.4800 lr=0.00261595
Tiny epoch 1321/2000 iteration 390/390 loss=14.4485 lr=0.00261524
Tiny epoch 1322/2000 iteration 50/390 loss=14.5344 lr=0.00261435
Tiny epoch 1322/2000 iteration 100/390 loss=14.7421 lr=0.00261347
Tiny epoch 1322/2000 iteration 150/390 loss=14.8435 lr=0.00261258
Tiny epoch 1322/2000 iteration 200/390 loss=14.8847 lr=0.00261169
Tiny epoch 1322/2000 iteration 250/390 loss=14.8765 lr=0.0026108
Tiny epoch 1322/2000 iteration 300/390 loss=14.8432 lr=0.00260992
Tiny epoch 1322/2000 iteration 350/390 loss=14.7636 lr=0.00260903
Tiny epoch 1322/2000 iteration 390/390 loss=14.7339 lr=0.00260832
Tiny epoch 1323/2000 iteration 50/390 loss=14.6803 lr=0.00260743
Tiny epoch 1323/2000 iteration 100/390 loss=14.6387 lr=0.00260655
Tiny epoch 1323/2000 iteration 150/390 loss=14.6090 lr=0.00260566
Tiny epoch 1323/2000 iteration 200/390 loss=14.5297 lr=0.00260477
