PyTorch: 2.9.1 CUDA: True GPU: NVIDIA L40S
Starting random-feature CIFAR-10 5000-iteration job on rack04-09 at Tue Oct  6 17:21:49 MDT 2026
Project: /scratch/mmoslem3/MKDT
Data: /scratch/mmoslem3/data
Output: /scratch/mmoslem3/MKDT/results2
CUDA_VISIBLE_DEVICES=0
Cleared all previous files from /scratch/mmoslem3/MKDT/results2
Hyper-parameters: 
 {'dataset': 'CIFAR10', 'percentage': 1.0, 'data_path': '/scratch/mmoslem3/data', 'device': 'cuda', 'seed': 0, 'Iteration': 5000, 'lr_img': 0.1, 'batch_real': 1024, 'batch_syn': 512, 'num_random_networks': 2, 'num_aug_pairs': 5, 'covariance_block_size': 256, 'random_models': None, 'distill_aug_strategy': 'color_crop_cutout_flip_scale_rotate', 'distill_aug_mode': 'S', 'model': 'ConvNet', 'lr_net': 0.01, 'batch_train': 256, 'ssl_method': 'simclr', 'ssl_aug_strategy': 'color_crop_cutout_flip_scale_rotate', 'projection_dim': 128, 'temperature': 0.5, 'barlow_lambda': 0.005, 'eval_mode': 'S', 'num_eval': 6, 'epoch_eval_train': 1000, 'label_percentage': 1.0, 'epoch_linear_train': 100, 'lr_linear': 0.1, 'batch_linear': 256, 'save_path': '/scratch/mmoslem3/MKDT/results2', 'method': 'RandomFeatureCrossCovariance', 'dsa_param': <utils.ParamDiffAug object at 0x705878c9c890>, 'dsa': False}
P_net support: ConvNet
Objective: mean_phi ||Sigma_T(phi) - Sigma_S(phi)||_F^2; encoders are randomly initialized and never trained.
-------------------------
Evaluation
model_train = ConvNet, model_eval = ConvNet, iteration = 0
[2026-10-06 17:22:36] Evaluate_SSL_00: method = simclr ssl epoch = 1000 linear epoch = 0100 labeled = 1.00% train time = 41 s ssl loss = 4.295664 train loss = 0.012971 train acc = 1.0000, test acc = 0.3717
[2026-10-06 17:23:18] Evaluate_SSL_01: method = simclr ssl epoch = 1000 linear epoch = 0100 labeled = 1.00% train time = 40 s ssl loss = 4.302152 train loss = 0.017773 train acc = 1.0000, test acc = 0.3897
[2026-10-06 17:23:59] Evaluate_SSL_02: method = simclr ssl epoch = 1000 linear epoch = 0100 labeled = 1.00% train time = 40 s ssl loss = 4.291086 train loss = 0.007814 train acc = 1.0000, test acc = 0.3587
[2026-10-06 17:24:41] Evaluate_SSL_03: method = simclr ssl epoch = 1000 linear epoch = 0100 labeled = 1.00% train time = 40 s ssl loss = 4.291307 train loss = 0.015744 train acc = 1.0000, test acc = 0.3791
[2026-10-06 17:25:22] Evaluate_SSL_04: method = simclr ssl epoch = 1000 linear epoch = 0100 labeled = 1.00% train time = 40 s ssl loss = 4.318887 train loss = 0.017146 train acc = 1.0000, test acc = 0.3674
[2026-10-06 17:26:03] Evaluate_SSL_05: method = simclr ssl epoch = 1000 linear epoch = 0100 labeled = 1.00% train time = 40 s ssl loss = 4.286571 train loss = 0.014695 train acc = 1.0000, test acc = 0.3864
Evaluate 6 random ConvNet, mean = 0.3755 std = 0.0108
-------------------------
[2026-10-06 17:26:03] distillation begins
[2026-10-06 17:26:24] iter = 00001, loss = 426.1420898438, pixel drift RMS = 5.09293/255, PNG values changed = 99.46647%, samples = ConvNet(seed=357381689,d=2048); ConvNet(seed=843548766,d=2048)
[2026-10-06 17:26:44] iter = 00002, loss = 972.3436279297, pixel drift RMS = 5.94801/255, PNG values changed = 99.65580%, samples = ConvNet(seed=1788779085,d=2048); ConvNet(seed=1353308994,d=2048)
[2026-10-06 17:27:04] iter = 00003, loss = 654.5477294922, pixel drift RMS = 6.52833/255, PNG values changed = 88.14219%, samples = ConvNet(seed=1773516365,d=2048); ConvNet(seed=1374102879,d=2048)
[2026-10-06 17:27:25] iter = 00004, loss = 729.6063232422, pixel drift RMS = 7.09267/255, PNG values changed = 91.82675%, samples = ConvNet(seed=1890040915,d=2048); ConvNet(seed=286102176,d=2048)
[2026-10-06 17:27:45] iter = 00005, loss = 564.8579101562, pixel drift RMS = 7.66145/255, PNG values changed = 93.63737%, samples = ConvNet(seed=1090348555,d=2048); ConvNet(seed=289430196,d=2048)
[2026-10-06 17:28:05] iter = 00006, loss = 578.6566772461, pixel drift RMS = 8.20768/255, PNG values changed = 94.28698%, samples = ConvNet(seed=1773596801,d=2048); ConvNet(seed=1321548595,d=2048)
[2026-10-06 17:28:25] iter = 00007, loss = 509.2177429199, pixel drift RMS = 8.69346/255, PNG values changed = 94.61523%, samples = ConvNet(seed=1289718071,d=2048); ConvNet(seed=796788224,d=2048)
[2026-10-06 17:28:46] iter = 00008, loss = 485.0651855469, pixel drift RMS = 9.13664/255, PNG values changed = 94.85416%, samples = ConvNet(seed=254435150,d=2048); ConvNet(seed=1226625024,d=2048)
[2026-10-06 17:29:05] iter = 00009, loss = 441.4082641602, pixel drift RMS = 9.59277/255, PNG values changed = 95.04134%, samples = ConvNet(seed=1385882467,d=2048); ConvNet(seed=2099456938,d=2048)
[2026-10-06 17:29:26] iter = 00010, loss = 396.2584228516, pixel drift RMS = 10.03801/255, PNG values changed = 95.24603%, samples = ConvNet(seed=1619795916,d=2048); ConvNet(seed=49295176,d=2048)
[2026-10-06 17:29:45] iter = 00011, loss = 312.4258422852, pixel drift RMS = 10.49798/255, PNG values changed = 95.46777%, samples = ConvNet(seed=780113497,d=2048); ConvNet(seed=1403842073,d=2048)
[2026-10-06 17:30:06] iter = 00012, loss = 310.1974487305, pixel drift RMS = 10.92566/255, PNG values changed = 95.65280%, samples = ConvNet(seed=359142632,d=2048); ConvNet(seed=410256940,d=2048)
[2026-10-06 17:30:26] iter = 00013, loss = 307.4166564941, pixel drift RMS = 11.31587/255, PNG values changed = 95.82858%, samples = ConvNet(seed=1805289586,d=2048); ConvNet(seed=1706342093,d=2048)
[2026-10-06 17:30:46] iter = 00014, loss = 376.9430847168, pixel drift RMS = 11.63454/255, PNG values changed = 95.93118%, samples = ConvNet(seed=1393878577,d=2048); ConvNet(seed=271584951,d=2048)
[2026-10-06 17:31:07] iter = 00015, loss = 352.7412414551, pixel drift RMS = 11.91115/255, PNG values changed = 96.02702%, samples = ConvNet(seed=1505200722,d=2048); ConvNet(seed=677196998,d=2048)
[2026-10-06 17:31:27] iter = 00016, loss = 370.3205566406, pixel drift RMS = 12.13631/255, PNG values changed = 96.10378%, samples = ConvNet(seed=2122752142,d=2048); ConvNet(seed=188407637,d=2048)
[2026-10-06 17:31:47] iter = 00017, loss = 293.9458312988, pixel drift RMS = 12.34832/255, PNG values changed = 96.15338%, samples = ConvNet(seed=404074588,d=2048); ConvNet(seed=1137684662,d=2048)
[2026-10-06 17:32:07] iter = 00018, loss = 226.9280090332, pixel drift RMS = 12.55731/255, PNG values changed = 96.19609%, samples = ConvNet(seed=1155837048,d=2048); ConvNet(seed=1346610219,d=2048)
[2026-10-06 17:32:27] iter = 00019, loss = 263.9375000000, pixel drift RMS = 12.74998/255, PNG values changed = 96.25944%, samples = ConvNet(seed=1850438563,d=2048); ConvNet(seed=1290522742,d=2048)
[2026-10-06 17:32:47] iter = 00020, loss = 299.3979492188, pixel drift RMS = 12.93819/255, PNG values changed = 96.30508%, samples = ConvNet(seed=1587811627,d=2048); ConvNet(seed=1773060136,d=2048)
[2026-10-06 17:33:07] iter = 00021, loss = 288.5510559082, pixel drift RMS = 13.12275/255, PNG values changed = 96.36413%, samples = ConvNet(seed=851081333,d=2048); ConvNet(seed=432490424,d=2048)
[2026-10-06 17:33:27] iter = 00022, loss = 257.7429199219, pixel drift RMS = 13.30640/255, PNG values changed = 96.42552%, samples = ConvNet(seed=1845493374,d=2048); ConvNet(seed=9151905,d=2048)
[2026-10-06 17:33:47] iter = 00023, loss = 258.5367431641, pixel drift RMS = 13.50029/255, PNG values changed = 96.45879%, samples = ConvNet(seed=676035497,d=2048); ConvNet(seed=238239574,d=2048)
[2026-10-06 17:34:07] iter = 00024, loss = 232.1699218750, pixel drift RMS = 13.70525/255, PNG values changed = 96.50351%, samples = ConvNet(seed=1518011972,d=2048); ConvNet(seed=1627270976,d=2048)
[2026-10-06 17:34:27] iter = 00025, loss = 233.0545196533, pixel drift RMS = 13.90582/255, PNG values changed = 96.53652%, samples = ConvNet(seed=1802992872,d=2048); ConvNet(seed=839675241,d=2048)
[2026-10-06 17:34:47] iter = 00026, loss = 223.5249938965, pixel drift RMS = 14.07807/255, PNG values changed = 96.57266%, samples = ConvNet(seed=1467667042,d=2048); ConvNet(seed=267590054,d=2048)
[2026-10-06 17:35:07] iter = 00027, loss = 209.3435668945, pixel drift RMS = 14.21905/255, PNG values changed = 96.60404%, samples = ConvNet(seed=1713913076,d=2048); ConvNet(seed=1964275150,d=2048)
[2026-10-06 17:35:28] iter = 00028, loss = 203.5592041016, pixel drift RMS = 14.32324/255, PNG values changed = 96.62917%, samples = ConvNet(seed=1434446831,d=2048); ConvNet(seed=968048802,d=2048)
[2026-10-06 17:35:48] iter = 00029, loss = 231.1417541504, pixel drift RMS = 14.39689/255, PNG values changed = 96.69759%, samples = ConvNet(seed=978053044,d=2048); ConvNet(seed=1006657898,d=2048)
[2026-10-06 17:36:08] iter = 00030, loss = 233.5472717285, pixel drift RMS = 14.46119/255, PNG values changed = 96.70007%, samples = ConvNet(seed=1248630196,d=2048); ConvNet(seed=1778391684,d=2048)
[2026-10-06 17:36:28] iter = 00031, loss = 179.2192535400, pixel drift RMS = 14.52561/255, PNG values changed = 96.70612%, samples = ConvNet(seed=573288071,d=2048); ConvNet(seed=1820262696,d=2048)
[2026-10-06 17:36:48] iter = 00032, loss = 296.0771484375, pixel drift RMS = 14.56937/255, PNG values changed = 96.72318%, samples = ConvNet(seed=927166867,d=2048); ConvNet(seed=1209203017,d=2048)
[2026-10-06 17:37:08] iter = 00033, loss = 214.5607452393, pixel drift RMS = 14.65009/255, PNG values changed = 96.73756%, samples = ConvNet(seed=1579891560,d=2048); ConvNet(seed=1942472613,d=2048)
[2026-10-06 17:37:28] iter = 00034, loss = 186.7191314697, pixel drift RMS = 14.73851/255, PNG values changed = 96.74779%, samples = ConvNet(seed=43094809,d=2048); ConvNet(seed=775775128,d=2048)
[2026-10-06 17:37:49] iter = 00035, loss = 199.6485900879, pixel drift RMS = 14.83153/255, PNG values changed = 96.76107%, samples = ConvNet(seed=1999032240,d=2048); ConvNet(seed=654181271,d=2048)
[2026-10-06 17:38:08] iter = 00036, loss = 226.5130920410, pixel drift RMS = 14.92767/255, PNG values changed = 96.76712%, samples = ConvNet(seed=2015622442,d=2048); ConvNet(seed=1871280723,d=2048)
[2026-10-06 17:38:28] iter = 00037, loss = 218.1940155029, pixel drift RMS = 15.00447/255, PNG values changed = 96.78027%, samples = ConvNet(seed=94048023,d=2048); ConvNet(seed=765123027,d=2048)
[2026-10-06 17:38:48] iter = 00038, loss = 207.7856445312, pixel drift RMS = 15.06487/255, PNG values changed = 96.80443%, samples = ConvNet(seed=132206242,d=2048); ConvNet(seed=1088004766,d=2048)
[2026-10-06 17:39:09] iter = 00039, loss = 163.2507019043, pixel drift RMS = 15.13408/255, PNG values changed = 96.82376%, samples = ConvNet(seed=622163696,d=2048); ConvNet(seed=867593833,d=2048)
[2026-10-06 17:39:29] iter = 00040, loss = 194.9298095703, pixel drift RMS = 15.20401/255, PNG values changed = 96.82246%, samples = ConvNet(seed=846294610,d=2048); ConvNet(seed=1538976252,d=2048)
[2026-10-06 17:39:49] iter = 00041, loss = 177.4842834473, pixel drift RMS = 15.25142/255, PNG values changed = 96.81569%, samples = ConvNet(seed=1320498608,d=2048); ConvNet(seed=1276630346,d=2048)
[2026-10-06 17:40:10] iter = 00042, loss = 172.8077697754, pixel drift RMS = 15.29707/255, PNG values changed = 96.83711%, samples = ConvNet(seed=1021168303,d=2048); ConvNet(seed=526910011,d=2048)
[2026-10-06 17:40:30] iter = 00043, loss = 168.0151824951, pixel drift RMS = 15.35219/255, PNG values changed = 96.86686%, samples = ConvNet(seed=1086515736,d=2048); ConvNet(seed=105302962,d=2048)
[2026-10-06 17:40:49] iter = 00044, loss = 199.7492065430, pixel drift RMS = 15.39760/255, PNG values changed = 96.88366%, samples = ConvNet(seed=700585699,d=2048); ConvNet(seed=805342854,d=2048)
[2026-10-06 17:41:10] iter = 00045, loss = 181.2682800293, pixel drift RMS = 15.43873/255, PNG values changed = 96.90703%, samples = ConvNet(seed=662186001,d=2048); ConvNet(seed=1612267368,d=2048)
[2026-10-06 17:41:30] iter = 00046, loss = 162.0375061035, pixel drift RMS = 15.47517/255, PNG values changed = 96.92409%, samples = ConvNet(seed=1022387612,d=2048); ConvNet(seed=564586633,d=2048)
[2026-10-06 17:41:50] iter = 00047, loss = 203.1414642334, pixel drift RMS = 15.50649/255, PNG values changed = 96.93483%, samples = ConvNet(seed=735644326,d=2048); ConvNet(seed=1913856418,d=2048)
[2026-10-06 17:42:10] iter = 00048, loss = 165.1838684082, pixel drift RMS = 15.52294/255, PNG values changed = 96.94544%, samples = ConvNet(seed=538363009,d=2048); ConvNet(seed=956332929,d=2048)
[2026-10-06 17:42:30] iter = 00049, loss = 176.3698120117, pixel drift RMS = 15.53354/255, PNG values changed = 96.98587%, samples = ConvNet(seed=1216591450,d=2048); ConvNet(seed=723939738,d=2048)
[2026-10-06 17:42:50] iter = 00050, loss = 148.9132690430, pixel drift RMS = 15.57125/255, PNG values changed = 96.99694%, samples = ConvNet(seed=1648455659,d=2048); ConvNet(seed=1272306819,d=2048)
[2026-10-06 17:43:10] iter = 00051, loss = 176.5295715332, pixel drift RMS = 15.63356/255, PNG values changed = 97.01576%, samples = ConvNet(seed=233646610,d=2048); ConvNet(seed=1485159324,d=2048)
[2026-10-06 17:43:31] iter = 00052, loss = 188.2352142334, pixel drift RMS = 15.71099/255, PNG values changed = 96.99830%, samples = ConvNet(seed=1056742031,d=2048); ConvNet(seed=418069294,d=2048)
[2026-10-06 17:43:51] iter = 00053, loss = 200.9538726807, pixel drift RMS = 15.77871/255, PNG values changed = 96.99062%, samples = ConvNet(seed=1358851535,d=2048); ConvNet(seed=543592113,d=2048)
[2026-10-06 17:44:11] iter = 00054, loss = 160.3795318604, pixel drift RMS = 15.82453/255, PNG values changed = 97.00182%, samples = ConvNet(seed=1964603389,d=2048); ConvNet(seed=1753066505,d=2048)
[2026-10-06 17:44:30] iter = 00055, loss = 160.8025817871, pixel drift RMS = 15.85862/255, PNG values changed = 97.01139%, samples = ConvNet(seed=1580187015,d=2048); ConvNet(seed=1738028454,d=2048)
[2026-10-06 17:44:50] iter = 00056, loss = 129.4073791504, pixel drift RMS = 15.89453/255, PNG values changed = 96.98965%, samples = ConvNet(seed=1475671714,d=2048); ConvNet(seed=1177496185,d=2048)
[2026-10-06 17:45:11] iter = 00057, loss = 188.3582000732, pixel drift RMS = 15.95426/255, PNG values changed = 97.00189%, samples = ConvNet(seed=183594011,d=2048); ConvNet(seed=1532142809,d=2048)
[2026-10-06 17:45:31] iter = 00058, loss = 154.6011657715, pixel drift RMS = 16.01717/255, PNG values changed = 97.02799%, samples = ConvNet(seed=1965297599,d=2048); ConvNet(seed=444589226,d=2048)
[2026-10-06 17:45:50] iter = 00059, loss = 181.5195617676, pixel drift RMS = 16.05808/255, PNG values changed = 97.06061%, samples = ConvNet(seed=744299231,d=2048); ConvNet(seed=1038900466,d=2048)
[2026-10-06 17:46:11] iter = 00060, loss = 198.9781188965, pixel drift RMS = 16.11546/255, PNG values changed = 97.06243%, samples = ConvNet(seed=1518328428,d=2048); ConvNet(seed=1976643888,d=2048)
[2026-10-06 17:46:30] iter = 00061, loss = 160.1447906494, pixel drift RMS = 16.17181/255, PNG values changed = 97.07552%, samples = ConvNet(seed=351568745,d=2048); ConvNet(seed=1255416991,d=2048)
[2026-10-06 17:46:50] iter = 00062, loss = 180.0547180176, pixel drift RMS = 16.21847/255, PNG values changed = 97.06784%, samples = ConvNet(seed=1691599308,d=2048); ConvNet(seed=928555948,d=2048)
[2026-10-06 17:47:10] iter = 00063, loss = 138.9844360352, pixel drift RMS = 16.25927/255, PNG values changed = 97.09284%, samples = ConvNet(seed=133096207,d=2048); ConvNet(seed=118649015,d=2048)
[2026-10-06 17:47:31] iter = 00064, loss = 153.9903564453, pixel drift RMS = 16.29984/255, PNG values changed = 97.12943%, samples = ConvNet(seed=1878097837,d=2048); ConvNet(seed=1076763500,d=2048)
[2026-10-06 17:47:51] iter = 00065, loss = 185.2847290039, pixel drift RMS = 16.34216/255, PNG values changed = 97.12852%, samples = ConvNet(seed=1838944315,d=2048); ConvNet(seed=134129351,d=2048)
[2026-10-06 17:48:11] iter = 00066, loss = 170.9778747559, pixel drift RMS = 16.39141/255, PNG values changed = 97.14714%, samples = ConvNet(seed=851184247,d=2048); ConvNet(seed=1872644466,d=2048)
[2026-10-06 17:48:31] iter = 00067, loss = 164.1805877686, pixel drift RMS = 16.46041/255, PNG values changed = 97.15586%, samples = ConvNet(seed=727120225,d=2048); ConvNet(seed=1195453350,d=2048)
[2026-10-06 17:48:51] iter = 00068, loss = 161.8561859131, pixel drift RMS = 16.52695/255, PNG values changed = 97.13444%, samples = ConvNet(seed=1700764883,d=2048); ConvNet(seed=21537439,d=2048)
[2026-10-06 17:49:11] iter = 00069, loss = 143.6104431152, pixel drift RMS = 16.58372/255, PNG values changed = 97.14889%, samples = ConvNet(seed=808625702,d=2048); ConvNet(seed=909615262,d=2048)
[2026-10-06 17:49:31] iter = 00070, loss = 145.7338256836, pixel drift RMS = 16.63593/255, PNG values changed = 97.14733%, samples = ConvNet(seed=2140829525,d=2048); ConvNet(seed=1223978229,d=2048)
[2026-10-06 17:49:51] iter = 00071, loss = 215.8417053223, pixel drift RMS = 16.64327/255, PNG values changed = 97.15625%, samples = ConvNet(seed=583965990,d=2048); ConvNet(seed=801892089,d=2048)
[2026-10-06 17:50:12] iter = 00072, loss = 171.1589660645, pixel drift RMS = 16.64060/255, PNG values changed = 97.17122%, samples = ConvNet(seed=15845635,d=2048); ConvNet(seed=1195976644,d=2048)
[2026-10-06 17:50:32] iter = 00073, loss = 168.7538146973, pixel drift RMS = 16.66199/255, PNG values changed = 97.16849%, samples = ConvNet(seed=2012168812,d=2048); ConvNet(seed=433207989,d=2048)
[2026-10-06 17:50:51] iter = 00074, loss = 157.6867675781, pixel drift RMS = 16.69903/255, PNG values changed = 97.19160%, samples = ConvNet(seed=2035183139,d=2048); ConvNet(seed=1290767031,d=2048)
[2026-10-06 17:51:11] iter = 00075, loss = 187.7254791260, pixel drift RMS = 16.75933/255, PNG values changed = 97.22044%, samples = ConvNet(seed=692251932,d=2048); ConvNet(seed=2055944387,d=2048)
[2026-10-06 17:51:32] iter = 00076, loss = 196.1320495605, pixel drift RMS = 16.84532/255, PNG values changed = 97.22747%, samples = ConvNet(seed=1029449529,d=2048); ConvNet(seed=791870758,d=2048)
[2026-10-06 17:51:52] iter = 00077, loss = 130.4140930176, pixel drift RMS = 16.92612/255, PNG values changed = 97.23184%, samples = ConvNet(seed=1539652876,d=2048); ConvNet(seed=824698747,d=2048)
[2026-10-06 17:52:12] iter = 00078, loss = 158.5699920654, pixel drift RMS = 16.99992/255, PNG values changed = 97.22422%, samples = ConvNet(seed=1957027172,d=2048); ConvNet(seed=1943849232,d=2048)
[2026-10-06 17:52:33] iter = 00079, loss = 139.4171447754, pixel drift RMS = 17.06170/255, PNG values changed = 97.24739%, samples = ConvNet(seed=1427022362,d=2048); ConvNet(seed=995762440,d=2048)
[2026-10-06 17:52:52] iter = 00080, loss = 176.4234008789, pixel drift RMS = 17.10665/255, PNG values changed = 97.26595%, samples = ConvNet(seed=1674958825,d=2048); ConvNet(seed=678178132,d=2048)
[2026-10-06 17:53:12] iter = 00081, loss = 235.8261413574, pixel drift RMS = 17.13256/255, PNG values changed = 97.29271%, samples = ConvNet(seed=2057256658,d=2048); ConvNet(seed=1190898798,d=2048)
[2026-10-06 17:53:32] iter = 00082, loss = 143.1920776367, pixel drift RMS = 17.16168/255, PNG values changed = 97.27955%, samples = ConvNet(seed=1574737050,d=2048); ConvNet(seed=2136671797,d=2048)
[2026-10-06 17:53:52] iter = 00083, loss = 146.0542297363, pixel drift RMS = 17.20122/255, PNG values changed = 97.28900%, samples = ConvNet(seed=1581547357,d=2048); ConvNet(seed=123719925,d=2048)
[2026-10-06 17:54:12] iter = 00084, loss = 216.1437377930, pixel drift RMS = 17.27248/255, PNG values changed = 97.30430%, samples = ConvNet(seed=1182266417,d=2048); ConvNet(seed=1917624831,d=2048)
[2026-10-06 17:54:33] iter = 00085, loss = 143.3148498535, pixel drift RMS = 17.35073/255, PNG values changed = 97.32324%, samples = ConvNet(seed=836928257,d=2048); ConvNet(seed=169804862,d=2048)
[2026-10-06 17:54:53] iter = 00086, loss = 134.9010925293, pixel drift RMS = 17.43155/255, PNG values changed = 97.31367%, samples = ConvNet(seed=531142657,d=2048); ConvNet(seed=2125477126,d=2048)
[2026-10-06 17:55:13] iter = 00087, loss = 139.9365386963, pixel drift RMS = 17.50923/255, PNG values changed = 97.32519%, samples = ConvNet(seed=1177485669,d=2048); ConvNet(seed=155581173,d=2048)
[2026-10-06 17:55:33] iter = 00088, loss = 162.6897125244, pixel drift RMS = 17.57091/255, PNG values changed = 97.32656%, samples = ConvNet(seed=1803709951,d=2048); ConvNet(seed=1865661056,d=2048)
[2026-10-06 17:55:54] iter = 00089, loss = 142.5065612793, pixel drift RMS = 17.62833/255, PNG values changed = 97.34395%, samples = ConvNet(seed=363951263,d=2048); ConvNet(seed=1925993604,d=2048)
[2026-10-06 17:56:15] iter = 00090, loss = 141.5818786621, pixel drift RMS = 17.69337/255, PNG values changed = 97.34323%, samples = ConvNet(seed=116721953,d=2048); ConvNet(seed=105167044,d=2048)
[2026-10-06 17:56:35] iter = 00091, loss = 148.2493286133, pixel drift RMS = 17.75021/255, PNG values changed = 97.35404%, samples = ConvNet(seed=1076129672,d=2048); ConvNet(seed=1108982898,d=2048)
[2026-10-06 17:56:55] iter = 00092, loss = 163.9879760742, pixel drift RMS = 17.80338/255, PNG values changed = 97.35319%, samples = ConvNet(seed=838218910,d=2048); ConvNet(seed=863343022,d=2048)
[2026-10-06 17:57:15] iter = 00093, loss = 170.3801269531, pixel drift RMS = 17.85100/255, PNG values changed = 97.35905%, samples = ConvNet(seed=1038593460,d=2048); ConvNet(seed=1374902956,d=2048)
[2026-10-06 17:57:36] iter = 00094, loss = 153.0620422363, pixel drift RMS = 17.89820/255, PNG values changed = 97.35788%, samples = ConvNet(seed=1976831436,d=2048); ConvNet(seed=265977689,d=2048)
[2026-10-06 17:57:56] iter = 00095, loss = 185.7014160156, pixel drift RMS = 17.93066/255, PNG values changed = 97.39218%, samples = ConvNet(seed=1847924214,d=2048); ConvNet(seed=1763210744,d=2048)
[2026-10-06 17:58:16] iter = 00096, loss = 169.1024169922, pixel drift RMS = 17.97376/255, PNG values changed = 97.41048%, samples = ConvNet(seed=1343518977,d=2048); ConvNet(seed=408524568,d=2048)
[2026-10-06 17:58:36] iter = 00097, loss = 143.5778808594, pixel drift RMS = 18.01256/255, PNG values changed = 97.42708%, samples = ConvNet(seed=2060023596,d=2048); ConvNet(seed=917216700,d=2048)
[2026-10-06 17:58:57] iter = 00098, loss = 162.0262603760, pixel drift RMS = 18.07090/255, PNG values changed = 97.43867%, samples = ConvNet(seed=723096019,d=2048); ConvNet(seed=600581010,d=2048)
[2026-10-06 17:59:17] iter = 00099, loss = 128.7663574219, pixel drift RMS = 18.14645/255, PNG values changed = 97.44023%, samples = ConvNet(seed=2011723118,d=2048); ConvNet(seed=270245900,d=2048)
[2026-10-06 17:59:37] iter = 00100, loss = 157.5272827148, pixel drift RMS = 18.21904/255, PNG values changed = 97.43594%, samples = ConvNet(seed=117357771,d=2048); ConvNet(seed=1216297342,d=2048)
[2026-10-06 17:59:57] iter = 00101, loss = 138.3892211914, pixel drift RMS = 18.27168/255, PNG values changed = 97.42578%, samples = ConvNet(seed=1805470413,d=2048); ConvNet(seed=774241643,d=2048)
[2026-10-06 18:00:18] iter = 00102, loss = 140.1312255859, pixel drift RMS = 18.31196/255, PNG values changed = 97.43503%, samples = ConvNet(seed=445864631,d=2048); ConvNet(seed=1021994774,d=2048)
[2026-10-06 18:00:39] iter = 00103, loss = 139.3717346191, pixel drift RMS = 18.34468/255, PNG values changed = 97.43913%, samples = ConvNet(seed=1768345254,d=2048); ConvNet(seed=99768925,d=2048)
[2026-10-06 18:00:59] iter = 00104, loss = 114.9067687988, pixel drift RMS = 18.36534/255, PNG values changed = 97.45195%, samples = ConvNet(seed=940264029,d=2048); ConvNet(seed=1443821932,d=2048)
[2026-10-06 18:01:18] iter = 00105, loss = 142.7294158936, pixel drift RMS = 18.39620/255, PNG values changed = 97.45325%, samples = ConvNet(seed=1418282305,d=2048); ConvNet(seed=1564556716,d=2048)
[2026-10-06 18:01:39] iter = 00106, loss = 185.2548065186, pixel drift RMS = 18.42146/255, PNG values changed = 97.47357%, samples = ConvNet(seed=183822762,d=2048); ConvNet(seed=1730357198,d=2048)
[2026-10-06 18:02:00] iter = 00107, loss = 147.1173706055, pixel drift RMS = 18.45172/255, PNG values changed = 97.50931%, samples = ConvNet(seed=509030100,d=2048); ConvNet(seed=1289950235,d=2048)
[2026-10-06 18:02:20] iter = 00108, loss = 153.2694854736, pixel drift RMS = 18.48871/255, PNG values changed = 97.52702%, samples = ConvNet(seed=439776986,d=2048); ConvNet(seed=493294587,d=2048)
[2026-10-06 18:02:40] iter = 00109, loss = 158.1655883789, pixel drift RMS = 18.53103/255, PNG values changed = 97.52962%, samples = ConvNet(seed=2147480588,d=2048); ConvNet(seed=40097785,d=2048)
[2026-10-06 18:03:00] iter = 00110, loss = 135.6679687500, pixel drift RMS = 18.58644/255, PNG values changed = 97.55423%, samples = ConvNet(seed=1327171007,d=2048); ConvNet(seed=686383200,d=2048)
[2026-10-06 18:03:21] iter = 00111, loss = 153.9087677002, pixel drift RMS = 18.64834/255, PNG values changed = 97.53724%, samples = ConvNet(seed=1405722445,d=2048); ConvNet(seed=1753602047,d=2048)
[2026-10-06 18:03:42] iter = 00112, loss = 167.2605285645, pixel drift RMS = 18.71390/255, PNG values changed = 97.55879%, samples = ConvNet(seed=369473691,d=2048); ConvNet(seed=1136539984,d=2048)
[2026-10-06 18:04:02] iter = 00113, loss = 146.1705322266, pixel drift RMS = 18.76007/255, PNG values changed = 97.56706%, samples = ConvNet(seed=1228648760,d=2048); ConvNet(seed=1020741280,d=2048)
[2026-10-06 18:04:22] iter = 00114, loss = 153.3447570801, pixel drift RMS = 18.78610/255, PNG values changed = 97.57090%, samples = ConvNet(seed=94190295,d=2048); ConvNet(seed=1994221990,d=2048)
[2026-10-06 18:04:43] iter = 00115, loss = 177.7109375000, pixel drift RMS = 18.82940/255, PNG values changed = 97.56920%, samples = ConvNet(seed=14301909,d=2048); ConvNet(seed=235874778,d=2048)
[2026-10-06 18:05:03] iter = 00116, loss = 164.3016662598, pixel drift RMS = 18.89010/255, PNG values changed = 97.56250%, samples = ConvNet(seed=1906514419,d=2048); ConvNet(seed=1220354184,d=2048)
[2026-10-06 18:05:24] iter = 00117, loss = 139.4262390137, pixel drift RMS = 18.95432/255, PNG values changed = 97.54694%, samples = ConvNet(seed=231427295,d=2048); ConvNet(seed=980476979,d=2048)
[2026-10-06 18:05:44] iter = 00118, loss = 154.4013366699, pixel drift RMS = 19.02062/255, PNG values changed = 97.54772%, samples = ConvNet(seed=1420362334,d=2048); ConvNet(seed=975316518,d=2048)
[2026-10-06 18:06:04] iter = 00119, loss = 163.1750183105, pixel drift RMS = 19.08595/255, PNG values changed = 97.56198%, samples = ConvNet(seed=201296838,d=2048); ConvNet(seed=532579552,d=2048)
[2026-10-06 18:06:24] iter = 00120, loss = 178.5649414062, pixel drift RMS = 19.13662/255, PNG values changed = 97.57174%, samples = ConvNet(seed=1943488199,d=2048); ConvNet(seed=354311397,d=2048)
[2026-10-06 18:06:45] iter = 00121, loss = 127.0427551270, pixel drift RMS = 19.17993/255, PNG values changed = 97.58079%, samples = ConvNet(seed=133255437,d=2048); ConvNet(seed=1594415203,d=2048)
[2026-10-06 18:07:05] iter = 00122, loss = 155.0911865234, pixel drift RMS = 19.21772/255, PNG values changed = 97.59271%, samples = ConvNet(seed=2021367178,d=2048); ConvNet(seed=880834894,d=2048)
[2026-10-06 18:07:25] iter = 00123, loss = 124.4086303711, pixel drift RMS = 19.26191/255, PNG values changed = 97.60957%, samples = ConvNet(seed=954237618,d=2048); ConvNet(seed=97348792,d=2048)
[2026-10-06 18:07:45] iter = 00124, loss = 213.6931610107, pixel drift RMS = 19.29108/255, PNG values changed = 97.59408%, samples = ConvNet(seed=504598667,d=2048); ConvNet(seed=1060327800,d=2048)
[2026-10-06 18:08:06] iter = 00125, loss = 125.0802459717, pixel drift RMS = 19.32029/255, PNG values changed = 97.62598%, samples = ConvNet(seed=1370837306,d=2048); ConvNet(seed=1093548001,d=2048)
[2026-10-06 18:08:27] iter = 00126, loss = 158.8156280518, pixel drift RMS = 19.35344/255, PNG values changed = 97.65313%, samples = ConvNet(seed=275450851,d=2048); ConvNet(seed=1769458925,d=2048)
[2026-10-06 18:08:47] iter = 00127, loss = 188.6990051270, pixel drift RMS = 19.42301/255, PNG values changed = 97.63756%, samples = ConvNet(seed=458602714,d=2048); ConvNet(seed=326272068,d=2048)
[2026-10-06 18:09:08] iter = 00128, loss = 151.1854095459, pixel drift RMS = 19.50562/255, PNG values changed = 97.63112%, samples = ConvNet(seed=1402803288,d=2048); ConvNet(seed=1948437843,d=2048)
[2026-10-06 18:09:28] iter = 00129, loss = 140.2511749268, pixel drift RMS = 19.57327/255, PNG values changed = 97.62070%, samples = ConvNet(seed=1415901218,d=2048); ConvNet(seed=5157329,d=2048)
[2026-10-06 18:09:48] iter = 00130, loss = 184.2056427002, pixel drift RMS = 19.62804/255, PNG values changed = 97.63353%, samples = ConvNet(seed=338045208,d=2048); ConvNet(seed=89968625,d=2048)
[2026-10-06 18:10:09] iter = 00131, loss = 181.0646362305, pixel drift RMS = 19.68702/255, PNG values changed = 97.63867%, samples = ConvNet(seed=592093476,d=2048); ConvNet(seed=237406405,d=2048)
[2026-10-06 18:10:29] iter = 00132, loss = 148.8414306641, pixel drift RMS = 19.76068/255, PNG values changed = 97.64876%, samples = ConvNet(seed=385913075,d=2048); ConvNet(seed=1902976180,d=2048)
[2026-10-06 18:10:49] iter = 00133, loss = 112.2160186768, pixel drift RMS = 19.83876/255, PNG values changed = 97.65071%, samples = ConvNet(seed=338159935,d=2048); ConvNet(seed=1636652479,d=2048)
[2026-10-06 18:11:09] iter = 00134, loss = 156.5359497070, pixel drift RMS = 19.90087/255, PNG values changed = 97.62487%, samples = ConvNet(seed=804591693,d=2048); ConvNet(seed=997782767,d=2048)
[2026-10-06 18:11:30] iter = 00135, loss = 180.6056213379, pixel drift RMS = 19.93265/255, PNG values changed = 97.63119%, samples = ConvNet(seed=753187187,d=2048); ConvNet(seed=1275703545,d=2048)
[2026-10-06 18:11:51] iter = 00136, loss = 182.0470886230, pixel drift RMS = 19.97769/255, PNG values changed = 97.65553%, samples = ConvNet(seed=953028287,d=2048); ConvNet(seed=1466773711,d=2048)
[2026-10-06 18:12:11] iter = 00137, loss = 158.5368347168, pixel drift RMS = 20.00372/255, PNG values changed = 97.67819%, samples = ConvNet(seed=224008301,d=2048); ConvNet(seed=62362111,d=2048)
[2026-10-06 18:12:31] iter = 00138, loss = 164.9369049072, pixel drift RMS = 20.06273/255, PNG values changed = 97.68171%, samples = ConvNet(seed=751847755,d=2048); ConvNet(seed=1607569970,d=2048)
[2026-10-06 18:12:52] iter = 00139, loss = 149.6935119629, pixel drift RMS = 20.13996/255, PNG values changed = 97.68893%, samples = ConvNet(seed=793361404,d=2048); ConvNet(seed=1032602397,d=2048)
[2026-10-06 18:13:11] iter = 00140, loss = 126.8935623169, pixel drift RMS = 20.21094/255, PNG values changed = 97.67181%, samples = ConvNet(seed=285438797,d=2048); ConvNet(seed=796453420,d=2048)
[2026-10-06 18:13:32] iter = 00141, loss = 162.5609741211, pixel drift RMS = 20.27122/255, PNG values changed = 97.69297%, samples = ConvNet(seed=1139485969,d=2048); ConvNet(seed=1306860190,d=2048)
[2026-10-06 18:13:52] iter = 00142, loss = 136.0304565430, pixel drift RMS = 20.32412/255, PNG values changed = 97.69173%, samples = ConvNet(seed=1324547237,d=2048); ConvNet(seed=851782956,d=2048)
[2026-10-06 18:14:11] iter = 00143, loss = 150.6104125977, pixel drift RMS = 20.34932/255, PNG values changed = 97.71836%, samples = ConvNet(seed=322910632,d=2048); ConvNet(seed=699551334,d=2048)
[2026-10-06 18:14:32] iter = 00144, loss = 111.1650238037, pixel drift RMS = 20.36791/255, PNG values changed = 97.72656%, samples = ConvNet(seed=2070667262,d=2048); ConvNet(seed=599998915,d=2048)
[2026-10-06 18:14:52] iter = 00145, loss = 158.2840270996, pixel drift RMS = 20.40686/255, PNG values changed = 97.72474%, samples = ConvNet(seed=861408679,d=2048); ConvNet(seed=2096358762,d=2048)
[2026-10-06 18:15:12] iter = 00146, loss = 134.1560974121, pixel drift RMS = 20.45822/255, PNG values changed = 97.73639%, samples = ConvNet(seed=1312364645,d=2048); ConvNet(seed=1618199388,d=2048)
[2026-10-06 18:15:32] iter = 00147, loss = 159.1925048828, pixel drift RMS = 20.50464/255, PNG values changed = 97.73906%, samples = ConvNet(seed=643334307,d=2048); ConvNet(seed=177005857,d=2048)
[2026-10-06 18:15:52] iter = 00148, loss = 143.4757843018, pixel drift RMS = 20.55731/255, PNG values changed = 97.74674%, samples = ConvNet(seed=522329877,d=2048); ConvNet(seed=1724179111,d=2048)
[2026-10-06 18:16:13] iter = 00149, loss = 168.5549011230, pixel drift RMS = 20.62405/255, PNG values changed = 97.74896%, samples = ConvNet(seed=1848161747,d=2048); ConvNet(seed=60193544,d=2048)
[2026-10-06 18:16:32] iter = 00150, loss = 145.6727905273, pixel drift RMS = 20.69449/255, PNG values changed = 97.77057%, samples = ConvNet(seed=1311173705,d=2048); ConvNet(seed=1700439117,d=2048)
[2026-10-06 18:16:53] iter = 00151, loss = 167.5973968506, pixel drift RMS = 20.74710/255, PNG values changed = 97.74746%, samples = ConvNet(seed=1872307156,d=2048); ConvNet(seed=1048653742,d=2048)
[2026-10-06 18:17:13] iter = 00152, loss = 122.1540145874, pixel drift RMS = 20.78302/255, PNG values changed = 97.75130%, samples = ConvNet(seed=1184762287,d=2048); ConvNet(seed=825635632,d=2048)
[2026-10-06 18:17:33] iter = 00153, loss = 123.6722259521, pixel drift RMS = 20.81542/255, PNG values changed = 97.77676%, samples = ConvNet(seed=1735896254,d=2048); ConvNet(seed=1820632202,d=2048)
[2026-10-06 18:17:54] iter = 00154, loss = 146.3343811035, pixel drift RMS = 20.84609/255, PNG values changed = 97.78314%, samples = ConvNet(seed=1280904799,d=2048); ConvNet(seed=783214766,d=2048)
[2026-10-06 18:18:14] iter = 00155, loss = 159.3389739990, pixel drift RMS = 20.86889/255, PNG values changed = 97.77311%, samples = ConvNet(seed=283110083,d=2048); ConvNet(seed=1274376434,d=2048)
[2026-10-06 18:18:34] iter = 00156, loss = 137.1560668945, pixel drift RMS = 20.91553/255, PNG values changed = 97.79752%, samples = ConvNet(seed=1217086762,d=2048); ConvNet(seed=448785803,d=2048)
[2026-10-06 18:18:54] iter = 00157, loss = 172.0566711426, pixel drift RMS = 20.97642/255, PNG values changed = 97.80833%, samples = ConvNet(seed=2072523523,d=2048); ConvNet(seed=1458119712,d=2048)
[2026-10-06 18:19:14] iter = 00158, loss = 191.6595764160, pixel drift RMS = 21.05319/255, PNG values changed = 97.80189%, samples = ConvNet(seed=2075542683,d=2048); ConvNet(seed=1738785887,d=2048)
[2026-10-06 18:19:35] iter = 00159, loss = 154.1030273438, pixel drift RMS = 21.11488/255, PNG values changed = 97.78828%, samples = ConvNet(seed=1037051069,d=2048); ConvNet(seed=1000361338,d=2048)
[2026-10-06 18:19:55] iter = 00160, loss = 176.9430236816, pixel drift RMS = 21.17171/255, PNG values changed = 97.80403%, samples = ConvNet(seed=1111190856,d=2048); ConvNet(seed=1436861876,d=2048)
[2026-10-06 18:20:15] iter = 00161, loss = 138.8208618164, pixel drift RMS = 21.20465/255, PNG values changed = 97.80768%, samples = ConvNet(seed=1188061801,d=2048); ConvNet(seed=232742555,d=2048)
[2026-10-06 18:20:35] iter = 00162, loss = 145.7044219971, pixel drift RMS = 21.22750/255, PNG values changed = 97.82135%, samples = ConvNet(seed=1012556062,d=2048); ConvNet(seed=1230944870,d=2048)
[2026-10-06 18:20:56] iter = 00163, loss = 230.7754974365, pixel drift RMS = 21.25343/255, PNG values changed = 97.81569%, samples = ConvNet(seed=1187833546,d=2048); ConvNet(seed=878985594,d=2048)
[2026-10-06 18:21:16] iter = 00164, loss = 188.1761169434, pixel drift RMS = 21.29765/255, PNG values changed = 97.81536%, samples = ConvNet(seed=1678236767,d=2048); ConvNet(seed=1702488217,d=2048)
[2026-10-06 18:21:36] iter = 00165, loss = 147.3538818359, pixel drift RMS = 21.36186/255, PNG values changed = 97.81875%, samples = ConvNet(seed=1954209046,d=2048); ConvNet(seed=561495262,d=2048)
[2026-10-06 18:21:57] iter = 00166, loss = 140.9126586914, pixel drift RMS = 21.42615/255, PNG values changed = 97.82272%, samples = ConvNet(seed=903501047,d=2048); ConvNet(seed=1267613322,d=2048)
[2026-10-06 18:22:17] iter = 00167, loss = 156.5236511230, pixel drift RMS = 21.49039/255, PNG values changed = 97.81497%, samples = ConvNet(seed=1587550614,d=2048); ConvNet(seed=411517498,d=2048)
[2026-10-06 18:22:37] iter = 00168, loss = 146.2380065918, pixel drift RMS = 21.53237/255, PNG values changed = 97.81426%, samples = ConvNet(seed=1186751942,d=2048); ConvNet(seed=1142283709,d=2048)
[2026-10-06 18:22:58] iter = 00169, loss = 183.0436401367, pixel drift RMS = 21.55241/255, PNG values changed = 97.84206%, samples = ConvNet(seed=1311488296,d=2048); ConvNet(seed=1843395649,d=2048)
[2026-10-06 18:23:18] iter = 00170, loss = 150.7939453125, pixel drift RMS = 21.58492/255, PNG values changed = 97.84740%, samples = ConvNet(seed=981499559,d=2048); ConvNet(seed=202382062,d=2048)
[2026-10-06 18:23:38] iter = 00171, loss = 179.9072570801, pixel drift RMS = 21.62482/255, PNG values changed = 97.85410%, samples = ConvNet(seed=564672888,d=2048); ConvNet(seed=1953466534,d=2048)
[2026-10-06 18:23:59] iter = 00172, loss = 163.3325805664, pixel drift RMS = 21.69094/255, PNG values changed = 97.85950%, samples = ConvNet(seed=429846908,d=2048); ConvNet(seed=1415536465,d=2048)
[2026-10-06 18:24:18] iter = 00173, loss = 182.2006988525, pixel drift RMS = 21.74947/255, PNG values changed = 97.87357%, samples = ConvNet(seed=506611192,d=2048); ConvNet(seed=2146128714,d=2048)
[2026-10-06 18:24:39] iter = 00174, loss = 142.8272399902, pixel drift RMS = 21.80269/255, PNG values changed = 97.88424%, samples = ConvNet(seed=1287478304,d=2048); ConvNet(seed=571275608,d=2048)
[2026-10-06 18:24:58] iter = 00175, loss = 154.2086029053, pixel drift RMS = 21.85091/255, PNG values changed = 97.89017%, samples = ConvNet(seed=345320755,d=2048); ConvNet(seed=1965721460,d=2048)
[2026-10-06 18:25:18] iter = 00176, loss = 128.9468688965, pixel drift RMS = 21.90408/255, PNG values changed = 97.87780%, samples = ConvNet(seed=847724709,d=2048); ConvNet(seed=1617649196,d=2048)
[2026-10-06 18:25:39] iter = 00177, loss = 175.1733398438, pixel drift RMS = 21.94856/255, PNG values changed = 97.88841%, samples = ConvNet(seed=388111829,d=2048); ConvNet(seed=472447403,d=2048)
[2026-10-06 18:25:59] iter = 00178, loss = 117.2319488525, pixel drift RMS = 21.98936/255, PNG values changed = 97.90254%, samples = ConvNet(seed=1196699916,d=2048); ConvNet(seed=637713404,d=2048)
[2026-10-06 18:26:19] iter = 00179, loss = 154.0563659668, pixel drift RMS = 22.04539/255, PNG values changed = 97.90156%, samples = ConvNet(seed=1580266497,d=2048); ConvNet(seed=1696878485,d=2048)
[2026-10-06 18:26:40] iter = 00180, loss = 156.6917572021, pixel drift RMS = 22.10337/255, PNG values changed = 97.90553%, samples = ConvNet(seed=1551796300,d=2048); ConvNet(seed=916139993,d=2048)
[2026-10-06 18:27:00] iter = 00181, loss = 171.9865722656, pixel drift RMS = 22.13025/255, PNG values changed = 97.89883%, samples = ConvNet(seed=187567923,d=2048); ConvNet(seed=1818697965,d=2048)
[2026-10-06 18:27:20] iter = 00182, loss = 136.6066284180, pixel drift RMS = 22.15299/255, PNG values changed = 97.90716%, samples = ConvNet(seed=438053318,d=2048); ConvNet(seed=697301881,d=2048)
[2026-10-06 18:27:40] iter = 00183, loss = 188.5503387451, pixel drift RMS = 22.19518/255, PNG values changed = 97.91654%, samples = ConvNet(seed=70138375,d=2048); ConvNet(seed=1466451394,d=2048)
[2026-10-06 18:28:00] iter = 00184, loss = 184.2002716064, pixel drift RMS = 22.25043/255, PNG values changed = 97.92884%, samples = ConvNet(seed=659289683,d=2048); ConvNet(seed=602276837,d=2048)
[2026-10-06 18:28:20] iter = 00185, loss = 147.2470245361, pixel drift RMS = 22.33291/255, PNG values changed = 97.93646%, samples = ConvNet(seed=152848460,d=2048); ConvNet(seed=694312649,d=2048)
[2026-10-06 18:28:41] iter = 00186, loss = 140.8972473145, pixel drift RMS = 22.42134/255, PNG values changed = 97.94583%, samples = ConvNet(seed=483012707,d=2048); ConvNet(seed=1732496644,d=2048)
[2026-10-06 18:29:01] iter = 00187, loss = 141.8880310059, pixel drift RMS = 22.49423/255, PNG values changed = 97.94440%, samples = ConvNet(seed=881051140,d=2048); ConvNet(seed=88896878,d=2048)
[2026-10-06 18:29:22] iter = 00188, loss = 172.9806823730, pixel drift RMS = 22.52735/255, PNG values changed = 97.93952%, samples = ConvNet(seed=745570019,d=2048); ConvNet(seed=711079994,d=2048)
[2026-10-06 18:29:42] iter = 00189, loss = 157.9869995117, pixel drift RMS = 22.54172/255, PNG values changed = 97.94323%, samples = ConvNet(seed=1301779768,d=2048); ConvNet(seed=914581346,d=2048)
[2026-10-06 18:30:02] iter = 00190, loss = 128.3578491211, pixel drift RMS = 22.55370/255, PNG values changed = 97.95755%, samples = ConvNet(seed=1902223804,d=2048); ConvNet(seed=90633851,d=2048)
[2026-10-06 18:30:23] iter = 00191, loss = 137.9005584717, pixel drift RMS = 22.59260/255, PNG values changed = 97.97090%, samples = ConvNet(seed=202158521,d=2048); ConvNet(seed=504264209,d=2048)
[2026-10-06 18:30:43] iter = 00192, loss = 153.1718444824, pixel drift RMS = 22.63471/255, PNG values changed = 97.97682%, samples = ConvNet(seed=166474303,d=2048); ConvNet(seed=1946222188,d=2048)
[2026-10-06 18:31:04] iter = 00193, loss = 169.0672302246, pixel drift RMS = 22.70729/255, PNG values changed = 97.97096%, samples = ConvNet(seed=89995372,d=2048); ConvNet(seed=1928443915,d=2048)
[2026-10-06 18:31:24] iter = 00194, loss = 151.9193115234, pixel drift RMS = 22.78120/255, PNG values changed = 97.96947%, samples = ConvNet(seed=474089812,d=2048); ConvNet(seed=887925672,d=2048)
[2026-10-06 18:31:44] iter = 00195, loss = 128.9537658691, pixel drift RMS = 22.85751/255, PNG values changed = 97.96263%, samples = ConvNet(seed=897713495,d=2048); ConvNet(seed=1677244858,d=2048)
[2026-10-06 18:32:05] iter = 00196, loss = 174.3138122559, pixel drift RMS = 22.92780/255, PNG values changed = 97.96224%, samples = ConvNet(seed=249014330,d=2048); ConvNet(seed=1239809840,d=2048)
[2026-10-06 18:32:25] iter = 00197, loss = 140.8526458740, pixel drift RMS = 22.96042/255, PNG values changed = 97.97552%, samples = ConvNet(seed=958469170,d=2048); ConvNet(seed=109812826,d=2048)
[2026-10-06 18:32:46] iter = 00198, loss = 165.3461303711, pixel drift RMS = 22.99524/255, PNG values changed = 97.99700%, samples = ConvNet(seed=350254687,d=2048); ConvNet(seed=836446253,d=2048)
[2026-10-06 18:33:06] iter = 00199, loss = 129.3826446533, pixel drift RMS = 23.02423/255, PNG values changed = 97.98223%, samples = ConvNet(seed=1620840637,d=2048); ConvNet(seed=1488102695,d=2048)
[2026-10-06 18:33:27] iter = 00200, loss = 142.9147949219, pixel drift RMS = 23.05999/255, PNG values changed = 97.98607%, samples = ConvNet(seed=1810557440,d=2048); ConvNet(seed=567080301,d=2048)
-------------------------
Evaluation
model_train = ConvNet, model_eval = ConvNet, iteration = 200
[2026-10-06 18:34:09] Evaluate_SSL_00: method = simclr ssl epoch = 1000 linear epoch = 0100 labeled = 1.00% train time = 40 s ssl loss = 4.293769 train loss = 0.012696 train acc = 1.0000, test acc = 0.3766
[2026-10-06 18:34:50] Evaluate_SSL_01: method = simclr ssl epoch = 1000 linear epoch = 0100 labeled = 1.00% train time = 40 s ssl loss = 4.302615 train loss = 0.013812 train acc = 1.0000, test acc = 0.3882
[2026-10-06 18:35:32] Evaluate_SSL_02: method = simclr ssl epoch = 1000 linear epoch = 0100 labeled = 1.00% train time = 40 s ssl loss = 4.293902 train loss = 0.007954 train acc = 1.0000, test acc = 0.3607
[2026-10-06 18:36:14] Evaluate_SSL_03: method = simclr ssl epoch = 1000 linear epoch = 0100 labeled = 1.00% train time = 40 s ssl loss = 4.284690 train loss = 0.016737 train acc = 1.0000, test acc = 0.3751
[2026-10-06 18:36:55] Evaluate_SSL_04: method = simclr ssl epoch = 1000 linear epoch = 0100 labeled = 1.00% train time = 40 s ssl loss = 4.304631 train loss = 0.016497 train acc = 1.0000, test acc = 0.3677
[2026-10-06 18:37:37] Evaluate_SSL_05: method = simclr ssl epoch = 1000 linear epoch = 0100 labeled = 1.00% train time = 40 s ssl loss = 4.285272 train loss = 0.009610 train acc = 1.0000, test acc = 0.3803
Evaluate 6 random ConvNet, mean = 0.3748 std = 0.0088
-------------------------
[2026-10-06 18:37:57] iter = 00201, loss = 131.5957031250, pixel drift RMS = 23.11343/255, PNG values changed = 97.99876%, samples = ConvNet(seed=594981246,d=2048); ConvNet(seed=216958295,d=2048)
[2026-10-06 18:38:17] iter = 00202, loss = 169.1618041992, pixel drift RMS = 23.18084/255, PNG values changed = 97.98223%, samples = ConvNet(seed=2041436042,d=2048); ConvNet(seed=1336763592,d=2048)
[2026-10-06 18:38:37] iter = 00203, loss = 133.1464996338, pixel drift RMS = 23.24497/255, PNG values changed = 97.97734%, samples = ConvNet(seed=1716264459,d=2048); ConvNet(seed=2024407271,d=2048)
[2026-10-06 18:38:57] iter = 00204, loss = 160.1690063477, pixel drift RMS = 23.30416/255, PNG values changed = 97.97181%, samples = ConvNet(seed=1432835817,d=2048); ConvNet(seed=1325404633,d=2048)
[2026-10-06 18:39:18] iter = 00205, loss = 132.4128723145, pixel drift RMS = 23.35272/255, PNG values changed = 97.99342%, samples = ConvNet(seed=101673720,d=2048); ConvNet(seed=2073208043,d=2048)
[2026-10-06 18:39:38] iter = 00206, loss = 161.6844482422, pixel drift RMS = 23.37396/255, PNG values changed = 98.02311%, samples = ConvNet(seed=2079453965,d=2048); ConvNet(seed=696477284,d=2048)
[2026-10-06 18:39:59] iter = 00207, loss = 140.1807556152, pixel drift RMS = 23.37825/255, PNG values changed = 98.03262%, samples = ConvNet(seed=77019213,d=2048); ConvNet(seed=1891351739,d=2048)
[2026-10-06 18:40:19] iter = 00208, loss = 109.9009246826, pixel drift RMS = 23.40070/255, PNG values changed = 98.03861%, samples = ConvNet(seed=891349729,d=2048); ConvNet(seed=993171342,d=2048)
[2026-10-06 18:40:39] iter = 00209, loss = 139.7334289551, pixel drift RMS = 23.42548/255, PNG values changed = 98.04271%, samples = ConvNet(seed=1458848835,d=2048); ConvNet(seed=472167075,d=2048)
[2026-10-06 18:40:59] iter = 00210, loss = 146.0571289062, pixel drift RMS = 23.46948/255, PNG values changed = 98.03919%, samples = ConvNet(seed=1396707268,d=2048); ConvNet(seed=2053972840,d=2048)
[2026-10-06 18:41:20] iter = 00211, loss = 135.8688964844, pixel drift RMS = 23.52647/255, PNG values changed = 98.04088%, samples = ConvNet(seed=2082717391,d=2048); ConvNet(seed=141455523,d=2048)
[2026-10-06 18:41:40] iter = 00212, loss = 143.7390594482, pixel drift RMS = 23.58017/255, PNG values changed = 98.04037%, samples = ConvNet(seed=783339383,d=2048); ConvNet(seed=1579704320,d=2048)
[2026-10-06 18:42:01] iter = 00213, loss = 115.9452285767, pixel drift RMS = 23.62379/255, PNG values changed = 98.04043%, samples = ConvNet(seed=2070026010,d=2048); ConvNet(seed=819236042,d=2048)
[2026-10-06 18:42:21] iter = 00214, loss = 148.7471008301, pixel drift RMS = 23.64189/255, PNG values changed = 98.03509%, samples = ConvNet(seed=410068187,d=2048); ConvNet(seed=975888079,d=2048)
[2026-10-06 18:42:41] iter = 00215, loss = 149.4872436523, pixel drift RMS = 23.68052/255, PNG values changed = 98.04798%, samples = ConvNet(seed=600999457,d=2048); ConvNet(seed=461723941,d=2048)
[2026-10-06 18:43:02] iter = 00216, loss = 135.4744720459, pixel drift RMS = 23.73742/255, PNG values changed = 98.05312%, samples = ConvNet(seed=477362366,d=2048); ConvNet(seed=240371885,d=2048)
[2026-10-06 18:43:23] iter = 00217, loss = 121.1588745117, pixel drift RMS = 23.80202/255, PNG values changed = 98.04245%, samples = ConvNet(seed=1338587888,d=2048); ConvNet(seed=608951527,d=2048)
[2026-10-06 18:43:43] iter = 00218, loss = 129.4260864258, pixel drift RMS = 23.85513/255, PNG values changed = 98.03632%, samples = ConvNet(seed=512560611,d=2048); ConvNet(seed=142399509,d=2048)
[2026-10-06 18:44:04] iter = 00219, loss = 150.1096801758, pixel drift RMS = 23.87565/255, PNG values changed = 98.03906%, samples = ConvNet(seed=1454019490,d=2048); ConvNet(seed=371176207,d=2048)
[2026-10-06 18:44:24] iter = 00220, loss = 157.0825500488, pixel drift RMS = 23.85843/255, PNG values changed = 98.06504%, samples = ConvNet(seed=1992596204,d=2048); ConvNet(seed=1602437376,d=2048)
[2026-10-06 18:44:44] iter = 00221, loss = 149.6693572998, pixel drift RMS = 23.86873/255, PNG values changed = 98.05951%, samples = ConvNet(seed=1344920839,d=2048); ConvNet(seed=589416318,d=2048)
[2026-10-06 18:45:05] iter = 00222, loss = 136.3329620361, pixel drift RMS = 23.90859/255, PNG values changed = 98.06751%, samples = ConvNet(seed=114216877,d=2048); ConvNet(seed=393196029,d=2048)
[2026-10-06 18:45:26] iter = 00223, loss = 120.6169815063, pixel drift RMS = 23.95673/255, PNG values changed = 98.07448%, samples = ConvNet(seed=567250523,d=2048); ConvNet(seed=2093969322,d=2048)
[2026-10-06 18:45:46] iter = 00224, loss = 140.5500183105, pixel drift RMS = 24.00119/255, PNG values changed = 98.07943%, samples = ConvNet(seed=1679822928,d=2048); ConvNet(seed=812356544,d=2048)
[2026-10-06 18:46:05] iter = 00225, loss = 161.5406951904, pixel drift RMS = 24.05695/255, PNG values changed = 98.08483%, samples = ConvNet(seed=1445301866,d=2048); ConvNet(seed=563984218,d=2048)
[2026-10-06 18:46:26] iter = 00226, loss = 132.5364227295, pixel drift RMS = 24.10539/255, PNG values changed = 98.08652%, samples = ConvNet(seed=798119755,d=2048); ConvNet(seed=1007383794,d=2048)
[2026-10-06 18:46:46] iter = 00227, loss = 152.3333740234, pixel drift RMS = 24.15795/255, PNG values changed = 98.08860%, samples = ConvNet(seed=1735242974,d=2048); ConvNet(seed=1535779082,d=2048)
[2026-10-06 18:47:06] iter = 00228, loss = 146.6929321289, pixel drift RMS = 24.20708/255, PNG values changed = 98.09564%, samples = ConvNet(seed=906959110,d=2048); ConvNet(seed=1357702995,d=2048)
[2026-10-06 18:47:27] iter = 00229, loss = 124.8561706543, pixel drift RMS = 24.26856/255, PNG values changed = 98.09512%, samples = ConvNet(seed=1584942226,d=2048); ConvNet(seed=303201118,d=2048)
[2026-10-06 18:47:47] iter = 00230, loss = 134.4752655029, pixel drift RMS = 24.32202/255, PNG values changed = 98.10938%, samples = ConvNet(seed=1379218873,d=2048); ConvNet(seed=411720688,d=2048)
[2026-10-06 18:48:07] iter = 00231, loss = 166.9826660156, pixel drift RMS = 24.37453/255, PNG values changed = 98.09362%, samples = ConvNet(seed=849689617,d=2048); ConvNet(seed=1083445247,d=2048)
[2026-10-06 18:48:27] iter = 00232, loss = 129.1960449219, pixel drift RMS = 24.40504/255, PNG values changed = 98.09590%, samples = ConvNet(seed=1337326568,d=2048); ConvNet(seed=1921377645,d=2048)
[2026-10-06 18:48:47] iter = 00233, loss = 184.7003173828, pixel drift RMS = 24.40120/255, PNG values changed = 98.08782%, samples = ConvNet(seed=1846135119,d=2048); ConvNet(seed=833093802,d=2048)
[2026-10-06 18:49:08] iter = 00234, loss = 144.3769836426, pixel drift RMS = 24.38355/255, PNG values changed = 98.09375%, samples = ConvNet(seed=1941516511,d=2048); ConvNet(seed=509181074,d=2048)
[2026-10-06 18:49:28] iter = 00235, loss = 160.1921539307, pixel drift RMS = 24.36103/255, PNG values changed = 98.12253%, samples = ConvNet(seed=1085628887,d=2048); ConvNet(seed=2146519217,d=2048)
[2026-10-06 18:49:48] iter = 00236, loss = 159.2729492188, pixel drift RMS = 24.37779/255, PNG values changed = 98.12930%, samples = ConvNet(seed=377798524,d=2048); ConvNet(seed=1363473593,d=2048)
[2026-10-06 18:50:08] iter = 00237, loss = 201.9019012451, pixel drift RMS = 24.42839/255, PNG values changed = 98.14492%, samples = ConvNet(seed=2141307627,d=2048); ConvNet(seed=978501093,d=2048)
[2026-10-06 18:50:28] iter = 00238, loss = 122.3329620361, pixel drift RMS = 24.48439/255, PNG values changed = 98.14447%, samples = ConvNet(seed=649089536,d=2048); ConvNet(seed=1330389477,d=2048)
[2026-10-06 18:50:48] iter = 00239, loss = 154.3885498047, pixel drift RMS = 24.54887/255, PNG values changed = 98.13711%, samples = ConvNet(seed=1203086148,d=2048); ConvNet(seed=1723685594,d=2048)
[2026-10-06 18:51:09] iter = 00240, loss = 144.2494201660, pixel drift RMS = 24.59912/255, PNG values changed = 98.13763%, samples = ConvNet(seed=664191158,d=2048); ConvNet(seed=759138533,d=2048)
[2026-10-06 18:51:29] iter = 00241, loss = 138.6986694336, pixel drift RMS = 24.64499/255, PNG values changed = 98.14492%, samples = ConvNet(seed=808421538,d=2048); ConvNet(seed=956240931,d=2048)
[2026-10-06 18:51:49] iter = 00242, loss = 130.3662719727, pixel drift RMS = 24.69302/255, PNG values changed = 98.14609%, samples = ConvNet(seed=75162575,d=2048); ConvNet(seed=487903526,d=2048)
[2026-10-06 18:52:09] iter = 00243, loss = 116.8142395020, pixel drift RMS = 24.75010/255, PNG values changed = 98.13737%, samples = ConvNet(seed=1210825731,d=2048); ConvNet(seed=274846303,d=2048)
[2026-10-06 18:52:29] iter = 00244, loss = 128.1084899902, pixel drift RMS = 24.82648/255, PNG values changed = 98.14844%, samples = ConvNet(seed=326574960,d=2048); ConvNet(seed=235572765,d=2048)
[2026-10-06 18:52:49] iter = 00245, loss = 122.9507369995, pixel drift RMS = 24.89166/255, PNG values changed = 98.12656%, samples = ConvNet(seed=11844614,d=2048); ConvNet(seed=1416742441,d=2048)
[2026-10-06 18:53:09] iter = 00246, loss = 130.6681213379, pixel drift RMS = 24.94289/255, PNG values changed = 98.11589%, samples = ConvNet(seed=773295138,d=2048); ConvNet(seed=1339271322,d=2048)
[2026-10-06 18:53:29] iter = 00247, loss = 179.5096435547, pixel drift RMS = 24.94394/255, PNG values changed = 98.14355%, samples = ConvNet(seed=1759154062,d=2048); ConvNet(seed=1868062938,d=2048)
[2026-10-06 18:53:49] iter = 00248, loss = 156.9396514893, pixel drift RMS = 24.96626/255, PNG values changed = 98.15397%, samples = ConvNet(seed=215866339,d=2048); ConvNet(seed=797081114,d=2048)
[2026-10-06 18:54:09] iter = 00249, loss = 130.9796142578, pixel drift RMS = 24.98740/255, PNG values changed = 98.14889%, samples = ConvNet(seed=1416953079,d=2048); ConvNet(seed=1684870020,d=2048)
[2026-10-06 18:54:29] iter = 00250, loss = 166.6794891357, pixel drift RMS = 25.02315/255, PNG values changed = 98.15788%, samples = ConvNet(seed=1548301866,d=2048); ConvNet(seed=2110638589,d=2048)
[2026-10-06 18:54:49] iter = 00251, loss = 140.0095825195, pixel drift RMS = 25.06226/255, PNG values changed = 98.15176%, samples = ConvNet(seed=777422490,d=2048); ConvNet(seed=1125079780,d=2048)
[2026-10-06 18:55:10] iter = 00252, loss = 143.3345947266, pixel drift RMS = 25.09787/255, PNG values changed = 98.14850%, samples = ConvNet(seed=200935457,d=2048); ConvNet(seed=732315998,d=2048)
[2026-10-06 18:55:30] iter = 00253, loss = 136.0264892578, pixel drift RMS = 25.12481/255, PNG values changed = 98.14414%, samples = ConvNet(seed=1332206039,d=2048); ConvNet(seed=348877776,d=2048)
[2026-10-06 18:55:50] iter = 00254, loss = 131.7031250000, pixel drift RMS = 25.15896/255, PNG values changed = 98.14290%, samples = ConvNet(seed=2056959963,d=2048); ConvNet(seed=1888221,d=2048)
[2026-10-06 18:56:11] iter = 00255, loss = 143.6363067627, pixel drift RMS = 25.18727/255, PNG values changed = 98.15273%, samples = ConvNet(seed=1247130682,d=2048); ConvNet(seed=203365444,d=2048)
[2026-10-06 18:56:31] iter = 00256, loss = 159.4216156006, pixel drift RMS = 25.22371/255, PNG values changed = 98.14733%, samples = ConvNet(seed=418667596,d=2048); ConvNet(seed=954135461,d=2048)
[2026-10-06 18:56:51] iter = 00257, loss = 184.3900146484, pixel drift RMS = 25.24657/255, PNG values changed = 98.15039%, samples = ConvNet(seed=671214860,d=2048); ConvNet(seed=512614664,d=2048)
[2026-10-06 18:57:11] iter = 00258, loss = 130.2366790771, pixel drift RMS = 25.28131/255, PNG values changed = 98.15658%, samples = ConvNet(seed=2140221533,d=2048); ConvNet(seed=858093580,d=2048)
[2026-10-06 18:57:31] iter = 00259, loss = 131.4251556396, pixel drift RMS = 25.33422/255, PNG values changed = 98.16146%, samples = ConvNet(seed=1397609212,d=2048); ConvNet(seed=1258188534,d=2048)
[2026-10-06 18:57:51] iter = 00260, loss = 148.8692169189, pixel drift RMS = 25.38926/255, PNG values changed = 98.17343%, samples = ConvNet(seed=1497029716,d=2048); ConvNet(seed=2120859143,d=2048)
[2026-10-06 18:58:11] iter = 00261, loss = 112.3944931030, pixel drift RMS = 25.44279/255, PNG values changed = 98.17767%, samples = ConvNet(seed=1758224920,d=2048); ConvNet(seed=2003149019,d=2048)
[2026-10-06 18:58:32] iter = 00262, loss = 164.1725463867, pixel drift RMS = 25.46813/255, PNG values changed = 98.17350%, samples = ConvNet(seed=273415561,d=2048); ConvNet(seed=359633987,d=2048)
[2026-10-06 18:58:52] iter = 00263, loss = 169.0002441406, pixel drift RMS = 25.47279/255, PNG values changed = 98.18418%, samples = ConvNet(seed=2107447204,d=2048); ConvNet(seed=1497712741,d=2048)
[2026-10-06 18:59:12] iter = 00264, loss = 114.1568908691, pixel drift RMS = 25.49174/255, PNG values changed = 98.17454%, samples = ConvNet(seed=1582214461,d=2048); ConvNet(seed=7957661,d=2048)
[2026-10-06 18:59:32] iter = 00265, loss = 145.5179748535, pixel drift RMS = 25.52287/255, PNG values changed = 98.18743%, samples = ConvNet(seed=404630274,d=2048); ConvNet(seed=1742057915,d=2048)
[2026-10-06 18:59:52] iter = 00266, loss = 133.3406982422, pixel drift RMS = 25.55311/255, PNG values changed = 98.18900%, samples = ConvNet(seed=544672382,d=2048); ConvNet(seed=955662698,d=2048)
[2026-10-06 19:00:13] iter = 00267, loss = 132.6949157715, pixel drift RMS = 25.59537/255, PNG values changed = 98.18236%, samples = ConvNet(seed=320029077,d=2048); ConvNet(seed=452524165,d=2048)
[2026-10-06 19:00:33] iter = 00268, loss = 148.4559326172, pixel drift RMS = 25.65036/255, PNG values changed = 98.17969%, samples = ConvNet(seed=1900806200,d=2048); ConvNet(seed=970124333,d=2048)
[2026-10-06 19:00:53] iter = 00269, loss = 146.6084594727, pixel drift RMS = 25.72304/255, PNG values changed = 98.17311%, samples = ConvNet(seed=699052637,d=2048); ConvNet(seed=1655451165,d=2048)
[2026-10-06 19:01:13] iter = 00270, loss = 106.7696075439, pixel drift RMS = 25.78439/255, PNG values changed = 98.16536%, samples = ConvNet(seed=1824954453,d=2048); ConvNet(seed=379748361,d=2048)
[2026-10-06 19:01:34] iter = 00271, loss = 161.5746459961, pixel drift RMS = 25.80170/255, PNG values changed = 98.18815%, samples = ConvNet(seed=434010058,d=2048); ConvNet(seed=2045344144,d=2048)
[2026-10-06 19:01:54] iter = 00272, loss = 122.1702346802, pixel drift RMS = 25.81314/255, PNG values changed = 98.18144%, samples = ConvNet(seed=329260689,d=2048); ConvNet(seed=2117692198,d=2048)
[2026-10-06 19:02:14] iter = 00273, loss = 162.9660949707, pixel drift RMS = 25.84728/255, PNG values changed = 98.18255%, samples = ConvNet(seed=957465326,d=2048); ConvNet(seed=807393833,d=2048)
[2026-10-06 19:02:35] iter = 00274, loss = 159.5365295410, pixel drift RMS = 25.88041/255, PNG values changed = 98.20762%, samples = ConvNet(seed=1024730985,d=2048); ConvNet(seed=1459555098,d=2048)
[2026-10-06 19:02:54] iter = 00275, loss = 152.6360473633, pixel drift RMS = 25.90504/255, PNG values changed = 98.23861%, samples = ConvNet(seed=2107559102,d=2048); ConvNet(seed=211443272,d=2048)
[2026-10-06 19:03:14] iter = 00276, loss = 157.7635803223, pixel drift RMS = 25.93946/255, PNG values changed = 98.24453%, samples = ConvNet(seed=1898653472,d=2048); ConvNet(seed=490134573,d=2048)
[2026-10-06 19:03:34] iter = 00277, loss = 135.1730957031, pixel drift RMS = 25.97668/255, PNG values changed = 98.23294%, samples = ConvNet(seed=1366182835,d=2048); ConvNet(seed=2102681603,d=2048)
[2026-10-06 19:03:54] iter = 00278, loss = 143.4174804688, pixel drift RMS = 25.98218/255, PNG values changed = 98.22897%, samples = ConvNet(seed=407172330,d=2048); ConvNet(seed=1195500206,d=2048)
[2026-10-06 19:04:14] iter = 00279, loss = 149.5231628418, pixel drift RMS = 26.01997/255, PNG values changed = 98.21901%, samples = ConvNet(seed=2046888738,d=2048); ConvNet(seed=1605650427,d=2048)
[2026-10-06 19:04:35] iter = 00280, loss = 161.5642395020, pixel drift RMS = 26.05693/255, PNG values changed = 98.21139%, samples = ConvNet(seed=868927964,d=2048); ConvNet(seed=1283385557,d=2048)
[2026-10-06 19:04:55] iter = 00281, loss = 147.5149230957, pixel drift RMS = 26.09322/255, PNG values changed = 98.21399%, samples = ConvNet(seed=1366458281,d=2048); ConvNet(seed=987979764,d=2048)
[2026-10-06 19:05:15] iter = 00282, loss = 222.0617218018, pixel drift RMS = 26.10749/255, PNG values changed = 98.23118%, samples = ConvNet(seed=1535909669,d=2048); ConvNet(seed=522150907,d=2048)
[2026-10-06 19:05:35] iter = 00283, loss = 179.1981506348, pixel drift RMS = 26.14742/255, PNG values changed = 98.23678%, samples = ConvNet(seed=1340980231,d=2048); ConvNet(seed=971185631,d=2048)
[2026-10-06 19:05:55] iter = 00284, loss = 122.8113098145, pixel drift RMS = 26.19777/255, PNG values changed = 98.23099%, samples = ConvNet(seed=1139696973,d=2048); ConvNet(seed=1914699807,d=2048)
[2026-10-06 19:06:15] iter = 00285, loss = 117.9149627686, pixel drift RMS = 26.23982/255, PNG values changed = 98.24166%, samples = ConvNet(seed=1700243178,d=2048); ConvNet(seed=469725810,d=2048)
[2026-10-06 19:06:36] iter = 00286, loss = 152.3810729980, pixel drift RMS = 26.27262/255, PNG values changed = 98.22083%, samples = ConvNet(seed=1139072985,d=2048); ConvNet(seed=254905648,d=2048)
[2026-10-06 19:06:56] iter = 00287, loss = 140.9533386230, pixel drift RMS = 26.30928/255, PNG values changed = 98.22480%, samples = ConvNet(seed=1107995839,d=2048); ConvNet(seed=260626887,d=2048)
[2026-10-06 19:07:16] iter = 00288, loss = 180.6408081055, pixel drift RMS = 26.36835/255, PNG values changed = 98.24114%, samples = ConvNet(seed=832828530,d=2048); ConvNet(seed=1845692247,d=2048)
[2026-10-06 19:07:36] iter = 00289, loss = 167.8970642090, pixel drift RMS = 26.38970/255, PNG values changed = 98.25156%, samples = ConvNet(seed=97574482,d=2048); ConvNet(seed=2136024834,d=2048)
[2026-10-06 19:07:56] iter = 00290, loss = 130.2957763672, pixel drift RMS = 26.40747/255, PNG values changed = 98.25618%, samples = ConvNet(seed=741457710,d=2048); ConvNet(seed=556030608,d=2048)
[2026-10-06 19:08:17] iter = 00291, loss = 150.7905426025, pixel drift RMS = 26.43523/255, PNG values changed = 98.25208%, samples = ConvNet(seed=2074433114,d=2048); ConvNet(seed=493528451,d=2048)
[2026-10-06 19:08:36] iter = 00292, loss = 147.7149810791, pixel drift RMS = 26.46540/255, PNG values changed = 98.24713%, samples = ConvNet(seed=679434156,d=2048); ConvNet(seed=1099121119,d=2048)
[2026-10-06 19:08:57] iter = 00293, loss = 104.5342330933, pixel drift RMS = 26.49424/255, PNG values changed = 98.24883%, samples = ConvNet(seed=1851466666,d=2048); ConvNet(seed=1791107803,d=2048)
[2026-10-06 19:09:17] iter = 00294, loss = 122.8401336670, pixel drift RMS = 26.52328/255, PNG values changed = 98.23587%, samples = ConvNet(seed=304556417,d=2048); ConvNet(seed=237354541,d=2048)
[2026-10-06 19:09:37] iter = 00295, loss = 120.5235443115, pixel drift RMS = 26.55557/255, PNG values changed = 98.23717%, samples = ConvNet(seed=631641514,d=2048); ConvNet(seed=477275025,d=2048)
[2026-10-06 19:09:58] iter = 00296, loss = 155.6277465820, pixel drift RMS = 26.60375/255, PNG values changed = 98.24805%, samples = ConvNet(seed=1255608772,d=2048); ConvNet(seed=1751881160,d=2048)
[2026-10-06 19:10:18] iter = 00297, loss = 194.8903656006, pixel drift RMS = 26.63963/255, PNG values changed = 98.24928%, samples = ConvNet(seed=907937554,d=2048); ConvNet(seed=1767945457,d=2048)
[2026-10-06 19:10:38] iter = 00298, loss = 160.9737854004, pixel drift RMS = 26.67851/255, PNG values changed = 98.25605%, samples = ConvNet(seed=1584861023,d=2048); ConvNet(seed=2132220526,d=2048)
[2026-10-06 19:10:58] iter = 00299, loss = 116.1313781738, pixel drift RMS = 26.71358/255, PNG values changed = 98.25736%, samples = ConvNet(seed=41711686,d=2048); ConvNet(seed=1548328434,d=2048)
[2026-10-06 19:11:18] iter = 00300, loss = 133.9677734375, pixel drift RMS = 26.75734/255, PNG values changed = 98.25097%, samples = ConvNet(seed=1481021611,d=2048); ConvNet(seed=1765284932,d=2048)
[2026-10-06 19:11:39] iter = 00301, loss = 165.3208007812, pixel drift RMS = 26.77631/255, PNG values changed = 98.24583%, samples = ConvNet(seed=1298738819,d=2048); ConvNet(seed=278027011,d=2048)
[2026-10-06 19:11:59] iter = 00302, loss = 118.6693572998, pixel drift RMS = 26.79158/255, PNG values changed = 98.25605%, samples = ConvNet(seed=223834328,d=2048); ConvNet(seed=136985073,d=2048)
[2026-10-06 19:12:20] iter = 00303, loss = 109.9841690063, pixel drift RMS = 26.81496/255, PNG values changed = 98.26576%, samples = ConvNet(seed=1528349182,d=2048); ConvNet(seed=110610006,d=2048)
[2026-10-06 19:12:40] iter = 00304, loss = 171.0778350830, pixel drift RMS = 26.83581/255, PNG values changed = 98.26106%, samples = ConvNet(seed=571788205,d=2048); ConvNet(seed=1920303526,d=2048)
[2026-10-06 19:13:01] iter = 00305, loss = 130.3433990479, pixel drift RMS = 26.84872/255, PNG values changed = 98.25990%, samples = ConvNet(seed=1039083211,d=2048); ConvNet(seed=1207791949,d=2048)
[2026-10-06 19:13:21] iter = 00306, loss = 133.1839294434, pixel drift RMS = 26.90526/255, PNG values changed = 98.26966%, samples = ConvNet(seed=1346401286,d=2048); ConvNet(seed=1845801194,d=2048)
[2026-10-06 19:13:41] iter = 00307, loss = 151.9950866699, pixel drift RMS = 26.97750/255, PNG values changed = 98.27962%, samples = ConvNet(seed=449974507,d=2048); ConvNet(seed=709377088,d=2048)
[2026-10-06 19:14:02] iter = 00308, loss = 128.9624938965, pixel drift RMS = 27.03769/255, PNG values changed = 98.27304%, samples = ConvNet(seed=248555467,d=2048); ConvNet(seed=369625943,d=2048)
[2026-10-06 19:14:22] iter = 00309, loss = 123.1554107666, pixel drift RMS = 27.08740/255, PNG values changed = 98.26562%, samples = ConvNet(seed=1972771485,d=2048); ConvNet(seed=1692525844,d=2048)
[2026-10-06 19:14:42] iter = 00310, loss = 115.2863311768, pixel drift RMS = 27.11902/255, PNG values changed = 98.26406%, samples = ConvNet(seed=163492393,d=2048); ConvNet(seed=364317846,d=2048)
[2026-10-06 19:15:03] iter = 00311, loss = 153.8662261963, pixel drift RMS = 27.10866/255, PNG values changed = 98.27467%, samples = ConvNet(seed=854410959,d=2048); ConvNet(seed=2121556203,d=2048)
[2026-10-06 19:15:23] iter = 00312, loss = 151.2053833008, pixel drift RMS = 27.11003/255, PNG values changed = 98.28222%, samples = ConvNet(seed=1530879938,d=2048); ConvNet(seed=1157873369,d=2048)
[2026-10-06 19:15:43] iter = 00313, loss = 135.0595550537, pixel drift RMS = 27.13437/255, PNG values changed = 98.27988%, samples = ConvNet(seed=49419441,d=2048); ConvNet(seed=305263278,d=2048)
[2026-10-06 19:16:03] iter = 00314, loss = 163.6189880371, pixel drift RMS = 27.16458/255, PNG values changed = 98.28470%, samples = ConvNet(seed=1147013965,d=2048); ConvNet(seed=1728977632,d=2048)
[2026-10-06 19:16:23] iter = 00315, loss = 140.8432312012, pixel drift RMS = 27.20502/255, PNG values changed = 98.29876%, samples = ConvNet(seed=544689159,d=2048); ConvNet(seed=1183575,d=2048)
[2026-10-06 19:16:43] iter = 00316, loss = 147.3679504395, pixel drift RMS = 27.26830/255, PNG values changed = 98.29792%, samples = ConvNet(seed=631067825,d=2048); ConvNet(seed=100531571,d=2048)
[2026-10-06 19:17:04] iter = 00317, loss = 153.6645812988, pixel drift RMS = 27.33581/255, PNG values changed = 98.30729%, samples = ConvNet(seed=1554751902,d=2048); ConvNet(seed=854035487,d=2048)
[2026-10-06 19:17:24] iter = 00318, loss = 178.9327697754, pixel drift RMS = 27.38524/255, PNG values changed = 98.30813%, samples = ConvNet(seed=589989552,d=2048); ConvNet(seed=138012365,d=2048)
[2026-10-06 19:17:44] iter = 00319, loss = 142.6615295410, pixel drift RMS = 27.42885/255, PNG values changed = 98.30501%, samples = ConvNet(seed=2063194209,d=2048); ConvNet(seed=910098271,d=2048)
[2026-10-06 19:18:04] iter = 00320, loss = 209.9228820801, pixel drift RMS = 27.42560/255, PNG values changed = 98.30644%, samples = ConvNet(seed=1726467634,d=2048); ConvNet(seed=1517420440,d=2048)
[2026-10-06 19:18:25] iter = 00321, loss = 124.0366668701, pixel drift RMS = 27.42792/255, PNG values changed = 98.32409%, samples = ConvNet(seed=369793986,d=2048); ConvNet(seed=1207510450,d=2048)
[2026-10-06 19:18:45] iter = 00322, loss = 180.0646667480, pixel drift RMS = 27.42373/255, PNG values changed = 98.31882%, samples = ConvNet(seed=2042485064,d=2048); ConvNet(seed=518743949,d=2048)
[2026-10-06 19:19:05] iter = 00323, loss = 155.0955963135, pixel drift RMS = 27.44797/255, PNG values changed = 98.30547%, samples = ConvNet(seed=329853196,d=2048); ConvNet(seed=1746968113,d=2048)
[2026-10-06 19:19:25] iter = 00324, loss = 211.6987915039, pixel drift RMS = 27.50969/255, PNG values changed = 98.30436%, samples = ConvNet(seed=432062702,d=2048); ConvNet(seed=1829689387,d=2048)
[2026-10-06 19:19:45] iter = 00325, loss = 151.4796295166, pixel drift RMS = 27.58617/255, PNG values changed = 98.31614%, samples = ConvNet(seed=775364900,d=2048); ConvNet(seed=2081076700,d=2048)
[2026-10-06 19:20:05] iter = 00326, loss = 169.4155578613, pixel drift RMS = 27.65245/255, PNG values changed = 98.30384%, samples = ConvNet(seed=1454989195,d=2048); ConvNet(seed=1907056418,d=2048)
[2026-10-06 19:20:25] iter = 00327, loss = 205.8438110352, pixel drift RMS = 27.67935/255, PNG values changed = 98.30436%, samples = ConvNet(seed=925505415,d=2048); ConvNet(seed=1767272112,d=2048)
[2026-10-06 19:20:45] iter = 00328, loss = 212.4103088379, pixel drift RMS = 27.70820/255, PNG values changed = 98.31334%, samples = ConvNet(seed=2114950481,d=2048); ConvNet(seed=842699354,d=2048)
[2026-10-06 19:21:06] iter = 00329, loss = 154.2398986816, pixel drift RMS = 27.71573/255, PNG values changed = 98.32389%, samples = ConvNet(seed=1255460719,d=2048); ConvNet(seed=972741493,d=2048)
[2026-10-06 19:21:26] iter = 00330, loss = 161.4085083008, pixel drift RMS = 27.73306/255, PNG values changed = 98.32760%, samples = ConvNet(seed=705715222,d=2048); ConvNet(seed=954551359,d=2048)
[2026-10-06 19:21:46] iter = 00331, loss = 153.0323181152, pixel drift RMS = 27.75539/255, PNG values changed = 98.32773%, samples = ConvNet(seed=1926240152,d=2048); ConvNet(seed=798644936,d=2048)
[2026-10-06 19:22:07] iter = 00332, loss = 162.1709899902, pixel drift RMS = 27.83027/255, PNG values changed = 98.31218%, samples = ConvNet(seed=380155841,d=2048); ConvNet(seed=1173147649,d=2048)
[2026-10-06 19:22:27] iter = 00333, loss = 119.4048919678, pixel drift RMS = 27.92534/255, PNG values changed = 98.27955%, samples = ConvNet(seed=861632103,d=2048); ConvNet(seed=277524778,d=2048)
[2026-10-06 19:22:47] iter = 00334, loss = 144.9746398926, pixel drift RMS = 28.02704/255, PNG values changed = 98.27845%, samples = ConvNet(seed=1951752065,d=2048); ConvNet(seed=1148350793,d=2048)
[2026-10-06 19:23:08] iter = 00335, loss = 144.4643402100, pixel drift RMS = 28.08576/255, PNG values changed = 98.29590%, samples = ConvNet(seed=439742461,d=2048); ConvNet(seed=1259312163,d=2048)
[2026-10-06 19:23:27] iter = 00336, loss = 251.2935485840, pixel drift RMS = 28.08172/255, PNG values changed = 98.31738%, samples = ConvNet(seed=1014706298,d=2048); ConvNet(seed=2019250534,d=2048)
[2026-10-06 19:23:48] iter = 00337, loss = 146.1240234375, pixel drift RMS = 28.07979/255, PNG values changed = 98.34544%, samples = ConvNet(seed=1684368673,d=2048); ConvNet(seed=451578324,d=2048)
[2026-10-06 19:24:08] iter = 00338, loss = 140.6480407715, pixel drift RMS = 28.09497/255, PNG values changed = 98.35091%, samples = ConvNet(seed=1911482541,d=2048); ConvNet(seed=407064745,d=2048)
[2026-10-06 19:24:28] iter = 00339, loss = 180.0300445557, pixel drift RMS = 28.11193/255, PNG values changed = 98.37682%, samples = ConvNet(seed=1709120149,d=2048); ConvNet(seed=641126366,d=2048)
[2026-10-06 19:24:48] iter = 00340, loss = 221.4286041260, pixel drift RMS = 28.18863/255, PNG values changed = 98.35345%, samples = ConvNet(seed=1437922939,d=2048); ConvNet(seed=1546361917,d=2048)
[2026-10-06 19:25:09] iter = 00341, loss = 170.4507751465, pixel drift RMS = 28.29817/255, PNG values changed = 98.33809%, samples = ConvNet(seed=1953126048,d=2048); ConvNet(seed=1535875734,d=2048)
[2026-10-06 19:25:29] iter = 00342, loss = 153.5496673584, pixel drift RMS = 28.38958/255, PNG values changed = 98.32519%, samples = ConvNet(seed=917067345,d=2048); ConvNet(seed=356817487,d=2048)
[2026-10-06 19:25:50] iter = 00343, loss = 135.3576507568, pixel drift RMS = 28.46851/255, PNG values changed = 98.33092%, samples = ConvNet(seed=1614700429,d=2048); ConvNet(seed=794892235,d=2048)
[2026-10-06 19:26:10] iter = 00344, loss = 222.2680969238, pixel drift RMS = 28.48934/255, PNG values changed = 98.35091%, samples = ConvNet(seed=301547724,d=2048); ConvNet(seed=830699811,d=2048)
[2026-10-06 19:26:29] iter = 00345, loss = 121.0981597900, pixel drift RMS = 28.48742/255, PNG values changed = 98.36373%, samples = ConvNet(seed=1156323032,d=2048); ConvNet(seed=1556530433,d=2048)
[2026-10-06 19:26:51] iter = 00346, loss = 116.7291564941, pixel drift RMS = 28.50194/255, PNG values changed = 98.37317%, samples = ConvNet(seed=1653215276,d=2048); ConvNet(seed=1320378274,d=2048)
[2026-10-06 19:27:14] iter = 00347, loss = 135.7766265869, pixel drift RMS = 28.54588/255, PNG values changed = 98.35228%, samples = ConvNet(seed=161103449,d=2048); ConvNet(seed=555155419,d=2048)
[2026-10-06 19:27:36] iter = 00348, loss = 147.4930267334, pixel drift RMS = 28.60458/255, PNG values changed = 98.34394%, samples = ConvNet(seed=439245751,d=2048); ConvNet(seed=990144351,d=2048)
[2026-10-06 19:27:58] iter = 00349, loss = 147.2409362793, pixel drift RMS = 28.67365/255, PNG values changed = 98.35417%, samples = ConvNet(seed=2109074610,d=2048); ConvNet(seed=847511132,d=2048)
[2026-10-06 19:28:19] iter = 00350, loss = 155.8323669434, pixel drift RMS = 28.72046/255, PNG values changed = 98.33717%, samples = ConvNet(seed=2112922214,d=2048); ConvNet(seed=1199220830,d=2048)
[2026-10-06 19:28:41] iter = 00351, loss = 124.6101074219, pixel drift RMS = 28.73732/255, PNG values changed = 98.35671%, samples = ConvNet(seed=486600328,d=2048); ConvNet(seed=1997597949,d=2048)
[2026-10-06 19:29:02] iter = 00352, loss = 128.8905029297, pixel drift RMS = 28.76589/255, PNG values changed = 98.36979%, samples = ConvNet(seed=80767712,d=2048); ConvNet(seed=649167208,d=2048)
[2026-10-06 19:29:24] iter = 00353, loss = 106.2520294189, pixel drift RMS = 28.81123/255, PNG values changed = 98.36133%, samples = ConvNet(seed=1932775133,d=2048); ConvNet(seed=2034201158,d=2048)
[2026-10-06 19:29:47] iter = 00354, loss = 151.9373779297, pixel drift RMS = 28.84166/255, PNG values changed = 98.36159%, samples = ConvNet(seed=1365951872,d=2048); ConvNet(seed=242295131,d=2048)
[2026-10-06 19:30:07] iter = 00355, loss = 173.9138183594, pixel drift RMS = 28.88037/255, PNG values changed = 98.37135%, samples = ConvNet(seed=260373661,d=2048); ConvNet(seed=1008395418,d=2048)
[2026-10-06 19:30:29] iter = 00356, loss = 113.9238739014, pixel drift RMS = 28.91940/255, PNG values changed = 98.38476%, samples = ConvNet(seed=930284502,d=2048); ConvNet(seed=1856196198,d=2048)
[2026-10-06 19:30:51] iter = 00357, loss = 109.7385787964, pixel drift RMS = 28.95049/255, PNG values changed = 98.38548%, samples = ConvNet(seed=1742807369,d=2048); ConvNet(seed=1983267131,d=2048)
[2026-10-06 19:31:14] iter = 00358, loss = 166.7709350586, pixel drift RMS = 28.97059/255, PNG values changed = 98.36803%, samples = ConvNet(seed=614490854,d=2048); ConvNet(seed=6994732,d=2048)
[2026-10-06 19:31:36] iter = 00359, loss = 118.0619812012, pixel drift RMS = 28.98389/255, PNG values changed = 98.37259%, samples = ConvNet(seed=1162685233,d=2048); ConvNet(seed=394023880,d=2048)
[2026-10-06 19:31:58] iter = 00360, loss = 129.8253479004, pixel drift RMS = 28.99060/255, PNG values changed = 98.39173%, samples = ConvNet(seed=836387258,d=2048); ConvNet(seed=151390293,d=2048)
[2026-10-06 19:32:19] iter = 00361, loss = 112.5109329224, pixel drift RMS = 29.00122/255, PNG values changed = 98.40384%, samples = ConvNet(seed=1263636642,d=2048); ConvNet(seed=1679586141,d=2048)
[2026-10-06 19:32:40] iter = 00362, loss = 152.5282592773, pixel drift RMS = 29.04954/255, PNG values changed = 98.39440%, samples = ConvNet(seed=2124888207,d=2048); ConvNet(seed=128583496,d=2048)
[2026-10-06 19:33:03] iter = 00363, loss = 110.8679580688, pixel drift RMS = 29.09621/255, PNG values changed = 98.39284%, samples = ConvNet(seed=165024888,d=2048); ConvNet(seed=687420880,d=2048)
[2026-10-06 19:33:25] iter = 00364, loss = 120.2999572754, pixel drift RMS = 29.12808/255, PNG values changed = 98.38079%, samples = ConvNet(seed=1919292949,d=2048); ConvNet(seed=293794559,d=2048)
[2026-10-06 19:33:48] iter = 00365, loss = 250.6223144531, pixel drift RMS = 29.08672/255, PNG values changed = 98.39564%, samples = ConvNet(seed=153482725,d=2048); ConvNet(seed=2039394581,d=2048)
[2026-10-06 19:34:08] iter = 00366, loss = 129.9240875244, pixel drift RMS = 29.07987/255, PNG values changed = 98.41224%, samples = ConvNet(seed=1549350726,d=2048); ConvNet(seed=86978139,d=2048)
[2026-10-06 19:34:29] iter = 00367, loss = 149.6170196533, pixel drift RMS = 29.11772/255, PNG values changed = 98.41133%, samples = ConvNet(seed=1075476838,d=2048); ConvNet(seed=1732043011,d=2048)
[2026-10-06 19:34:52] iter = 00368, loss = 159.3862457275, pixel drift RMS = 29.18447/255, PNG values changed = 98.41335%, samples = ConvNet(seed=230579676,d=2048); ConvNet(seed=829760707,d=2048)
[2026-10-06 19:35:14] iter = 00369, loss = 150.7342529297, pixel drift RMS = 29.25328/255, PNG values changed = 98.38841%, samples = ConvNet(seed=1195095499,d=2048); ConvNet(seed=1569974478,d=2048)
[2026-10-06 19:35:36] iter = 00370, loss = 134.7497406006, pixel drift RMS = 29.30226/255, PNG values changed = 98.39336%, samples = ConvNet(seed=1614038002,d=2048); ConvNet(seed=138518168,d=2048)
[2026-10-06 19:35:57] iter = 00371, loss = 158.5424041748, pixel drift RMS = 29.31962/255, PNG values changed = 98.38841%, samples = ConvNet(seed=223991637,d=2048); ConvNet(seed=2079947533,d=2048)
[2026-10-06 19:36:19] iter = 00372, loss = 153.0913238525, pixel drift RMS = 29.31723/255, PNG values changed = 98.38997%, samples = ConvNet(seed=990411995,d=2048); ConvNet(seed=1963413308,d=2048)
[2026-10-06 19:36:42] iter = 00373, loss = 146.7304687500, pixel drift RMS = 29.31479/255, PNG values changed = 98.39290%, samples = ConvNet(seed=592950073,d=2048); ConvNet(seed=1354989656,d=2048)
[2026-10-06 19:37:04] iter = 00374, loss = 143.2300567627, pixel drift RMS = 29.35203/255, PNG values changed = 98.39277%, samples = ConvNet(seed=1530187356,d=2048); ConvNet(seed=1703249848,d=2048)
[2026-10-06 19:37:27] iter = 00375, loss = 142.6224670410, pixel drift RMS = 29.40211/255, PNG values changed = 98.39590%, samples = ConvNet(seed=599190677,d=2048); ConvNet(seed=1397890779,d=2048)
[2026-10-06 19:37:48] iter = 00376, loss = 162.7801055908, pixel drift RMS = 29.45006/255, PNG values changed = 98.39498%, samples = ConvNet(seed=1805929746,d=2048); ConvNet(seed=1934722093,d=2048)
[2026-10-06 19:38:08] iter = 00377, loss = 164.7529296875, pixel drift RMS = 29.50338/255, PNG values changed = 98.39714%, samples = ConvNet(seed=1210656948,d=2048); ConvNet(seed=186867418,d=2048)
[2026-10-06 19:38:31] iter = 00378, loss = 140.5257263184, pixel drift RMS = 29.54933/255, PNG values changed = 98.39388%, samples = ConvNet(seed=1345729405,d=2048); ConvNet(seed=1472819980,d=2048)
[2026-10-06 19:38:54] iter = 00379, loss = 125.3748168945, pixel drift RMS = 29.58618/255, PNG values changed = 98.40195%, samples = ConvNet(seed=1016929810,d=2048); ConvNet(seed=761502285,d=2048)
[2026-10-06 19:39:16] iter = 00380, loss = 176.6330108643, pixel drift RMS = 29.61087/255, PNG values changed = 98.40052%, samples = ConvNet(seed=1280350458,d=2048); ConvNet(seed=1850474542,d=2048)
[2026-10-06 19:39:38] iter = 00381, loss = 167.0334320068, pixel drift RMS = 29.61415/255, PNG values changed = 98.42285%, samples = ConvNet(seed=1062157261,d=2048); ConvNet(seed=1851998547,d=2048)
[2026-10-06 19:39:59] iter = 00382, loss = 130.5841674805, pixel drift RMS = 29.62960/255, PNG values changed = 98.42988%, samples = ConvNet(seed=1056106665,d=2048); ConvNet(seed=2125629567,d=2048)
[2026-10-06 19:40:21] iter = 00383, loss = 133.6731719971, pixel drift RMS = 29.64384/255, PNG values changed = 98.44811%, samples = ConvNet(seed=1925880147,d=2048); ConvNet(seed=436951420,d=2048)
[2026-10-06 19:40:44] iter = 00384, loss = 210.9068908691, pixel drift RMS = 29.68305/255, PNG values changed = 98.43600%, samples = ConvNet(seed=622748066,d=2048); ConvNet(seed=516102952,d=2048)
[2026-10-06 19:41:06] iter = 00385, loss = 163.1510009766, pixel drift RMS = 29.75322/255, PNG values changed = 98.43040%, samples = ConvNet(seed=129139401,d=2048); ConvNet(seed=1458024688,d=2048)
[2026-10-06 19:41:28] iter = 00386, loss = 133.7717132568, pixel drift RMS = 29.82408/255, PNG values changed = 98.42324%, samples = ConvNet(seed=459062210,d=2048); ConvNet(seed=332686962,d=2048)
[2026-10-06 19:41:48] iter = 00387, loss = 116.6650238037, pixel drift RMS = 29.88815/255, PNG values changed = 98.43802%, samples = ConvNet(seed=123550257,d=2048); ConvNet(seed=1140064765,d=2048)
[2026-10-06 19:42:09] iter = 00388, loss = 174.6889038086, pixel drift RMS = 29.94895/255, PNG values changed = 98.41921%, samples = ConvNet(seed=1937760649,d=2048); ConvNet(seed=739455596,d=2048)
[2026-10-06 19:42:32] iter = 00389, loss = 176.7994995117, pixel drift RMS = 29.98299/255, PNG values changed = 98.41627%, samples = ConvNet(seed=60628487,d=2048); ConvNet(seed=1176231393,d=2048)
[2026-10-06 19:42:54] iter = 00390, loss = 160.6154022217, pixel drift RMS = 29.99656/255, PNG values changed = 98.44160%, samples = ConvNet(seed=1200536115,d=2048); ConvNet(seed=1333922764,d=2048)
[2026-10-06 19:43:17] iter = 00391, loss = 123.3619842529, pixel drift RMS = 29.99732/255, PNG values changed = 98.45488%, samples = ConvNet(seed=983144357,d=2048); ConvNet(seed=361319015,d=2048)
[2026-10-06 19:43:38] iter = 00392, loss = 149.5777587891, pixel drift RMS = 30.00870/255, PNG values changed = 98.45768%, samples = ConvNet(seed=2068949786,d=2048); ConvNet(seed=110828303,d=2048)
[2026-10-06 19:43:59] iter = 00393, loss = 156.1829833984, pixel drift RMS = 30.03963/255, PNG values changed = 98.45820%, samples = ConvNet(seed=605643080,d=2048); ConvNet(seed=771116584,d=2048)
[2026-10-06 19:44:21] iter = 00394, loss = 200.6476898193, pixel drift RMS = 30.12241/255, PNG values changed = 98.44882%, samples = ConvNet(seed=1591248974,d=2048); ConvNet(seed=386932769,d=2048)
[2026-10-06 19:44:44] iter = 00395, loss = 131.9827880859, pixel drift RMS = 30.20474/255, PNG values changed = 98.45039%, samples = ConvNet(seed=1590682615,d=2048); ConvNet(seed=1874873264,d=2048)
[2026-10-06 19:45:06] iter = 00396, loss = 166.9448852539, pixel drift RMS = 30.26408/255, PNG values changed = 98.45898%, samples = ConvNet(seed=1452866209,d=2048); ConvNet(seed=1907161473,d=2048)
[2026-10-06 19:45:28] iter = 00397, loss = 170.7095336914, pixel drift RMS = 30.26995/255, PNG values changed = 98.45924%, samples = ConvNet(seed=723990375,d=2048); ConvNet(seed=426918431,d=2048)
[2026-10-06 19:45:48] iter = 00398, loss = 132.9230651855, pixel drift RMS = 30.26942/255, PNG values changed = 98.46432%, samples = ConvNet(seed=755181186,d=2048); ConvNet(seed=1204522988,d=2048)
[2026-10-06 19:46:09] iter = 00399, loss = 140.8558959961, pixel drift RMS = 30.26973/255, PNG values changed = 98.47259%, samples = ConvNet(seed=1150270846,d=2048); ConvNet(seed=1346643712,d=2048)
[2026-10-06 19:46:30] iter = 00400, loss = 121.1928634644, pixel drift RMS = 30.27551/255, PNG values changed = 98.47174%, samples = ConvNet(seed=627158173,d=2048); ConvNet(seed=1212406598,d=2048)
-------------------------
Evaluation
model_train = ConvNet, model_eval = ConvNet, iteration = 400
[2026-10-06 19:47:15] Evaluate_SSL_00: method = simclr ssl epoch = 1000 linear epoch = 0100 labeled = 1.00% train time = 44 s ssl loss = 4.303242 train loss = 0.013144 train acc = 1.0000, test acc = 0.3786
[2026-10-06 19:47:59] Evaluate_SSL_01: method = simclr ssl epoch = 1000 linear epoch = 0100 labeled = 1.00% train time = 43 s ssl loss = 4.307054 train loss = 0.017909 train acc = 1.0000, test acc = 0.3843
[2026-10-06 19:48:43] Evaluate_SSL_02: method = simclr ssl epoch = 1000 linear epoch = 0100 labeled = 1.00% train time = 43 s ssl loss = 4.301480 train loss = 0.011260 train acc = 1.0000, test acc = 0.3576
[2026-10-06 19:49:28] Evaluate_SSL_03: method = simclr ssl epoch = 1000 linear epoch = 0100 labeled = 1.00% train time = 43 s ssl loss = 4.284707 train loss = 0.013168 train acc = 1.0000, test acc = 0.3783
[2026-10-06 19:50:11] Evaluate_SSL_04: method = simclr ssl epoch = 1000 linear epoch = 0100 labeled = 1.00% train time = 41 s ssl loss = 4.300043 train loss = 0.018367 train acc = 1.0000, test acc = 0.3694
[2026-10-06 19:50:55] Evaluate_SSL_05: method = simclr ssl epoch = 1000 linear epoch = 0100 labeled = 1.00% train time = 43 s ssl loss = 4.294322 train loss = 0.014264 train acc = 1.0000, test acc = 0.3894
Evaluate 6 random ConvNet, mean = 0.3763 std = 0.0103
-------------------------
[2026-10-06 19:51:18] iter = 00401, loss = 188.2963256836, pixel drift RMS = 30.32891/255, PNG values changed = 98.47194%, samples = ConvNet(seed=1060648185,d=2048); ConvNet(seed=495202747,d=2048)
[2026-10-06 19:51:40] iter = 00402, loss = 128.2079162598, pixel drift RMS = 30.38303/255, PNG values changed = 98.46680%, samples = ConvNet(seed=691996686,d=2048); ConvNet(seed=1879283155,d=2048)
[2026-10-06 19:52:01] iter = 00403, loss = 122.2550430298, pixel drift RMS = 30.43276/255, PNG values changed = 98.46458%, samples = ConvNet(seed=1203018373,d=2048); ConvNet(seed=343318479,d=2048)
[2026-10-06 19:52:23] iter = 00404, loss = 151.4805755615, pixel drift RMS = 30.46771/255, PNG values changed = 98.44030%, samples = ConvNet(seed=1771425061,d=2048); ConvNet(seed=1252257295,d=2048)
[2026-10-06 19:52:46] iter = 00405, loss = 133.8536376953, pixel drift RMS = 30.51082/255, PNG values changed = 98.43939%, samples = ConvNet(seed=728557262,d=2048); ConvNet(seed=107075253,d=2048)
[2026-10-06 19:53:09] iter = 00406, loss = 218.0971221924, pixel drift RMS = 30.54254/255, PNG values changed = 98.43327%, samples = ConvNet(seed=1460809763,d=2048); ConvNet(seed=1162418328,d=2048)
[2026-10-06 19:53:31] iter = 00407, loss = 199.2417755127, pixel drift RMS = 30.57031/255, PNG values changed = 98.44505%, samples = ConvNet(seed=154575235,d=2048); ConvNet(seed=896844382,d=2048)
[2026-10-06 19:53:51] iter = 00408, loss = 180.5773010254, pixel drift RMS = 30.59814/255, PNG values changed = 98.45456%, samples = ConvNet(seed=184461314,d=2048); ConvNet(seed=892852723,d=2048)
[2026-10-06 19:54:14] iter = 00409, loss = 128.6640777588, pixel drift RMS = 30.62475/255, PNG values changed = 98.45293%, samples = ConvNet(seed=871230969,d=2048); ConvNet(seed=1205758951,d=2048)
[2026-10-06 19:54:37] iter = 00410, loss = 140.0200805664, pixel drift RMS = 30.64054/255, PNG values changed = 98.46933%, samples = ConvNet(seed=1973009483,d=2048); ConvNet(seed=2033691365,d=2048)
[2026-10-06 19:55:01] iter = 00411, loss = 169.7761383057, pixel drift RMS = 30.67756/255, PNG values changed = 98.45964%, samples = ConvNet(seed=1607219246,d=2048); ConvNet(seed=611691473,d=2048)
[2026-10-06 19:55:21] iter = 00412, loss = 163.2106781006, pixel drift RMS = 30.72362/255, PNG values changed = 98.43743%, samples = ConvNet(seed=1172457637,d=2048); ConvNet(seed=820434955,d=2048)
[2026-10-06 19:55:42] iter = 00413, loss = 138.3012542725, pixel drift RMS = 30.74524/255, PNG values changed = 98.44193%, samples = ConvNet(seed=1208212863,d=2048); ConvNet(seed=564659383,d=2048)
[2026-10-06 19:56:05] iter = 00414, loss = 144.2375793457, pixel drift RMS = 30.77928/255, PNG values changed = 98.44701%, samples = ConvNet(seed=496929811,d=2048); ConvNet(seed=1532787259,d=2048)
[2026-10-06 19:56:27] iter = 00415, loss = 145.1097259521, pixel drift RMS = 30.83281/255, PNG values changed = 98.45338%, samples = ConvNet(seed=1175559920,d=2048); ConvNet(seed=1869458929,d=2048)
[2026-10-06 19:56:50] iter = 00416, loss = 142.0088500977, pixel drift RMS = 30.88332/255, PNG values changed = 98.43060%, samples = ConvNet(seed=1027931098,d=2048); ConvNet(seed=1172603670,d=2048)
[2026-10-06 19:57:11] iter = 00417, loss = 146.4498138428, pixel drift RMS = 30.90033/255, PNG values changed = 98.45951%, samples = ConvNet(seed=64420305,d=2048); ConvNet(seed=372183994,d=2048)
[2026-10-06 19:57:33] iter = 00418, loss = 206.1793670654, pixel drift RMS = 30.86837/255, PNG values changed = 98.47519%, samples = ConvNet(seed=1252850741,d=2048); ConvNet(seed=428426808,d=2048)
[2026-10-06 19:57:56] iter = 00419, loss = 158.8950195312, pixel drift RMS = 30.86573/255, PNG values changed = 98.48340%, samples = ConvNet(seed=2070445728,d=2048); ConvNet(seed=1091673881,d=2048)
[2026-10-06 19:58:18] iter = 00420, loss = 186.4705505371, pixel drift RMS = 30.88904/255, PNG values changed = 98.46940%, samples = ConvNet(seed=1282026472,d=2048); ConvNet(seed=1965535933,d=2048)
[2026-10-06 19:58:41] iter = 00421, loss = 160.8099365234, pixel drift RMS = 30.94353/255, PNG values changed = 98.46165%, samples = ConvNet(seed=115953819,d=2048); ConvNet(seed=2028594366,d=2048)
[2026-10-06 19:59:01] iter = 00422, loss = 136.4434051514, pixel drift RMS = 30.98190/255, PNG values changed = 98.47832%, samples = ConvNet(seed=1164615960,d=2048); ConvNet(seed=273665951,d=2048)
[2026-10-06 19:59:21] iter = 00423, loss = 176.8199462891, pixel drift RMS = 31.02758/255, PNG values changed = 98.48001%, samples = ConvNet(seed=1760056604,d=2048); ConvNet(seed=1376612777,d=2048)
[2026-10-06 19:59:42] iter = 00424, loss = 122.5350494385, pixel drift RMS = 31.06179/255, PNG values changed = 98.46218%, samples = ConvNet(seed=2144444946,d=2048); ConvNet(seed=302899633,d=2048)
[2026-10-06 20:00:05] iter = 00425, loss = 141.7144165039, pixel drift RMS = 31.09498/255, PNG values changed = 98.48424%, samples = ConvNet(seed=1074743616,d=2048); ConvNet(seed=2054403266,d=2048)
[2026-10-06 20:00:27] iter = 00426, loss = 151.3856811523, pixel drift RMS = 31.13313/255, PNG values changed = 98.47969%, samples = ConvNet(seed=1287433516,d=2048); ConvNet(seed=1798506254,d=2048)
[2026-10-06 20:00:49] iter = 00427, loss = 163.1791992188, pixel drift RMS = 31.14121/255, PNG values changed = 98.49674%, samples = ConvNet(seed=1605898219,d=2048); ConvNet(seed=1712677840,d=2048)
[2026-10-06 20:01:11] iter = 00428, loss = 146.6070251465, pixel drift RMS = 31.15945/255, PNG values changed = 98.49466%, samples = ConvNet(seed=584958568,d=2048); ConvNet(seed=508607592,d=2048)
[2026-10-06 20:01:30] iter = 00429, loss = 132.3576660156, pixel drift RMS = 31.17523/255, PNG values changed = 98.50007%, samples = ConvNet(seed=429279354,d=2048); ConvNet(seed=1524571307,d=2048)
[2026-10-06 20:01:51] iter = 00430, loss = 118.2253417969, pixel drift RMS = 31.21700/255, PNG values changed = 98.47838%, samples = ConvNet(seed=427675731,d=2048); ConvNet(seed=989594943,d=2048)
[2026-10-06 20:02:13] iter = 00431, loss = 140.5914459229, pixel drift RMS = 31.26739/255, PNG values changed = 98.47943%, samples = ConvNet(seed=247412225,d=2048); ConvNet(seed=1496647090,d=2048)
[2026-10-06 20:02:36] iter = 00432, loss = 169.8413543701, pixel drift RMS = 31.29731/255, PNG values changed = 98.49056%, samples = ConvNet(seed=1772480521,d=2048); ConvNet(seed=1328131400,d=2048)
[2026-10-06 20:02:59] iter = 00433, loss = 115.2700347900, pixel drift RMS = 31.32162/255, PNG values changed = 98.49635%, samples = ConvNet(seed=1696879878,d=2048); ConvNet(seed=1966415861,d=2048)
[2026-10-06 20:03:20] iter = 00434, loss = 156.2999420166, pixel drift RMS = 31.33340/255, PNG values changed = 98.50254%, samples = ConvNet(seed=2141527685,d=2048); ConvNet(seed=390822220,d=2048)
[2026-10-06 20:03:42] iter = 00435, loss = 177.5418395996, pixel drift RMS = 31.31696/255, PNG values changed = 98.53034%, samples = ConvNet(seed=1917490109,d=2048); ConvNet(seed=2108618405,d=2048)
[2026-10-06 20:04:04] iter = 00436, loss = 158.7238159180, pixel drift RMS = 31.32607/255, PNG values changed = 98.52982%, samples = ConvNet(seed=956895749,d=2048); ConvNet(seed=770756904,d=2048)
[2026-10-06 20:04:27] iter = 00437, loss = 159.3905639648, pixel drift RMS = 31.34176/255, PNG values changed = 98.54062%, samples = ConvNet(seed=1333293557,d=2048); ConvNet(seed=1054806042,d=2048)
[2026-10-06 20:04:49] iter = 00438, loss = 169.6924743652, pixel drift RMS = 31.39946/255, PNG values changed = 98.51986%, samples = ConvNet(seed=425057414,d=2048); ConvNet(seed=909734730,d=2048)
[2026-10-06 20:05:10] iter = 00439, loss = 132.2375183105, pixel drift RMS = 31.45908/255, PNG values changed = 98.51211%, samples = ConvNet(seed=519755411,d=2048); ConvNet(seed=1545571494,d=2048)
[2026-10-06 20:05:30] iter = 00440, loss = 143.6712493896, pixel drift RMS = 31.50007/255, PNG values changed = 98.50898%, samples = ConvNet(seed=128335604,d=2048); ConvNet(seed=1700798334,d=2048)
[2026-10-06 20:05:53] iter = 00441, loss = 140.0662841797, pixel drift RMS = 31.52255/255, PNG values changed = 98.50456%, samples = ConvNet(seed=777345795,d=2048); ConvNet(seed=2098909139,d=2048)
[2026-10-06 20:06:15] iter = 00442, loss = 136.1124725342, pixel drift RMS = 31.55567/255, PNG values changed = 98.50788%, samples = ConvNet(seed=1653487528,d=2048); ConvNet(seed=536292209,d=2048)
[2026-10-06 20:06:37] iter = 00443, loss = 135.6766967773, pixel drift RMS = 31.59643/255, PNG values changed = 98.51406%, samples = ConvNet(seed=728764515,d=2048); ConvNet(seed=104653754,d=2048)
[2026-10-06 20:06:58] iter = 00444, loss = 132.5056762695, pixel drift RMS = 31.64120/255, PNG values changed = 98.50091%, samples = ConvNet(seed=289290186,d=2048); ConvNet(seed=1721746091,d=2048)
[2026-10-06 20:07:19] iter = 00445, loss = 194.2738037109, pixel drift RMS = 31.65933/255, PNG values changed = 98.49629%, samples = ConvNet(seed=818744073,d=2048); ConvNet(seed=479159914,d=2048)
[2026-10-06 20:07:40] iter = 00446, loss = 154.1906738281, pixel drift RMS = 31.68163/255, PNG values changed = 98.48887%, samples = ConvNet(seed=51986183,d=2048); ConvNet(seed=271647922,d=2048)
[2026-10-06 20:08:03] iter = 00447, loss = 138.7440948486, pixel drift RMS = 31.72496/255, PNG values changed = 98.49746%, samples = ConvNet(seed=714464739,d=2048); ConvNet(seed=1548391851,d=2048)
[2026-10-06 20:08:26] iter = 00448, loss = 136.8323974609, pixel drift RMS = 31.74775/255, PNG values changed = 98.52318%, samples = ConvNet(seed=641685104,d=2048); ConvNet(seed=187823835,d=2048)
[2026-10-06 20:08:48] iter = 00449, loss = 149.1031188965, pixel drift RMS = 31.75709/255, PNG values changed = 98.52708%, samples = ConvNet(seed=12755092,d=2048); ConvNet(seed=2146470307,d=2048)
[2026-10-06 20:09:08] iter = 00450, loss = 160.1788024902, pixel drift RMS = 31.75360/255, PNG values changed = 98.52728%, samples = ConvNet(seed=194541829,d=2048); ConvNet(seed=252658033,d=2048)
[2026-10-06 20:09:30] iter = 00451, loss = 137.8226013184, pixel drift RMS = 31.76355/255, PNG values changed = 98.52962%, samples = ConvNet(seed=1196397092,d=2048); ConvNet(seed=858671095,d=2048)
[2026-10-06 20:09:53] iter = 00452, loss = 137.5827331543, pixel drift RMS = 31.77161/255, PNG values changed = 98.53476%, samples = ConvNet(seed=265637882,d=2048); ConvNet(seed=784279032,d=2048)
[2026-10-06 20:10:16] iter = 00453, loss = 115.5265197754, pixel drift RMS = 31.78140/255, PNG values changed = 98.53060%, samples = ConvNet(seed=695078746,d=2048); ConvNet(seed=1185389574,d=2048)
[2026-10-06 20:10:38] iter = 00454, loss = 124.7911529541, pixel drift RMS = 31.79634/255, PNG values changed = 98.53763%, samples = ConvNet(seed=394733131,d=2048); ConvNet(seed=780272653,d=2048)
[2026-10-06 20:10:59] iter = 00455, loss = 188.7013854980, pixel drift RMS = 31.86013/255, PNG values changed = 98.53151%, samples = ConvNet(seed=845263515,d=2048); ConvNet(seed=1144121146,d=2048)
[2026-10-06 20:11:20] iter = 00456, loss = 161.1660461426, pixel drift RMS = 31.92819/255, PNG values changed = 98.52695%, samples = ConvNet(seed=163545379,d=2048); ConvNet(seed=1420361343,d=2048)
[2026-10-06 20:11:42] iter = 00457, loss = 140.6069335938, pixel drift RMS = 31.98467/255, PNG values changed = 98.51699%, samples = ConvNet(seed=1446647012,d=2048); ConvNet(seed=694228221,d=2048)
[2026-10-06 20:12:05] iter = 00458, loss = 132.2321166992, pixel drift RMS = 32.01323/255, PNG values changed = 98.50644%, samples = ConvNet(seed=1430115260,d=2048); ConvNet(seed=728516164,d=2048)
[2026-10-06 20:12:27] iter = 00459, loss = 151.6999816895, pixel drift RMS = 32.00345/255, PNG values changed = 98.54238%, samples = ConvNet(seed=869585388,d=2048); ConvNet(seed=893672676,d=2048)
[2026-10-06 20:12:48] iter = 00460, loss = 136.8869628906, pixel drift RMS = 32.00756/255, PNG values changed = 98.53320%, samples = ConvNet(seed=1854866605,d=2048); ConvNet(seed=1482594918,d=2048)
[2026-10-06 20:13:09] iter = 00461, loss = 190.7153320312, pixel drift RMS = 32.02442/255, PNG values changed = 98.51972%, samples = ConvNet(seed=114445079,d=2048); ConvNet(seed=591294687,d=2048)
[2026-10-06 20:13:31] iter = 00462, loss = 193.8263854980, pixel drift RMS = 31.98858/255, PNG values changed = 98.53691%, samples = ConvNet(seed=1451841964,d=2048); ConvNet(seed=413163398,d=2048)
[2026-10-06 20:13:54] iter = 00463, loss = 160.3982849121, pixel drift RMS = 31.99700/255, PNG values changed = 98.54231%, samples = ConvNet(seed=1847937526,d=2048); ConvNet(seed=269821317,d=2048)
[2026-10-06 20:14:16] iter = 00464, loss = 179.0666809082, pixel drift RMS = 32.04980/255, PNG values changed = 98.54772%, samples = ConvNet(seed=1664370977,d=2048); ConvNet(seed=982968715,d=2048)
[2026-10-06 20:14:36] iter = 00465, loss = 140.2940979004, pixel drift RMS = 32.09505/255, PNG values changed = 98.53952%, samples = ConvNet(seed=1932590466,d=2048); ConvNet(seed=201301870,d=2048)
[2026-10-06 20:14:58] iter = 00466, loss = 166.0136260986, pixel drift RMS = 32.15018/255, PNG values changed = 98.51322%, samples = ConvNet(seed=1779748704,d=2048); ConvNet(seed=520830578,d=2048)
[2026-10-06 20:15:20] iter = 00467, loss = 135.6488037109, pixel drift RMS = 32.18851/255, PNG values changed = 98.52936%, samples = ConvNet(seed=361494843,d=2048); ConvNet(seed=94431394,d=2048)
[2026-10-06 20:15:43] iter = 00468, loss = 131.6568298340, pixel drift RMS = 32.21503/255, PNG values changed = 98.51777%, samples = ConvNet(seed=337515652,d=2048); ConvNet(seed=581567224,d=2048)
[2026-10-06 20:16:05] iter = 00469, loss = 164.4802703857, pixel drift RMS = 32.23041/255, PNG values changed = 98.52988%, samples = ConvNet(seed=17927852,d=2048); ConvNet(seed=999165214,d=2048)
[2026-10-06 20:16:26] iter = 00470, loss = 147.0455322266, pixel drift RMS = 32.24362/255, PNG values changed = 98.53828%, samples = ConvNet(seed=2124473419,d=2048); ConvNet(seed=1726822469,d=2048)
[2026-10-06 20:16:48] iter = 00471, loss = 114.7258911133, pixel drift RMS = 32.26368/255, PNG values changed = 98.52155%, samples = ConvNet(seed=1561117949,d=2048); ConvNet(seed=1011676706,d=2048)
[2026-10-06 20:17:09] iter = 00472, loss = 119.3967895508, pixel drift RMS = 32.28096/255, PNG values changed = 98.50852%, samples = ConvNet(seed=1835049916,d=2048); ConvNet(seed=1647210796,d=2048)
[2026-10-06 20:17:32] iter = 00473, loss = 155.5367431641, pixel drift RMS = 32.30627/255, PNG values changed = 98.51654%, samples = ConvNet(seed=869768532,d=2048); ConvNet(seed=629984843,d=2048)
[2026-10-06 20:17:54] iter = 00474, loss = 172.4332580566, pixel drift RMS = 32.31434/255, PNG values changed = 98.54023%, samples = ConvNet(seed=1075067994,d=2048); ConvNet(seed=386888024,d=2048)
[2026-10-06 20:18:14] iter = 00475, loss = 168.2786102295, pixel drift RMS = 32.32488/255, PNG values changed = 98.57149%, samples = ConvNet(seed=941422533,d=2048); ConvNet(seed=1495640358,d=2048)
[2026-10-06 20:18:36] iter = 00476, loss = 136.5690917969, pixel drift RMS = 32.36114/255, PNG values changed = 98.55872%, samples = ConvNet(seed=1499454555,d=2048); ConvNet(seed=117940344,d=2048)
[2026-10-06 20:18:59] iter = 00477, loss = 133.7528228760, pixel drift RMS = 32.37881/255, PNG values changed = 98.56172%, samples = ConvNet(seed=1662526149,d=2048); ConvNet(seed=1760611993,d=2048)
[2026-10-06 20:19:21] iter = 00478, loss = 168.8505249023, pixel drift RMS = 32.36872/255, PNG values changed = 98.57109%, samples = ConvNet(seed=170185445,d=2048); ConvNet(seed=128941053,d=2048)
[2026-10-06 20:19:44] iter = 00479, loss = 140.8676910400, pixel drift RMS = 32.37203/255, PNG values changed = 98.56940%, samples = ConvNet(seed=827440360,d=2048); ConvNet(seed=1862177364,d=2048)
[2026-10-06 20:20:04] iter = 00480, loss = 174.5314025879, pixel drift RMS = 32.39608/255, PNG values changed = 98.56777%, samples = ConvNet(seed=495430988,d=2048); ConvNet(seed=2007803478,d=2048)
[2026-10-06 20:20:26] iter = 00481, loss = 162.5820312500, pixel drift RMS = 32.45745/255, PNG values changed = 98.55599%, samples = ConvNet(seed=757576220,d=2048); ConvNet(seed=1592292993,d=2048)
[2026-10-06 20:20:49] iter = 00482, loss = 169.8985900879, pixel drift RMS = 32.51038/255, PNG values changed = 98.55859%, samples = ConvNet(seed=1670863000,d=2048); ConvNet(seed=1992637276,d=2048)
[2026-10-06 20:21:10] iter = 00483, loss = 117.9916687012, pixel drift RMS = 32.54912/255, PNG values changed = 98.55462%, samples = ConvNet(seed=1924811177,d=2048); ConvNet(seed=2121388150,d=2048)
[2026-10-06 20:21:32] iter = 00484, loss = 202.8296813965, pixel drift RMS = 32.53313/255, PNG values changed = 98.57526%, samples = ConvNet(seed=1554667645,d=2048); ConvNet(seed=453358091,d=2048)
[2026-10-06 20:21:53] iter = 00485, loss = 131.3984985352, pixel drift RMS = 32.52917/255, PNG values changed = 98.58007%, samples = ConvNet(seed=2130427810,d=2048); ConvNet(seed=1175365266,d=2048)
[2026-10-06 20:22:16] iter = 00486, loss = 133.0213012695, pixel drift RMS = 32.53225/255, PNG values changed = 98.57272%, samples = ConvNet(seed=916126918,d=2048); ConvNet(seed=2030838877,d=2048)
[2026-10-06 20:22:38] iter = 00487, loss = 143.1997528076, pixel drift RMS = 32.54445/255, PNG values changed = 98.56927%, samples = ConvNet(seed=206032794,d=2048); ConvNet(seed=2007132602,d=2048)
[2026-10-06 20:23:01] iter = 00488, loss = 175.0094299316, pixel drift RMS = 32.56019/255, PNG values changed = 98.57109%, samples = ConvNet(seed=1453246995,d=2048); ConvNet(seed=1338462996,d=2048)
[2026-10-06 20:23:23] iter = 00489, loss = 138.9634094238, pixel drift RMS = 32.60299/255, PNG values changed = 98.55586%, samples = ConvNet(seed=482409380,d=2048); ConvNet(seed=248237715,d=2048)
[2026-10-06 20:23:44] iter = 00490, loss = 119.4015960693, pixel drift RMS = 32.65702/255, PNG values changed = 98.54915%, samples = ConvNet(seed=288709526,d=2048); ConvNet(seed=1616851295,d=2048)
[2026-10-06 20:24:07] iter = 00491, loss = 138.2180023193, pixel drift RMS = 32.71408/255, PNG values changed = 98.55182%, samples = ConvNet(seed=906521550,d=2048); ConvNet(seed=859603548,d=2048)
[2026-10-06 20:24:30] iter = 00492, loss = 155.8692932129, pixel drift RMS = 32.75918/255, PNG values changed = 98.54870%, samples = ConvNet(seed=644126992,d=2048); ConvNet(seed=2063490138,d=2048)
[2026-10-06 20:24:53] iter = 00493, loss = 139.1177978516, pixel drift RMS = 32.80104/255, PNG values changed = 98.54948%, samples = ConvNet(seed=1819403864,d=2048); ConvNet(seed=789919296,d=2048)
[2026-10-06 20:25:14] iter = 00494, loss = 161.2462463379, pixel drift RMS = 32.83161/255, PNG values changed = 98.54401%, samples = ConvNet(seed=1926404219,d=2048); ConvNet(seed=2126336140,d=2048)
[2026-10-06 20:25:35] iter = 00495, loss = 175.8284912109, pixel drift RMS = 32.81857/255, PNG values changed = 98.56139%, samples = ConvNet(seed=1630049286,d=2048); ConvNet(seed=1590579148,d=2048)
[2026-10-06 20:25:58] iter = 00496, loss = 131.0747222900, pixel drift RMS = 32.80404/255, PNG values changed = 98.57467%, samples = ConvNet(seed=516820556,d=2048); ConvNet(seed=746179521,d=2048)
[2026-10-06 20:26:20] iter = 00497, loss = 145.2614898682, pixel drift RMS = 32.81588/255, PNG values changed = 98.57389%, samples = ConvNet(seed=192404284,d=2048); ConvNet(seed=1902760261,d=2048)
[2026-10-06 20:26:43] iter = 00498, loss = 150.6414184570, pixel drift RMS = 32.84354/255, PNG values changed = 98.57702%, samples = ConvNet(seed=1656087653,d=2048); ConvNet(seed=806633062,d=2048)
[2026-10-06 20:27:04] iter = 00499, loss = 140.5352172852, pixel drift RMS = 32.89867/255, PNG values changed = 98.58913%, samples = ConvNet(seed=199097383,d=2048); ConvNet(seed=1024415097,d=2048)
[2026-10-06 20:27:25] iter = 00500, loss = 132.7177734375, pixel drift RMS = 32.95266/255, PNG values changed = 98.59831%, samples = ConvNet(seed=680660186,d=2048); ConvNet(seed=1024835509,d=2048)
[2026-10-06 20:27:49] iter = 00501, loss = 173.5070495605, pixel drift RMS = 32.98883/255, PNG values changed = 98.58092%, samples = ConvNet(seed=456199436,d=2048); ConvNet(seed=2004328352,d=2048)
[2026-10-06 20:28:11] iter = 00502, loss = 148.6853027344, pixel drift RMS = 33.00208/255, PNG values changed = 98.58268%, samples = ConvNet(seed=701403164,d=2048); ConvNet(seed=1781587457,d=2048)
[2026-10-06 20:28:34] iter = 00503, loss = 206.0148315430, pixel drift RMS = 32.99566/255, PNG values changed = 98.58880%, samples = ConvNet(seed=1453290005,d=2048); ConvNet(seed=1310636048,d=2048)
[2026-10-06 20:28:55] iter = 00504, loss = 149.3848266602, pixel drift RMS = 33.02008/255, PNG values changed = 98.57227%, samples = ConvNet(seed=1908154882,d=2048); ConvNet(seed=717106464,d=2048)
[2026-10-06 20:29:17] iter = 00505, loss = 130.1131439209, pixel drift RMS = 33.04624/255, PNG values changed = 98.56608%, samples = ConvNet(seed=1576809073,d=2048); ConvNet(seed=469168385,d=2048)
[2026-10-06 20:29:40] iter = 00506, loss = 126.9250030518, pixel drift RMS = 33.08472/255, PNG values changed = 98.57929%, samples = ConvNet(seed=834917557,d=2048); ConvNet(seed=1596807222,d=2048)
[2026-10-06 20:30:04] iter = 00507, loss = 115.7230834961, pixel drift RMS = 33.11788/255, PNG values changed = 98.58698%, samples = ConvNet(seed=984484805,d=2048); ConvNet(seed=638345111,d=2048)
[2026-10-06 20:30:26] iter = 00508, loss = 121.7812423706, pixel drift RMS = 33.15138/255, PNG values changed = 98.59205%, samples = ConvNet(seed=1628900883,d=2048); ConvNet(seed=1360471278,d=2048)
[2026-10-06 20:30:47] iter = 00509, loss = 145.1175994873, pixel drift RMS = 33.19638/255, PNG values changed = 98.58633%, samples = ConvNet(seed=2143548744,d=2048); ConvNet(seed=243947812,d=2048)
[2026-10-06 20:31:09] iter = 00510, loss = 110.1391448975, pixel drift RMS = 33.23732/255, PNG values changed = 98.58209%, samples = ConvNet(seed=1145644245,d=2048); ConvNet(seed=1640459480,d=2048)
[2026-10-06 20:31:31] iter = 00511, loss = 113.4338531494, pixel drift RMS = 33.27616/255, PNG values changed = 98.56478%, samples = ConvNet(seed=1608920197,d=2048); ConvNet(seed=797798918,d=2048)
[2026-10-06 20:31:54] iter = 00512, loss = 142.7161102295, pixel drift RMS = 33.29786/255, PNG values changed = 98.58125%, samples = ConvNet(seed=1165650270,d=2048); ConvNet(seed=762443446,d=2048)
[2026-10-06 20:32:16] iter = 00513, loss = 109.4964904785, pixel drift RMS = 33.30782/255, PNG values changed = 98.57617%, samples = ConvNet(seed=1913264965,d=2048); ConvNet(seed=651602253,d=2048)
[2026-10-06 20:32:36] iter = 00514, loss = 154.7514343262, pixel drift RMS = 33.32165/255, PNG values changed = 98.57018%, samples = ConvNet(seed=627570956,d=2048); ConvNet(seed=381305131,d=2048)
[2026-10-06 20:32:58] iter = 00515, loss = 124.4664611816, pixel drift RMS = 33.33179/255, PNG values changed = 98.57454%, samples = ConvNet(seed=4225212,d=2048); ConvNet(seed=1377976661,d=2048)
[2026-10-06 20:33:20] iter = 00516, loss = 174.0708770752, pixel drift RMS = 33.33541/255, PNG values changed = 98.57494%, samples = ConvNet(seed=772149095,d=2048); ConvNet(seed=1867290389,d=2048)
[2026-10-06 20:33:42] iter = 00517, loss = 130.6774749756, pixel drift RMS = 33.33713/255, PNG values changed = 98.61504%, samples = ConvNet(seed=286530865,d=2048); ConvNet(seed=1956697313,d=2048)
[2026-10-06 20:34:05] iter = 00518, loss = 165.3509521484, pixel drift RMS = 33.34083/255, PNG values changed = 98.61881%, samples = ConvNet(seed=1631666609,d=2048); ConvNet(seed=1946426490,d=2048)
[2026-10-06 20:34:26] iter = 00519, loss = 157.0270996094, pixel drift RMS = 33.35653/255, PNG values changed = 98.62331%, samples = ConvNet(seed=1632533475,d=2048); ConvNet(seed=1879553294,d=2048)
[2026-10-06 20:34:46] iter = 00520, loss = 117.8861389160, pixel drift RMS = 33.38404/255, PNG values changed = 98.61588%, samples = ConvNet(seed=172617348,d=2048); ConvNet(seed=1984276223,d=2048)
[2026-10-06 20:35:09] iter = 00521, loss = 144.2942199707, pixel drift RMS = 33.41071/255, PNG values changed = 98.60397%, samples = ConvNet(seed=592415039,d=2048); ConvNet(seed=1822190208,d=2048)
[2026-10-06 20:35:31] iter = 00522, loss = 209.9624328613, pixel drift RMS = 33.43243/255, PNG values changed = 98.63567%, samples = ConvNet(seed=46220349,d=2048); ConvNet(seed=1282233079,d=2048)
[2026-10-06 20:35:54] iter = 00523, loss = 151.1578674316, pixel drift RMS = 33.46967/255, PNG values changed = 98.62044%, samples = ConvNet(seed=586871293,d=2048); ConvNet(seed=2106935135,d=2048)
[2026-10-06 20:36:15] iter = 00524, loss = 138.4056549072, pixel drift RMS = 33.49972/255, PNG values changed = 98.60983%, samples = ConvNet(seed=1828147480,d=2048); ConvNet(seed=439934908,d=2048)
[2026-10-06 20:36:36] iter = 00525, loss = 115.7879867554, pixel drift RMS = 33.51536/255, PNG values changed = 98.60241%, samples = ConvNet(seed=961241727,d=2048); ConvNet(seed=1402761808,d=2048)
[2026-10-06 20:36:58] iter = 00526, loss = 128.2718963623, pixel drift RMS = 33.52919/255, PNG values changed = 98.58997%, samples = ConvNet(seed=29321741,d=2048); ConvNet(seed=1656836221,d=2048)
[2026-10-06 20:37:21] iter = 00527, loss = 149.5558776855, pixel drift RMS = 33.55981/255, PNG values changed = 98.60332%, samples = ConvNet(seed=1361050970,d=2048); ConvNet(seed=842333992,d=2048)
[2026-10-06 20:37:44] iter = 00528, loss = 137.2930297852, pixel drift RMS = 33.58639/255, PNG values changed = 98.58763%, samples = ConvNet(seed=2027935200,d=2048); ConvNet(seed=2052937597,d=2048)
[2026-10-06 20:38:05] iter = 00529, loss = 126.1095275879, pixel drift RMS = 33.58092/255, PNG values changed = 98.58294%, samples = ConvNet(seed=103515523,d=2048); ConvNet(seed=1479536555,d=2048)
[2026-10-06 20:38:26] iter = 00530, loss = 127.7556152344, pixel drift RMS = 33.59557/255, PNG values changed = 98.58854%, samples = ConvNet(seed=1917806050,d=2048); ConvNet(seed=1491487297,d=2048)
[2026-10-06 20:38:49] iter = 00531, loss = 147.2741394043, pixel drift RMS = 33.59430/255, PNG values changed = 98.59199%, samples = ConvNet(seed=265075296,d=2048); ConvNet(seed=1361135788,d=2048)
[2026-10-06 20:39:12] iter = 00532, loss = 98.6618881226, pixel drift RMS = 33.60098/255, PNG values changed = 98.61113%, samples = ConvNet(seed=1870663599,d=2048); ConvNet(seed=644618775,d=2048)
[2026-10-06 20:39:34] iter = 00533, loss = 128.9260864258, pixel drift RMS = 33.59861/255, PNG values changed = 98.61198%, samples = ConvNet(seed=1307449151,d=2048); ConvNet(seed=330484973,d=2048)
[2026-10-06 20:39:55] iter = 00534, loss = 114.7456207275, pixel drift RMS = 33.60918/255, PNG values changed = 98.61113%, samples = ConvNet(seed=421606410,d=2048); ConvNet(seed=1870052796,d=2048)
[2026-10-06 20:40:17] iter = 00535, loss = 121.0256805420, pixel drift RMS = 33.62258/255, PNG values changed = 98.60274%, samples = ConvNet(seed=668137637,d=2048); ConvNet(seed=162616852,d=2048)
[2026-10-06 20:40:40] iter = 00536, loss = 105.2801284790, pixel drift RMS = 33.64153/255, PNG values changed = 98.60801%, samples = ConvNet(seed=607727448,d=2048); ConvNet(seed=1549716935,d=2048)
[2026-10-06 20:41:03] iter = 00537, loss = 138.6394348145, pixel drift RMS = 33.64222/255, PNG values changed = 98.60579%, samples = ConvNet(seed=2135907870,d=2048); ConvNet(seed=1756067069,d=2048)
[2026-10-06 20:41:26] iter = 00538, loss = 159.2433471680, pixel drift RMS = 33.68130/255, PNG values changed = 98.60885%, samples = ConvNet(seed=1227021468,d=2048); ConvNet(seed=1759542576,d=2048)
[2026-10-06 20:41:46] iter = 00539, loss = 194.9733276367, pixel drift RMS = 33.74348/255, PNG values changed = 98.58633%, samples = ConvNet(seed=1628355086,d=2048); ConvNet(seed=2060288157,d=2048)
[2026-10-06 20:42:06] iter = 00540, loss = 160.8342895508, pixel drift RMS = 33.80305/255, PNG values changed = 98.56953%, samples = ConvNet(seed=729981427,d=2048); ConvNet(seed=1599202218,d=2048)
[2026-10-06 20:42:26] iter = 00541, loss = 127.5430297852, pixel drift RMS = 33.83405/255, PNG values changed = 98.58242%, samples = ConvNet(seed=990595031,d=2048); ConvNet(seed=596912385,d=2048)
[2026-10-06 20:42:47] iter = 00542, loss = 144.3110656738, pixel drift RMS = 33.84217/255, PNG values changed = 98.59290%, samples = ConvNet(seed=174124771,d=2048); ConvNet(seed=21885886,d=2048)
[2026-10-06 20:43:07] iter = 00543, loss = 182.9962158203, pixel drift RMS = 33.81139/255, PNG values changed = 98.61745%, samples = ConvNet(seed=1991037495,d=2048); ConvNet(seed=1203004476,d=2048)
[2026-10-06 20:43:27] iter = 00544, loss = 130.6276702881, pixel drift RMS = 33.78220/255, PNG values changed = 98.61452%, samples = ConvNet(seed=244317396,d=2048); ConvNet(seed=1985768166,d=2048)
[2026-10-06 20:43:48] iter = 00545, loss = 120.6182327271, pixel drift RMS = 33.77682/255, PNG values changed = 98.63861%, samples = ConvNet(seed=1736378780,d=2048); ConvNet(seed=1438743383,d=2048)
[2026-10-06 20:44:08] iter = 00546, loss = 112.1332550049, pixel drift RMS = 33.80134/255, PNG values changed = 98.63359%, samples = ConvNet(seed=1784739999,d=2048); ConvNet(seed=837784628,d=2048)
[2026-10-06 20:44:28] iter = 00547, loss = 142.0777130127, pixel drift RMS = 33.85401/255, PNG values changed = 98.62741%, samples = ConvNet(seed=964769166,d=2048); ConvNet(seed=463817325,d=2048)
[2026-10-06 20:44:49] iter = 00548, loss = 126.7141952515, pixel drift RMS = 33.90407/255, PNG values changed = 98.60853%, samples = ConvNet(seed=558079041,d=2048); ConvNet(seed=1347632414,d=2048)
[2026-10-06 20:45:09] iter = 00549, loss = 122.9196090698, pixel drift RMS = 33.93401/255, PNG values changed = 98.61985%, samples = ConvNet(seed=1550536786,d=2048); ConvNet(seed=848967885,d=2048)
[2026-10-06 20:45:29] iter = 00550, loss = 118.0923919678, pixel drift RMS = 33.96003/255, PNG values changed = 98.60528%, samples = ConvNet(seed=2008418032,d=2048); ConvNet(seed=241888078,d=2048)
[2026-10-06 20:45:49] iter = 00551, loss = 117.5994262695, pixel drift RMS = 33.97936/255, PNG values changed = 98.59570%, samples = ConvNet(seed=323564602,d=2048); ConvNet(seed=1979479833,d=2048)
[2026-10-06 20:46:09] iter = 00552, loss = 123.2990875244, pixel drift RMS = 34.00090/255, PNG values changed = 98.60528%, samples = ConvNet(seed=431761665,d=2048); ConvNet(seed=1379577920,d=2048)
[2026-10-06 20:46:29] iter = 00553, loss = 149.3128051758, pixel drift RMS = 34.01947/255, PNG values changed = 98.60417%, samples = ConvNet(seed=622225690,d=2048); ConvNet(seed=438391625,d=2048)
[2026-10-06 20:46:49] iter = 00554, loss = 153.0606994629, pixel drift RMS = 34.01168/255, PNG values changed = 98.60671%, samples = ConvNet(seed=1366615623,d=2048); ConvNet(seed=1478387072,d=2048)
[2026-10-06 20:47:10] iter = 00555, loss = 126.1675109863, pixel drift RMS = 34.02227/255, PNG values changed = 98.63014%, samples = ConvNet(seed=473303260,d=2048); ConvNet(seed=729471534,d=2048)
[2026-10-06 20:47:30] iter = 00556, loss = 136.2201232910, pixel drift RMS = 34.02925/255, PNG values changed = 98.63965%, samples = ConvNet(seed=1833936816,d=2048); ConvNet(seed=1714085569,d=2048)
[2026-10-06 20:47:50] iter = 00557, loss = 109.0892868042, pixel drift RMS = 34.05292/255, PNG values changed = 98.62292%, samples = ConvNet(seed=137692841,d=2048); ConvNet(seed=315548087,d=2048)
[2026-10-06 20:48:10] iter = 00558, loss = 128.6976623535, pixel drift RMS = 34.08742/255, PNG values changed = 98.62878%, samples = ConvNet(seed=2052356336,d=2048); ConvNet(seed=1036893139,d=2048)
[2026-10-06 20:48:31] iter = 00559, loss = 179.3172912598, pixel drift RMS = 34.12025/255, PNG values changed = 98.62298%, samples = ConvNet(seed=135071189,d=2048); ConvNet(seed=1796855265,d=2048)
[2026-10-06 20:48:51] iter = 00560, loss = 171.2454681396, pixel drift RMS = 34.11856/255, PNG values changed = 98.62715%, samples = ConvNet(seed=1276688859,d=2048); ConvNet(seed=1015620411,d=2048)
[2026-10-06 20:49:11] iter = 00561, loss = 145.8993530273, pixel drift RMS = 34.11148/255, PNG values changed = 98.64687%, samples = ConvNet(seed=1572236061,d=2048); ConvNet(seed=1955786465,d=2048)
[2026-10-06 20:49:31] iter = 00562, loss = 185.6774597168, pixel drift RMS = 34.15298/255, PNG values changed = 98.62780%, samples = ConvNet(seed=1809506037,d=2048); ConvNet(seed=1567569520,d=2048)
[2026-10-06 20:49:52] iter = 00563, loss = 177.6043701172, pixel drift RMS = 34.22075/255, PNG values changed = 98.62409%, samples = ConvNet(seed=640114723,d=2048); ConvNet(seed=736351637,d=2048)
[2026-10-06 20:50:11] iter = 00564, loss = 118.8095779419, pixel drift RMS = 34.27355/255, PNG values changed = 98.61009%, samples = ConvNet(seed=637326552,d=2048); ConvNet(seed=1173545750,d=2048)
[2026-10-06 20:50:31] iter = 00565, loss = 132.0092926025, pixel drift RMS = 34.30144/255, PNG values changed = 98.60879%, samples = ConvNet(seed=435278812,d=2048); ConvNet(seed=1354592247,d=2048)
[2026-10-06 20:50:51] iter = 00566, loss = 122.8757781982, pixel drift RMS = 34.31546/255, PNG values changed = 98.62239%, samples = ConvNet(seed=938543862,d=2048); ConvNet(seed=1977192242,d=2048)
[2026-10-06 20:51:11] iter = 00567, loss = 146.3268280029, pixel drift RMS = 34.30404/255, PNG values changed = 98.64310%, samples = ConvNet(seed=2035606171,d=2048); ConvNet(seed=801110450,d=2048)
[2026-10-06 20:51:31] iter = 00568, loss = 118.9529876709, pixel drift RMS = 34.29041/255, PNG values changed = 98.65723%, samples = ConvNet(seed=1529255625,d=2048); ConvNet(seed=83172529,d=2048)
[2026-10-06 20:51:51] iter = 00569, loss = 138.1503906250, pixel drift RMS = 34.27364/255, PNG values changed = 98.66979%, samples = ConvNet(seed=2106489111,d=2048); ConvNet(seed=1676588085,d=2048)
[2026-10-06 20:52:11] iter = 00570, loss = 120.1595230103, pixel drift RMS = 34.27615/255, PNG values changed = 98.66276%, samples = ConvNet(seed=1498024570,d=2048); ConvNet(seed=268111268,d=2048)
[2026-10-06 20:52:32] iter = 00571, loss = 170.5514526367, pixel drift RMS = 34.32208/255, PNG values changed = 98.64212%, samples = ConvNet(seed=961108696,d=2048); ConvNet(seed=2124271383,d=2048)
[2026-10-06 20:52:52] iter = 00572, loss = 161.6072692871, pixel drift RMS = 34.37295/255, PNG values changed = 98.63444%, samples = ConvNet(seed=1346649464,d=2048); ConvNet(seed=1281448536,d=2048)
[2026-10-06 20:53:12] iter = 00573, loss = 104.7549591064, pixel drift RMS = 34.42391/255, PNG values changed = 98.63353%, samples = ConvNet(seed=1173419356,d=2048); ConvNet(seed=1474677634,d=2048)
[2026-10-06 20:53:32] iter = 00574, loss = 155.0536041260, pixel drift RMS = 34.44169/255, PNG values changed = 98.64551%, samples = ConvNet(seed=589637914,d=2048); ConvNet(seed=393214439,d=2048)
[2026-10-06 20:53:52] iter = 00575, loss = 155.7373809814, pixel drift RMS = 34.44585/255, PNG values changed = 98.64576%, samples = ConvNet(seed=541126486,d=2048); ConvNet(seed=1758065671,d=2048)
[2026-10-06 20:54:13] iter = 00576, loss = 159.1388397217, pixel drift RMS = 34.44033/255, PNG values changed = 98.64368%, samples = ConvNet(seed=1272466177,d=2048); ConvNet(seed=2039703018,d=2048)
[2026-10-06 20:54:33] iter = 00577, loss = 127.9723434448, pixel drift RMS = 34.46862/255, PNG values changed = 98.64297%, samples = ConvNet(seed=1654416214,d=2048); ConvNet(seed=869857903,d=2048)
[2026-10-06 20:54:53] iter = 00578, loss = 125.4167327881, pixel drift RMS = 34.48568/255, PNG values changed = 98.64121%, samples = ConvNet(seed=1651218421,d=2048); ConvNet(seed=884786064,d=2048)
[2026-10-06 20:55:13] iter = 00579, loss = 138.2384338379, pixel drift RMS = 34.51524/255, PNG values changed = 98.64538%, samples = ConvNet(seed=669550367,d=2048); ConvNet(seed=2028692525,d=2048)
[2026-10-06 20:55:34] iter = 00580, loss = 120.2884216309, pixel drift RMS = 34.56871/255, PNG values changed = 98.64876%, samples = ConvNet(seed=998398352,d=2048); ConvNet(seed=508400804,d=2048)
[2026-10-06 20:55:54] iter = 00581, loss = 96.5211181641, pixel drift RMS = 34.61887/255, PNG values changed = 98.63372%, samples = ConvNet(seed=907867392,d=2048); ConvNet(seed=1991493851,d=2048)
[2026-10-06 20:56:14] iter = 00582, loss = 134.3435974121, pixel drift RMS = 34.65456/255, PNG values changed = 98.63288%, samples = ConvNet(seed=1891784431,d=2048); ConvNet(seed=1376693174,d=2048)
[2026-10-06 20:56:35] iter = 00583, loss = 122.1293182373, pixel drift RMS = 34.65980/255, PNG values changed = 98.63489%, samples = ConvNet(seed=887481085,d=2048); ConvNet(seed=1731209555,d=2048)
[2026-10-06 20:56:54] iter = 00584, loss = 143.1810913086, pixel drift RMS = 34.65929/255, PNG values changed = 98.63027%, samples = ConvNet(seed=879859934,d=2048); ConvNet(seed=1337162867,d=2048)
[2026-10-06 20:57:15] iter = 00585, loss = 151.9071655273, pixel drift RMS = 34.66691/255, PNG values changed = 98.62793%, samples = ConvNet(seed=311784552,d=2048); ConvNet(seed=2075120430,d=2048)
[2026-10-06 20:57:35] iter = 00586, loss = 114.0662231445, pixel drift RMS = 34.68232/255, PNG values changed = 98.63086%, samples = ConvNet(seed=2028125207,d=2048); ConvNet(seed=2075838759,d=2048)
[2026-10-06 20:57:55] iter = 00587, loss = 130.8334045410, pixel drift RMS = 34.70868/255, PNG values changed = 98.63060%, samples = ConvNet(seed=1219104768,d=2048); ConvNet(seed=1057325836,d=2048)
[2026-10-06 20:58:16] iter = 00588, loss = 130.2755737305, pixel drift RMS = 34.72694/255, PNG values changed = 98.63574%, samples = ConvNet(seed=110017379,d=2048); ConvNet(seed=768821429,d=2048)
[2026-10-06 20:58:36] iter = 00589, loss = 129.4489746094, pixel drift RMS = 34.76085/255, PNG values changed = 98.62591%, samples = ConvNet(seed=240809304,d=2048); ConvNet(seed=1847887457,d=2048)
[2026-10-06 20:58:56] iter = 00590, loss = 123.0055847168, pixel drift RMS = 34.79429/255, PNG values changed = 98.63210%, samples = ConvNet(seed=395806031,d=2048); ConvNet(seed=1749788117,d=2048)
[2026-10-06 20:59:16] iter = 00591, loss = 111.8131256104, pixel drift RMS = 34.82497/255, PNG values changed = 98.61810%, samples = ConvNet(seed=1876648294,d=2048); ConvNet(seed=933957644,d=2048)
[2026-10-06 20:59:37] iter = 00592, loss = 149.5204010010, pixel drift RMS = 34.82098/255, PNG values changed = 98.63971%, samples = ConvNet(seed=1871490327,d=2048); ConvNet(seed=1164617242,d=2048)
[2026-10-06 20:59:57] iter = 00593, loss = 136.8588562012, pixel drift RMS = 34.82239/255, PNG values changed = 98.65534%, samples = ConvNet(seed=1346745246,d=2048); ConvNet(seed=817585887,d=2048)
[2026-10-06 21:00:17] iter = 00594, loss = 112.3807678223, pixel drift RMS = 34.83738/255, PNG values changed = 98.64681%, samples = ConvNet(seed=929944306,d=2048); ConvNet(seed=1185410633,d=2048)
[2026-10-06 21:00:37] iter = 00595, loss = 120.9622344971, pixel drift RMS = 34.85558/255, PNG values changed = 98.63600%, samples = ConvNet(seed=1565342529,d=2048); ConvNet(seed=852633934,d=2048)
[2026-10-06 21:00:57] iter = 00596, loss = 100.4029312134, pixel drift RMS = 34.86193/255, PNG values changed = 98.65143%, samples = ConvNet(seed=1082842194,d=2048); ConvNet(seed=1313751627,d=2048)
[2026-10-06 21:01:17] iter = 00597, loss = 158.3586883545, pixel drift RMS = 34.89233/255, PNG values changed = 98.65124%, samples = ConvNet(seed=670932555,d=2048); ConvNet(seed=443349173,d=2048)
[2026-10-06 21:01:37] iter = 00598, loss = 114.6319046021, pixel drift RMS = 34.92350/255, PNG values changed = 98.64889%, samples = ConvNet(seed=1179532199,d=2048); ConvNet(seed=268635461,d=2048)
[2026-10-06 21:01:58] iter = 00599, loss = 132.0216369629, pixel drift RMS = 34.93010/255, PNG values changed = 98.65631%, samples = ConvNet(seed=2035832326,d=2048); ConvNet(seed=1919223529,d=2048)
[2026-10-06 21:02:18] iter = 00600, loss = 144.4205474854, pixel drift RMS = 34.92175/255, PNG values changed = 98.65905%, samples = ConvNet(seed=330278198,d=2048); ConvNet(seed=1887210527,d=2048)
-------------------------
Evaluation
model_train = ConvNet, model_eval = ConvNet, iteration = 600
[2026-10-06 21:03:00] Evaluate_SSL_00: method = simclr ssl epoch = 1000 linear epoch = 0100 labeled = 1.00% train time = 40 s ssl loss = 4.299831 train loss = 0.016567 train acc = 1.0000, test acc = 0.3825
[2026-10-06 21:03:41] Evaluate_SSL_01: method = simclr ssl epoch = 1000 linear epoch = 0100 labeled = 1.00% train time = 40 s ssl loss = 4.312303 train loss = 0.017175 train acc = 1.0000, test acc = 0.3837
[2026-10-06 21:04:23] Evaluate_SSL_02: method = simclr ssl epoch = 1000 linear epoch = 0100 labeled = 1.00% train time = 40 s ssl loss = 4.293646 train loss = 0.011231 train acc = 1.0000, test acc = 0.3647
[2026-10-06 21:05:04] Evaluate_SSL_03: method = simclr ssl epoch = 1000 linear epoch = 0100 labeled = 1.00% train time = 40 s ssl loss = 4.284253 train loss = 0.016372 train acc = 1.0000, test acc = 0.3713
[2026-10-06 21:05:46] Evaluate_SSL_04: method = simclr ssl epoch = 1000 linear epoch = 0100 labeled = 1.00% train time = 40 s ssl loss = 4.301293 train loss = 0.014707 train acc = 1.0000, test acc = 0.3665
[2026-10-06 21:06:27] Evaluate_SSL_05: method = simclr ssl epoch = 1000 linear epoch = 0100 labeled = 1.00% train time = 40 s ssl loss = 4.291960 train loss = 0.010866 train acc = 1.0000, test acc = 0.3899
Evaluate 6 random ConvNet, mean = 0.3764 std = 0.0094
-------------------------
[2026-10-06 21:06:47] iter = 00601, loss = 116.4155426025, pixel drift RMS = 34.92712/255, PNG values changed = 98.64967%, samples = ConvNet(seed=1374716163,d=2048); ConvNet(seed=1394269171,d=2048)
[2026-10-06 21:07:08] iter = 00602, loss = 126.4603500366, pixel drift RMS = 34.94488/255, PNG values changed = 98.65690%, samples = ConvNet(seed=1012975168,d=2048); ConvNet(seed=107768058,d=2048)
[2026-10-06 21:07:28] iter = 00603, loss = 124.9795379639, pixel drift RMS = 34.97022/255, PNG values changed = 98.66367%, samples = ConvNet(seed=957522829,d=2048); ConvNet(seed=2143511109,d=2048)
[2026-10-06 21:07:48] iter = 00604, loss = 193.8866577148, pixel drift RMS = 34.97071/255, PNG values changed = 98.65781%, samples = ConvNet(seed=1426751581,d=2048); ConvNet(seed=762018361,d=2048)
[2026-10-06 21:08:08] iter = 00605, loss = 132.2622070312, pixel drift RMS = 34.97731/255, PNG values changed = 98.66113%, samples = ConvNet(seed=2056621418,d=2048); ConvNet(seed=560350791,d=2048)
[2026-10-06 21:08:28] iter = 00606, loss = 113.5136032104, pixel drift RMS = 34.98071/255, PNG values changed = 98.67044%, samples = ConvNet(seed=1041896497,d=2048); ConvNet(seed=1768049481,d=2048)
[2026-10-06 21:08:48] iter = 00607, loss = 180.9747009277, pixel drift RMS = 34.99194/255, PNG values changed = 98.65046%, samples = ConvNet(seed=313318561,d=2048); ConvNet(seed=1183406432,d=2048)
[2026-10-06 21:09:08] iter = 00608, loss = 177.6472930908, pixel drift RMS = 34.99711/255, PNG values changed = 98.65879%, samples = ConvNet(seed=746169687,d=2048); ConvNet(seed=419797187,d=2048)
[2026-10-06 21:09:28] iter = 00609, loss = 167.5671386719, pixel drift RMS = 35.03673/255, PNG values changed = 98.65410%, samples = ConvNet(seed=2136862294,d=2048); ConvNet(seed=196870361,d=2048)
[2026-10-06 21:09:49] iter = 00610, loss = 128.3084411621, pixel drift RMS = 35.07112/255, PNG values changed = 98.64564%, samples = ConvNet(seed=1521245882,d=2048); ConvNet(seed=1643587192,d=2048)
[2026-10-06 21:10:09] iter = 00611, loss = 114.7947158813, pixel drift RMS = 35.09667/255, PNG values changed = 98.66171%, samples = ConvNet(seed=313368704,d=2048); ConvNet(seed=474715334,d=2048)
[2026-10-06 21:10:29] iter = 00612, loss = 123.2358398438, pixel drift RMS = 35.11139/255, PNG values changed = 98.66654%, samples = ConvNet(seed=302874850,d=2048); ConvNet(seed=1665233401,d=2048)
[2026-10-06 21:10:49] iter = 00613, loss = 150.5380249023, pixel drift RMS = 35.09222/255, PNG values changed = 98.67702%, samples = ConvNet(seed=468788085,d=2048); ConvNet(seed=1698223537,d=2048)
[2026-10-06 21:11:09] iter = 00614, loss = 146.4102783203, pixel drift RMS = 35.08780/255, PNG values changed = 98.68802%, samples = ConvNet(seed=2088184135,d=2048); ConvNet(seed=471301433,d=2048)
[2026-10-06 21:11:29] iter = 00615, loss = 112.7335357666, pixel drift RMS = 35.10596/255, PNG values changed = 98.68392%, samples = ConvNet(seed=1166734533,d=2048); ConvNet(seed=1496489178,d=2048)
[2026-10-06 21:11:49] iter = 00616, loss = 152.8086547852, pixel drift RMS = 35.15242/255, PNG values changed = 98.66543%, samples = ConvNet(seed=1042949766,d=2048); ConvNet(seed=1557452402,d=2048)
[2026-10-06 21:12:09] iter = 00617, loss = 141.5126800537, pixel drift RMS = 35.17200/255, PNG values changed = 98.66647%, samples = ConvNet(seed=1167212531,d=2048); ConvNet(seed=1984858138,d=2048)
[2026-10-06 21:12:29] iter = 00618, loss = 136.6765441895, pixel drift RMS = 35.18653/255, PNG values changed = 98.67311%, samples = ConvNet(seed=207430001,d=2048); ConvNet(seed=983333684,d=2048)
[2026-10-06 21:12:48] iter = 00619, loss = 127.9800262451, pixel drift RMS = 35.21738/255, PNG values changed = 98.66465%, samples = ConvNet(seed=872375587,d=2048); ConvNet(seed=175986443,d=2048)
[2026-10-06 21:13:09] iter = 00620, loss = 140.9821319580, pixel drift RMS = 35.25267/255, PNG values changed = 98.66354%, samples = ConvNet(seed=3268263,d=2048); ConvNet(seed=372005174,d=2048)
[2026-10-06 21:13:29] iter = 00621, loss = 123.5640411377, pixel drift RMS = 35.27119/255, PNG values changed = 98.65175%, samples = ConvNet(seed=596015017,d=2048); ConvNet(seed=34740803,d=2048)
[2026-10-06 21:13:50] iter = 00622, loss = 164.6639556885, pixel drift RMS = 35.29289/255, PNG values changed = 98.64088%, samples = ConvNet(seed=880816986,d=2048); ConvNet(seed=78003323,d=2048)
[2026-10-06 21:14:09] iter = 00623, loss = 133.0224609375, pixel drift RMS = 35.28697/255, PNG values changed = 98.65410%, samples = ConvNet(seed=451618692,d=2048); ConvNet(seed=1590045941,d=2048)
[2026-10-06 21:14:30] iter = 00624, loss = 116.8164825439, pixel drift RMS = 35.27486/255, PNG values changed = 98.66790%, samples = ConvNet(seed=620098746,d=2048); ConvNet(seed=1783691205,d=2048)
[2026-10-06 21:14:50] iter = 00625, loss = 214.8114013672, pixel drift RMS = 35.29486/255, PNG values changed = 98.68060%, samples = ConvNet(seed=2130996158,d=2048); ConvNet(seed=51040046,d=2048)
[2026-10-06 21:15:10] iter = 00626, loss = 114.1159439087, pixel drift RMS = 35.33367/255, PNG values changed = 98.65853%, samples = ConvNet(seed=1575570156,d=2048); ConvNet(seed=207483162,d=2048)
[2026-10-06 21:15:31] iter = 00627, loss = 127.9165802002, pixel drift RMS = 35.37283/255, PNG values changed = 98.65150%, samples = ConvNet(seed=1330419612,d=2048); ConvNet(seed=1777993612,d=2048)
[2026-10-06 21:15:50] iter = 00628, loss = 112.3635635376, pixel drift RMS = 35.39525/255, PNG values changed = 98.64876%, samples = ConvNet(seed=1021750442,d=2048); ConvNet(seed=1960861098,d=2048)
[2026-10-06 21:16:10] iter = 00629, loss = 114.7047424316, pixel drift RMS = 35.41113/255, PNG values changed = 98.62962%, samples = ConvNet(seed=1446957568,d=2048); ConvNet(seed=1902514794,d=2048)
[2026-10-06 21:16:30] iter = 00630, loss = 127.1578979492, pixel drift RMS = 35.41950/255, PNG values changed = 98.63965%, samples = ConvNet(seed=266458005,d=2048); ConvNet(seed=41143711,d=2048)
[2026-10-06 21:16:50] iter = 00631, loss = 125.7616271973, pixel drift RMS = 35.43457/255, PNG values changed = 98.65150%, samples = ConvNet(seed=1840736688,d=2048); ConvNet(seed=1327718937,d=2048)
[2026-10-06 21:17:10] iter = 00632, loss = 133.7445526123, pixel drift RMS = 35.45134/255, PNG values changed = 98.63235%, samples = ConvNet(seed=1016551811,d=2048); ConvNet(seed=144625776,d=2048)
[2026-10-06 21:17:30] iter = 00633, loss = 119.5618286133, pixel drift RMS = 35.47242/255, PNG values changed = 98.63737%, samples = ConvNet(seed=1838950962,d=2048); ConvNet(seed=874193106,d=2048)
[2026-10-06 21:17:51] iter = 00634, loss = 137.5950622559, pixel drift RMS = 35.47493/255, PNG values changed = 98.64642%, samples = ConvNet(seed=165620020,d=2048); ConvNet(seed=662388693,d=2048)
[2026-10-06 21:18:11] iter = 00635, loss = 113.4621505737, pixel drift RMS = 35.47832/255, PNG values changed = 98.65716%, samples = ConvNet(seed=1232593406,d=2048); ConvNet(seed=1122581445,d=2048)
[2026-10-06 21:18:31] iter = 00636, loss = 175.0805664062, pixel drift RMS = 35.48972/255, PNG values changed = 98.64440%, samples = ConvNet(seed=275065627,d=2048); ConvNet(seed=251318571,d=2048)
[2026-10-06 21:18:51] iter = 00637, loss = 159.3133850098, pixel drift RMS = 35.52440/255, PNG values changed = 98.63307%, samples = ConvNet(seed=1439143399,d=2048); ConvNet(seed=491042120,d=2048)
[2026-10-06 21:19:11] iter = 00638, loss = 124.1243896484, pixel drift RMS = 35.54903/255, PNG values changed = 98.63255%, samples = ConvNet(seed=1322878255,d=2048); ConvNet(seed=731336242,d=2048)
[2026-10-06 21:19:31] iter = 00639, loss = 135.9865112305, pixel drift RMS = 35.56636/255, PNG values changed = 98.65378%, samples = ConvNet(seed=436787759,d=2048); ConvNet(seed=1653506158,d=2048)
[2026-10-06 21:19:51] iter = 00640, loss = 106.5472259521, pixel drift RMS = 35.56328/255, PNG values changed = 98.65228%, samples = ConvNet(seed=2100343652,d=2048); ConvNet(seed=296546318,d=2048)
[2026-10-06 21:20:11] iter = 00641, loss = 131.1220092773, pixel drift RMS = 35.58001/255, PNG values changed = 98.64232%, samples = ConvNet(seed=105049774,d=2048); ConvNet(seed=1414181400,d=2048)
[2026-10-06 21:20:32] iter = 00642, loss = 166.2300720215, pixel drift RMS = 35.61277/255, PNG values changed = 98.64876%, samples = ConvNet(seed=237759817,d=2048); ConvNet(seed=408731924,d=2048)
[2026-10-06 21:20:52] iter = 00643, loss = 144.5659790039, pixel drift RMS = 35.62423/255, PNG values changed = 98.65820%, samples = ConvNet(seed=483169825,d=2048); ConvNet(seed=732892970,d=2048)
[2026-10-06 21:21:12] iter = 00644, loss = 146.0958557129, pixel drift RMS = 35.61388/255, PNG values changed = 98.66979%, samples = ConvNet(seed=640806071,d=2048); ConvNet(seed=1326171888,d=2048)
[2026-10-06 21:21:32] iter = 00645, loss = 198.9225769043, pixel drift RMS = 35.56055/255, PNG values changed = 98.68951%, samples = ConvNet(seed=792559759,d=2048); ConvNet(seed=1044806029,d=2048)
srun: Job step aborted: Waiting up to 32 seconds for job step to finish.
[2026-10-07T03:21:48.671] error: *** JOB 1342860 ON rack04-09 CANCELLED AT 2026-10-07T03:21:48 DUE TO TIME LIMIT ***
[2026-10-07T03:21:48.671] error: *** STEP 1342860.0 ON rack04-09 CANCELLED AT 2026-10-07T03:21:48 DUE TO TIME LIMIT ***
