PyTorch: 2.9.1 CUDA: True GPU: NVIDIA H100 80GB HBM3
Starting CIFAR-10 teacher on kn174 at Mon Sep 28 01:36:23 PM EDT 2026
CUDA_VISIBLE_DEVICES=0
MKDT Barlow Twins teacher settings
  datasets:           CIFAR10
  data path:          /home/mmoslem3/scratch/data
  checkpoint dir:     /home/mmoslem3/scratch/MKDT/krrst_teacher_ckpt
  device:             0
  epochs:             1000
  batch size:         256
  learning rate:      0.01
  schedule:           10-epoch warmup + cosine decay
  weight decay:       1e-6
  projection dim:     1024
  representation dim: 512
  Barlow lambda:      0.0078125
  log every:          50 iterations

Training CIFAR10 teacher
Command: python3 train_teacher.py --dataset CIFAR10 --data_path /home/mmoslem3/scratch/data --ckpt_dir /home/mmoslem3/scratch/MKDT/krrst_teacher_ckpt --device 0 --epochs 1000 --batch_size 256 --lr 0.01 --weight_decay 1e-6 --proj_dim 1024 --lambd 0.0078125 --warmup_epochs 10 --num_workers 1 --seed 0 --checkpoint_every 10 --log_every 50
Resolved teacher configuration:
  dataset:          CIFAR10
  examples:         50000
  device:           cuda:0
  epochs:           1000
  batch size:       256
  base LR:          0.01
  warmup epochs:    10
  schedule:         cosine
  weight decay:     1e-06
  projection dim:   1024
  representation:   512
  Barlow lambda:    0.0078125
  log every:        50 iterations
CIFAR10 epoch 1/1000 iteration 50/195 loss=682.3351 lr=0.00025641
CIFAR10 epoch 1/1000 iteration 100/195 loss=587.8940 lr=0.000512821
CIFAR10 epoch 1/1000 iteration 150/195 loss=540.0372 lr=0.000769231
CIFAR10 epoch 1/1000 iteration 195/195 loss=510.1267 lr=0.001
CIFAR10 epoch 2/1000 iteration 50/195 loss=389.1845 lr=0.00125641
CIFAR10 epoch 2/1000 iteration 100/195 loss=377.7217 lr=0.00151282
CIFAR10 epoch 2/1000 iteration 150/195 loss=370.2446 lr=0.00176923
CIFAR10 epoch 2/1000 iteration 195/195 loss=363.6558 lr=0.002
CIFAR10 epoch 3/1000 iteration 50/195 loss=327.3097 lr=0.00225641
CIFAR10 epoch 3/1000 iteration 100/195 loss=321.9782 lr=0.00251282
CIFAR10 epoch 3/1000 iteration 150/195 loss=313.9457 lr=0.00276923
CIFAR10 epoch 3/1000 iteration 195/195 loss=308.4052 lr=0.003
CIFAR10 epoch 4/1000 iteration 50/195 loss=286.2798 lr=0.00325641
CIFAR10 epoch 4/1000 iteration 100/195 loss=282.7337 lr=0.00351282
CIFAR10 epoch 4/1000 iteration 150/195 loss=280.3839 lr=0.00376923
CIFAR10 epoch 4/1000 iteration 195/195 loss=277.0939 lr=0.004
CIFAR10 epoch 5/1000 iteration 50/195 loss=261.3462 lr=0.00425641
CIFAR10 epoch 5/1000 iteration 100/195 loss=258.0476 lr=0.00451282
CIFAR10 epoch 5/1000 iteration 150/195 loss=256.9485 lr=0.00476923
CIFAR10 epoch 5/1000 iteration 195/195 loss=255.7236 lr=0.005
CIFAR10 epoch 6/1000 iteration 50/195 loss=245.5858 lr=0.00525641
CIFAR10 epoch 6/1000 iteration 100/195 loss=241.7009 lr=0.00551282
CIFAR10 epoch 6/1000 iteration 150/195 loss=239.8738 lr=0.00576923
CIFAR10 epoch 6/1000 iteration 195/195 loss=237.8541 lr=0.006
CIFAR10 epoch 7/1000 iteration 50/195 loss=227.1967 lr=0.00625641
CIFAR10 epoch 7/1000 iteration 100/195 loss=227.9177 lr=0.00651282
CIFAR10 epoch 7/1000 iteration 150/195 loss=227.1454 lr=0.00676923
CIFAR10 epoch 7/1000 iteration 195/195 loss=225.7253 lr=0.007
CIFAR10 epoch 8/1000 iteration 50/195 loss=218.7388 lr=0.00725641
CIFAR10 epoch 8/1000 iteration 100/195 loss=217.4293 lr=0.00751282
CIFAR10 epoch 8/1000 iteration 150/195 loss=216.9627 lr=0.00776923
CIFAR10 epoch 8/1000 iteration 195/195 loss=216.5122 lr=0.008
CIFAR10 epoch 9/1000 iteration 50/195 loss=212.4777 lr=0.00825641
CIFAR10 epoch 9/1000 iteration 100/195 loss=209.6119 lr=0.00851282
CIFAR10 epoch 9/1000 iteration 150/195 loss=208.2361 lr=0.00876923
CIFAR10 epoch 9/1000 iteration 195/195 loss=207.2384 lr=0.009
CIFAR10 epoch 10/1000 iteration 50/195 loss=203.2662 lr=0.00925641
CIFAR10 epoch 10/1000 iteration 100/195 loss=204.3855 lr=0.00951282
CIFAR10 epoch 10/1000 iteration 150/195 loss=204.3889 lr=0.00976923
CIFAR10 epoch 10/1000 iteration 195/195 loss=203.5522 lr=0.01
[epoch 10/1000] saved backbone: /home/mmoslem3/scratch/MKDT/krrst_teacher_ckpt/barlow_twins_resnet18_cifar10.pt
CIFAR10 epoch 11/1000 iteration 50/195 loss=200.0362 lr=0.01
CIFAR10 epoch 11/1000 iteration 100/195 loss=198.9487 lr=0.00999999
CIFAR10 epoch 11/1000 iteration 150/195 loss=198.0581 lr=0.00999999
CIFAR10 epoch 11/1000 iteration 195/195 loss=197.0687 lr=0.00999997
CIFAR10 epoch 12/1000 iteration 50/195 loss=189.5340 lr=0.00999996
CIFAR10 epoch 12/1000 iteration 100/195 loss=190.0736 lr=0.00999994
CIFAR10 epoch 12/1000 iteration 150/195 loss=189.6370 lr=0.00999992
CIFAR10 epoch 12/1000 iteration 195/195 loss=189.3754 lr=0.0099999
CIFAR10 epoch 13/1000 iteration 50/195 loss=182.7804 lr=0.00999987
CIFAR10 epoch 13/1000 iteration 100/195 loss=184.3216 lr=0.00999984
CIFAR10 epoch 13/1000 iteration 150/195 loss=184.5546 lr=0.00999981
CIFAR10 epoch 13/1000 iteration 195/195 loss=184.3563 lr=0.00999977
CIFAR10 epoch 14/1000 iteration 50/195 loss=180.7074 lr=0.00999973
CIFAR10 epoch 14/1000 iteration 100/195 loss=180.1302 lr=0.00999969
CIFAR10 epoch 14/1000 iteration 150/195 loss=179.6881 lr=0.00999964
CIFAR10 epoch 14/1000 iteration 195/195 loss=179.5186 lr=0.0099996
CIFAR10 epoch 15/1000 iteration 50/195 loss=177.0733 lr=0.00999954
CIFAR10 epoch 15/1000 iteration 100/195 loss=177.2100 lr=0.00999949
CIFAR10 epoch 15/1000 iteration 150/195 loss=176.6432 lr=0.00999943
CIFAR10 epoch 15/1000 iteration 195/195 loss=176.1262 lr=0.00999937
CIFAR10 epoch 16/1000 iteration 50/195 loss=171.2973 lr=0.00999931
CIFAR10 epoch 16/1000 iteration 100/195 loss=172.6851 lr=0.00999924
CIFAR10 epoch 16/1000 iteration 150/195 loss=172.3424 lr=0.00999916
CIFAR10 epoch 16/1000 iteration 195/195 loss=172.9294 lr=0.00999909
CIFAR10 epoch 17/1000 iteration 50/195 loss=171.1917 lr=0.00999902
CIFAR10 epoch 17/1000 iteration 100/195 loss=170.6504 lr=0.00999893
CIFAR10 epoch 17/1000 iteration 150/195 loss=170.4704 lr=0.00999885
CIFAR10 epoch 17/1000 iteration 195/195 loss=170.8192 lr=0.00999877
CIFAR10 epoch 18/1000 iteration 50/195 loss=169.4046 lr=0.00999868
CIFAR10 epoch 18/1000 iteration 100/195 loss=168.2372 lr=0.00999858
CIFAR10 epoch 18/1000 iteration 150/195 loss=168.7837 lr=0.00999848
CIFAR10 epoch 18/1000 iteration 195/195 loss=168.5526 lr=0.00999839
CIFAR10 epoch 19/1000 iteration 50/195 loss=166.4628 lr=0.00999829
CIFAR10 epoch 19/1000 iteration 100/195 loss=165.8076 lr=0.00999818
CIFAR10 epoch 19/1000 iteration 150/195 loss=166.3970 lr=0.00999807
CIFAR10 epoch 19/1000 iteration 195/195 loss=166.4774 lr=0.00999796
CIFAR10 epoch 20/1000 iteration 50/195 loss=167.3332 lr=0.00999785
CIFAR10 epoch 20/1000 iteration 100/195 loss=164.3115 lr=0.00999772
CIFAR10 epoch 20/1000 iteration 150/195 loss=163.8718 lr=0.0099976
CIFAR10 epoch 20/1000 iteration 195/195 loss=163.4672 lr=0.00999749
[epoch 20/1000] saved backbone: /home/mmoslem3/scratch/MKDT/krrst_teacher_ckpt/barlow_twins_resnet18_cifar10.pt
CIFAR10 epoch 21/1000 iteration 50/195 loss=162.1554 lr=0.00999735
CIFAR10 epoch 21/1000 iteration 100/195 loss=162.4072 lr=0.00999722
CIFAR10 epoch 21/1000 iteration 150/195 loss=162.8653 lr=0.00999708
CIFAR10 epoch 21/1000 iteration 195/195 loss=163.2092 lr=0.00999696
CIFAR10 epoch 22/1000 iteration 50/195 loss=162.9198 lr=0.00999681
CIFAR10 epoch 22/1000 iteration 100/195 loss=161.3637 lr=0.00999667
CIFAR10 epoch 22/1000 iteration 150/195 loss=160.5749 lr=0.00999652
CIFAR10 epoch 22/1000 iteration 195/195 loss=159.7759 lr=0.00999638
CIFAR10 epoch 23/1000 iteration 50/195 loss=161.4291 lr=0.00999622
CIFAR10 epoch 23/1000 iteration 100/195 loss=159.6497 lr=0.00999606
CIFAR10 epoch 23/1000 iteration 150/195 loss=160.1603 lr=0.0099959
CIFAR10 epoch 23/1000 iteration 195/195 loss=159.8180 lr=0.00999575
CIFAR10 epoch 24/1000 iteration 50/195 loss=159.0481 lr=0.00999558
CIFAR10 epoch 24/1000 iteration 100/195 loss=159.9559 lr=0.00999541
CIFAR10 epoch 24/1000 iteration 150/195 loss=160.7983 lr=0.00999523
CIFAR10 epoch 24/1000 iteration 195/195 loss=160.3501 lr=0.00999507
CIFAR10 epoch 25/1000 iteration 50/195 loss=155.1856 lr=0.00999489
CIFAR10 epoch 25/1000 iteration 100/195 loss=156.6409 lr=0.0099947
CIFAR10 epoch 25/1000 iteration 150/195 loss=156.8427 lr=0.00999452
CIFAR10 epoch 25/1000 iteration 195/195 loss=156.5416 lr=0.00999434
CIFAR10 epoch 26/1000 iteration 50/195 loss=155.6801 lr=0.00999415
CIFAR10 epoch 26/1000 iteration 100/195 loss=154.6059 lr=0.00999395
CIFAR10 epoch 26/1000 iteration 150/195 loss=155.0177 lr=0.00999375
CIFAR10 epoch 26/1000 iteration 195/195 loss=155.3460 lr=0.00999356
CIFAR10 epoch 27/1000 iteration 50/195 loss=151.6286 lr=0.00999336
CIFAR10 epoch 27/1000 iteration 100/195 loss=152.1338 lr=0.00999314
CIFAR10 epoch 27/1000 iteration 150/195 loss=152.3183 lr=0.00999293
CIFAR10 epoch 27/1000 iteration 195/195 loss=152.7129 lr=0.00999273
CIFAR10 epoch 28/1000 iteration 50/195 loss=153.1752 lr=0.00999251
CIFAR10 epoch 28/1000 iteration 100/195 loss=152.1586 lr=0.00999229
CIFAR10 epoch 28/1000 iteration 150/195 loss=152.4585 lr=0.00999206
CIFAR10 epoch 28/1000 iteration 195/195 loss=152.2435 lr=0.00999185
CIFAR10 epoch 29/1000 iteration 50/195 loss=151.4483 lr=0.00999162
CIFAR10 epoch 29/1000 iteration 100/195 loss=150.8606 lr=0.00999138
CIFAR10 epoch 29/1000 iteration 150/195 loss=151.4252 lr=0.00999114
CIFAR10 epoch 29/1000 iteration 195/195 loss=151.9134 lr=0.00999092
CIFAR10 epoch 30/1000 iteration 50/195 loss=151.0815 lr=0.00999068
CIFAR10 epoch 30/1000 iteration 100/195 loss=150.9111 lr=0.00999043
CIFAR10 epoch 30/1000 iteration 150/195 loss=151.2226 lr=0.00999017
CIFAR10 epoch 30/1000 iteration 195/195 loss=150.8005 lr=0.00998994
[epoch 30/1000] saved backbone: /home/mmoslem3/scratch/MKDT/krrst_teacher_ckpt/barlow_twins_resnet18_cifar10.pt
CIFAR10 epoch 31/1000 iteration 50/195 loss=149.2165 lr=0.00998968
CIFAR10 epoch 31/1000 iteration 100/195 loss=150.1490 lr=0.00998942
CIFAR10 epoch 31/1000 iteration 150/195 loss=149.6785 lr=0.00998916
CIFAR10 epoch 31/1000 iteration 195/195 loss=150.0975 lr=0.00998891
CIFAR10 epoch 32/1000 iteration 50/195 loss=147.5466 lr=0.00998864
CIFAR10 epoch 32/1000 iteration 100/195 loss=147.0575 lr=0.00998837
CIFAR10 epoch 32/1000 iteration 150/195 loss=147.1229 lr=0.00998809
CIFAR10 epoch 32/1000 iteration 195/195 loss=146.9484 lr=0.00998783
CIFAR10 epoch 33/1000 iteration 50/195 loss=149.6999 lr=0.00998755
CIFAR10 epoch 33/1000 iteration 100/195 loss=147.1486 lr=0.00998726
CIFAR10 epoch 33/1000 iteration 150/195 loss=146.5912 lr=0.00998697
CIFAR10 epoch 33/1000 iteration 195/195 loss=146.3582 lr=0.0099867
CIFAR10 epoch 34/1000 iteration 50/195 loss=145.1880 lr=0.0099864
CIFAR10 epoch 34/1000 iteration 100/195 loss=145.3806 lr=0.0099861
CIFAR10 epoch 34/1000 iteration 150/195 loss=145.3488 lr=0.0099858
CIFAR10 epoch 34/1000 iteration 195/195 loss=145.2372 lr=0.00998552
CIFAR10 epoch 35/1000 iteration 50/195 loss=146.1494 lr=0.00998521
CIFAR10 epoch 35/1000 iteration 100/195 loss=144.6007 lr=0.0099849
CIFAR10 epoch 35/1000 iteration 150/195 loss=144.4255 lr=0.00998458
CIFAR10 epoch 35/1000 iteration 195/195 loss=144.3241 lr=0.00998429
CIFAR10 epoch 36/1000 iteration 50/195 loss=145.7915 lr=0.00998397
CIFAR10 epoch 36/1000 iteration 100/195 loss=145.1123 lr=0.00998364
CIFAR10 epoch 36/1000 iteration 150/195 loss=145.4928 lr=0.00998331
CIFAR10 epoch 36/1000 iteration 195/195 loss=145.7184 lr=0.00998301
CIFAR10 epoch 37/1000 iteration 50/195 loss=141.9973 lr=0.00998267
CIFAR10 epoch 37/1000 iteration 100/195 loss=141.7997 lr=0.00998233
CIFAR10 epoch 37/1000 iteration 150/195 loss=142.4697 lr=0.00998199
CIFAR10 epoch 37/1000 iteration 195/195 loss=142.9087 lr=0.00998168
CIFAR10 epoch 38/1000 iteration 50/195 loss=146.5601 lr=0.00998133
CIFAR10 epoch 38/1000 iteration 100/195 loss=144.6043 lr=0.00998097
CIFAR10 epoch 38/1000 iteration 150/195 loss=143.8196 lr=0.00998062
CIFAR10 epoch 38/1000 iteration 195/195 loss=143.7914 lr=0.0099803
CIFAR10 epoch 39/1000 iteration 50/195 loss=142.9193 lr=0.00997993
CIFAR10 epoch 39/1000 iteration 100/195 loss=142.4892 lr=0.00997957
CIFAR10 epoch 39/1000 iteration 150/195 loss=141.7637 lr=0.0099792
CIFAR10 epoch 39/1000 iteration 195/195 loss=141.4667 lr=0.00997886
CIFAR10 epoch 40/1000 iteration 50/195 loss=137.9220 lr=0.00997849
CIFAR10 epoch 40/1000 iteration 100/195 loss=138.6848 lr=0.00997811
CIFAR10 epoch 40/1000 iteration 150/195 loss=139.8445 lr=0.00997773
CIFAR10 epoch 40/1000 iteration 195/195 loss=140.0945 lr=0.00997738
[epoch 40/1000] saved backbone: /home/mmoslem3/scratch/MKDT/krrst_teacher_ckpt/barlow_twins_resnet18_cifar10.pt
CIFAR10 epoch 41/1000 iteration 50/195 loss=138.3445 lr=0.00997699
CIFAR10 epoch 41/1000 iteration 100/195 loss=139.4625 lr=0.0099766
CIFAR10 epoch 41/1000 iteration 150/195 loss=139.5185 lr=0.00997621
CIFAR10 epoch 41/1000 iteration 195/195 loss=139.8644 lr=0.00997585
CIFAR10 epoch 42/1000 iteration 50/195 loss=135.7226 lr=0.00997545
CIFAR10 epoch 42/1000 iteration 100/195 loss=137.2990 lr=0.00997505
CIFAR10 epoch 42/1000 iteration 150/195 loss=137.8665 lr=0.00997464
CIFAR10 epoch 42/1000 iteration 195/195 loss=138.0347 lr=0.00997427
CIFAR10 epoch 43/1000 iteration 50/195 loss=137.9656 lr=0.00997386
CIFAR10 epoch 43/1000 iteration 100/195 loss=137.9518 lr=0.00997344
CIFAR10 epoch 43/1000 iteration 150/195 loss=137.8320 lr=0.00997302
CIFAR10 epoch 43/1000 iteration 195/195 loss=138.2371 lr=0.00997264
CIFAR10 epoch 44/1000 iteration 50/195 loss=138.1310 lr=0.00997221
CIFAR10 epoch 44/1000 iteration 100/195 loss=138.1648 lr=0.00997178
CIFAR10 epoch 44/1000 iteration 150/195 loss=137.3964 lr=0.00997135
CIFAR10 epoch 44/1000 iteration 195/195 loss=137.0581 lr=0.00997096
CIFAR10 epoch 45/1000 iteration 50/195 loss=133.3879 lr=0.00997052
CIFAR10 epoch 45/1000 iteration 100/195 loss=133.9381 lr=0.00997007
CIFAR10 epoch 45/1000 iteration 150/195 loss=135.6991 lr=0.00996963
CIFAR10 epoch 45/1000 iteration 195/195 loss=135.4874 lr=0.00996922
CIFAR10 epoch 46/1000 iteration 50/195 loss=135.2160 lr=0.00996877
CIFAR10 epoch 46/1000 iteration 100/195 loss=135.0251 lr=0.00996832
CIFAR10 epoch 46/1000 iteration 150/195 loss=135.4507 lr=0.00996786
CIFAR10 epoch 46/1000 iteration 195/195 loss=135.9012 lr=0.00996744
CIFAR10 epoch 47/1000 iteration 50/195 loss=135.8231 lr=0.00996698
CIFAR10 epoch 47/1000 iteration 100/195 loss=134.0560 lr=0.00996651
CIFAR10 epoch 47/1000 iteration 150/195 loss=132.9213 lr=0.00996604
CIFAR10 epoch 47/1000 iteration 195/195 loss=133.5215 lr=0.00996561
CIFAR10 epoch 48/1000 iteration 50/195 loss=132.8006 lr=0.00996513
CIFAR10 epoch 48/1000 iteration 100/195 loss=133.0418 lr=0.00996465
CIFAR10 epoch 48/1000 iteration 150/195 loss=133.6881 lr=0.00996417
CIFAR10 epoch 48/1000 iteration 195/195 loss=133.4460 lr=0.00996373
CIFAR10 epoch 49/1000 iteration 50/195 loss=131.6783 lr=0.00996324
CIFAR10 epoch 49/1000 iteration 100/195 loss=132.6091 lr=0.00996274
CIFAR10 epoch 49/1000 iteration 150/195 loss=132.9896 lr=0.00996225
CIFAR10 epoch 49/1000 iteration 195/195 loss=133.2362 lr=0.0099618
CIFAR10 epoch 50/1000 iteration 50/195 loss=129.5148 lr=0.00996129
CIFAR10 epoch 50/1000 iteration 100/195 loss=129.7566 lr=0.00996079
CIFAR10 epoch 50/1000 iteration 150/195 loss=129.8356 lr=0.00996028
CIFAR10 epoch 50/1000 iteration 195/195 loss=130.1014 lr=0.00995981
[epoch 50/1000] saved backbone: /home/mmoslem3/scratch/MKDT/krrst_teacher_ckpt/barlow_twins_resnet18_cifar10.pt
CIFAR10 epoch 51/1000 iteration 50/195 loss=133.5249 lr=0.0099593
CIFAR10 epoch 51/1000 iteration 100/195 loss=131.8359 lr=0.00995878
CIFAR10 epoch 51/1000 iteration 150/195 loss=130.9192 lr=0.00995826
CIFAR10 epoch 51/1000 iteration 195/195 loss=131.0870 lr=0.00995778
CIFAR10 epoch 52/1000 iteration 50/195 loss=132.0378 lr=0.00995725
CIFAR10 epoch 52/1000 iteration 100/195 loss=131.7641 lr=0.00995672
CIFAR10 epoch 52/1000 iteration 150/195 loss=131.7658 lr=0.00995619
CIFAR10 epoch 52/1000 iteration 195/195 loss=132.2560 lr=0.0099557
CIFAR10 epoch 53/1000 iteration 50/195 loss=129.1913 lr=0.00995516
CIFAR10 epoch 53/1000 iteration 100/195 loss=129.2008 lr=0.00995461
CIFAR10 epoch 53/1000 iteration 150/195 loss=129.0436 lr=0.00995407
CIFAR10 epoch 53/1000 iteration 195/195 loss=129.3587 lr=0.00995357
CIFAR10 epoch 54/1000 iteration 50/195 loss=130.6180 lr=0.00995302
CIFAR10 epoch 54/1000 iteration 100/195 loss=131.3956 lr=0.00995246
CIFAR10 epoch 54/1000 iteration 150/195 loss=130.5662 lr=0.0099519
CIFAR10 epoch 54/1000 iteration 195/195 loss=130.3326 lr=0.00995139
CIFAR10 epoch 55/1000 iteration 50/195 loss=128.6523 lr=0.00995082
CIFAR10 epoch 55/1000 iteration 100/195 loss=128.8117 lr=0.00995025
CIFAR10 epoch 55/1000 iteration 150/195 loss=128.7530 lr=0.00994968
CIFAR10 epoch 55/1000 iteration 195/195 loss=128.8279 lr=0.00994916
CIFAR10 epoch 56/1000 iteration 50/195 loss=130.0786 lr=0.00994858
CIFAR10 epoch 56/1000 iteration 100/195 loss=130.2054 lr=0.00994799
CIFAR10 epoch 56/1000 iteration 150/195 loss=130.5377 lr=0.00994741
CIFAR10 epoch 56/1000 iteration 195/195 loss=130.4054 lr=0.00994688
CIFAR10 epoch 57/1000 iteration 50/195 loss=125.7383 lr=0.00994628
CIFAR10 epoch 57/1000 iteration 100/195 loss=126.2180 lr=0.00994569
CIFAR10 epoch 57/1000 iteration 150/195 loss=127.8352 lr=0.00994509
CIFAR10 epoch 57/1000 iteration 195/195 loss=128.2305 lr=0.00994455
CIFAR10 epoch 58/1000 iteration 50/195 loss=127.5718 lr=0.00994394
CIFAR10 epoch 58/1000 iteration 100/195 loss=126.7244 lr=0.00994333
CIFAR10 epoch 58/1000 iteration 150/195 loss=126.4324 lr=0.00994272
CIFAR10 epoch 58/1000 iteration 195/195 loss=126.6460 lr=0.00994217
CIFAR10 epoch 59/1000 iteration 50/195 loss=127.2547 lr=0.00994155
CIFAR10 epoch 59/1000 iteration 100/195 loss=127.2640 lr=0.00994093
CIFAR10 epoch 59/1000 iteration 150/195 loss=127.3460 lr=0.0099403
CIFAR10 epoch 59/1000 iteration 195/195 loss=127.1481 lr=0.00993974
CIFAR10 epoch 60/1000 iteration 50/195 loss=127.4853 lr=0.00993911
CIFAR10 epoch 60/1000 iteration 100/195 loss=126.8603 lr=0.00993847
CIFAR10 epoch 60/1000 iteration 150/195 loss=126.7064 lr=0.00993783
CIFAR10 epoch 60/1000 iteration 195/195 loss=126.7504 lr=0.00993726
[epoch 60/1000] saved backbone: /home/mmoslem3/scratch/MKDT/krrst_teacher_ckpt/barlow_twins_resnet18_cifar10.pt
CIFAR10 epoch 61/1000 iteration 50/195 loss=124.4421 lr=0.00993661
CIFAR10 epoch 61/1000 iteration 100/195 loss=124.6670 lr=0.00993597
CIFAR10 epoch 61/1000 iteration 150/195 loss=124.7818 lr=0.00993532
CIFAR10 epoch 61/1000 iteration 195/195 loss=124.8082 lr=0.00993473
CIFAR10 epoch 62/1000 iteration 50/195 loss=123.4781 lr=0.00993407
CIFAR10 epoch 62/1000 iteration 100/195 loss=124.2718 lr=0.00993341
CIFAR10 epoch 62/1000 iteration 150/195 loss=123.8292 lr=0.00993275
CIFAR10 epoch 62/1000 iteration 195/195 loss=124.3602 lr=0.00993215
CIFAR10 epoch 63/1000 iteration 50/195 loss=121.5833 lr=0.00993148
CIFAR10 epoch 63/1000 iteration 100/195 loss=122.0846 lr=0.00993081
CIFAR10 epoch 63/1000 iteration 150/195 loss=123.2007 lr=0.00993013
CIFAR10 epoch 63/1000 iteration 195/195 loss=123.0864 lr=0.00992952
CIFAR10 epoch 64/1000 iteration 50/195 loss=125.5976 lr=0.00992884
CIFAR10 epoch 64/1000 iteration 100/195 loss=124.5327 lr=0.00992815
CIFAR10 epoch 64/1000 iteration 150/195 loss=124.1887 lr=0.00992746
CIFAR10 epoch 64/1000 iteration 195/195 loss=124.1772 lr=0.00992684
CIFAR10 epoch 65/1000 iteration 50/195 loss=121.3119 lr=0.00992615
CIFAR10 epoch 65/1000 iteration 100/195 loss=123.1678 lr=0.00992545
CIFAR10 epoch 65/1000 iteration 150/195 loss=123.5393 lr=0.00992475
CIFAR10 epoch 65/1000 iteration 195/195 loss=123.5236 lr=0.00992411
CIFAR10 epoch 66/1000 iteration 50/195 loss=122.4830 lr=0.00992341
CIFAR10 epoch 66/1000 iteration 100/195 loss=122.8916 lr=0.0099227
CIFAR10 epoch 66/1000 iteration 150/195 loss=122.5838 lr=0.00992198
CIFAR10 epoch 66/1000 iteration 195/195 loss=123.0593 lr=0.00992134
CIFAR10 epoch 67/1000 iteration 50/195 loss=121.0055 lr=0.00992062
CIFAR10 epoch 67/1000 iteration 100/195 loss=120.7888 lr=0.00991989
CIFAR10 epoch 67/1000 iteration 150/195 loss=121.6325 lr=0.00991917
CIFAR10 epoch 67/1000 iteration 195/195 loss=121.8239 lr=0.00991851
CIFAR10 epoch 68/1000 iteration 50/195 loss=123.3587 lr=0.00991778
CIFAR10 epoch 68/1000 iteration 100/195 loss=122.4956 lr=0.00991704
CIFAR10 epoch 68/1000 iteration 150/195 loss=122.5484 lr=0.0099163
CIFAR10 epoch 68/1000 iteration 195/195 loss=121.8778 lr=0.00991563
CIFAR10 epoch 69/1000 iteration 50/195 loss=119.4496 lr=0.00991489
CIFAR10 epoch 69/1000 iteration 100/195 loss=121.0380 lr=0.00991414
CIFAR10 epoch 69/1000 iteration 150/195 loss=121.3631 lr=0.00991339
CIFAR10 epoch 69/1000 iteration 195/195 loss=121.5319 lr=0.00991271
CIFAR10 epoch 70/1000 iteration 50/195 loss=118.5802 lr=0.00991195
CIFAR10 epoch 70/1000 iteration 100/195 loss=119.8428 lr=0.00991119
CIFAR10 epoch 70/1000 iteration 150/195 loss=120.2004 lr=0.00991042
CIFAR10 epoch 70/1000 iteration 195/195 loss=120.1129 lr=0.00990973
[epoch 70/1000] saved backbone: /home/mmoslem3/scratch/MKDT/krrst_teacher_ckpt/barlow_twins_resnet18_cifar10.pt
CIFAR10 epoch 71/1000 iteration 50/195 loss=120.0089 lr=0.00990896
CIFAR10 epoch 71/1000 iteration 100/195 loss=120.4046 lr=0.00990819
CIFAR10 epoch 71/1000 iteration 150/195 loss=120.3242 lr=0.00990741
CIFAR10 epoch 71/1000 iteration 195/195 loss=120.6482 lr=0.00990671
CIFAR10 epoch 72/1000 iteration 50/195 loss=119.4282 lr=0.00990593
CIFAR10 epoch 72/1000 iteration 100/195 loss=119.3787 lr=0.00990514
CIFAR10 epoch 72/1000 iteration 150/195 loss=119.0038 lr=0.00990435
CIFAR10 epoch 72/1000 iteration 195/195 loss=118.9355 lr=0.00990364
CIFAR10 epoch 73/1000 iteration 50/195 loss=117.3395 lr=0.00990284
CIFAR10 epoch 73/1000 iteration 100/195 loss=120.2851 lr=0.00990204
CIFAR10 epoch 73/1000 iteration 150/195 loss=120.2045 lr=0.00990124
CIFAR10 epoch 73/1000 iteration 195/195 loss=119.7139 lr=0.00990051
CIFAR10 epoch 74/1000 iteration 50/195 loss=116.0039 lr=0.0098997
CIFAR10 epoch 74/1000 iteration 100/195 loss=117.4691 lr=0.00989889
CIFAR10 epoch 74/1000 iteration 150/195 loss=118.6572 lr=0.00989808
CIFAR10 epoch 74/1000 iteration 195/195 loss=119.0777 lr=0.00989734
CIFAR10 epoch 75/1000 iteration 50/195 loss=119.9136 lr=0.00989652
CIFAR10 epoch 75/1000 iteration 100/195 loss=118.4070 lr=0.00989569
CIFAR10 epoch 75/1000 iteration 150/195 loss=118.7599 lr=0.00989487
CIFAR10 epoch 75/1000 iteration 195/195 loss=119.0972 lr=0.00989412
CIFAR10 epoch 76/1000 iteration 50/195 loss=117.5529 lr=0.00989328
CIFAR10 epoch 76/1000 iteration 100/195 loss=118.3744 lr=0.00989245
CIFAR10 epoch 76/1000 iteration 150/195 loss=118.2662 lr=0.00989161
CIFAR10 epoch 76/1000 iteration 195/195 loss=118.0992 lr=0.00989085
CIFAR10 epoch 77/1000 iteration 50/195 loss=120.1111 lr=0.00989
CIFAR10 epoch 77/1000 iteration 100/195 loss=119.1629 lr=0.00988915
CIFAR10 epoch 77/1000 iteration 150/195 loss=118.4685 lr=0.0098883
CIFAR10 epoch 77/1000 iteration 195/195 loss=118.3244 lr=0.00988753
CIFAR10 epoch 78/1000 iteration 50/195 loss=117.1018 lr=0.00988667
CIFAR10 epoch 78/1000 iteration 100/195 loss=116.8516 lr=0.00988581
CIFAR10 epoch 78/1000 iteration 150/195 loss=117.2667 lr=0.00988494
CIFAR10 epoch 78/1000 iteration 195/195 loss=117.4354 lr=0.00988416
CIFAR10 epoch 79/1000 iteration 50/195 loss=116.0806 lr=0.00988329
CIFAR10 epoch 79/1000 iteration 100/195 loss=118.0073 lr=0.00988241
CIFAR10 epoch 79/1000 iteration 150/195 loss=118.3080 lr=0.00988153
CIFAR10 epoch 79/1000 iteration 195/195 loss=117.9794 lr=0.00988074
CIFAR10 epoch 80/1000 iteration 50/195 loss=114.8643 lr=0.00987985
CIFAR10 epoch 80/1000 iteration 100/195 loss=114.8660 lr=0.00987897
CIFAR10 epoch 80/1000 iteration 150/195 loss=115.2509 lr=0.00987808
CIFAR10 epoch 80/1000 iteration 195/195 loss=115.5403 lr=0.00987727
[epoch 80/1000] saved backbone: /home/mmoslem3/scratch/MKDT/krrst_teacher_ckpt/barlow_twins_resnet18_cifar10.pt
CIFAR10 epoch 81/1000 iteration 50/195 loss=114.5297 lr=0.00987637
CIFAR10 epoch 81/1000 iteration 100/195 loss=115.9266 lr=0.00987547
CIFAR10 epoch 81/1000 iteration 150/195 loss=115.9725 lr=0.00987457
CIFAR10 epoch 81/1000 iteration 195/195 loss=115.6181 lr=0.00987376
CIFAR10 epoch 82/1000 iteration 50/195 loss=117.9355 lr=0.00987285
CIFAR10 epoch 82/1000 iteration 100/195 loss=116.5342 lr=0.00987193
CIFAR10 epoch 82/1000 iteration 150/195 loss=116.6388 lr=0.00987102
CIFAR10 epoch 82/1000 iteration 195/195 loss=116.5876 lr=0.00987019
CIFAR10 epoch 83/1000 iteration 50/195 loss=116.1424 lr=0.00986927
CIFAR10 epoch 83/1000 iteration 100/195 loss=115.7710 lr=0.00986834
CIFAR10 epoch 83/1000 iteration 150/195 loss=115.4502 lr=0.00986741
CIFAR10 epoch 83/1000 iteration 195/195 loss=115.4216 lr=0.00986657
CIFAR10 epoch 84/1000 iteration 50/195 loss=113.8536 lr=0.00986564
CIFAR10 epoch 84/1000 iteration 100/195 loss=114.5780 lr=0.0098647
CIFAR10 epoch 84/1000 iteration 150/195 loss=115.0673 lr=0.00986376
CIFAR10 epoch 84/1000 iteration 195/195 loss=115.7259 lr=0.00986291
CIFAR10 epoch 85/1000 iteration 50/195 loss=113.8933 lr=0.00986196
CIFAR10 epoch 85/1000 iteration 100/195 loss=114.4076 lr=0.00986101
CIFAR10 epoch 85/1000 iteration 150/195 loss=114.2829 lr=0.00986006
CIFAR10 epoch 85/1000 iteration 195/195 loss=114.6813 lr=0.0098592
CIFAR10 epoch 86/1000 iteration 50/195 loss=114.8841 lr=0.00985824
CIFAR10 epoch 86/1000 iteration 100/195 loss=114.1960 lr=0.00985728
CIFAR10 epoch 86/1000 iteration 150/195 loss=114.1131 lr=0.00985631
CIFAR10 epoch 86/1000 iteration 195/195 loss=114.0588 lr=0.00985544
CIFAR10 epoch 87/1000 iteration 50/195 loss=112.7987 lr=0.00985447
CIFAR10 epoch 87/1000 iteration 100/195 loss=113.2139 lr=0.00985349
CIFAR10 epoch 87/1000 iteration 150/195 loss=113.8722 lr=0.00985251
CIFAR10 epoch 87/1000 iteration 195/195 loss=114.5235 lr=0.00985163
CIFAR10 epoch 88/1000 iteration 50/195 loss=114.2610 lr=0.00985064
CIFAR10 epoch 88/1000 iteration 100/195 loss=114.7773 lr=0.00984965
CIFAR10 epoch 88/1000 iteration 150/195 loss=114.8437 lr=0.00984866
CIFAR10 epoch 88/1000 iteration 195/195 loss=114.3054 lr=0.00984777
CIFAR10 epoch 89/1000 iteration 50/195 loss=113.6196 lr=0.00984677
CIFAR10 epoch 89/1000 iteration 100/195 loss=113.3282 lr=0.00984577
CIFAR10 epoch 89/1000 iteration 150/195 loss=112.7730 lr=0.00984477
CIFAR10 epoch 89/1000 iteration 195/195 loss=112.1441 lr=0.00984386
CIFAR10 epoch 90/1000 iteration 50/195 loss=113.2768 lr=0.00984285
CIFAR10 epoch 90/1000 iteration 100/195 loss=112.2794 lr=0.00984184
CIFAR10 epoch 90/1000 iteration 150/195 loss=112.1747 lr=0.00984082
CIFAR10 epoch 90/1000 iteration 195/195 loss=112.4520 lr=0.0098399
[epoch 90/1000] saved backbone: /home/mmoslem3/scratch/MKDT/krrst_teacher_ckpt/barlow_twins_resnet18_cifar10.pt
CIFAR10 epoch 91/1000 iteration 50/195 loss=112.0887 lr=0.00983888
CIFAR10 epoch 91/1000 iteration 100/195 loss=112.1339 lr=0.00983786
CIFAR10 epoch 91/1000 iteration 150/195 loss=112.5563 lr=0.00983683
CIFAR10 epoch 91/1000 iteration 195/195 loss=113.2960 lr=0.0098359
CIFAR10 epoch 92/1000 iteration 50/195 loss=113.5381 lr=0.00983486
CIFAR10 epoch 92/1000 iteration 100/195 loss=112.6046 lr=0.00983383
CIFAR10 epoch 92/1000 iteration 150/195 loss=112.4062 lr=0.00983278
CIFAR10 epoch 92/1000 iteration 195/195 loss=112.6556 lr=0.00983184
CIFAR10 epoch 93/1000 iteration 50/195 loss=110.6563 lr=0.0098308
CIFAR10 epoch 93/1000 iteration 100/195 loss=111.7677 lr=0.00982975
CIFAR10 epoch 93/1000 iteration 150/195 loss=112.3485 lr=0.00982869
CIFAR10 epoch 93/1000 iteration 195/195 loss=111.8638 lr=0.00982774
CIFAR10 epoch 94/1000 iteration 50/195 loss=110.7295 lr=0.00982668
CIFAR10 epoch 94/1000 iteration 100/195 loss=112.0043 lr=0.00982562
CIFAR10 epoch 94/1000 iteration 150/195 loss=111.6396 lr=0.00982455
CIFAR10 epoch 94/1000 iteration 195/195 loss=111.7880 lr=0.00982359
CIFAR10 epoch 95/1000 iteration 50/195 loss=111.9162 lr=0.00982252
CIFAR10 epoch 95/1000 iteration 100/195 loss=111.6809 lr=0.00982144
CIFAR10 epoch 95/1000 iteration 150/195 loss=111.3504 lr=0.00982037
CIFAR10 epoch 95/1000 iteration 195/195 loss=111.1999 lr=0.00981939
CIFAR10 epoch 96/1000 iteration 50/195 loss=110.5189 lr=0.00981831
CIFAR10 epoch 96/1000 iteration 100/195 loss=110.8489 lr=0.00981722
CIFAR10 epoch 96/1000 iteration 150/195 loss=111.4119 lr=0.00981613
CIFAR10 epoch 96/1000 iteration 195/195 loss=112.1196 lr=0.00981514
CIFAR10 epoch 97/1000 iteration 50/195 loss=111.9001 lr=0.00981405
CIFAR10 epoch 97/1000 iteration 100/195 loss=110.6976 lr=0.00981295
CIFAR10 epoch 97/1000 iteration 150/195 loss=110.9985 lr=0.00981184
CIFAR10 epoch 97/1000 iteration 195/195 loss=110.7597 lr=0.00981085
CIFAR10 epoch 98/1000 iteration 50/195 loss=109.8975 lr=0.00980974
CIFAR10 epoch 98/1000 iteration 100/195 loss=109.1227 lr=0.00980862
CIFAR10 epoch 98/1000 iteration 150/195 loss=109.6425 lr=0.00980751
CIFAR10 epoch 98/1000 iteration 195/195 loss=110.0471 lr=0.0098065
CIFAR10 epoch 99/1000 iteration 50/195 loss=110.8727 lr=0.00980538
CIFAR10 epoch 99/1000 iteration 100/195 loss=110.3949 lr=0.00980426
CIFAR10 epoch 99/1000 iteration 150/195 loss=111.0662 lr=0.00980313
CIFAR10 epoch 99/1000 iteration 195/195 loss=111.2000 lr=0.00980211
CIFAR10 epoch 100/1000 iteration 50/195 loss=110.7669 lr=0.00980097
CIFAR10 epoch 100/1000 iteration 100/195 loss=110.4648 lr=0.00979984
CIFAR10 epoch 100/1000 iteration 150/195 loss=110.4995 lr=0.0097987
CIFAR10 epoch 100/1000 iteration 195/195 loss=110.1692 lr=0.00979767
[epoch 100/1000] saved backbone: /home/mmoslem3/scratch/MKDT/krrst_teacher_ckpt/barlow_twins_resnet18_cifar10.pt
CIFAR10 epoch 101/1000 iteration 50/195 loss=109.2780 lr=0.00979652
CIFAR10 epoch 101/1000 iteration 100/195 loss=109.6218 lr=0.00979537
CIFAR10 epoch 101/1000 iteration 150/195 loss=109.5882 lr=0.00979422
CIFAR10 epoch 101/1000 iteration 195/195 loss=109.5724 lr=0.00979318
CIFAR10 epoch 102/1000 iteration 50/195 loss=110.2653 lr=0.00979202
CIFAR10 epoch 102/1000 iteration 100/195 loss=108.7191 lr=0.00979086
CIFAR10 epoch 102/1000 iteration 150/195 loss=108.3250 lr=0.00978969
CIFAR10 epoch 102/1000 iteration 195/195 loss=109.0353 lr=0.00978864
CIFAR10 epoch 103/1000 iteration 50/195 loss=109.6209 lr=0.00978747
CIFAR10 epoch 103/1000 iteration 100/195 loss=109.7452 lr=0.00978629
CIFAR10 epoch 103/1000 iteration 150/195 loss=110.1264 lr=0.00978512
CIFAR10 epoch 103/1000 iteration 195/195 loss=109.9582 lr=0.00978405
CIFAR10 epoch 104/1000 iteration 50/195 loss=108.2223 lr=0.00978287
CIFAR10 epoch 104/1000 iteration 100/195 loss=108.0972 lr=0.00978168
CIFAR10 epoch 104/1000 iteration 150/195 loss=109.1538 lr=0.00978049
CIFAR10 epoch 104/1000 iteration 195/195 loss=108.9780 lr=0.00977942
CIFAR10 epoch 105/1000 iteration 50/195 loss=107.2044 lr=0.00977822
CIFAR10 epoch 105/1000 iteration 100/195 loss=108.5699 lr=0.00977702
CIFAR10 epoch 105/1000 iteration 150/195 loss=108.6253 lr=0.00977582
CIFAR10 epoch 105/1000 iteration 195/195 loss=108.6811 lr=0.00977474
CIFAR10 epoch 106/1000 iteration 50/195 loss=108.1695 lr=0.00977353
CIFAR10 epoch 106/1000 iteration 100/195 loss=107.6813 lr=0.00977232
CIFAR10 epoch 106/1000 iteration 150/195 loss=107.8907 lr=0.0097711
CIFAR10 epoch 106/1000 iteration 195/195 loss=108.4382 lr=0.00977001
CIFAR10 epoch 107/1000 iteration 50/195 loss=107.1882 lr=0.00976879
CIFAR10 epoch 107/1000 iteration 100/195 loss=107.8808 lr=0.00976756
CIFAR10 epoch 107/1000 iteration 150/195 loss=107.7311 lr=0.00976633
CIFAR10 epoch 107/1000 iteration 195/195 loss=107.2978 lr=0.00976523
CIFAR10 epoch 108/1000 iteration 50/195 loss=107.9080 lr=0.00976399
CIFAR10 epoch 108/1000 iteration 100/195 loss=108.0327 lr=0.00976276
CIFAR10 epoch 108/1000 iteration 150/195 loss=107.2968 lr=0.00976152
CIFAR10 epoch 108/1000 iteration 195/195 loss=107.2886 lr=0.0097604
CIFAR10 epoch 109/1000 iteration 50/195 loss=108.4197 lr=0.00975916
CIFAR10 epoch 109/1000 iteration 100/195 loss=108.3649 lr=0.00975791
CIFAR10 epoch 109/1000 iteration 150/195 loss=108.6451 lr=0.00975666
CIFAR10 epoch 109/1000 iteration 195/195 loss=108.6507 lr=0.00975553
CIFAR10 epoch 110/1000 iteration 50/195 loss=108.0219 lr=0.00975427
CIFAR10 epoch 110/1000 iteration 100/195 loss=108.9878 lr=0.00975301
CIFAR10 epoch 110/1000 iteration 150/195 loss=108.9135 lr=0.00975175
CIFAR10 epoch 110/1000 iteration 195/195 loss=108.5173 lr=0.00975061
[epoch 110/1000] saved backbone: /home/mmoslem3/scratch/MKDT/krrst_teacher_ckpt/barlow_twins_resnet18_cifar10.pt
CIFAR10 epoch 111/1000 iteration 50/195 loss=104.7252 lr=0.00974934
CIFAR10 epoch 111/1000 iteration 100/195 loss=106.2060 lr=0.00974806
CIFAR10 epoch 111/1000 iteration 150/195 loss=106.6674 lr=0.00974679
CIFAR10 epoch 111/1000 iteration 195/195 loss=107.0727 lr=0.00974564
CIFAR10 epoch 112/1000 iteration 50/195 loss=107.4660 lr=0.00974435
CIFAR10 epoch 112/1000 iteration 100/195 loss=107.1071 lr=0.00974307
CIFAR10 epoch 112/1000 iteration 150/195 loss=107.1022 lr=0.00974178
CIFAR10 epoch 112/1000 iteration 195/195 loss=106.8664 lr=0.00974062
CIFAR10 epoch 113/1000 iteration 50/195 loss=106.0961 lr=0.00973932
CIFAR10 epoch 113/1000 iteration 100/195 loss=106.2203 lr=0.00973803
CIFAR10 epoch 113/1000 iteration 150/195 loss=106.5423 lr=0.00973673
CIFAR10 epoch 113/1000 iteration 195/195 loss=106.4248 lr=0.00973555
CIFAR10 epoch 114/1000 iteration 50/195 loss=104.5603 lr=0.00973425
CIFAR10 epoch 114/1000 iteration 100/195 loss=105.6361 lr=0.00973294
CIFAR10 epoch 114/1000 iteration 150/195 loss=105.6945 lr=0.00973162
CIFAR10 epoch 114/1000 iteration 195/195 loss=106.0969 lr=0.00973044
CIFAR10 epoch 115/1000 iteration 50/195 loss=106.4651 lr=0.00972912
CIFAR10 epoch 115/1000 iteration 100/195 loss=106.7527 lr=0.0097278
CIFAR10 epoch 115/1000 iteration 150/195 loss=106.6925 lr=0.00972647
CIFAR10 epoch 115/1000 iteration 195/195 loss=106.5582 lr=0.00972528
CIFAR10 epoch 116/1000 iteration 50/195 loss=104.1546 lr=0.00972395
CIFAR10 epoch 116/1000 iteration 100/195 loss=104.3794 lr=0.00972261
CIFAR10 epoch 116/1000 iteration 150/195 loss=105.2074 lr=0.00972128
CIFAR10 epoch 116/1000 iteration 195/195 loss=105.7919 lr=0.00972007
CIFAR10 epoch 117/1000 iteration 50/195 loss=105.8355 lr=0.00971873
CIFAR10 epoch 117/1000 iteration 100/195 loss=105.8416 lr=0.00971738
CIFAR10 epoch 117/1000 iteration 150/195 loss=105.8679 lr=0.00971603
CIFAR10 epoch 117/1000 iteration 195/195 loss=106.1364 lr=0.00971482
CIFAR10 epoch 118/1000 iteration 50/195 loss=106.2359 lr=0.00971346
CIFAR10 epoch 118/1000 iteration 100/195 loss=106.3324 lr=0.0097121
CIFAR10 epoch 118/1000 iteration 150/195 loss=106.2383 lr=0.00971074
CIFAR10 epoch 118/1000 iteration 195/195 loss=106.1400 lr=0.00970951
CIFAR10 epoch 119/1000 iteration 50/195 loss=103.3123 lr=0.00970815
CIFAR10 epoch 119/1000 iteration 100/195 loss=104.4587 lr=0.00970677
CIFAR10 epoch 119/1000 iteration 150/195 loss=104.6432 lr=0.0097054
CIFAR10 epoch 119/1000 iteration 195/195 loss=104.6943 lr=0.00970416
CIFAR10 epoch 120/1000 iteration 50/195 loss=104.8326 lr=0.00970278
CIFAR10 epoch 120/1000 iteration 100/195 loss=105.0458 lr=0.0097014
CIFAR10 epoch 120/1000 iteration 150/195 loss=105.0665 lr=0.00970001
CIFAR10 epoch 120/1000 iteration 195/195 loss=105.0177 lr=0.00969876
[epoch 120/1000] saved backbone: /home/mmoslem3/scratch/MKDT/krrst_teacher_ckpt/barlow_twins_resnet18_cifar10.pt
CIFAR10 epoch 121/1000 iteration 50/195 loss=103.2641 lr=0.00969737
CIFAR10 epoch 121/1000 iteration 100/195 loss=103.6647 lr=0.00969598
CIFAR10 epoch 121/1000 iteration 150/195 loss=103.8724 lr=0.00969458
CIFAR10 epoch 121/1000 iteration 195/195 loss=104.4238 lr=0.00969332
CIFAR10 epoch 122/1000 iteration 50/195 loss=104.3514 lr=0.00969192
CIFAR10 epoch 122/1000 iteration 100/195 loss=103.8386 lr=0.00969051
CIFAR10 epoch 122/1000 iteration 150/195 loss=103.9094 lr=0.0096891
CIFAR10 epoch 122/1000 iteration 195/195 loss=104.6732 lr=0.00968783
CIFAR10 epoch 123/1000 iteration 50/195 loss=103.7180 lr=0.00968641
CIFAR10 epoch 123/1000 iteration 100/195 loss=104.5410 lr=0.00968499
CIFAR10 epoch 123/1000 iteration 150/195 loss=104.5839 lr=0.00968357
CIFAR10 epoch 123/1000 iteration 195/195 loss=105.0451 lr=0.00968229
CIFAR10 epoch 124/1000 iteration 50/195 loss=105.5472 lr=0.00968086
CIFAR10 epoch 124/1000 iteration 100/195 loss=104.7374 lr=0.00967943
CIFAR10 epoch 124/1000 iteration 150/195 loss=104.5339 lr=0.009678
CIFAR10 epoch 124/1000 iteration 195/195 loss=104.7141 lr=0.0096767
CIFAR10 epoch 125/1000 iteration 50/195 loss=103.9224 lr=0.00967526
CIFAR10 epoch 125/1000 iteration 100/195 loss=103.4763 lr=0.00967382
CIFAR10 epoch 125/1000 iteration 150/195 loss=104.5394 lr=0.00967237
CIFAR10 epoch 125/1000 iteration 195/195 loss=104.3996 lr=0.00967107
CIFAR10 epoch 126/1000 iteration 50/195 loss=102.1429 lr=0.00966962
CIFAR10 epoch 126/1000 iteration 100/195 loss=103.5697 lr=0.00966816
CIFAR10 epoch 126/1000 iteration 150/195 loss=103.5759 lr=0.0096667
CIFAR10 epoch 126/1000 iteration 195/195 loss=104.0047 lr=0.00966539
CIFAR10 epoch 127/1000 iteration 50/195 loss=105.3708 lr=0.00966392
CIFAR10 epoch 127/1000 iteration 100/195 loss=103.9483 lr=0.00966246
CIFAR10 epoch 127/1000 iteration 150/195 loss=103.2769 lr=0.00966099
CIFAR10 epoch 127/1000 iteration 195/195 loss=103.6050 lr=0.00965966
CIFAR10 epoch 128/1000 iteration 50/195 loss=102.6101 lr=0.00965818
CIFAR10 epoch 128/1000 iteration 100/195 loss=102.5648 lr=0.00965671
CIFAR10 epoch 128/1000 iteration 150/195 loss=103.2440 lr=0.00965522
CIFAR10 epoch 128/1000 iteration 195/195 loss=103.4571 lr=0.00965389
CIFAR10 epoch 129/1000 iteration 50/195 loss=102.3382 lr=0.0096524
CIFAR10 epoch 129/1000 iteration 100/195 loss=103.0050 lr=0.00965091
CIFAR10 epoch 129/1000 iteration 150/195 loss=102.5772 lr=0.00964941
CIFAR10 epoch 129/1000 iteration 195/195 loss=103.1951 lr=0.00964807
CIFAR10 epoch 130/1000 iteration 50/195 loss=103.8095 lr=0.00964657
CIFAR10 epoch 130/1000 iteration 100/195 loss=103.8158 lr=0.00964506
CIFAR10 epoch 130/1000 iteration 150/195 loss=103.6789 lr=0.00964356
CIFAR10 epoch 130/1000 iteration 195/195 loss=103.7588 lr=0.0096422
[epoch 130/1000] saved backbone: /home/mmoslem3/scratch/MKDT/krrst_teacher_ckpt/barlow_twins_resnet18_cifar10.pt
CIFAR10 epoch 131/1000 iteration 50/195 loss=104.0387 lr=0.00964069
CIFAR10 epoch 131/1000 iteration 100/195 loss=103.2657 lr=0.00963917
CIFAR10 epoch 131/1000 iteration 150/195 loss=103.5230 lr=0.00963765
CIFAR10 epoch 131/1000 iteration 195/195 loss=103.6681 lr=0.00963628
CIFAR10 epoch 132/1000 iteration 50/195 loss=100.4477 lr=0.00963476
CIFAR10 epoch 132/1000 iteration 100/195 loss=101.9012 lr=0.00963323
CIFAR10 epoch 132/1000 iteration 150/195 loss=102.3611 lr=0.0096317
CIFAR10 epoch 132/1000 iteration 195/195 loss=102.6676 lr=0.00963032
CIFAR10 epoch 133/1000 iteration 50/195 loss=102.0396 lr=0.00962879
CIFAR10 epoch 133/1000 iteration 100/195 loss=102.2857 lr=0.00962725
CIFAR10 epoch 133/1000 iteration 150/195 loss=102.0343 lr=0.00962571
CIFAR10 epoch 133/1000 iteration 195/195 loss=101.8325 lr=0.00962431
CIFAR10 epoch 134/1000 iteration 50/195 loss=101.5659 lr=0.00962277
CIFAR10 epoch 134/1000 iteration 100/195 loss=102.0236 lr=0.00962122
CIFAR10 epoch 134/1000 iteration 150/195 loss=102.7426 lr=0.00961966
CIFAR10 epoch 134/1000 iteration 195/195 loss=102.4471 lr=0.00961826
CIFAR10 epoch 135/1000 iteration 50/195 loss=101.1032 lr=0.0096167
CIFAR10 epoch 135/1000 iteration 100/195 loss=101.5594 lr=0.00961514
CIFAR10 epoch 135/1000 iteration 150/195 loss=101.7096 lr=0.00961357
CIFAR10 epoch 135/1000 iteration 195/195 loss=102.0973 lr=0.00961216
CIFAR10 epoch 136/1000 iteration 50/195 loss=101.0936 lr=0.00961059
CIFAR10 epoch 136/1000 iteration 100/195 loss=100.6032 lr=0.00960901
CIFAR10 epoch 136/1000 iteration 150/195 loss=101.2977 lr=0.00960744
CIFAR10 epoch 136/1000 iteration 195/195 loss=101.7442 lr=0.00960601
CIFAR10 epoch 137/1000 iteration 50/195 loss=101.6302 lr=0.00960443
CIFAR10 epoch 137/1000 iteration 100/195 loss=102.4529 lr=0.00960284
CIFAR10 epoch 137/1000 iteration 150/195 loss=102.4297 lr=0.00960125
CIFAR10 epoch 137/1000 iteration 195/195 loss=102.4697 lr=0.00959982
CIFAR10 epoch 138/1000 iteration 50/195 loss=101.6699 lr=0.00959822
CIFAR10 epoch 138/1000 iteration 100/195 loss=101.1258 lr=0.00959663
CIFAR10 epoch 138/1000 iteration 150/195 loss=101.7513 lr=0.00959502
CIFAR10 epoch 138/1000 iteration 195/195 loss=101.7689 lr=0.00959358
CIFAR10 epoch 139/1000 iteration 50/195 loss=100.7019 lr=0.00959197
CIFAR10 epoch 139/1000 iteration 100/195 loss=100.8977 lr=0.00959036
CIFAR10 epoch 139/1000 iteration 150/195 loss=101.1325 lr=0.00958875
CIFAR10 epoch 139/1000 iteration 195/195 loss=101.3008 lr=0.00958729
CIFAR10 epoch 140/1000 iteration 50/195 loss=101.6362 lr=0.00958567
CIFAR10 epoch 140/1000 iteration 100/195 loss=101.9384 lr=0.00958405
CIFAR10 epoch 140/1000 iteration 150/195 loss=101.5660 lr=0.00958243
CIFAR10 epoch 140/1000 iteration 195/195 loss=101.3201 lr=0.00958096
[epoch 140/1000] saved backbone: /home/mmoslem3/scratch/MKDT/krrst_teacher_ckpt/barlow_twins_resnet18_cifar10.pt
CIFAR10 epoch 141/1000 iteration 50/195 loss=100.9649 lr=0.00957933
CIFAR10 epoch 141/1000 iteration 100/195 loss=100.8634 lr=0.0095777
CIFAR10 epoch 141/1000 iteration 150/195 loss=101.1502 lr=0.00957606
CIFAR10 epoch 141/1000 iteration 195/195 loss=101.3516 lr=0.00957458
CIFAR10 epoch 142/1000 iteration 50/195 loss=102.1366 lr=0.00957294
CIFAR10 epoch 142/1000 iteration 100/195 loss=102.2181 lr=0.00957129
CIFAR10 epoch 142/1000 iteration 150/195 loss=102.4535 lr=0.00956965
CIFAR10 epoch 142/1000 iteration 195/195 loss=102.5651 lr=0.00956816
CIFAR10 epoch 143/1000 iteration 50/195 loss=100.1401 lr=0.0095665
CIFAR10 epoch 143/1000 iteration 100/195 loss=100.4055 lr=0.00956485
CIFAR10 epoch 143/1000 iteration 150/195 loss=100.5495 lr=0.00956319
CIFAR10 epoch 143/1000 iteration 195/195 loss=101.1852 lr=0.00956169
CIFAR10 epoch 144/1000 iteration 50/195 loss=99.8292 lr=0.00956002
CIFAR10 epoch 144/1000 iteration 100/195 loss=99.3950 lr=0.00955835
CIFAR10 epoch 144/1000 iteration 150/195 loss=99.8747 lr=0.00955668
CIFAR10 epoch 144/1000 iteration 195/195 loss=100.6223 lr=0.00955517
CIFAR10 epoch 145/1000 iteration 50/195 loss=100.9543 lr=0.0095535
CIFAR10 epoch 145/1000 iteration 100/195 loss=100.8108 lr=0.00955181
CIFAR10 epoch 145/1000 iteration 150/195 loss=101.3764 lr=0.00955013
CIFAR10 epoch 145/1000 iteration 195/195 loss=101.6538 lr=0.00954861
CIFAR10 epoch 146/1000 iteration 50/195 loss=103.0043 lr=0.00954692
CIFAR10 epoch 146/1000 iteration 100/195 loss=101.3413 lr=0.00954523
CIFAR10 epoch 146/1000 iteration 150/195 loss=101.2737 lr=0.00954353
CIFAR10 epoch 146/1000 iteration 195/195 loss=100.9912 lr=0.009542
CIFAR10 epoch 147/1000 iteration 50/195 loss=100.5254 lr=0.0095403
CIFAR10 epoch 147/1000 iteration 100/195 loss=100.1486 lr=0.0095386
CIFAR10 epoch 147/1000 iteration 150/195 loss=100.2398 lr=0.00953689
CIFAR10 epoch 147/1000 iteration 195/195 loss=100.3378 lr=0.00953535
CIFAR10 epoch 148/1000 iteration 50/195 loss=100.3154 lr=0.00953364
CIFAR10 epoch 148/1000 iteration 100/195 loss=100.1029 lr=0.00953192
CIFAR10 epoch 148/1000 iteration 150/195 loss=100.0676 lr=0.0095302
CIFAR10 epoch 148/1000 iteration 195/195 loss=99.7450 lr=0.00952865
CIFAR10 epoch 149/1000 iteration 50/195 loss=99.4674 lr=0.00952693
CIFAR10 epoch 149/1000 iteration 100/195 loss=99.9558 lr=0.0095252
CIFAR10 epoch 149/1000 iteration 150/195 loss=100.1044 lr=0.00952347
CIFAR10 epoch 149/1000 iteration 195/195 loss=100.3287 lr=0.00952191
CIFAR10 epoch 150/1000 iteration 50/195 loss=100.2479 lr=0.00952017
CIFAR10 epoch 150/1000 iteration 100/195 loss=99.0766 lr=0.00951843
CIFAR10 epoch 150/1000 iteration 150/195 loss=99.5822 lr=0.00951669
CIFAR10 epoch 150/1000 iteration 195/195 loss=99.8158 lr=0.00951512
[epoch 150/1000] saved backbone: /home/mmoslem3/scratch/MKDT/krrst_teacher_ckpt/barlow_twins_resnet18_cifar10.pt
CIFAR10 epoch 151/1000 iteration 50/195 loss=100.3736 lr=0.00951337
CIFAR10 epoch 151/1000 iteration 100/195 loss=99.6068 lr=0.00951162
CIFAR10 epoch 151/1000 iteration 150/195 loss=99.8398 lr=0.00950986
CIFAR10 epoch 151/1000 iteration 195/195 loss=100.0720 lr=0.00950828
CIFAR10 epoch 152/1000 iteration 50/195 loss=98.8036 lr=0.00950652
CIFAR10 epoch 152/1000 iteration 100/195 loss=98.9764 lr=0.00950476
CIFAR10 epoch 152/1000 iteration 150/195 loss=99.4399 lr=0.00950299
CIFAR10 epoch 152/1000 iteration 195/195 loss=99.5543 lr=0.0095014
CIFAR10 epoch 153/1000 iteration 50/195 loss=99.9257 lr=0.00949963
CIFAR10 epoch 153/1000 iteration 100/195 loss=99.8539 lr=0.00949786
CIFAR10 epoch 153/1000 iteration 150/195 loss=99.6954 lr=0.00949608
CIFAR10 epoch 153/1000 iteration 195/195 loss=99.9834 lr=0.00949448
CIFAR10 epoch 154/1000 iteration 50/195 loss=99.6382 lr=0.00949269
CIFAR10 epoch 154/1000 iteration 100/195 loss=99.1919 lr=0.00949091
CIFAR10 epoch 154/1000 iteration 150/195 loss=98.8900 lr=0.00948912
CIFAR10 epoch 154/1000 iteration 195/195 loss=99.0141 lr=0.00948751
CIFAR10 epoch 155/1000 iteration 50/195 loss=99.4066 lr=0.00948571
CIFAR10 epoch 155/1000 iteration 100/195 loss=99.4228 lr=0.00948391
CIFAR10 epoch 155/1000 iteration 150/195 loss=99.5062 lr=0.00948211
CIFAR10 epoch 155/1000 iteration 195/195 loss=99.4221 lr=0.00948049
CIFAR10 epoch 156/1000 iteration 50/195 loss=98.6174 lr=0.00947868
CIFAR10 epoch 156/1000 iteration 100/195 loss=99.0715 lr=0.00947687
CIFAR10 epoch 156/1000 iteration 150/195 loss=98.6348 lr=0.00947506
CIFAR10 epoch 156/1000 iteration 195/195 loss=98.5494 lr=0.00947343
CIFAR10 epoch 157/1000 iteration 50/195 loss=97.7374 lr=0.00947161
CIFAR10 epoch 157/1000 iteration 100/195 loss=98.8580 lr=0.00946979
CIFAR10 epoch 157/1000 iteration 150/195 loss=98.9807 lr=0.00946797
CIFAR10 epoch 157/1000 iteration 195/195 loss=99.1226 lr=0.00946632
CIFAR10 epoch 158/1000 iteration 50/195 loss=100.0232 lr=0.00946449
CIFAR10 epoch 158/1000 iteration 100/195 loss=99.2050 lr=0.00946266
CIFAR10 epoch 158/1000 iteration 150/195 loss=99.1628 lr=0.00946082
CIFAR10 epoch 158/1000 iteration 195/195 loss=99.1141 lr=0.00945917
CIFAR10 epoch 159/1000 iteration 50/195 loss=97.9661 lr=0.00945733
CIFAR10 epoch 159/1000 iteration 100/195 loss=97.9449 lr=0.00945549
CIFAR10 epoch 159/1000 iteration 150/195 loss=98.3369 lr=0.00945364
CIFAR10 epoch 159/1000 iteration 195/195 loss=98.5574 lr=0.00945197
CIFAR10 epoch 160/1000 iteration 50/195 loss=99.2759 lr=0.00945012
CIFAR10 epoch 160/1000 iteration 100/195 loss=98.6632 lr=0.00944827
CIFAR10 epoch 160/1000 iteration 150/195 loss=97.9450 lr=0.00944641
CIFAR10 epoch 160/1000 iteration 195/195 loss=98.0360 lr=0.00944473
[epoch 160/1000] saved backbone: /home/mmoslem3/scratch/MKDT/krrst_teacher_ckpt/barlow_twins_resnet18_cifar10.pt
CIFAR10 epoch 161/1000 iteration 50/195 loss=97.8701 lr=0.00944287
CIFAR10 epoch 161/1000 iteration 100/195 loss=99.7957 lr=0.009441
CIFAR10 epoch 161/1000 iteration 150/195 loss=99.6968 lr=0.00943913
CIFAR10 epoch 161/1000 iteration 195/195 loss=99.2898 lr=0.00943745
CIFAR10 epoch 162/1000 iteration 50/195 loss=96.4483 lr=0.00943557
CIFAR10 epoch 162/1000 iteration 100/195 loss=97.7761 lr=0.00943369
CIFAR10 epoch 162/1000 iteration 150/195 loss=98.6557 lr=0.00943181
CIFAR10 epoch 162/1000 iteration 195/195 loss=98.8403 lr=0.00943012
CIFAR10 epoch 163/1000 iteration 50/195 loss=98.3619 lr=0.00942823
CIFAR10 epoch 163/1000 iteration 100/195 loss=98.2318 lr=0.00942634
CIFAR10 epoch 163/1000 iteration 150/195 loss=97.6500 lr=0.00942445
CIFAR10 epoch 163/1000 iteration 195/195 loss=98.0456 lr=0.00942274
CIFAR10 epoch 164/1000 iteration 50/195 loss=98.2776 lr=0.00942084
CIFAR10 epoch 164/1000 iteration 100/195 loss=98.1365 lr=0.00941894
CIFAR10 epoch 164/1000 iteration 150/195 loss=97.9118 lr=0.00941704
CIFAR10 epoch 164/1000 iteration 195/195 loss=97.9761 lr=0.00941532
CIFAR10 epoch 165/1000 iteration 50/195 loss=99.3002 lr=0.00941341
CIFAR10 epoch 165/1000 iteration 100/195 loss=98.4851 lr=0.0094115
CIFAR10 epoch 165/1000 iteration 150/195 loss=98.3661 lr=0.00940959
CIFAR10 epoch 165/1000 iteration 195/195 loss=98.2637 lr=0.00940786
CIFAR10 epoch 166/1000 iteration 50/195 loss=95.6206 lr=0.00940594
CIFAR10 epoch 166/1000 iteration 100/195 loss=96.0904 lr=0.00940401
CIFAR10 epoch 166/1000 iteration 150/195 loss=97.0377 lr=0.00940209
CIFAR10 epoch 166/1000 iteration 195/195 loss=97.0274 lr=0.00940035
CIFAR10 epoch 167/1000 iteration 50/195 loss=97.2021 lr=0.00939842
CIFAR10 epoch 167/1000 iteration 100/195 loss=97.1480 lr=0.00939648
CIFAR10 epoch 167/1000 iteration 150/195 loss=97.5209 lr=0.00939455
CIFAR10 epoch 167/1000 iteration 195/195 loss=97.6995 lr=0.0093928
CIFAR10 epoch 168/1000 iteration 50/195 loss=96.8757 lr=0.00939086
CIFAR10 epoch 168/1000 iteration 100/195 loss=97.2845 lr=0.00938891
CIFAR10 epoch 168/1000 iteration 150/195 loss=97.0128 lr=0.00938696
CIFAR10 epoch 168/1000 iteration 195/195 loss=96.8853 lr=0.0093852
CIFAR10 epoch 169/1000 iteration 50/195 loss=97.0527 lr=0.00938325
CIFAR10 epoch 169/1000 iteration 100/195 loss=96.8080 lr=0.00938129
CIFAR10 epoch 169/1000 iteration 150/195 loss=97.1300 lr=0.00937933
CIFAR10 epoch 169/1000 iteration 195/195 loss=97.2162 lr=0.00937756
CIFAR10 epoch 170/1000 iteration 50/195 loss=97.6661 lr=0.0093756
CIFAR10 epoch 170/1000 iteration 100/195 loss=97.1867 lr=0.00937363
CIFAR10 epoch 170/1000 iteration 150/195 loss=97.4678 lr=0.00937165
CIFAR10 epoch 170/1000 iteration 195/195 loss=97.2818 lr=0.00936988
[epoch 170/1000] saved backbone: /home/mmoslem3/scratch/MKDT/krrst_teacher_ckpt/barlow_twins_resnet18_cifar10.pt
CIFAR10 epoch 171/1000 iteration 50/195 loss=98.4665 lr=0.0093679
CIFAR10 epoch 171/1000 iteration 100/195 loss=97.2382 lr=0.00936592
CIFAR10 epoch 171/1000 iteration 150/195 loss=96.7949 lr=0.00936394
CIFAR10 epoch 171/1000 iteration 195/195 loss=96.7994 lr=0.00936215
CIFAR10 epoch 172/1000 iteration 50/195 loss=97.5668 lr=0.00936016
CIFAR10 epoch 172/1000 iteration 100/195 loss=97.5733 lr=0.00935817
CIFAR10 epoch 172/1000 iteration 150/195 loss=97.2138 lr=0.00935617
CIFAR10 epoch 172/1000 iteration 195/195 loss=97.7043 lr=0.00935438
CIFAR10 epoch 173/1000 iteration 50/195 loss=95.8724 lr=0.00935238
CIFAR10 epoch 173/1000 iteration 100/195 loss=96.0128 lr=0.00935037
CIFAR10 epoch 173/1000 iteration 150/195 loss=96.4127 lr=0.00934837
CIFAR10 epoch 173/1000 iteration 195/195 loss=96.5616 lr=0.00934656
CIFAR10 epoch 174/1000 iteration 50/195 loss=96.9158 lr=0.00934455
CIFAR10 epoch 174/1000 iteration 100/195 loss=96.8169 lr=0.00934254
CIFAR10 epoch 174/1000 iteration 150/195 loss=96.7719 lr=0.00934052
CIFAR10 epoch 174/1000 iteration 195/195 loss=96.9486 lr=0.0093387
CIFAR10 epoch 175/1000 iteration 50/195 loss=95.7764 lr=0.00933668
CIFAR10 epoch 175/1000 iteration 100/195 loss=97.4360 lr=0.00933465
CIFAR10 epoch 175/1000 iteration 150/195 loss=97.2502 lr=0.00933262
CIFAR10 epoch 175/1000 iteration 195/195 loss=97.6380 lr=0.0093308
CIFAR10 epoch 176/1000 iteration 50/195 loss=97.0812 lr=0.00932876
CIFAR10 epoch 176/1000 iteration 100/195 loss=96.8583 lr=0.00932673
CIFAR10 epoch 176/1000 iteration 150/195 loss=96.5943 lr=0.00932469
CIFAR10 epoch 176/1000 iteration 195/195 loss=96.4108 lr=0.00932285
CIFAR10 epoch 177/1000 iteration 50/195 loss=94.6020 lr=0.00932081
CIFAR10 epoch 177/1000 iteration 100/195 loss=94.9786 lr=0.00931876
CIFAR10 epoch 177/1000 iteration 150/195 loss=95.9501 lr=0.00931671
CIFAR10 epoch 177/1000 iteration 195/195 loss=95.8585 lr=0.00931486
CIFAR10 epoch 178/1000 iteration 50/195 loss=97.2369 lr=0.0093128
CIFAR10 epoch 178/1000 iteration 100/195 loss=96.2864 lr=0.00931074
CIFAR10 epoch 178/1000 iteration 150/195 loss=95.9046 lr=0.00930868
CIFAR10 epoch 178/1000 iteration 195/195 loss=95.9961 lr=0.00930683
CIFAR10 epoch 179/1000 iteration 50/195 loss=97.6058 lr=0.00930476
CIFAR10 epoch 179/1000 iteration 100/195 loss=96.8785 lr=0.00930269
CIFAR10 epoch 179/1000 iteration 150/195 loss=96.5882 lr=0.00930062
CIFAR10 epoch 179/1000 iteration 195/195 loss=96.7842 lr=0.00929875
CIFAR10 epoch 180/1000 iteration 50/195 loss=96.6952 lr=0.00929667
CIFAR10 epoch 180/1000 iteration 100/195 loss=96.3079 lr=0.00929459
CIFAR10 epoch 180/1000 iteration 150/195 loss=95.9238 lr=0.0092925
CIFAR10 epoch 180/1000 iteration 195/195 loss=95.8120 lr=0.00929063
[epoch 180/1000] saved backbone: /home/mmoslem3/scratch/MKDT/krrst_teacher_ckpt/barlow_twins_resnet18_cifar10.pt
CIFAR10 epoch 181/1000 iteration 50/195 loss=94.7689 lr=0.00928854
CIFAR10 epoch 181/1000 iteration 100/195 loss=94.4954 lr=0.00928645
CIFAR10 epoch 181/1000 iteration 150/195 loss=95.3357 lr=0.00928435
CIFAR10 epoch 181/1000 iteration 195/195 loss=95.9931 lr=0.00928246
CIFAR10 epoch 182/1000 iteration 50/195 loss=95.1451 lr=0.00928036
CIFAR10 epoch 182/1000 iteration 100/195 loss=95.4138 lr=0.00927826
CIFAR10 epoch 182/1000 iteration 150/195 loss=95.7001 lr=0.00927615
CIFAR10 epoch 182/1000 iteration 195/195 loss=96.0360 lr=0.00927426
CIFAR10 epoch 183/1000 iteration 50/195 loss=94.6930 lr=0.00927215
CIFAR10 epoch 183/1000 iteration 100/195 loss=95.6184 lr=0.00927003
CIFAR10 epoch 183/1000 iteration 150/195 loss=95.6664 lr=0.00926791
CIFAR10 epoch 183/1000 iteration 195/195 loss=96.2778 lr=0.00926601
CIFAR10 epoch 184/1000 iteration 50/195 loss=93.5041 lr=0.00926388
CIFAR10 epoch 184/1000 iteration 100/195 loss=94.2890 lr=0.00926176
CIFAR10 epoch 184/1000 iteration 150/195 loss=94.7599 lr=0.00925963
CIFAR10 epoch 184/1000 iteration 195/195 loss=94.7823 lr=0.00925771
CIFAR10 epoch 185/1000 iteration 50/195 loss=96.9574 lr=0.00925558
CIFAR10 epoch 185/1000 iteration 100/195 loss=96.4546 lr=0.00925344
CIFAR10 epoch 185/1000 iteration 150/195 loss=95.6396 lr=0.00925131
CIFAR10 epoch 185/1000 iteration 195/195 loss=95.5970 lr=0.00924938
CIFAR10 epoch 186/1000 iteration 50/195 loss=93.5210 lr=0.00924723
CIFAR10 epoch 186/1000 iteration 100/195 loss=94.4450 lr=0.00924509
CIFAR10 epoch 186/1000 iteration 150/195 loss=94.5366 lr=0.00924294
CIFAR10 epoch 186/1000 iteration 195/195 loss=94.8555 lr=0.009241
CIFAR10 epoch 187/1000 iteration 50/195 loss=95.4700 lr=0.00923885
CIFAR10 epoch 187/1000 iteration 100/195 loss=94.2502 lr=0.00923669
CIFAR10 epoch 187/1000 iteration 150/195 loss=94.8381 lr=0.00923453
CIFAR10 epoch 187/1000 iteration 195/195 loss=94.8964 lr=0.00923258
CIFAR10 epoch 188/1000 iteration 50/195 loss=94.9269 lr=0.00923041
CIFAR10 epoch 188/1000 iteration 100/195 loss=94.4783 lr=0.00922824
CIFAR10 epoch 188/1000 iteration 150/195 loss=94.6534 lr=0.00922607
CIFAR10 epoch 188/1000 iteration 195/195 loss=94.4858 lr=0.00922412
CIFAR10 epoch 189/1000 iteration 50/195 loss=93.4196 lr=0.00922194
CIFAR10 epoch 189/1000 iteration 100/195 loss=93.7812 lr=0.00921976
CIFAR10 epoch 189/1000 iteration 150/195 loss=94.3840 lr=0.00921758
CIFAR10 epoch 189/1000 iteration 195/195 loss=94.7169 lr=0.00921561
CIFAR10 epoch 190/1000 iteration 50/195 loss=95.4039 lr=0.00921342
CIFAR10 epoch 190/1000 iteration 100/195 loss=95.5980 lr=0.00921123
CIFAR10 epoch 190/1000 iteration 150/195 loss=95.5608 lr=0.00920904
CIFAR10 epoch 190/1000 iteration 195/195 loss=95.0992 lr=0.00920706
[epoch 190/1000] saved backbone: /home/mmoslem3/scratch/MKDT/krrst_teacher_ckpt/barlow_twins_resnet18_cifar10.pt
CIFAR10 epoch 191/1000 iteration 50/195 loss=95.0199 lr=0.00920486
CIFAR10 epoch 191/1000 iteration 100/195 loss=94.7708 lr=0.00920266
CIFAR10 epoch 191/1000 iteration 150/195 loss=95.0662 lr=0.00920046
CIFAR10 epoch 191/1000 iteration 195/195 loss=94.8495 lr=0.00919847
CIFAR10 epoch 192/1000 iteration 50/195 loss=93.6874 lr=0.00919626
CIFAR10 epoch 192/1000 iteration 100/195 loss=95.4181 lr=0.00919405
CIFAR10 epoch 192/1000 iteration 150/195 loss=96.1419 lr=0.00919183
CIFAR10 epoch 192/1000 iteration 195/195 loss=96.0466 lr=0.00918984
CIFAR10 epoch 193/1000 iteration 50/195 loss=92.3740 lr=0.00918762
CIFAR10 epoch 193/1000 iteration 100/195 loss=92.8971 lr=0.00918539
CIFAR10 epoch 193/1000 iteration 150/195 loss=93.3398 lr=0.00918317
CIFAR10 epoch 193/1000 iteration 195/195 loss=93.5866 lr=0.00918116
CIFAR10 epoch 194/1000 iteration 50/195 loss=92.5116 lr=0.00917893
CIFAR10 epoch 194/1000 iteration 100/195 loss=93.1751 lr=0.0091767
CIFAR10 epoch 194/1000 iteration 150/195 loss=93.5822 lr=0.00917446
CIFAR10 epoch 194/1000 iteration 195/195 loss=93.8331 lr=0.00917245
CIFAR10 epoch 195/1000 iteration 50/195 loss=95.7456 lr=0.0091702
CIFAR10 epoch 195/1000 iteration 100/195 loss=95.2496 lr=0.00916796
CIFAR10 epoch 195/1000 iteration 150/195 loss=95.3599 lr=0.00916571
CIFAR10 epoch 195/1000 iteration 195/195 loss=95.2882 lr=0.00916369
CIFAR10 epoch 196/1000 iteration 50/195 loss=93.8759 lr=0.00916143
CIFAR10 epoch 196/1000 iteration 100/195 loss=94.1520 lr=0.00915918
CIFAR10 epoch 196/1000 iteration 150/195 loss=94.6817 lr=0.00915692
CIFAR10 epoch 196/1000 iteration 195/195 loss=94.9357 lr=0.00915489
CIFAR10 epoch 197/1000 iteration 50/195 loss=94.3264 lr=0.00915262
CIFAR10 epoch 197/1000 iteration 100/195 loss=94.8306 lr=0.00915036
CIFAR10 epoch 197/1000 iteration 150/195 loss=94.9778 lr=0.00914809
CIFAR10 epoch 197/1000 iteration 195/195 loss=95.1719 lr=0.00914604
CIFAR10 epoch 198/1000 iteration 50/195 loss=94.1868 lr=0.00914377
CIFAR10 epoch 198/1000 iteration 100/195 loss=93.5570 lr=0.00914149
CIFAR10 epoch 198/1000 iteration 150/195 loss=93.4921 lr=0.00913921
CIFAR10 epoch 198/1000 iteration 195/195 loss=93.4165 lr=0.00913716
CIFAR10 epoch 199/1000 iteration 50/195 loss=93.5231 lr=0.00913487
CIFAR10 epoch 199/1000 iteration 100/195 loss=93.9290 lr=0.00913259
CIFAR10 epoch 199/1000 iteration 150/195 loss=93.8104 lr=0.0091303
CIFAR10 epoch 199/1000 iteration 195/195 loss=94.1619 lr=0.00912823
CIFAR10 epoch 200/1000 iteration 50/195 loss=91.7522 lr=0.00912594
CIFAR10 epoch 200/1000 iteration 100/195 loss=93.7592 lr=0.00912364
CIFAR10 epoch 200/1000 iteration 150/195 loss=94.4455 lr=0.00912134
CIFAR10 epoch 200/1000 iteration 195/195 loss=94.5768 lr=0.00911926
[epoch 200/1000] saved backbone: /home/mmoslem3/scratch/MKDT/krrst_teacher_ckpt/barlow_twins_resnet18_cifar10.pt
CIFAR10 epoch 201/1000 iteration 50/195 loss=92.8059 lr=0.00911696
CIFAR10 epoch 201/1000 iteration 100/195 loss=93.2223 lr=0.00911465
CIFAR10 epoch 201/1000 iteration 150/195 loss=93.2044 lr=0.00911234
CIFAR10 epoch 201/1000 iteration 195/195 loss=93.2813 lr=0.00911026
CIFAR10 epoch 202/1000 iteration 50/195 loss=93.3965 lr=0.00910794
CIFAR10 epoch 202/1000 iteration 100/195 loss=93.8603 lr=0.00910562
CIFAR10 epoch 202/1000 iteration 150/195 loss=93.9795 lr=0.0091033
CIFAR10 epoch 202/1000 iteration 195/195 loss=93.9867 lr=0.00910121
CIFAR10 epoch 203/1000 iteration 50/195 loss=92.8806 lr=0.00909888
CIFAR10 epoch 203/1000 iteration 100/195 loss=93.2405 lr=0.00909655
CIFAR10 epoch 203/1000 iteration 150/195 loss=93.7696 lr=0.00909422
CIFAR10 epoch 203/1000 iteration 195/195 loss=93.5527 lr=0.00909211
CIFAR10 epoch 204/1000 iteration 50/195 loss=94.7803 lr=0.00908978
CIFAR10 epoch 204/1000 iteration 100/195 loss=93.1795 lr=0.00908744
CIFAR10 epoch 204/1000 iteration 150/195 loss=93.3589 lr=0.00908509
CIFAR10 epoch 204/1000 iteration 195/195 loss=93.3167 lr=0.00908298
CIFAR10 epoch 205/1000 iteration 50/195 loss=93.2582 lr=0.00908063
CIFAR10 epoch 205/1000 iteration 100/195 loss=92.9440 lr=0.00907828
CIFAR10 epoch 205/1000 iteration 150/195 loss=93.0158 lr=0.00907593
CIFAR10 epoch 205/1000 iteration 195/195 loss=93.3567 lr=0.00907381
CIFAR10 epoch 206/1000 iteration 50/195 loss=93.8028 lr=0.00907145
CIFAR10 epoch 206/1000 iteration 100/195 loss=93.1105 lr=0.00906909
CIFAR10 epoch 206/1000 iteration 150/195 loss=93.5537 lr=0.00906672
CIFAR10 epoch 206/1000 iteration 195/195 loss=93.7863 lr=0.00906459
CIFAR10 epoch 207/1000 iteration 50/195 loss=93.1257 lr=0.00906222
CIFAR10 epoch 207/1000 iteration 100/195 loss=93.4497 lr=0.00905985
CIFAR10 epoch 207/1000 iteration 150/195 loss=93.2664 lr=0.00905748
CIFAR10 epoch 207/1000 iteration 195/195 loss=93.2522 lr=0.00905534
CIFAR10 epoch 208/1000 iteration 50/195 loss=93.4244 lr=0.00905296
CIFAR10 epoch 208/1000 iteration 100/195 loss=92.9328 lr=0.00905057
CIFAR10 epoch 208/1000 iteration 150/195 loss=92.8892 lr=0.00904819
CIFAR10 epoch 208/1000 iteration 195/195 loss=92.3687 lr=0.00904604
CIFAR10 epoch 209/1000 iteration 50/195 loss=91.5828 lr=0.00904365
CIFAR10 epoch 209/1000 iteration 100/195 loss=91.9419 lr=0.00904126
CIFAR10 epoch 209/1000 iteration 150/195 loss=91.6780 lr=0.00903886
CIFAR10 epoch 209/1000 iteration 195/195 loss=92.2385 lr=0.0090367
CIFAR10 epoch 210/1000 iteration 50/195 loss=92.8119 lr=0.0090343
CIFAR10 epoch 210/1000 iteration 100/195 loss=92.3601 lr=0.0090319
CIFAR10 epoch 210/1000 iteration 150/195 loss=92.2088 lr=0.00902949
CIFAR10 epoch 210/1000 iteration 195/195 loss=92.6448 lr=0.00902732
[epoch 210/1000] saved backbone: /home/mmoslem3/scratch/MKDT/krrst_teacher_ckpt/barlow_twins_resnet18_cifar10.pt
CIFAR10 epoch 211/1000 iteration 50/195 loss=93.2929 lr=0.00902491
CIFAR10 epoch 211/1000 iteration 100/195 loss=93.2515 lr=0.0090225
CIFAR10 epoch 211/1000 iteration 150/195 loss=92.6816 lr=0.00902008
CIFAR10 epoch 211/1000 iteration 195/195 loss=93.0682 lr=0.00901791
CIFAR10 epoch 212/1000 iteration 50/195 loss=92.3525 lr=0.00901549
CIFAR10 epoch 212/1000 iteration 100/195 loss=92.6563 lr=0.00901306
CIFAR10 epoch 212/1000 iteration 150/195 loss=93.1434 lr=0.00901063
CIFAR10 epoch 212/1000 iteration 195/195 loss=93.2535 lr=0.00900845
CIFAR10 epoch 213/1000 iteration 50/195 loss=93.2850 lr=0.00900602
CIFAR10 epoch 213/1000 iteration 100/195 loss=92.8489 lr=0.00900358
CIFAR10 epoch 213/1000 iteration 150/195 loss=92.7835 lr=0.00900114
CIFAR10 epoch 213/1000 iteration 195/195 loss=93.3442 lr=0.00899895
CIFAR10 epoch 214/1000 iteration 50/195 loss=91.8148 lr=0.00899651
CIFAR10 epoch 214/1000 iteration 100/195 loss=92.3660 lr=0.00899406
CIFAR10 epoch 214/1000 iteration 150/195 loss=92.7420 lr=0.00899161
CIFAR10 epoch 214/1000 iteration 195/195 loss=92.6659 lr=0.00898941
CIFAR10 epoch 215/1000 iteration 50/195 loss=93.8147 lr=0.00898696
CIFAR10 epoch 215/1000 iteration 100/195 loss=92.8371 lr=0.0089845
CIFAR10 epoch 215/1000 iteration 150/195 loss=92.5627 lr=0.00898204
CIFAR10 epoch 215/1000 iteration 195/195 loss=92.3293 lr=0.00897983
CIFAR10 epoch 216/1000 iteration 50/195 loss=93.0173 lr=0.00897737
CIFAR10 epoch 216/1000 iteration 100/195 loss=92.4225 lr=0.0089749
CIFAR10 epoch 216/1000 iteration 150/195 loss=92.7698 lr=0.00897243
CIFAR10 epoch 216/1000 iteration 195/195 loss=92.7313 lr=0.00897021
CIFAR10 epoch 217/1000 iteration 50/195 loss=91.5164 lr=0.00896774
CIFAR10 epoch 217/1000 iteration 100/195 loss=92.1489 lr=0.00896526
CIFAR10 epoch 217/1000 iteration 150/195 loss=92.6894 lr=0.00896278
CIFAR10 epoch 217/1000 iteration 195/195 loss=92.6210 lr=0.00896055
CIFAR10 epoch 218/1000 iteration 50/195 loss=90.5303 lr=0.00895807
CIFAR10 epoch 218/1000 iteration 100/195 loss=90.9517 lr=0.00895558
CIFAR10 epoch 218/1000 iteration 150/195 loss=90.8822 lr=0.00895309
CIFAR10 epoch 218/1000 iteration 195/195 loss=91.4550 lr=0.00895085
CIFAR10 epoch 219/1000 iteration 50/195 loss=91.5058 lr=0.00894836
CIFAR10 epoch 219/1000 iteration 100/195 loss=92.1613 lr=0.00894586
CIFAR10 epoch 219/1000 iteration 150/195 loss=92.5941 lr=0.00894336
CIFAR10 epoch 219/1000 iteration 195/195 loss=92.5550 lr=0.00894111
CIFAR10 epoch 220/1000 iteration 50/195 loss=90.9508 lr=0.00893861
CIFAR10 epoch 220/1000 iteration 100/195 loss=90.5659 lr=0.0089361
CIFAR10 epoch 220/1000 iteration 150/195 loss=90.9701 lr=0.0089336
CIFAR10 epoch 220/1000 iteration 195/195 loss=91.3056 lr=0.00893134
[epoch 220/1000] saved backbone: /home/mmoslem3/scratch/MKDT/krrst_teacher_ckpt/barlow_twins_resnet18_cifar10.pt
CIFAR10 epoch 221/1000 iteration 50/195 loss=91.7361 lr=0.00892882
CIFAR10 epoch 221/1000 iteration 100/195 loss=92.0970 lr=0.00892631
CIFAR10 epoch 221/1000 iteration 150/195 loss=92.4012 lr=0.00892379
CIFAR10 epoch 221/1000 iteration 195/195 loss=92.2448 lr=0.00892152
CIFAR10 epoch 222/1000 iteration 50/195 loss=91.7111 lr=0.00891899
CIFAR10 epoch 222/1000 iteration 100/195 loss=91.7391 lr=0.00891647
CIFAR10 epoch 222/1000 iteration 150/195 loss=91.4772 lr=0.00891394
CIFAR10 epoch 222/1000 iteration 195/195 loss=91.5796 lr=0.00891166
CIFAR10 epoch 223/1000 iteration 50/195 loss=93.0000 lr=0.00890913
CIFAR10 epoch 223/1000 iteration 100/195 loss=92.6720 lr=0.00890659
CIFAR10 epoch 223/1000 iteration 150/195 loss=92.4318 lr=0.00890405
CIFAR10 epoch 223/1000 iteration 195/195 loss=92.6783 lr=0.00890176
CIFAR10 epoch 224/1000 iteration 50/195 loss=91.7647 lr=0.00889922
CIFAR10 epoch 224/1000 iteration 100/195 loss=91.3791 lr=0.00889667
CIFAR10 epoch 224/1000 iteration 150/195 loss=91.2079 lr=0.00889412
CIFAR10 epoch 224/1000 iteration 195/195 loss=91.5141 lr=0.00889183
CIFAR10 epoch 225/1000 iteration 50/195 loss=90.6563 lr=0.00888927
CIFAR10 epoch 225/1000 iteration 100/195 loss=90.6681 lr=0.00888672
CIFAR10 epoch 225/1000 iteration 150/195 loss=91.2401 lr=0.00888416
CIFAR10 epoch 225/1000 iteration 195/195 loss=91.2396 lr=0.00888185
CIFAR10 epoch 226/1000 iteration 50/195 loss=90.5337 lr=0.00887929
CIFAR10 epoch 226/1000 iteration 100/195 loss=91.4515 lr=0.00887672
CIFAR10 epoch 226/1000 iteration 150/195 loss=91.7027 lr=0.00887415
CIFAR10 epoch 226/1000 iteration 195/195 loss=91.5163 lr=0.00887184
CIFAR10 epoch 227/1000 iteration 50/195 loss=91.2421 lr=0.00886926
CIFAR10 epoch 227/1000 iteration 100/195 loss=91.5357 lr=0.00886669
CIFAR10 epoch 227/1000 iteration 150/195 loss=91.2142 lr=0.00886411
CIFAR10 epoch 227/1000 iteration 195/195 loss=91.2074 lr=0.00886178
CIFAR10 epoch 228/1000 iteration 50/195 loss=91.0913 lr=0.0088592
CIFAR10 epoch 228/1000 iteration 100/195 loss=91.2857 lr=0.00885661
CIFAR10 epoch 228/1000 iteration 150/195 loss=91.5519 lr=0.00885402
CIFAR10 epoch 228/1000 iteration 195/195 loss=91.7343 lr=0.00885169
CIFAR10 epoch 229/1000 iteration 50/195 loss=90.3813 lr=0.0088491
CIFAR10 epoch 229/1000 iteration 100/195 loss=90.9479 lr=0.0088465
CIFAR10 epoch 229/1000 iteration 150/195 loss=90.7230 lr=0.0088439
CIFAR10 epoch 229/1000 iteration 195/195 loss=90.9819 lr=0.00884156
CIFAR10 epoch 230/1000 iteration 50/195 loss=90.8032 lr=0.00883896
CIFAR10 epoch 230/1000 iteration 100/195 loss=91.1904 lr=0.00883635
CIFAR10 epoch 230/1000 iteration 150/195 loss=91.3607 lr=0.00883374
CIFAR10 epoch 230/1000 iteration 195/195 loss=90.9561 lr=0.00883139
[epoch 230/1000] saved backbone: /home/mmoslem3/scratch/MKDT/krrst_teacher_ckpt/barlow_twins_resnet18_cifar10.pt
CIFAR10 epoch 231/1000 iteration 50/195 loss=91.4800 lr=0.00882878
CIFAR10 epoch 231/1000 iteration 100/195 loss=91.2039 lr=0.00882616
CIFAR10 epoch 231/1000 iteration 150/195 loss=91.2624 lr=0.00882354
CIFAR10 epoch 231/1000 iteration 195/195 loss=91.1904 lr=0.00882118
CIFAR10 epoch 232/1000 iteration 50/195 loss=90.5006 lr=0.00881856
CIFAR10 epoch 232/1000 iteration 100/195 loss=90.9182 lr=0.00881593
CIFAR10 epoch 232/1000 iteration 150/195 loss=90.6372 lr=0.00881331
CIFAR10 epoch 232/1000 iteration 195/195 loss=91.0661 lr=0.00881094
CIFAR10 epoch 233/1000 iteration 50/195 loss=91.0320 lr=0.0088083
CIFAR10 epoch 233/1000 iteration 100/195 loss=91.3685 lr=0.00880567
CIFAR10 epoch 233/1000 iteration 150/195 loss=91.5922 lr=0.00880303
CIFAR10 epoch 233/1000 iteration 195/195 loss=91.1943 lr=0.00880065
CIFAR10 epoch 234/1000 iteration 50/195 loss=89.5374 lr=0.00879801
CIFAR10 epoch 234/1000 iteration 100/195 loss=90.1489 lr=0.00879536
CIFAR10 epoch 234/1000 iteration 150/195 loss=90.2693 lr=0.00879272
CIFAR10 epoch 234/1000 iteration 195/195 loss=90.2997 lr=0.00879033
CIFAR10 epoch 235/1000 iteration 50/195 loss=90.8014 lr=0.00878768
CIFAR10 epoch 235/1000 iteration 100/195 loss=91.1952 lr=0.00878502
CIFAR10 epoch 235/1000 iteration 150/195 loss=90.7384 lr=0.00878236
CIFAR10 epoch 235/1000 iteration 195/195 loss=91.1671 lr=0.00877997
CIFAR10 epoch 236/1000 iteration 50/195 loss=90.8497 lr=0.00877731
CIFAR10 epoch 236/1000 iteration 100/195 loss=90.4523 lr=0.00877464
CIFAR10 epoch 236/1000 iteration 150/195 loss=90.3502 lr=0.00877197
CIFAR10 epoch 236/1000 iteration 195/195 loss=90.8973 lr=0.00876957
CIFAR10 epoch 237/1000 iteration 50/195 loss=89.8194 lr=0.0087669
CIFAR10 epoch 237/1000 iteration 100/195 loss=90.0261 lr=0.00876422
CIFAR10 epoch 237/1000 iteration 150/195 loss=90.4896 lr=0.00876155
CIFAR10 epoch 237/1000 iteration 195/195 loss=90.0337 lr=0.00875913
CIFAR10 epoch 238/1000 iteration 50/195 loss=89.0186 lr=0.00875645
CIFAR10 epoch 238/1000 iteration 100/195 loss=90.0591 lr=0.00875377
CIFAR10 epoch 238/1000 iteration 150/195 loss=89.9658 lr=0.00875108
CIFAR10 epoch 238/1000 iteration 195/195 loss=90.3447 lr=0.00874866
CIFAR10 epoch 239/1000 iteration 50/195 loss=89.5812 lr=0.00874597
CIFAR10 epoch 239/1000 iteration 100/195 loss=89.2138 lr=0.00874327
CIFAR10 epoch 239/1000 iteration 150/195 loss=89.7882 lr=0.00874058
CIFAR10 epoch 239/1000 iteration 195/195 loss=90.5259 lr=0.00873815
CIFAR10 epoch 240/1000 iteration 50/195 loss=89.4462 lr=0.00873544
CIFAR10 epoch 240/1000 iteration 100/195 loss=89.7577 lr=0.00873274
CIFAR10 epoch 240/1000 iteration 150/195 loss=90.0766 lr=0.00873003
CIFAR10 epoch 240/1000 iteration 195/195 loss=90.0272 lr=0.0087276
[epoch 240/1000] saved backbone: /home/mmoslem3/scratch/MKDT/krrst_teacher_ckpt/barlow_twins_resnet18_cifar10.pt
CIFAR10 epoch 241/1000 iteration 50/195 loss=89.5142 lr=0.00872488
CIFAR10 epoch 241/1000 iteration 100/195 loss=89.2290 lr=0.00872217
CIFAR10 epoch 241/1000 iteration 150/195 loss=89.0771 lr=0.00871945
CIFAR10 epoch 241/1000 iteration 195/195 loss=89.2798 lr=0.00871701
CIFAR10 epoch 242/1000 iteration 50/195 loss=90.2009 lr=0.00871429
CIFAR10 epoch 242/1000 iteration 100/195 loss=91.2160 lr=0.00871156
CIFAR10 epoch 242/1000 iteration 150/195 loss=90.9471 lr=0.00870884
CIFAR10 epoch 242/1000 iteration 195/195 loss=90.8160 lr=0.00870638
CIFAR10 epoch 243/1000 iteration 50/195 loss=89.1801 lr=0.00870365
CIFAR10 epoch 243/1000 iteration 100/195 loss=89.0686 lr=0.00870092
CIFAR10 epoch 243/1000 iteration 150/195 loss=89.2171 lr=0.00869819
CIFAR10 epoch 243/1000 iteration 195/195 loss=89.3704 lr=0.00869572
CIFAR10 epoch 244/1000 iteration 50/195 loss=88.3610 lr=0.00869298
CIFAR10 epoch 244/1000 iteration 100/195 loss=89.1252 lr=0.00869024
CIFAR10 epoch 244/1000 iteration 150/195 loss=89.1171 lr=0.00868749
CIFAR10 epoch 244/1000 iteration 195/195 loss=89.6268 lr=0.00868502
CIFAR10 epoch 245/1000 iteration 50/195 loss=90.3574 lr=0.00868227
CIFAR10 epoch 245/1000 iteration 100/195 loss=90.0320 lr=0.00867952
CIFAR10 epoch 245/1000 iteration 150/195 loss=90.2595 lr=0.00867677
CIFAR10 epoch 245/1000 iteration 195/195 loss=90.8479 lr=0.00867429
CIFAR10 epoch 246/1000 iteration 50/195 loss=88.9601 lr=0.00867153
CIFAR10 epoch 246/1000 iteration 100/195 loss=89.5573 lr=0.00866877
CIFAR10 epoch 246/1000 iteration 150/195 loss=89.9281 lr=0.008666
CIFAR10 epoch 246/1000 iteration 195/195 loss=89.7571 lr=0.00866351
CIFAR10 epoch 247/1000 iteration 50/195 loss=88.7247 lr=0.00866074
CIFAR10 epoch 247/1000 iteration 100/195 loss=89.4851 lr=0.00865797
CIFAR10 epoch 247/1000 iteration 150/195 loss=89.7389 lr=0.0086552
CIFAR10 epoch 247/1000 iteration 195/195 loss=89.3531 lr=0.0086527
CIFAR10 epoch 248/1000 iteration 50/195 loss=89.6120 lr=0.00864992
CIFAR10 epoch 248/1000 iteration 100/195 loss=90.0903 lr=0.00864714
CIFAR10 epoch 248/1000 iteration 150/195 loss=89.8505 lr=0.00864436
CIFAR10 epoch 248/1000 iteration 195/195 loss=89.6882 lr=0.00864186
CIFAR10 epoch 249/1000 iteration 50/195 loss=89.3452 lr=0.00863907
CIFAR10 epoch 249/1000 iteration 100/195 loss=89.5544 lr=0.00863628
CIFAR10 epoch 249/1000 iteration 150/195 loss=89.6007 lr=0.00863349
CIFAR10 epoch 249/1000 iteration 195/195 loss=89.5376 lr=0.00863097
CIFAR10 epoch 250/1000 iteration 50/195 loss=90.1794 lr=0.00862818
CIFAR10 epoch 250/1000 iteration 100/195 loss=89.9924 lr=0.00862538
CIFAR10 epoch 250/1000 iteration 150/195 loss=89.9815 lr=0.00862257
CIFAR10 epoch 250/1000 iteration 195/195 loss=89.6350 lr=0.00862005
[epoch 250/1000] saved backbone: /home/mmoslem3/scratch/MKDT/krrst_teacher_ckpt/barlow_twins_resnet18_cifar10.pt
CIFAR10 epoch 251/1000 iteration 50/195 loss=89.3343 lr=0.00861725
CIFAR10 epoch 251/1000 iteration 100/195 loss=89.7972 lr=0.00861444
CIFAR10 epoch 251/1000 iteration 150/195 loss=89.7815 lr=0.00861163
CIFAR10 epoch 251/1000 iteration 195/195 loss=90.1616 lr=0.0086091
CIFAR10 epoch 252/1000 iteration 50/195 loss=88.7629 lr=0.00860628
CIFAR10 epoch 252/1000 iteration 100/195 loss=89.1887 lr=0.00860346
CIFAR10 epoch 252/1000 iteration 150/195 loss=89.3230 lr=0.00860064
CIFAR10 epoch 252/1000 iteration 195/195 loss=89.2476 lr=0.0085981
CIFAR10 epoch 253/1000 iteration 50/195 loss=91.0200 lr=0.00859528
CIFAR10 epoch 253/1000 iteration 100/195 loss=89.4014 lr=0.00859245
CIFAR10 epoch 253/1000 iteration 150/195 loss=89.2917 lr=0.00858962
CIFAR10 epoch 253/1000 iteration 195/195 loss=89.3591 lr=0.00858707
CIFAR10 epoch 254/1000 iteration 50/195 loss=87.7080 lr=0.00858424
CIFAR10 epoch 254/1000 iteration 100/195 loss=89.0854 lr=0.0085814
CIFAR10 epoch 254/1000 iteration 150/195 loss=89.4149 lr=0.00857857
CIFAR10 epoch 254/1000 iteration 195/195 loss=89.5770 lr=0.00857601
CIFAR10 epoch 255/1000 iteration 50/195 loss=88.0281 lr=0.00857317
CIFAR10 epoch 255/1000 iteration 100/195 loss=88.6380 lr=0.00857032
CIFAR10 epoch 255/1000 iteration 150/195 loss=88.7589 lr=0.00856747
CIFAR10 epoch 255/1000 iteration 195/195 loss=89.4033 lr=0.00856491
CIFAR10 epoch 256/1000 iteration 50/195 loss=88.0657 lr=0.00856206
CIFAR10 epoch 256/1000 iteration 100/195 loss=88.7654 lr=0.0085592
CIFAR10 epoch 256/1000 iteration 150/195 loss=89.4160 lr=0.00855634
CIFAR10 epoch 256/1000 iteration 195/195 loss=89.2379 lr=0.00855377
CIFAR10 epoch 257/1000 iteration 50/195 loss=88.3462 lr=0.00855091
CIFAR10 epoch 257/1000 iteration 100/195 loss=88.3867 lr=0.00854805
CIFAR10 epoch 257/1000 iteration 150/195 loss=88.8921 lr=0.00854518
CIFAR10 epoch 257/1000 iteration 195/195 loss=89.4277 lr=0.0085426
CIFAR10 epoch 258/1000 iteration 50/195 loss=88.2231 lr=0.00853973
CIFAR10 epoch 258/1000 iteration 100/195 loss=88.3560 lr=0.00853685
CIFAR10 epoch 258/1000 iteration 150/195 loss=88.3843 lr=0.00853398
CIFAR10 epoch 258/1000 iteration 195/195 loss=88.6970 lr=0.00853139
CIFAR10 epoch 259/1000 iteration 50/195 loss=87.3283 lr=0.00852851
CIFAR10 epoch 259/1000 iteration 100/195 loss=88.3839 lr=0.00852563
CIFAR10 epoch 259/1000 iteration 150/195 loss=88.3339 lr=0.00852274
CIFAR10 epoch 259/1000 iteration 195/195 loss=88.8073 lr=0.00852015
CIFAR10 epoch 260/1000 iteration 50/195 loss=89.4181 lr=0.00851726
CIFAR10 epoch 260/1000 iteration 100/195 loss=89.0936 lr=0.00851437
CIFAR10 epoch 260/1000 iteration 150/195 loss=88.8704 lr=0.00851147
CIFAR10 epoch 260/1000 iteration 195/195 loss=89.1941 lr=0.00850887
[epoch 260/1000] saved backbone: /home/mmoslem3/scratch/MKDT/krrst_teacher_ckpt/barlow_twins_resnet18_cifar10.pt
CIFAR10 epoch 261/1000 iteration 50/195 loss=89.4763 lr=0.00850597
CIFAR10 epoch 261/1000 iteration 100/195 loss=88.9782 lr=0.00850307
CIFAR10 epoch 261/1000 iteration 150/195 loss=88.9371 lr=0.00850017
CIFAR10 epoch 261/1000 iteration 195/195 loss=89.2016 lr=0.00849755
CIFAR10 epoch 262/1000 iteration 50/195 loss=87.0498 lr=0.00849465
CIFAR10 epoch 262/1000 iteration 100/195 loss=88.0673 lr=0.00849174
CIFAR10 epoch 262/1000 iteration 150/195 loss=88.8622 lr=0.00848883
CIFAR10 epoch 262/1000 iteration 195/195 loss=89.2372 lr=0.0084862
CIFAR10 epoch 263/1000 iteration 50/195 loss=87.5294 lr=0.00848329
CIFAR10 epoch 263/1000 iteration 100/195 loss=88.7859 lr=0.00848037
CIFAR10 epoch 263/1000 iteration 150/195 loss=89.1898 lr=0.00847745
CIFAR10 epoch 263/1000 iteration 195/195 loss=89.0961 lr=0.00847482
CIFAR10 epoch 264/1000 iteration 50/195 loss=90.2433 lr=0.00847189
CIFAR10 epoch 264/1000 iteration 100/195 loss=90.2475 lr=0.00846897
CIFAR10 epoch 264/1000 iteration 150/195 loss=89.7390 lr=0.00846604
CIFAR10 epoch 264/1000 iteration 195/195 loss=89.3044 lr=0.0084634
CIFAR10 epoch 265/1000 iteration 50/195 loss=88.5237 lr=0.00846047
CIFAR10 epoch 265/1000 iteration 100/195 loss=87.4588 lr=0.00845753
CIFAR10 epoch 265/1000 iteration 150/195 loss=88.2504 lr=0.00845459
CIFAR10 epoch 265/1000 iteration 195/195 loss=88.4906 lr=0.00845194
CIFAR10 epoch 266/1000 iteration 50/195 loss=87.6579 lr=0.008449
CIFAR10 epoch 266/1000 iteration 100/195 loss=88.2528 lr=0.00844606
CIFAR10 epoch 266/1000 iteration 150/195 loss=88.7878 lr=0.00844311
CIFAR10 epoch 266/1000 iteration 195/195 loss=88.9513 lr=0.00844046
CIFAR10 epoch 267/1000 iteration 50/195 loss=88.6914 lr=0.0084375
CIFAR10 epoch 267/1000 iteration 100/195 loss=88.3538 lr=0.00843455
CIFAR10 epoch 267/1000 iteration 150/195 loss=88.2627 lr=0.00843159
CIFAR10 epoch 267/1000 iteration 195/195 loss=88.5855 lr=0.00842893
CIFAR10 epoch 268/1000 iteration 50/195 loss=90.5682 lr=0.00842597
CIFAR10 epoch 268/1000 iteration 100/195 loss=89.5946 lr=0.00842301
CIFAR10 epoch 268/1000 iteration 150/195 loss=88.8364 lr=0.00842004
CIFAR10 epoch 268/1000 iteration 195/195 loss=88.7287 lr=0.00841737
CIFAR10 epoch 269/1000 iteration 50/195 loss=88.6313 lr=0.0084144
CIFAR10 epoch 269/1000 iteration 100/195 loss=88.3854 lr=0.00841143
CIFAR10 epoch 269/1000 iteration 150/195 loss=88.0768 lr=0.00840846
CIFAR10 epoch 269/1000 iteration 195/195 loss=88.1632 lr=0.00840578
CIFAR10 epoch 270/1000 iteration 50/195 loss=88.5210 lr=0.0084028
CIFAR10 epoch 270/1000 iteration 100/195 loss=88.6615 lr=0.00839982
CIFAR10 epoch 270/1000 iteration 150/195 loss=87.8201 lr=0.00839684
CIFAR10 epoch 270/1000 iteration 195/195 loss=88.1850 lr=0.00839415
[epoch 270/1000] saved backbone: /home/mmoslem3/scratch/MKDT/krrst_teacher_ckpt/barlow_twins_resnet18_cifar10.pt
CIFAR10 epoch 271/1000 iteration 50/195 loss=88.8112 lr=0.00839117
CIFAR10 epoch 271/1000 iteration 100/195 loss=88.9648 lr=0.00838818
CIFAR10 epoch 271/1000 iteration 150/195 loss=88.7035 lr=0.00838519
CIFAR10 epoch 271/1000 iteration 195/195 loss=88.2251 lr=0.00838249
CIFAR10 epoch 272/1000 iteration 50/195 loss=86.4477 lr=0.0083795
CIFAR10 epoch 272/1000 iteration 100/195 loss=87.4752 lr=0.0083765
CIFAR10 epoch 272/1000 iteration 150/195 loss=87.7356 lr=0.0083735
CIFAR10 epoch 272/1000 iteration 195/195 loss=88.0331 lr=0.0083708
CIFAR10 epoch 273/1000 iteration 50/195 loss=87.1607 lr=0.00836779
CIFAR10 epoch 273/1000 iteration 100/195 loss=86.6190 lr=0.00836479
CIFAR10 epoch 273/1000 iteration 150/195 loss=86.9504 lr=0.00836178
CIFAR10 epoch 273/1000 iteration 195/195 loss=87.0727 lr=0.00835907
CIFAR10 epoch 274/1000 iteration 50/195 loss=88.9282 lr=0.00835606
CIFAR10 epoch 274/1000 iteration 100/195 loss=88.3643 lr=0.00835304
CIFAR10 epoch 274/1000 iteration 150/195 loss=88.2599 lr=0.00835002
CIFAR10 epoch 274/1000 iteration 195/195 loss=88.4695 lr=0.00834731
CIFAR10 epoch 275/1000 iteration 50/195 loss=87.6308 lr=0.00834429
CIFAR10 epoch 275/1000 iteration 100/195 loss=88.1919 lr=0.00834126
CIFAR10 epoch 275/1000 iteration 150/195 loss=88.0552 lr=0.00833824
CIFAR10 epoch 275/1000 iteration 195/195 loss=87.9012 lr=0.00833551
CIFAR10 epoch 276/1000 iteration 50/195 loss=87.3299 lr=0.00833248
CIFAR10 epoch 276/1000 iteration 100/195 loss=87.4849 lr=0.00832945
CIFAR10 epoch 276/1000 iteration 150/195 loss=88.0730 lr=0.00832641
CIFAR10 epoch 276/1000 iteration 195/195 loss=88.4680 lr=0.00832368
CIFAR10 epoch 277/1000 iteration 50/195 loss=86.8576 lr=0.00832064
CIFAR10 epoch 277/1000 iteration 100/195 loss=87.2626 lr=0.0083176
CIFAR10 epoch 277/1000 iteration 150/195 loss=87.4200 lr=0.00831456
CIFAR10 epoch 277/1000 iteration 195/195 loss=87.4676 lr=0.00831182
CIFAR10 epoch 278/1000 iteration 50/195 loss=87.7701 lr=0.00830877
CIFAR10 epoch 278/1000 iteration 100/195 loss=88.0133 lr=0.00830572
CIFAR10 epoch 278/1000 iteration 150/195 loss=88.3118 lr=0.00830267
CIFAR10 epoch 278/1000 iteration 195/195 loss=88.3416 lr=0.00829992
CIFAR10 epoch 279/1000 iteration 50/195 loss=86.6041 lr=0.00829687
CIFAR10 epoch 279/1000 iteration 100/195 loss=86.5372 lr=0.00829381
CIFAR10 epoch 279/1000 iteration 150/195 loss=87.2726 lr=0.00829075
CIFAR10 epoch 279/1000 iteration 195/195 loss=87.3919 lr=0.00828799
CIFAR10 epoch 280/1000 iteration 50/195 loss=86.7969 lr=0.00828493
CIFAR10 epoch 280/1000 iteration 100/195 loss=86.5269 lr=0.00828186
CIFAR10 epoch 280/1000 iteration 150/195 loss=87.0603 lr=0.00827879
CIFAR10 epoch 280/1000 iteration 195/195 loss=86.9328 lr=0.00827603
[epoch 280/1000] saved backbone: /home/mmoslem3/scratch/MKDT/krrst_teacher_ckpt/barlow_twins_resnet18_cifar10.pt
CIFAR10 epoch 281/1000 iteration 50/195 loss=87.2247 lr=0.00827296
CIFAR10 epoch 281/1000 iteration 100/195 loss=87.8516 lr=0.00826988
CIFAR10 epoch 281/1000 iteration 150/195 loss=87.6867 lr=0.0082668
CIFAR10 epoch 281/1000 iteration 195/195 loss=87.6741 lr=0.00826403
CIFAR10 epoch 282/1000 iteration 50/195 loss=86.5095 lr=0.00826095
CIFAR10 epoch 282/1000 iteration 100/195 loss=86.8401 lr=0.00825787
CIFAR10 epoch 282/1000 iteration 150/195 loss=87.1430 lr=0.00825478
CIFAR10 epoch 282/1000 iteration 195/195 loss=87.4209 lr=0.00825201
CIFAR10 epoch 283/1000 iteration 50/195 loss=87.4530 lr=0.00824892
CIFAR10 epoch 283/1000 iteration 100/195 loss=86.9325 lr=0.00824582
CIFAR10 epoch 283/1000 iteration 150/195 loss=87.0743 lr=0.00824273
CIFAR10 epoch 283/1000 iteration 195/195 loss=87.0064 lr=0.00823994
CIFAR10 epoch 284/1000 iteration 50/195 loss=86.5655 lr=0.00823685
CIFAR10 epoch 284/1000 iteration 100/195 loss=86.7034 lr=0.00823375
CIFAR10 epoch 284/1000 iteration 150/195 loss=86.8203 lr=0.00823064
CIFAR10 epoch 284/1000 iteration 195/195 loss=86.7042 lr=0.00822785
CIFAR10 epoch 285/1000 iteration 50/195 loss=87.9622 lr=0.00822474
CIFAR10 epoch 285/1000 iteration 100/195 loss=87.1406 lr=0.00822164
CIFAR10 epoch 285/1000 iteration 150/195 loss=87.0267 lr=0.00821853
CIFAR10 epoch 285/1000 iteration 195/195 loss=86.9704 lr=0.00821572
CIFAR10 epoch 286/1000 iteration 50/195 loss=87.3759 lr=0.00821261
CIFAR10 epoch 286/1000 iteration 100/195 loss=87.2534 lr=0.00820949
CIFAR10 epoch 286/1000 iteration 150/195 loss=86.9990 lr=0.00820637
CIFAR10 epoch 286/1000 iteration 195/195 loss=86.7306 lr=0.00820357
CIFAR10 epoch 287/1000 iteration 50/195 loss=85.5991 lr=0.00820044
CIFAR10 epoch 287/1000 iteration 100/195 loss=86.5169 lr=0.00819732
CIFAR10 epoch 287/1000 iteration 150/195 loss=86.6338 lr=0.00819419
CIFAR10 epoch 287/1000 iteration 195/195 loss=87.0952 lr=0.00819137
CIFAR10 epoch 288/1000 iteration 50/195 loss=86.0766 lr=0.00818824
CIFAR10 epoch 288/1000 iteration 100/195 loss=86.4942 lr=0.00818511
CIFAR10 epoch 288/1000 iteration 150/195 loss=86.5997 lr=0.00818198
CIFAR10 epoch 288/1000 iteration 195/195 loss=86.7746 lr=0.00817915
CIFAR10 epoch 289/1000 iteration 50/195 loss=88.6333 lr=0.00817601
CIFAR10 epoch 289/1000 iteration 100/195 loss=88.0012 lr=0.00817287
CIFAR10 epoch 289/1000 iteration 150/195 loss=88.3141 lr=0.00816973
CIFAR10 epoch 289/1000 iteration 195/195 loss=87.9577 lr=0.0081669
CIFAR10 epoch 290/1000 iteration 50/195 loss=87.4968 lr=0.00816375
CIFAR10 epoch 290/1000 iteration 100/195 loss=87.5149 lr=0.0081606
CIFAR10 epoch 290/1000 iteration 150/195 loss=87.0204 lr=0.00815745
CIFAR10 epoch 290/1000 iteration 195/195 loss=87.2078 lr=0.00815461
[epoch 290/1000] saved backbone: /home/mmoslem3/scratch/MKDT/krrst_teacher_ckpt/barlow_twins_resnet18_cifar10.pt
CIFAR10 epoch 291/1000 iteration 50/195 loss=85.7004 lr=0.00815146
CIFAR10 epoch 291/1000 iteration 100/195 loss=86.0931 lr=0.0081483
CIFAR10 epoch 291/1000 iteration 150/195 loss=85.8556 lr=0.00814514
CIFAR10 epoch 291/1000 iteration 195/195 loss=86.1844 lr=0.00814229
CIFAR10 epoch 292/1000 iteration 50/195 loss=85.3554 lr=0.00813913
CIFAR10 epoch 292/1000 iteration 100/195 loss=86.3583 lr=0.00813596
CIFAR10 epoch 292/1000 iteration 150/195 loss=86.0460 lr=0.0081328
CIFAR10 epoch 292/1000 iteration 195/195 loss=86.6300 lr=0.00812994
CIFAR10 epoch 293/1000 iteration 50/195 loss=86.3397 lr=0.00812677
CIFAR10 epoch 293/1000 iteration 100/195 loss=87.0538 lr=0.0081236
CIFAR10 epoch 293/1000 iteration 150/195 loss=87.4991 lr=0.00812042
CIFAR10 epoch 293/1000 iteration 195/195 loss=87.3258 lr=0.00811756
CIFAR10 epoch 294/1000 iteration 50/195 loss=87.5883 lr=0.00811438
CIFAR10 epoch 294/1000 iteration 100/195 loss=87.2607 lr=0.0081112
CIFAR10 epoch 294/1000 iteration 150/195 loss=87.0877 lr=0.00810802
CIFAR10 epoch 294/1000 iteration 195/195 loss=86.7804 lr=0.00810515
CIFAR10 epoch 295/1000 iteration 50/195 loss=87.5315 lr=0.00810196
CIFAR10 epoch 295/1000 iteration 100/195 loss=86.5702 lr=0.00809877
CIFAR10 epoch 295/1000 iteration 150/195 loss=86.6804 lr=0.00809558
CIFAR10 epoch 295/1000 iteration 195/195 loss=86.8363 lr=0.0080927
CIFAR10 epoch 296/1000 iteration 50/195 loss=85.5828 lr=0.00808951
CIFAR10 epoch 296/1000 iteration 100/195 loss=86.7137 lr=0.00808631
CIFAR10 epoch 296/1000 iteration 150/195 loss=86.7563 lr=0.00808311
CIFAR10 epoch 296/1000 iteration 195/195 loss=87.0108 lr=0.00808023
CIFAR10 epoch 297/1000 iteration 50/195 loss=87.0374 lr=0.00807703
CIFAR10 epoch 297/1000 iteration 100/195 loss=87.5367 lr=0.00807382
CIFAR10 epoch 297/1000 iteration 150/195 loss=87.3550 lr=0.00807061
CIFAR10 epoch 297/1000 iteration 195/195 loss=86.9499 lr=0.00806772
CIFAR10 epoch 298/1000 iteration 50/195 loss=86.5404 lr=0.00806451
CIFAR10 epoch 298/1000 iteration 100/195 loss=86.4734 lr=0.0080613
CIFAR10 epoch 298/1000 iteration 150/195 loss=86.2031 lr=0.00805808
CIFAR10 epoch 298/1000 iteration 195/195 loss=86.2210 lr=0.00805519
CIFAR10 epoch 299/1000 iteration 50/195 loss=85.3632 lr=0.00805197
CIFAR10 epoch 299/1000 iteration 100/195 loss=85.9269 lr=0.00804875
CIFAR10 epoch 299/1000 iteration 150/195 loss=85.6821 lr=0.00804552
CIFAR10 epoch 299/1000 iteration 195/195 loss=85.8639 lr=0.00804262
CIFAR10 epoch 300/1000 iteration 50/195 loss=86.3640 lr=0.00803939
CIFAR10 epoch 300/1000 iteration 100/195 loss=86.2265 lr=0.00803616
CIFAR10 epoch 300/1000 iteration 150/195 loss=86.5921 lr=0.00803293
CIFAR10 epoch 300/1000 iteration 195/195 loss=87.3787 lr=0.00803002
[epoch 300/1000] saved backbone: /home/mmoslem3/scratch/MKDT/krrst_teacher_ckpt/barlow_twins_resnet18_cifar10.pt
CIFAR10 epoch 301/1000 iteration 50/195 loss=85.5322 lr=0.00802679
CIFAR10 epoch 301/1000 iteration 100/195 loss=86.1816 lr=0.00802355
CIFAR10 epoch 301/1000 iteration 150/195 loss=86.6786 lr=0.00802031
CIFAR10 epoch 301/1000 iteration 195/195 loss=86.5171 lr=0.00801739
CIFAR10 epoch 302/1000 iteration 50/195 loss=84.5102 lr=0.00801415
CIFAR10 epoch 302/1000 iteration 100/195 loss=85.5047 lr=0.0080109
CIFAR10 epoch 302/1000 iteration 150/195 loss=85.8051 lr=0.00800766
CIFAR10 epoch 302/1000 iteration 195/195 loss=85.7664 lr=0.00800473
CIFAR10 epoch 303/1000 iteration 50/195 loss=85.0286 lr=0.00800148
CIFAR10 epoch 303/1000 iteration 100/195 loss=85.5884 lr=0.00799823
CIFAR10 epoch 303/1000 iteration 150/195 loss=85.6930 lr=0.00799497
CIFAR10 epoch 303/1000 iteration 195/195 loss=85.7289 lr=0.00799204
CIFAR10 epoch 304/1000 iteration 50/195 loss=86.6983 lr=0.00798879
CIFAR10 epoch 304/1000 iteration 100/195 loss=86.2903 lr=0.00798552
CIFAR10 epoch 304/1000 iteration 150/195 loss=86.5224 lr=0.00798226
CIFAR10 epoch 304/1000 iteration 195/195 loss=86.4546 lr=0.00797932
CIFAR10 epoch 305/1000 iteration 50/195 loss=84.0069 lr=0.00797606
CIFAR10 epoch 305/1000 iteration 100/195 loss=85.2626 lr=0.00797279
CIFAR10 epoch 305/1000 iteration 150/195 loss=85.7516 lr=0.00796952
CIFAR10 epoch 305/1000 iteration 195/195 loss=85.7661 lr=0.00796658
CIFAR10 epoch 306/1000 iteration 50/195 loss=85.6447 lr=0.0079633
CIFAR10 epoch 306/1000 iteration 100/195 loss=85.2283 lr=0.00796003
CIFAR10 epoch 306/1000 iteration 150/195 loss=85.5551 lr=0.00795675
CIFAR10 epoch 306/1000 iteration 195/195 loss=85.5482 lr=0.0079538
CIFAR10 epoch 307/1000 iteration 50/195 loss=85.2486 lr=0.00795051
CIFAR10 epoch 307/1000 iteration 100/195 loss=85.1979 lr=0.00794723
CIFAR10 epoch 307/1000 iteration 150/195 loss=86.0296 lr=0.00794395
CIFAR10 epoch 307/1000 iteration 195/195 loss=86.3599 lr=0.00794099
CIFAR10 epoch 308/1000 iteration 50/195 loss=85.7864 lr=0.0079377
CIFAR10 epoch 308/1000 iteration 100/195 loss=86.1545 lr=0.00793441
CIFAR10 epoch 308/1000 iteration 150/195 loss=86.0632 lr=0.00793111
CIFAR10 epoch 308/1000 iteration 195/195 loss=86.3513 lr=0.00792815
CIFAR10 epoch 309/1000 iteration 50/195 loss=86.0600 lr=0.00792485
CIFAR10 epoch 309/1000 iteration 100/195 loss=85.9723 lr=0.00792155
CIFAR10 epoch 309/1000 iteration 150/195 loss=86.1885 lr=0.00791825
CIFAR10 epoch 309/1000 iteration 195/195 loss=85.9242 lr=0.00791528
CIFAR10 epoch 310/1000 iteration 50/195 loss=84.3087 lr=0.00791198
CIFAR10 epoch 310/1000 iteration 100/195 loss=84.9552 lr=0.00790867
CIFAR10 epoch 310/1000 iteration 150/195 loss=85.4191 lr=0.00790536
CIFAR10 epoch 310/1000 iteration 195/195 loss=85.3339 lr=0.00790238
[epoch 310/1000] saved backbone: /home/mmoslem3/scratch/MKDT/krrst_teacher_ckpt/barlow_twins_resnet18_cifar10.pt
CIFAR10 epoch 311/1000 iteration 50/195 loss=85.1857 lr=0.00789907
CIFAR10 epoch 311/1000 iteration 100/195 loss=85.7529 lr=0.00789576
CIFAR10 epoch 311/1000 iteration 150/195 loss=85.9165 lr=0.00789244
CIFAR10 epoch 311/1000 iteration 195/195 loss=85.8767 lr=0.00788946
CIFAR10 epoch 312/1000 iteration 50/195 loss=84.6147 lr=0.00788614
CIFAR10 epoch 312/1000 iteration 100/195 loss=84.7942 lr=0.00788282
CIFAR10 epoch 312/1000 iteration 150/195 loss=84.7511 lr=0.0078795
CIFAR10 epoch 312/1000 iteration 195/195 loss=85.4251 lr=0.0078765
CIFAR10 epoch 313/1000 iteration 50/195 loss=85.2886 lr=0.00787318
CIFAR10 epoch 313/1000 iteration 100/195 loss=85.2398 lr=0.00786985
CIFAR10 epoch 313/1000 iteration 150/195 loss=85.0674 lr=0.00786652
CIFAR10 epoch 313/1000 iteration 195/195 loss=85.2397 lr=0.00786352
CIFAR10 epoch 314/1000 iteration 50/195 loss=83.9495 lr=0.00786018
CIFAR10 epoch 314/1000 iteration 100/195 loss=85.2181 lr=0.00785685
CIFAR10 epoch 314/1000 iteration 150/195 loss=85.2399 lr=0.00785351
CIFAR10 epoch 314/1000 iteration 195/195 loss=85.4237 lr=0.00785051
CIFAR10 epoch 315/1000 iteration 50/195 loss=84.1687 lr=0.00784716
CIFAR10 epoch 315/1000 iteration 100/195 loss=84.4860 lr=0.00784382
CIFAR10 epoch 315/1000 iteration 150/195 loss=84.8789 lr=0.00784048
CIFAR10 epoch 315/1000 iteration 195/195 loss=84.7098 lr=0.00783746
CIFAR10 epoch 316/1000 iteration 50/195 loss=85.6757 lr=0.00783412
CIFAR10 epoch 316/1000 iteration 100/195 loss=85.2098 lr=0.00783076
CIFAR10 epoch 316/1000 iteration 150/195 loss=84.6964 lr=0.00782741
CIFAR10 epoch 316/1000 iteration 195/195 loss=84.5191 lr=0.00782439
CIFAR10 epoch 317/1000 iteration 50/195 loss=83.7341 lr=0.00782104
CIFAR10 epoch 317/1000 iteration 100/195 loss=84.2616 lr=0.00781768
CIFAR10 epoch 317/1000 iteration 150/195 loss=84.5539 lr=0.00781432
CIFAR10 epoch 317/1000 iteration 195/195 loss=85.0640 lr=0.0078113
CIFAR10 epoch 318/1000 iteration 50/195 loss=84.5084 lr=0.00780793
CIFAR10 epoch 318/1000 iteration 100/195 loss=85.2443 lr=0.00780457
CIFAR10 epoch 318/1000 iteration 150/195 loss=85.4552 lr=0.0078012
CIFAR10 epoch 318/1000 iteration 195/195 loss=85.6359 lr=0.00779817
CIFAR10 epoch 319/1000 iteration 50/195 loss=85.5588 lr=0.0077948
CIFAR10 epoch 319/1000 iteration 100/195 loss=86.1463 lr=0.00779143
CIFAR10 epoch 319/1000 iteration 150/195 loss=85.9122 lr=0.00778805
CIFAR10 epoch 319/1000 iteration 195/195 loss=85.7537 lr=0.00778501
CIFAR10 epoch 320/1000 iteration 50/195 loss=85.4210 lr=0.00778164
CIFAR10 epoch 320/1000 iteration 100/195 loss=84.5925 lr=0.00777826
CIFAR10 epoch 320/1000 iteration 150/195 loss=84.6505 lr=0.00777488
CIFAR10 epoch 320/1000 iteration 195/195 loss=84.9590 lr=0.00777183
[epoch 320/1000] saved backbone: /home/mmoslem3/scratch/MKDT/krrst_teacher_ckpt/barlow_twins_resnet18_cifar10.pt
CIFAR10 epoch 321/1000 iteration 50/195 loss=83.6670 lr=0.00776845
CIFAR10 epoch 321/1000 iteration 100/195 loss=84.1650 lr=0.00776506
CIFAR10 epoch 321/1000 iteration 150/195 loss=84.9315 lr=0.00776167
CIFAR10 epoch 321/1000 iteration 195/195 loss=84.9550 lr=0.00775862
CIFAR10 epoch 322/1000 iteration 50/195 loss=83.8939 lr=0.00775523
CIFAR10 epoch 322/1000 iteration 100/195 loss=84.2141 lr=0.00775183
CIFAR10 epoch 322/1000 iteration 150/195 loss=84.5558 lr=0.00774844
CIFAR10 epoch 322/1000 iteration 195/195 loss=84.3296 lr=0.00774538
CIFAR10 epoch 323/1000 iteration 50/195 loss=85.5491 lr=0.00774198
CIFAR10 epoch 323/1000 iteration 100/195 loss=85.1366 lr=0.00773858
CIFAR10 epoch 323/1000 iteration 150/195 loss=85.3502 lr=0.00773518
CIFAR10 epoch 323/1000 iteration 195/195 loss=85.1546 lr=0.00773212
CIFAR10 epoch 324/1000 iteration 50/195 loss=84.2362 lr=0.00772871
CIFAR10 epoch 324/1000 iteration 100/195 loss=84.9477 lr=0.0077253
CIFAR10 epoch 324/1000 iteration 150/195 loss=84.9640 lr=0.00772189
CIFAR10 epoch 324/1000 iteration 195/195 loss=84.7794 lr=0.00771882
CIFAR10 epoch 325/1000 iteration 50/195 loss=83.9112 lr=0.00771541
CIFAR10 epoch 325/1000 iteration 100/195 loss=84.4145 lr=0.00771199
CIFAR10 epoch 325/1000 iteration 150/195 loss=84.7731 lr=0.00770858
CIFAR10 epoch 325/1000 iteration 195/195 loss=84.6439 lr=0.0077055
CIFAR10 epoch 326/1000 iteration 50/195 loss=83.4288 lr=0.00770208
CIFAR10 epoch 326/1000 iteration 100/195 loss=83.5006 lr=0.00769866
CIFAR10 epoch 326/1000 iteration 150/195 loss=83.9319 lr=0.00769524
CIFAR10 epoch 326/1000 iteration 195/195 loss=84.1098 lr=0.00769215
CIFAR10 epoch 327/1000 iteration 50/195 loss=84.6129 lr=0.00768873
CIFAR10 epoch 327/1000 iteration 100/195 loss=83.9925 lr=0.0076853
CIFAR10 epoch 327/1000 iteration 150/195 loss=84.3595 lr=0.00768187
CIFAR10 epoch 327/1000 iteration 195/195 loss=84.5416 lr=0.00767878
CIFAR10 epoch 328/1000 iteration 50/195 loss=83.7265 lr=0.00767534
CIFAR10 epoch 328/1000 iteration 100/195 loss=84.4568 lr=0.00767191
CIFAR10 epoch 328/1000 iteration 150/195 loss=84.2792 lr=0.00766847
CIFAR10 epoch 328/1000 iteration 195/195 loss=84.3638 lr=0.00766538
CIFAR10 epoch 329/1000 iteration 50/195 loss=84.4627 lr=0.00766193
CIFAR10 epoch 329/1000 iteration 100/195 loss=84.3725 lr=0.00765849
CIFAR10 epoch 329/1000 iteration 150/195 loss=84.6752 lr=0.00765505
CIFAR10 epoch 329/1000 iteration 195/195 loss=84.9226 lr=0.00765195
CIFAR10 epoch 330/1000 iteration 50/195 loss=86.2834 lr=0.0076485
CIFAR10 epoch 330/1000 iteration 100/195 loss=86.0870 lr=0.00764505
CIFAR10 epoch 330/1000 iteration 150/195 loss=85.7821 lr=0.0076416
CIFAR10 epoch 330/1000 iteration 195/195 loss=85.2028 lr=0.00763849
[epoch 330/1000] saved backbone: /home/mmoslem3/scratch/MKDT/krrst_teacher_ckpt/barlow_twins_resnet18_cifar10.pt
CIFAR10 epoch 331/1000 iteration 50/195 loss=84.7012 lr=0.00763504
CIFAR10 epoch 331/1000 iteration 100/195 loss=85.4981 lr=0.00763158
CIFAR10 epoch 331/1000 iteration 150/195 loss=84.9229 lr=0.00762812
CIFAR10 epoch 331/1000 iteration 195/195 loss=84.4544 lr=0.00762501
CIFAR10 epoch 332/1000 iteration 50/195 loss=85.3595 lr=0.00762155
CIFAR10 epoch 332/1000 iteration 100/195 loss=84.7850 lr=0.00761809
CIFAR10 epoch 332/1000 iteration 150/195 loss=84.7017 lr=0.00761462
CIFAR10 epoch 332/1000 iteration 195/195 loss=84.9243 lr=0.0076115
CIFAR10 epoch 333/1000 iteration 50/195 loss=83.9662 lr=0.00760803
CIFAR10 epoch 333/1000 iteration 100/195 loss=83.6279 lr=0.00760456
CIFAR10 epoch 333/1000 iteration 150/195 loss=83.7983 lr=0.00760109
CIFAR10 epoch 333/1000 iteration 195/195 loss=84.0336 lr=0.00759797
CIFAR10 epoch 334/1000 iteration 50/195 loss=84.4785 lr=0.00759449
CIFAR10 epoch 334/1000 iteration 100/195 loss=83.9190 lr=0.00759102
CIFAR10 epoch 334/1000 iteration 150/195 loss=83.4819 lr=0.00758754
CIFAR10 epoch 334/1000 iteration 195/195 loss=83.6808 lr=0.00758441
CIFAR10 epoch 335/1000 iteration 50/195 loss=83.2318 lr=0.00758092
CIFAR10 epoch 335/1000 iteration 100/195 loss=83.1695 lr=0.00757744
CIFAR10 epoch 335/1000 iteration 150/195 loss=83.3119 lr=0.00757396
CIFAR10 epoch 335/1000 iteration 195/195 loss=83.3451 lr=0.00757082
CIFAR10 epoch 336/1000 iteration 50/195 loss=83.1321 lr=0.00756733
CIFAR10 epoch 336/1000 iteration 100/195 loss=83.7422 lr=0.00756384
CIFAR10 epoch 336/1000 iteration 150/195 loss=83.9745 lr=0.00756035
CIFAR10 epoch 336/1000 iteration 195/195 loss=84.1403 lr=0.00755721
CIFAR10 epoch 337/1000 iteration 50/195 loss=82.5775 lr=0.00755371
CIFAR10 epoch 337/1000 iteration 100/195 loss=82.9777 lr=0.00755022
CIFAR10 epoch 337/1000 iteration 150/195 loss=83.1438 lr=0.00754672
CIFAR10 epoch 337/1000 iteration 195/195 loss=83.6268 lr=0.00754357
CIFAR10 epoch 338/1000 iteration 50/195 loss=84.3848 lr=0.00754007
CIFAR10 epoch 338/1000 iteration 100/195 loss=84.0192 lr=0.00753656
CIFAR10 epoch 338/1000 iteration 150/195 loss=83.9453 lr=0.00753306
CIFAR10 epoch 338/1000 iteration 195/195 loss=84.1084 lr=0.0075299
CIFAR10 epoch 339/1000 iteration 50/195 loss=83.6683 lr=0.0075264
CIFAR10 epoch 339/1000 iteration 100/195 loss=84.2367 lr=0.00752289
CIFAR10 epoch 339/1000 iteration 150/195 loss=84.2033 lr=0.00751938
CIFAR10 epoch 339/1000 iteration 195/195 loss=84.5011 lr=0.00751621
CIFAR10 epoch 340/1000 iteration 50/195 loss=85.2708 lr=0.0075127
CIFAR10 epoch 340/1000 iteration 100/195 loss=83.9028 lr=0.00750918
CIFAR10 epoch 340/1000 iteration 150/195 loss=83.9925 lr=0.00750567
CIFAR10 epoch 340/1000 iteration 195/195 loss=83.8565 lr=0.0075025
[epoch 340/1000] saved backbone: /home/mmoslem3/scratch/MKDT/krrst_teacher_ckpt/barlow_twins_resnet18_cifar10.pt
CIFAR10 epoch 341/1000 iteration 50/195 loss=83.6644 lr=0.00749898
CIFAR10 epoch 341/1000 iteration 100/195 loss=83.4705 lr=0.00749546
CIFAR10 epoch 341/1000 iteration 150/195 loss=83.7380 lr=0.00749193
CIFAR10 epoch 341/1000 iteration 195/195 loss=83.7559 lr=0.00748876
CIFAR10 epoch 342/1000 iteration 50/195 loss=82.2742 lr=0.00748523
CIFAR10 epoch 342/1000 iteration 100/195 loss=83.0818 lr=0.0074817
CIFAR10 epoch 342/1000 iteration 150/195 loss=83.9062 lr=0.00747817
CIFAR10 epoch 342/1000 iteration 195/195 loss=84.0276 lr=0.007475
CIFAR10 epoch 343/1000 iteration 50/195 loss=84.0244 lr=0.00747146
CIFAR10 epoch 343/1000 iteration 100/195 loss=83.7645 lr=0.00746793
CIFAR10 epoch 343/1000 iteration 150/195 loss=83.8173 lr=0.00746439
CIFAR10 epoch 343/1000 iteration 195/195 loss=84.0681 lr=0.00746121
CIFAR10 epoch 344/1000 iteration 50/195 loss=83.9237 lr=0.00745767
CIFAR10 epoch 344/1000 iteration 100/195 loss=84.0992 lr=0.00745412
CIFAR10 epoch 344/1000 iteration 150/195 loss=83.8153 lr=0.00745058
CIFAR10 epoch 344/1000 iteration 195/195 loss=84.2420 lr=0.00744739
CIFAR10 epoch 345/1000 iteration 50/195 loss=83.4644 lr=0.00744385
CIFAR10 epoch 345/1000 iteration 100/195 loss=83.9300 lr=0.0074403
CIFAR10 epoch 345/1000 iteration 150/195 loss=83.9592 lr=0.00743675
CIFAR10 epoch 345/1000 iteration 195/195 loss=83.8137 lr=0.00743355
CIFAR10 epoch 346/1000 iteration 50/195 loss=83.3405 lr=0.00743
CIFAR10 epoch 346/1000 iteration 100/195 loss=84.2635 lr=0.00742645
CIFAR10 epoch 346/1000 iteration 150/195 loss=84.1356 lr=0.00742289
CIFAR10 epoch 346/1000 iteration 195/195 loss=84.0560 lr=0.00741969
CIFAR10 epoch 347/1000 iteration 50/195 loss=83.6036 lr=0.00741613
CIFAR10 epoch 347/1000 iteration 100/195 loss=84.1863 lr=0.00741257
CIFAR10 epoch 347/1000 iteration 150/195 loss=84.2515 lr=0.00740901
CIFAR10 epoch 347/1000 iteration 195/195 loss=84.1864 lr=0.0074058
CIFAR10 epoch 348/1000 iteration 50/195 loss=83.4843 lr=0.00740224
CIFAR10 epoch 348/1000 iteration 100/195 loss=83.4936 lr=0.00739867
CIFAR10 epoch 348/1000 iteration 150/195 loss=83.1297 lr=0.0073951
CIFAR10 epoch 348/1000 iteration 195/195 loss=83.0903 lr=0.00739189
CIFAR10 epoch 349/1000 iteration 50/195 loss=83.6067 lr=0.00738832
CIFAR10 epoch 349/1000 iteration 100/195 loss=82.7935 lr=0.00738475
CIFAR10 epoch 349/1000 iteration 150/195 loss=82.9288 lr=0.00738117
CIFAR10 epoch 349/1000 iteration 195/195 loss=83.0343 lr=0.00737795
CIFAR10 epoch 350/1000 iteration 50/195 loss=83.5357 lr=0.00737438
CIFAR10 epoch 350/1000 iteration 100/195 loss=82.4586 lr=0.0073708
CIFAR10 epoch 350/1000 iteration 150/195 loss=82.5196 lr=0.00736722
CIFAR10 epoch 350/1000 iteration 195/195 loss=82.3986 lr=0.00736399
[epoch 350/1000] saved backbone: /home/mmoslem3/scratch/MKDT/krrst_teacher_ckpt/barlow_twins_resnet18_cifar10.pt
CIFAR10 epoch 351/1000 iteration 50/195 loss=84.5673 lr=0.00736041
CIFAR10 epoch 351/1000 iteration 100/195 loss=83.8104 lr=0.00735683
CIFAR10 epoch 351/1000 iteration 150/195 loss=84.1033 lr=0.00735324
CIFAR10 epoch 351/1000 iteration 195/195 loss=83.7790 lr=0.00735001
CIFAR10 epoch 352/1000 iteration 50/195 loss=81.8246 lr=0.00734642
CIFAR10 epoch 352/1000 iteration 100/195 loss=82.3389 lr=0.00734283
CIFAR10 epoch 352/1000 iteration 150/195 loss=82.9005 lr=0.00733924
CIFAR10 epoch 352/1000 iteration 195/195 loss=83.1769 lr=0.007336
CIFAR10 epoch 353/1000 iteration 50/195 loss=83.0445 lr=0.00733241
CIFAR10 epoch 353/1000 iteration 100/195 loss=82.7929 lr=0.00732881
CIFAR10 epoch 353/1000 iteration 150/195 loss=83.0842 lr=0.00732521
CIFAR10 epoch 353/1000 iteration 195/195 loss=82.9310 lr=0.00732197
CIFAR10 epoch 354/1000 iteration 50/195 loss=83.0051 lr=0.00731837
CIFAR10 epoch 354/1000 iteration 100/195 loss=82.4575 lr=0.00731477
CIFAR10 epoch 354/1000 iteration 150/195 loss=82.9541 lr=0.00731116
CIFAR10 epoch 354/1000 iteration 195/195 loss=82.9292 lr=0.00730792
CIFAR10 epoch 355/1000 iteration 50/195 loss=83.2563 lr=0.00730431
CIFAR10 epoch 355/1000 iteration 100/195 loss=82.5671 lr=0.0073007
CIFAR10 epoch 355/1000 iteration 150/195 loss=82.5341 lr=0.00729709
CIFAR10 epoch 355/1000 iteration 195/195 loss=82.4660 lr=0.00729384
CIFAR10 epoch 356/1000 iteration 50/195 loss=80.8281 lr=0.00729023
CIFAR10 epoch 356/1000 iteration 100/195 loss=82.1585 lr=0.00728661
CIFAR10 epoch 356/1000 iteration 150/195 loss=82.7137 lr=0.007283
CIFAR10 epoch 356/1000 iteration 195/195 loss=83.0244 lr=0.00727974
CIFAR10 epoch 357/1000 iteration 50/195 loss=82.5217 lr=0.00727612
CIFAR10 epoch 357/1000 iteration 100/195 loss=82.8067 lr=0.0072725
CIFAR10 epoch 357/1000 iteration 150/195 loss=82.7592 lr=0.00726888
CIFAR10 epoch 357/1000 iteration 195/195 loss=83.1071 lr=0.00726562
CIFAR10 epoch 358/1000 iteration 50/195 loss=81.9632 lr=0.00726199
CIFAR10 epoch 358/1000 iteration 100/195 loss=82.3260 lr=0.00725837
CIFAR10 epoch 358/1000 iteration 150/195 loss=82.5285 lr=0.00725474
CIFAR10 epoch 358/1000 iteration 195/195 loss=82.7993 lr=0.00725147
CIFAR10 epoch 359/1000 iteration 50/195 loss=81.6525 lr=0.00724784
CIFAR10 epoch 359/1000 iteration 100/195 loss=81.3036 lr=0.00724421
CIFAR10 epoch 359/1000 iteration 150/195 loss=82.1489 lr=0.00724058
CIFAR10 epoch 359/1000 iteration 195/195 loss=82.3764 lr=0.0072373
CIFAR10 epoch 360/1000 iteration 50/195 loss=82.3838 lr=0.00723367
CIFAR10 epoch 360/1000 iteration 100/195 loss=82.4194 lr=0.00723003
CIFAR10 epoch 360/1000 iteration 150/195 loss=82.7443 lr=0.00722639
CIFAR10 epoch 360/1000 iteration 195/195 loss=82.8512 lr=0.00722311
[epoch 360/1000] saved backbone: /home/mmoslem3/scratch/MKDT/krrst_teacher_ckpt/barlow_twins_resnet18_cifar10.pt
CIFAR10 epoch 361/1000 iteration 50/195 loss=81.4181 lr=0.00721947
CIFAR10 epoch 361/1000 iteration 100/195 loss=81.1965 lr=0.00721583
CIFAR10 epoch 361/1000 iteration 150/195 loss=82.0033 lr=0.00721218
CIFAR10 epoch 361/1000 iteration 195/195 loss=82.2483 lr=0.0072089
CIFAR10 epoch 362/1000 iteration 50/195 loss=83.3756 lr=0.00720525
CIFAR10 epoch 362/1000 iteration 100/195 loss=83.7222 lr=0.0072016
CIFAR10 epoch 362/1000 iteration 150/195 loss=83.0854 lr=0.00719795
CIFAR10 epoch 362/1000 iteration 195/195 loss=83.1260 lr=0.00719466
CIFAR10 epoch 363/1000 iteration 50/195 loss=83.5444 lr=0.00719101
CIFAR10 epoch 363/1000 iteration 100/195 loss=83.3463 lr=0.00718736
CIFAR10 epoch 363/1000 iteration 150/195 loss=83.2702 lr=0.0071837
CIFAR10 epoch 363/1000 iteration 195/195 loss=82.7326 lr=0.00718041
CIFAR10 epoch 364/1000 iteration 50/195 loss=81.4984 lr=0.00717675
CIFAR10 epoch 364/1000 iteration 100/195 loss=82.5480 lr=0.00717309
CIFAR10 epoch 364/1000 iteration 150/195 loss=82.8643 lr=0.00716942
CIFAR10 epoch 364/1000 iteration 195/195 loss=83.1205 lr=0.00716613
CIFAR10 epoch 365/1000 iteration 50/195 loss=83.6899 lr=0.00716246
CIFAR10 epoch 365/1000 iteration 100/195 loss=83.4500 lr=0.0071588
CIFAR10 epoch 365/1000 iteration 150/195 loss=83.0025 lr=0.00715513
CIFAR10 epoch 365/1000 iteration 195/195 loss=83.0130 lr=0.00715183
CIFAR10 epoch 366/1000 iteration 50/195 loss=81.1591 lr=0.00714816
CIFAR10 epoch 366/1000 iteration 100/195 loss=82.3753 lr=0.00714448
CIFAR10 epoch 366/1000 iteration 150/195 loss=82.4247 lr=0.00714081
CIFAR10 epoch 366/1000 iteration 195/195 loss=82.3770 lr=0.0071375
CIFAR10 epoch 367/1000 iteration 50/195 loss=83.0273 lr=0.00713383
CIFAR10 epoch 367/1000 iteration 100/195 loss=83.1574 lr=0.00713015
CIFAR10 epoch 367/1000 iteration 150/195 loss=83.1795 lr=0.00712647
CIFAR10 epoch 367/1000 iteration 195/195 loss=83.0418 lr=0.00712316
CIFAR10 epoch 368/1000 iteration 50/195 loss=82.5723 lr=0.00711948
CIFAR10 epoch 368/1000 iteration 100/195 loss=82.9980 lr=0.00711579
CIFAR10 epoch 368/1000 iteration 150/195 loss=82.3106 lr=0.00711211
CIFAR10 epoch 368/1000 iteration 195/195 loss=82.2839 lr=0.00710879
CIFAR10 epoch 369/1000 iteration 50/195 loss=82.3079 lr=0.00710511
CIFAR10 epoch 369/1000 iteration 100/195 loss=81.3771 lr=0.00710142
CIFAR10 epoch 369/1000 iteration 150/195 loss=81.8986 lr=0.00709773
CIFAR10 epoch 369/1000 iteration 195/195 loss=82.4895 lr=0.00709441
CIFAR10 epoch 370/1000 iteration 50/195 loss=81.7805 lr=0.00709071
CIFAR10 epoch 370/1000 iteration 100/195 loss=81.8166 lr=0.00708702
CIFAR10 epoch 370/1000 iteration 150/195 loss=82.1404 lr=0.00708332
CIFAR10 epoch 370/1000 iteration 195/195 loss=81.9268 lr=0.00708
[epoch 370/1000] saved backbone: /home/mmoslem3/scratch/MKDT/krrst_teacher_ckpt/barlow_twins_resnet18_cifar10.pt
CIFAR10 epoch 371/1000 iteration 50/195 loss=81.3240 lr=0.0070763
CIFAR10 epoch 371/1000 iteration 100/195 loss=81.4555 lr=0.0070726
CIFAR10 epoch 371/1000 iteration 150/195 loss=81.6050 lr=0.0070689
CIFAR10 epoch 371/1000 iteration 195/195 loss=81.6291 lr=0.00706557
CIFAR10 epoch 372/1000 iteration 50/195 loss=82.6208 lr=0.00706187
CIFAR10 epoch 372/1000 iteration 100/195 loss=82.4446 lr=0.00705816
CIFAR10 epoch 372/1000 iteration 150/195 loss=82.4839 lr=0.00705446
CIFAR10 epoch 372/1000 iteration 195/195 loss=82.3470 lr=0.00705112
CIFAR10 epoch 373/1000 iteration 50/195 loss=81.3693 lr=0.00704741
CIFAR10 epoch 373/1000 iteration 100/195 loss=81.8360 lr=0.0070437
CIFAR10 epoch 373/1000 iteration 150/195 loss=82.2091 lr=0.00703999
CIFAR10 epoch 373/1000 iteration 195/195 loss=82.2803 lr=0.00703665
CIFAR10 epoch 374/1000 iteration 50/195 loss=81.4842 lr=0.00703294
CIFAR10 epoch 374/1000 iteration 100/195 loss=81.8556 lr=0.00702922
CIFAR10 epoch 374/1000 iteration 150/195 loss=82.2467 lr=0.0070255
CIFAR10 epoch 374/1000 iteration 195/195 loss=81.7447 lr=0.00702216
CIFAR10 epoch 375/1000 iteration 50/195 loss=82.5982 lr=0.00701844
CIFAR10 epoch 375/1000 iteration 100/195 loss=82.6112 lr=0.00701472
CIFAR10 epoch 375/1000 iteration 150/195 loss=82.5248 lr=0.007011
CIFAR10 epoch 375/1000 iteration 195/195 loss=82.1617 lr=0.00700765
CIFAR10 epoch 376/1000 iteration 50/195 loss=81.2469 lr=0.00700392
CIFAR10 epoch 376/1000 iteration 100/195 loss=81.2037 lr=0.0070002
CIFAR10 epoch 376/1000 iteration 150/195 loss=81.5596 lr=0.00699647
CIFAR10 epoch 376/1000 iteration 195/195 loss=81.5611 lr=0.00699312
CIFAR10 epoch 377/1000 iteration 50/195 loss=81.3359 lr=0.00698939
CIFAR10 epoch 377/1000 iteration 100/195 loss=81.6344 lr=0.00698566
CIFAR10 epoch 377/1000 iteration 150/195 loss=81.8738 lr=0.00698193
CIFAR10 epoch 377/1000 iteration 195/195 loss=81.7712 lr=0.00697857
CIFAR10 epoch 378/1000 iteration 50/195 loss=82.5983 lr=0.00697483
CIFAR10 epoch 378/1000 iteration 100/195 loss=82.3820 lr=0.0069711
CIFAR10 epoch 378/1000 iteration 150/195 loss=82.0517 lr=0.00696736
CIFAR10 epoch 378/1000 iteration 195/195 loss=81.9104 lr=0.00696399
CIFAR10 epoch 379/1000 iteration 50/195 loss=81.8931 lr=0.00696026
CIFAR10 epoch 379/1000 iteration 100/195 loss=81.5723 lr=0.00695651
CIFAR10 epoch 379/1000 iteration 150/195 loss=81.1597 lr=0.00695277
CIFAR10 epoch 379/1000 iteration 195/195 loss=81.3998 lr=0.0069494
CIFAR10 epoch 380/1000 iteration 50/195 loss=82.3132 lr=0.00694566
CIFAR10 epoch 380/1000 iteration 100/195 loss=82.0301 lr=0.00694191
CIFAR10 epoch 380/1000 iteration 150/195 loss=81.6788 lr=0.00693817
CIFAR10 epoch 380/1000 iteration 195/195 loss=81.7930 lr=0.00693479
[epoch 380/1000] saved backbone: /home/mmoslem3/scratch/MKDT/krrst_teacher_ckpt/barlow_twins_resnet18_cifar10.pt
CIFAR10 epoch 381/1000 iteration 50/195 loss=81.5855 lr=0.00693104
CIFAR10 epoch 381/1000 iteration 100/195 loss=81.5748 lr=0.00692729
CIFAR10 epoch 381/1000 iteration 150/195 loss=81.4301 lr=0.00692354
CIFAR10 epoch 381/1000 iteration 195/195 loss=81.6194 lr=0.00692016
CIFAR10 epoch 382/1000 iteration 50/195 loss=82.0283 lr=0.00691641
CIFAR10 epoch 382/1000 iteration 100/195 loss=82.0422 lr=0.00691265
CIFAR10 epoch 382/1000 iteration 150/195 loss=81.6692 lr=0.0069089
CIFAR10 epoch 382/1000 iteration 195/195 loss=81.6376 lr=0.00690552
CIFAR10 epoch 383/1000 iteration 50/195 loss=82.4694 lr=0.00690176
CIFAR10 epoch 383/1000 iteration 100/195 loss=82.1806 lr=0.006898
CIFAR10 epoch 383/1000 iteration 150/195 loss=82.3215 lr=0.00689423
CIFAR10 epoch 383/1000 iteration 195/195 loss=82.3487 lr=0.00689085
CIFAR10 epoch 384/1000 iteration 50/195 loss=81.8358 lr=0.00688708
CIFAR10 epoch 384/1000 iteration 100/195 loss=82.0997 lr=0.00688332
CIFAR10 epoch 384/1000 iteration 150/195 loss=81.7594 lr=0.00687955
CIFAR10 epoch 384/1000 iteration 195/195 loss=81.6514 lr=0.00687616
CIFAR10 epoch 385/1000 iteration 50/195 loss=80.5809 lr=0.00687239
CIFAR10 epoch 385/1000 iteration 100/195 loss=81.2238 lr=0.00686862
CIFAR10 epoch 385/1000 iteration 150/195 loss=81.4560 lr=0.00686485
CIFAR10 epoch 385/1000 iteration 195/195 loss=81.6632 lr=0.00686145
CIFAR10 epoch 386/1000 iteration 50/195 loss=80.4124 lr=0.00685768
CIFAR10 epoch 386/1000 iteration 100/195 loss=81.2585 lr=0.00685391
CIFAR10 epoch 386/1000 iteration 150/195 loss=81.2356 lr=0.00685013
CIFAR10 epoch 386/1000 iteration 195/195 loss=81.2397 lr=0.00684673
CIFAR10 epoch 387/1000 iteration 50/195 loss=80.7651 lr=0.00684295
CIFAR10 epoch 387/1000 iteration 100/195 loss=81.3320 lr=0.00683917
CIFAR10 epoch 387/1000 iteration 150/195 loss=81.3928 lr=0.00683539
CIFAR10 epoch 387/1000 iteration 195/195 loss=81.4815 lr=0.00683199
CIFAR10 epoch 388/1000 iteration 50/195 loss=82.0450 lr=0.0068282
CIFAR10 epoch 388/1000 iteration 100/195 loss=82.4100 lr=0.00682442
CIFAR10 epoch 388/1000 iteration 150/195 loss=82.2164 lr=0.00682063
CIFAR10 epoch 388/1000 iteration 195/195 loss=82.0717 lr=0.00681722
CIFAR10 epoch 389/1000 iteration 50/195 loss=79.8375 lr=0.00681344
CIFAR10 epoch 389/1000 iteration 100/195 loss=80.5840 lr=0.00680965
CIFAR10 epoch 389/1000 iteration 150/195 loss=80.9963 lr=0.00680586
CIFAR10 epoch 389/1000 iteration 195/195 loss=81.1553 lr=0.00680244
CIFAR10 epoch 390/1000 iteration 50/195 loss=81.4374 lr=0.00679865
CIFAR10 epoch 390/1000 iteration 100/195 loss=80.9371 lr=0.00679486
CIFAR10 epoch 390/1000 iteration 150/195 loss=81.4148 lr=0.00679106
CIFAR10 epoch 390/1000 iteration 195/195 loss=81.5059 lr=0.00678765
[epoch 390/1000] saved backbone: /home/mmoslem3/scratch/MKDT/krrst_teacher_ckpt/barlow_twins_resnet18_cifar10.pt
CIFAR10 epoch 391/1000 iteration 50/195 loss=80.8741 lr=0.00678385
CIFAR10 epoch 391/1000 iteration 100/195 loss=81.3176 lr=0.00678005
CIFAR10 epoch 391/1000 iteration 150/195 loss=81.0848 lr=0.00677625
CIFAR10 epoch 391/1000 iteration 195/195 loss=81.2137 lr=0.00677283
CIFAR10 epoch 392/1000 iteration 50/195 loss=79.9044 lr=0.00676903
CIFAR10 epoch 392/1000 iteration 100/195 loss=80.3911 lr=0.00676523
CIFAR10 epoch 392/1000 iteration 150/195 loss=80.7379 lr=0.00676142
CIFAR10 epoch 392/1000 iteration 195/195 loss=80.7208 lr=0.006758
CIFAR10 epoch 393/1000 iteration 50/195 loss=80.6689 lr=0.00675419
CIFAR10 epoch 393/1000 iteration 100/195 loss=80.8273 lr=0.00675038
CIFAR10 epoch 393/1000 iteration 150/195 loss=81.0004 lr=0.00674657
CIFAR10 epoch 393/1000 iteration 195/195 loss=81.4503 lr=0.00674315
CIFAR10 epoch 394/1000 iteration 50/195 loss=80.4075 lr=0.00673933
CIFAR10 epoch 394/1000 iteration 100/195 loss=80.6519 lr=0.00673552
CIFAR10 epoch 394/1000 iteration 150/195 loss=80.2430 lr=0.00673171
CIFAR10 epoch 394/1000 iteration 195/195 loss=80.4388 lr=0.00672828
CIFAR10 epoch 395/1000 iteration 50/195 loss=80.2375 lr=0.00672446
CIFAR10 epoch 395/1000 iteration 100/195 loss=79.7284 lr=0.00672065
CIFAR10 epoch 395/1000 iteration 150/195 loss=80.2275 lr=0.00671683
CIFAR10 epoch 395/1000 iteration 195/195 loss=80.4862 lr=0.00671339
CIFAR10 epoch 396/1000 iteration 50/195 loss=80.1381 lr=0.00670957
CIFAR10 epoch 396/1000 iteration 100/195 loss=80.8498 lr=0.00670575
CIFAR10 epoch 396/1000 iteration 150/195 loss=80.8219 lr=0.00670193
CIFAR10 epoch 396/1000 iteration 195/195 loss=80.9440 lr=0.00669849
CIFAR10 epoch 397/1000 iteration 50/195 loss=80.6429 lr=0.00669466
CIFAR10 epoch 397/1000 iteration 100/195 loss=80.5631 lr=0.00669084
CIFAR10 epoch 397/1000 iteration 150/195 loss=80.9523 lr=0.00668701
CIFAR10 epoch 397/1000 iteration 195/195 loss=80.7643 lr=0.00668357
CIFAR10 epoch 398/1000 iteration 50/195 loss=81.0132 lr=0.00667974
CIFAR10 epoch 398/1000 iteration 100/195 loss=80.2663 lr=0.00667591
CIFAR10 epoch 398/1000 iteration 150/195 loss=80.7498 lr=0.00667208
CIFAR10 epoch 398/1000 iteration 195/195 loss=81.0884 lr=0.00666863
CIFAR10 epoch 399/1000 iteration 50/195 loss=79.6689 lr=0.0066648
CIFAR10 epoch 399/1000 iteration 100/195 loss=80.1412 lr=0.00666096
CIFAR10 epoch 399/1000 iteration 150/195 loss=80.6591 lr=0.00665713
CIFAR10 epoch 399/1000 iteration 195/195 loss=80.6115 lr=0.00665368
CIFAR10 epoch 400/1000 iteration 50/195 loss=78.6863 lr=0.00664984
CIFAR10 epoch 400/1000 iteration 100/195 loss=79.7839 lr=0.006646
CIFAR10 epoch 400/1000 iteration 150/195 loss=80.3318 lr=0.00664216
CIFAR10 epoch 400/1000 iteration 195/195 loss=80.3177 lr=0.0066387
[epoch 400/1000] saved backbone: /home/mmoslem3/scratch/MKDT/krrst_teacher_ckpt/barlow_twins_resnet18_cifar10.pt
CIFAR10 epoch 401/1000 iteration 50/195 loss=80.2553 lr=0.00663486
CIFAR10 epoch 401/1000 iteration 100/195 loss=80.4006 lr=0.00663102
CIFAR10 epoch 401/1000 iteration 150/195 loss=80.5342 lr=0.00662718
CIFAR10 epoch 401/1000 iteration 195/195 loss=80.7803 lr=0.00662372
CIFAR10 epoch 402/1000 iteration 50/195 loss=82.3953 lr=0.00661987
CIFAR10 epoch 402/1000 iteration 100/195 loss=81.9668 lr=0.00661603
CIFAR10 epoch 402/1000 iteration 150/195 loss=81.9432 lr=0.00661218
CIFAR10 epoch 402/1000 iteration 195/195 loss=81.6029 lr=0.00660871
CIFAR10 epoch 403/1000 iteration 50/195 loss=80.9332 lr=0.00660486
CIFAR10 epoch 403/1000 iteration 100/195 loss=80.2114 lr=0.00660101
CIFAR10 epoch 403/1000 iteration 150/195 loss=80.6251 lr=0.00659716
CIFAR10 epoch 403/1000 iteration 195/195 loss=80.6760 lr=0.00659369
CIFAR10 epoch 404/1000 iteration 50/195 loss=80.6866 lr=0.00658984
CIFAR10 epoch 404/1000 iteration 100/195 loss=80.7631 lr=0.00658599
CIFAR10 epoch 404/1000 iteration 150/195 loss=80.5166 lr=0.00658213
CIFAR10 epoch 404/1000 iteration 195/195 loss=80.6005 lr=0.00657866
CIFAR10 epoch 405/1000 iteration 50/195 loss=79.1531 lr=0.0065748
CIFAR10 epoch 405/1000 iteration 100/195 loss=81.0249 lr=0.00657094
CIFAR10 epoch 405/1000 iteration 150/195 loss=81.4081 lr=0.00656708
CIFAR10 epoch 405/1000 iteration 195/195 loss=81.1282 lr=0.00656361
CIFAR10 epoch 406/1000 iteration 50/195 loss=80.3884 lr=0.00655975
CIFAR10 epoch 406/1000 iteration 100/195 loss=79.9839 lr=0.00655588
CIFAR10 epoch 406/1000 iteration 150/195 loss=80.3259 lr=0.00655202
CIFAR10 epoch 406/1000 iteration 195/195 loss=80.4346 lr=0.00654854
CIFAR10 epoch 407/1000 iteration 50/195 loss=80.2297 lr=0.00654467
CIFAR10 epoch 407/1000 iteration 100/195 loss=79.3775 lr=0.00654081
CIFAR10 epoch 407/1000 iteration 150/195 loss=79.8081 lr=0.00653694
CIFAR10 epoch 407/1000 iteration 195/195 loss=79.8471 lr=0.00653346
CIFAR10 epoch 408/1000 iteration 50/195 loss=80.1053 lr=0.00652959
CIFAR10 epoch 408/1000 iteration 100/195 loss=80.5442 lr=0.00652572
CIFAR10 epoch 408/1000 iteration 150/195 loss=80.9946 lr=0.00652184
CIFAR10 epoch 408/1000 iteration 195/195 loss=80.6594 lr=0.00651836
CIFAR10 epoch 409/1000 iteration 50/195 loss=80.8375 lr=0.00651449
CIFAR10 epoch 409/1000 iteration 100/195 loss=80.4520 lr=0.00651061
CIFAR10 epoch 409/1000 iteration 150/195 loss=80.4447 lr=0.00650673
CIFAR10 epoch 409/1000 iteration 195/195 loss=80.3047 lr=0.00650325
CIFAR10 epoch 410/1000 iteration 50/195 loss=78.8261 lr=0.00649937
CIFAR10 epoch 410/1000 iteration 100/195 loss=79.6536 lr=0.00649549
CIFAR10 epoch 410/1000 iteration 150/195 loss=80.4787 lr=0.00649161
CIFAR10 epoch 410/1000 iteration 195/195 loss=80.3623 lr=0.00648812
[epoch 410/1000] saved backbone: /home/mmoslem3/scratch/MKDT/krrst_teacher_ckpt/barlow_twins_resnet18_cifar10.pt
CIFAR10 epoch 411/1000 iteration 50/195 loss=80.5293 lr=0.00648424
CIFAR10 epoch 411/1000 iteration 100/195 loss=80.8885 lr=0.00648035
CIFAR10 epoch 411/1000 iteration 150/195 loss=80.6554 lr=0.00647647
CIFAR10 epoch 411/1000 iteration 195/195 loss=80.7097 lr=0.00647297
CIFAR10 epoch 412/1000 iteration 50/195 loss=78.9727 lr=0.00646909
CIFAR10 epoch 412/1000 iteration 100/195 loss=79.9531 lr=0.0064652
CIFAR10 epoch 412/1000 iteration 150/195 loss=79.8113 lr=0.00646132
CIFAR10 epoch 412/1000 iteration 195/195 loss=80.1220 lr=0.00645782
CIFAR10 epoch 413/1000 iteration 50/195 loss=81.7978 lr=0.00645393
CIFAR10 epoch 413/1000 iteration 100/195 loss=80.8881 lr=0.00645004
CIFAR10 epoch 413/1000 iteration 150/195 loss=80.5620 lr=0.00644615
CIFAR10 epoch 413/1000 iteration 195/195 loss=80.4713 lr=0.00644264
CIFAR10 epoch 414/1000 iteration 50/195 loss=80.4134 lr=0.00643875
CIFAR10 epoch 414/1000 iteration 100/195 loss=80.7883 lr=0.00643486
CIFAR10 epoch 414/1000 iteration 150/195 loss=80.6084 lr=0.00643096
CIFAR10 epoch 414/1000 iteration 195/195 loss=80.3026 lr=0.00642746
CIFAR10 epoch 415/1000 iteration 50/195 loss=77.7851 lr=0.00642356
CIFAR10 epoch 415/1000 iteration 100/195 loss=78.2389 lr=0.00641966
CIFAR10 epoch 415/1000 iteration 150/195 loss=78.6573 lr=0.00641576
CIFAR10 epoch 415/1000 iteration 195/195 loss=78.8380 lr=0.00641225
CIFAR10 epoch 416/1000 iteration 50/195 loss=78.9278 lr=0.00640835
CIFAR10 epoch 416/1000 iteration 100/195 loss=79.7192 lr=0.00640445
CIFAR10 epoch 416/1000 iteration 150/195 loss=80.0022 lr=0.00640055
CIFAR10 epoch 416/1000 iteration 195/195 loss=80.2384 lr=0.00639704
CIFAR10 epoch 417/1000 iteration 50/195 loss=79.3495 lr=0.00639313
CIFAR10 epoch 417/1000 iteration 100/195 loss=79.2248 lr=0.00638923
CIFAR10 epoch 417/1000 iteration 150/195 loss=79.8817 lr=0.00638532
CIFAR10 epoch 417/1000 iteration 195/195 loss=79.8096 lr=0.00638181
CIFAR10 epoch 418/1000 iteration 50/195 loss=79.0188 lr=0.0063779
CIFAR10 epoch 418/1000 iteration 100/195 loss=79.4266 lr=0.00637399
CIFAR10 epoch 418/1000 iteration 150/195 loss=79.4578 lr=0.00637008
CIFAR10 epoch 418/1000 iteration 195/195 loss=79.6190 lr=0.00636656
CIFAR10 epoch 419/1000 iteration 50/195 loss=79.2533 lr=0.00636265
CIFAR10 epoch 419/1000 iteration 100/195 loss=79.8242 lr=0.00635874
CIFAR10 epoch 419/1000 iteration 150/195 loss=79.1272 lr=0.00635483
CIFAR10 epoch 419/1000 iteration 195/195 loss=79.4068 lr=0.00635131
CIFAR10 epoch 420/1000 iteration 50/195 loss=79.8541 lr=0.00634739
CIFAR10 epoch 420/1000 iteration 100/195 loss=79.7965 lr=0.00634348
CIFAR10 epoch 420/1000 iteration 150/195 loss=79.6344 lr=0.00633956
CIFAR10 epoch 420/1000 iteration 195/195 loss=79.6867 lr=0.00633604
[epoch 420/1000] saved backbone: /home/mmoslem3/scratch/MKDT/krrst_teacher_ckpt/barlow_twins_resnet18_cifar10.pt
CIFAR10 epoch 421/1000 iteration 50/195 loss=79.4703 lr=0.00633212
CIFAR10 epoch 421/1000 iteration 100/195 loss=79.3419 lr=0.0063282
CIFAR10 epoch 421/1000 iteration 150/195 loss=79.0998 lr=0.00632428
CIFAR10 epoch 421/1000 iteration 195/195 loss=79.4799 lr=0.00632075
CIFAR10 epoch 422/1000 iteration 50/195 loss=79.8990 lr=0.00631683
CIFAR10 epoch 422/1000 iteration 100/195 loss=79.5599 lr=0.00631291
CIFAR10 epoch 422/1000 iteration 150/195 loss=79.5492 lr=0.00630899
CIFAR10 epoch 422/1000 iteration 195/195 loss=79.6422 lr=0.00630545
CIFAR10 epoch 423/1000 iteration 50/195 loss=79.7049 lr=0.00630153
CIFAR10 epoch 423/1000 iteration 100/195 loss=79.9675 lr=0.0062976
CIFAR10 epoch 423/1000 iteration 150/195 loss=79.8636 lr=0.00629368
CIFAR10 epoch 423/1000 iteration 195/195 loss=79.9367 lr=0.00629014
CIFAR10 epoch 424/1000 iteration 50/195 loss=77.3871 lr=0.00628622
CIFAR10 epoch 424/1000 iteration 100/195 loss=78.6540 lr=0.00628229
CIFAR10 epoch 424/1000 iteration 150/195 loss=79.2262 lr=0.00627836
CIFAR10 epoch 424/1000 iteration 195/195 loss=79.4227 lr=0.00627482
CIFAR10 epoch 425/1000 iteration 50/195 loss=78.9612 lr=0.00627089
CIFAR10 epoch 425/1000 iteration 100/195 loss=79.1892 lr=0.00626696
CIFAR10 epoch 425/1000 iteration 150/195 loss=79.8147 lr=0.00626302
CIFAR10 epoch 425/1000 iteration 195/195 loss=79.6621 lr=0.00625948
CIFAR10 epoch 426/1000 iteration 50/195 loss=80.4755 lr=0.00625555
CIFAR10 epoch 426/1000 iteration 100/195 loss=80.1067 lr=0.00625161
CIFAR10 epoch 426/1000 iteration 150/195 loss=79.5368 lr=0.00624768
CIFAR10 epoch 426/1000 iteration 195/195 loss=79.4519 lr=0.00624414
CIFAR10 epoch 427/1000 iteration 50/195 loss=79.9226 lr=0.0062402
CIFAR10 epoch 427/1000 iteration 100/195 loss=79.4804 lr=0.00623626
CIFAR10 epoch 427/1000 iteration 150/195 loss=79.6338 lr=0.00623232
CIFAR10 epoch 427/1000 iteration 195/195 loss=79.6341 lr=0.00622877
CIFAR10 epoch 428/1000 iteration 50/195 loss=78.0934 lr=0.00622483
CIFAR10 epoch 428/1000 iteration 100/195 loss=78.9197 lr=0.00622089
CIFAR10 epoch 428/1000 iteration 150/195 loss=79.7427 lr=0.00621695
CIFAR10 epoch 428/1000 iteration 195/195 loss=79.8145 lr=0.0062134
CIFAR10 epoch 429/1000 iteration 50/195 loss=78.5888 lr=0.00620946
CIFAR10 epoch 429/1000 iteration 100/195 loss=78.9742 lr=0.00620551
CIFAR10 epoch 429/1000 iteration 150/195 loss=79.3053 lr=0.00620157
CIFAR10 epoch 429/1000 iteration 195/195 loss=79.0570 lr=0.00619801
CIFAR10 epoch 430/1000 iteration 50/195 loss=78.9013 lr=0.00619407
CIFAR10 epoch 430/1000 iteration 100/195 loss=78.8311 lr=0.00619012
CIFAR10 epoch 430/1000 iteration 150/195 loss=78.9353 lr=0.00618617
CIFAR10 epoch 430/1000 iteration 195/195 loss=79.0252 lr=0.00618262
[epoch 430/1000] saved backbone: /home/mmoslem3/scratch/MKDT/krrst_teacher_ckpt/barlow_twins_resnet18_cifar10.pt
CIFAR10 epoch 431/1000 iteration 50/195 loss=80.4413 lr=0.00617867
CIFAR10 epoch 431/1000 iteration 100/195 loss=80.2895 lr=0.00617471
CIFAR10 epoch 431/1000 iteration 150/195 loss=79.9924 lr=0.00617076
CIFAR10 epoch 431/1000 iteration 195/195 loss=79.8633 lr=0.00616721
CIFAR10 epoch 432/1000 iteration 50/195 loss=79.5607 lr=0.00616325
CIFAR10 epoch 432/1000 iteration 100/195 loss=79.1203 lr=0.0061593
CIFAR10 epoch 432/1000 iteration 150/195 loss=78.5929 lr=0.00615534
CIFAR10 epoch 432/1000 iteration 195/195 loss=78.8878 lr=0.00615178
CIFAR10 epoch 433/1000 iteration 50/195 loss=78.4796 lr=0.00614783
CIFAR10 epoch 433/1000 iteration 100/195 loss=78.3339 lr=0.00614387
CIFAR10 epoch 433/1000 iteration 150/195 loss=78.6847 lr=0.00613991
CIFAR10 epoch 433/1000 iteration 195/195 loss=78.9725 lr=0.00613635
CIFAR10 epoch 434/1000 iteration 50/195 loss=78.7013 lr=0.00613239
CIFAR10 epoch 434/1000 iteration 100/195 loss=79.0487 lr=0.00612843
CIFAR10 epoch 434/1000 iteration 150/195 loss=79.3329 lr=0.00612447
CIFAR10 epoch 434/1000 iteration 195/195 loss=79.2202 lr=0.00612091
CIFAR10 epoch 435/1000 iteration 50/195 loss=77.7300 lr=0.00611694
CIFAR10 epoch 435/1000 iteration 100/195 loss=78.2160 lr=0.00611298
CIFAR10 epoch 435/1000 iteration 150/195 loss=77.9592 lr=0.00610902
CIFAR10 epoch 435/1000 iteration 195/195 loss=77.9863 lr=0.00610545
CIFAR10 epoch 436/1000 iteration 50/195 loss=79.0575 lr=0.00610149
CIFAR10 epoch 436/1000 iteration 100/195 loss=78.7512 lr=0.00609752
CIFAR10 epoch 436/1000 iteration 150/195 loss=78.5031 lr=0.00609355
CIFAR10 epoch 436/1000 iteration 195/195 loss=78.4471 lr=0.00608998
CIFAR10 epoch 437/1000 iteration 50/195 loss=78.4387 lr=0.00608602
CIFAR10 epoch 437/1000 iteration 100/195 loss=78.0008 lr=0.00608205
CIFAR10 epoch 437/1000 iteration 150/195 loss=78.6870 lr=0.00607808
CIFAR10 epoch 437/1000 iteration 195/195 loss=78.9576 lr=0.00607451
CIFAR10 epoch 438/1000 iteration 50/195 loss=77.9631 lr=0.00607054
CIFAR10 epoch 438/1000 iteration 100/195 loss=78.4646 lr=0.00606657
CIFAR10 epoch 438/1000 iteration 150/195 loss=78.3616 lr=0.00606259
CIFAR10 epoch 438/1000 iteration 195/195 loss=78.4706 lr=0.00605902
CIFAR10 epoch 439/1000 iteration 50/195 loss=78.6136 lr=0.00605504
CIFAR10 epoch 439/1000 iteration 100/195 loss=78.6814 lr=0.00605107
CIFAR10 epoch 439/1000 iteration 150/195 loss=78.7296 lr=0.0060471
CIFAR10 epoch 439/1000 iteration 195/195 loss=78.7106 lr=0.00604352
CIFAR10 epoch 440/1000 iteration 50/195 loss=79.3096 lr=0.00603954
CIFAR10 epoch 440/1000 iteration 100/195 loss=78.9260 lr=0.00603557
CIFAR10 epoch 440/1000 iteration 150/195 loss=78.5194 lr=0.00603159
CIFAR10 epoch 440/1000 iteration 195/195 loss=78.5279 lr=0.00602801
[epoch 440/1000] saved backbone: /home/mmoslem3/scratch/MKDT/krrst_teacher_ckpt/barlow_twins_resnet18_cifar10.pt
CIFAR10 epoch 441/1000 iteration 50/195 loss=78.2406 lr=0.00602403
CIFAR10 epoch 441/1000 iteration 100/195 loss=78.8864 lr=0.00602005
CIFAR10 epoch 441/1000 iteration 150/195 loss=79.1588 lr=0.00601607
CIFAR10 epoch 441/1000 iteration 195/195 loss=78.9656 lr=0.00601249
CIFAR10 epoch 442/1000 iteration 50/195 loss=78.1096 lr=0.00600851
CIFAR10 epoch 442/1000 iteration 100/195 loss=78.5028 lr=0.00600453
CIFAR10 epoch 442/1000 iteration 150/195 loss=79.0334 lr=0.00600054
CIFAR10 epoch 442/1000 iteration 195/195 loss=79.3674 lr=0.00599696
CIFAR10 epoch 443/1000 iteration 50/195 loss=78.1917 lr=0.00599298
CIFAR10 epoch 443/1000 iteration 100/195 loss=78.4343 lr=0.00598899
CIFAR10 epoch 443/1000 iteration 150/195 loss=78.3317 lr=0.00598501
CIFAR10 epoch 443/1000 iteration 195/195 loss=78.8817 lr=0.00598142
CIFAR10 epoch 444/1000 iteration 50/195 loss=78.0995 lr=0.00597743
CIFAR10 epoch 444/1000 iteration 100/195 loss=78.3793 lr=0.00597345
CIFAR10 epoch 444/1000 iteration 150/195 loss=78.3818 lr=0.00596946
CIFAR10 epoch 444/1000 iteration 195/195 loss=78.4026 lr=0.00596587
CIFAR10 epoch 445/1000 iteration 50/195 loss=77.9305 lr=0.00596188
CIFAR10 epoch 445/1000 iteration 100/195 loss=78.3321 lr=0.00595789
CIFAR10 epoch 445/1000 iteration 150/195 loss=78.1165 lr=0.0059539
CIFAR10 epoch 445/1000 iteration 195/195 loss=78.3800 lr=0.00595031
CIFAR10 epoch 446/1000 iteration 50/195 loss=77.5144 lr=0.00594632
CIFAR10 epoch 446/1000 iteration 100/195 loss=78.2177 lr=0.00594233
CIFAR10 epoch 446/1000 iteration 150/195 loss=78.8070 lr=0.00593833
CIFAR10 epoch 446/1000 iteration 195/195 loss=79.1397 lr=0.00593474
CIFAR10 epoch 447/1000 iteration 50/195 loss=78.2735 lr=0.00593075
CIFAR10 epoch 447/1000 iteration 100/195 loss=78.4033 lr=0.00592675
CIFAR10 epoch 447/1000 iteration 150/195 loss=78.1250 lr=0.00592276
CIFAR10 epoch 447/1000 iteration 195/195 loss=77.9119 lr=0.00591916
CIFAR10 epoch 448/1000 iteration 50/195 loss=77.6892 lr=0.00591517
CIFAR10 epoch 448/1000 iteration 100/195 loss=78.3038 lr=0.00591117
CIFAR10 epoch 448/1000 iteration 150/195 loss=78.2778 lr=0.00590717
CIFAR10 epoch 448/1000 iteration 195/195 loss=78.1143 lr=0.00590357
CIFAR10 epoch 449/1000 iteration 50/195 loss=77.5734 lr=0.00589958
CIFAR10 epoch 449/1000 iteration 100/195 loss=78.5691 lr=0.00589558
CIFAR10 epoch 449/1000 iteration 150/195 loss=78.2475 lr=0.00589158
CIFAR10 epoch 449/1000 iteration 195/195 loss=78.2776 lr=0.00588798
CIFAR10 epoch 450/1000 iteration 50/195 loss=78.9037 lr=0.00588398
CIFAR10 epoch 450/1000 iteration 100/195 loss=78.5898 lr=0.00587998
CIFAR10 epoch 450/1000 iteration 150/195 loss=78.4908 lr=0.00587597
CIFAR10 epoch 450/1000 iteration 195/195 loss=78.5563 lr=0.00587237
[epoch 450/1000] saved backbone: /home/mmoslem3/scratch/MKDT/krrst_teacher_ckpt/barlow_twins_resnet18_cifar10.pt
CIFAR10 epoch 451/1000 iteration 50/195 loss=78.2337 lr=0.00586837
CIFAR10 epoch 451/1000 iteration 100/195 loss=77.9605 lr=0.00586437
CIFAR10 epoch 451/1000 iteration 150/195 loss=77.9493 lr=0.00586036
CIFAR10 epoch 451/1000 iteration 195/195 loss=77.9567 lr=0.00585676
CIFAR10 epoch 452/1000 iteration 50/195 loss=77.5063 lr=0.00585275
CIFAR10 epoch 452/1000 iteration 100/195 loss=78.1157 lr=0.00584875
CIFAR10 epoch 452/1000 iteration 150/195 loss=78.1405 lr=0.00584474
CIFAR10 epoch 452/1000 iteration 195/195 loss=78.2881 lr=0.00584114
CIFAR10 epoch 453/1000 iteration 50/195 loss=78.0163 lr=0.00583713
CIFAR10 epoch 453/1000 iteration 100/195 loss=77.9857 lr=0.00583312
CIFAR10 epoch 453/1000 iteration 150/195 loss=77.9589 lr=0.00582911
CIFAR10 epoch 453/1000 iteration 195/195 loss=78.3255 lr=0.0058255
CIFAR10 epoch 454/1000 iteration 50/195 loss=79.2894 lr=0.00582149
CIFAR10 epoch 454/1000 iteration 100/195 loss=78.4261 lr=0.00581748
CIFAR10 epoch 454/1000 iteration 150/195 loss=77.8629 lr=0.00581347
CIFAR10 epoch 454/1000 iteration 195/195 loss=78.2127 lr=0.00580986
CIFAR10 epoch 455/1000 iteration 50/195 loss=79.5447 lr=0.00580585
CIFAR10 epoch 455/1000 iteration 100/195 loss=78.6902 lr=0.00580184
CIFAR10 epoch 455/1000 iteration 150/195 loss=78.0644 lr=0.00579783
CIFAR10 epoch 455/1000 iteration 195/195 loss=78.2981 lr=0.00579422
CIFAR10 epoch 456/1000 iteration 50/195 loss=77.3585 lr=0.0057902
CIFAR10 epoch 456/1000 iteration 100/195 loss=77.2480 lr=0.00578619
CIFAR10 epoch 456/1000 iteration 150/195 loss=77.5390 lr=0.00578217
CIFAR10 epoch 456/1000 iteration 195/195 loss=77.5229 lr=0.00577856
CIFAR10 epoch 457/1000 iteration 50/195 loss=78.1196 lr=0.00577455
CIFAR10 epoch 457/1000 iteration 100/195 loss=78.4960 lr=0.00577053
CIFAR10 epoch 457/1000 iteration 150/195 loss=78.1617 lr=0.00576651
CIFAR10 epoch 457/1000 iteration 195/195 loss=78.4519 lr=0.0057629
CIFAR10 epoch 458/1000 iteration 50/195 loss=77.2030 lr=0.00575888
CIFAR10 epoch 458/1000 iteration 100/195 loss=77.3069 lr=0.00575486
CIFAR10 epoch 458/1000 iteration 150/195 loss=77.5781 lr=0.00575084
CIFAR10 epoch 458/1000 iteration 195/195 loss=78.0118 lr=0.00574723
CIFAR10 epoch 459/1000 iteration 50/195 loss=76.4154 lr=0.00574321
CIFAR10 epoch 459/1000 iteration 100/195 loss=77.6984 lr=0.00573919
CIFAR10 epoch 459/1000 iteration 150/195 loss=77.8307 lr=0.00573517
CIFAR10 epoch 459/1000 iteration 195/195 loss=77.8556 lr=0.00573155
CIFAR10 epoch 460/1000 iteration 50/195 loss=78.3118 lr=0.00572753
CIFAR10 epoch 460/1000 iteration 100/195 loss=78.3857 lr=0.00572351
CIFAR10 epoch 460/1000 iteration 150/195 loss=78.6980 lr=0.00571948
CIFAR10 epoch 460/1000 iteration 195/195 loss=78.5924 lr=0.00571586
[epoch 460/1000] saved backbone: /home/mmoslem3/scratch/MKDT/krrst_teacher_ckpt/barlow_twins_resnet18_cifar10.pt
CIFAR10 epoch 461/1000 iteration 50/195 loss=77.1811 lr=0.00571184
CIFAR10 epoch 461/1000 iteration 100/195 loss=77.5126 lr=0.00570782
CIFAR10 epoch 461/1000 iteration 150/195 loss=77.5205 lr=0.00570379
CIFAR10 epoch 461/1000 iteration 195/195 loss=77.7461 lr=0.00570017
CIFAR10 epoch 462/1000 iteration 50/195 loss=77.5271 lr=0.00569614
CIFAR10 epoch 462/1000 iteration 100/195 loss=77.7745 lr=0.00569212
CIFAR10 epoch 462/1000 iteration 150/195 loss=77.4843 lr=0.00568809
CIFAR10 epoch 462/1000 iteration 195/195 loss=77.7837 lr=0.00568447
CIFAR10 epoch 463/1000 iteration 50/195 loss=78.1535 lr=0.00568044
CIFAR10 epoch 463/1000 iteration 100/195 loss=78.6254 lr=0.00567642
CIFAR10 epoch 463/1000 iteration 150/195 loss=77.9168 lr=0.00567239
CIFAR10 epoch 463/1000 iteration 195/195 loss=77.7184 lr=0.00566876
CIFAR10 epoch 464/1000 iteration 50/195 loss=76.2456 lr=0.00566473
CIFAR10 epoch 464/1000 iteration 100/195 loss=76.8028 lr=0.00566071
CIFAR10 epoch 464/1000 iteration 150/195 loss=77.0273 lr=0.00565668
CIFAR10 epoch 464/1000 iteration 195/195 loss=77.3145 lr=0.00565305
CIFAR10 epoch 465/1000 iteration 50/195 loss=77.4873 lr=0.00564902
CIFAR10 epoch 465/1000 iteration 100/195 loss=77.4283 lr=0.00564499
CIFAR10 epoch 465/1000 iteration 150/195 loss=77.3907 lr=0.00564096
CIFAR10 epoch 465/1000 iteration 195/195 loss=77.3198 lr=0.00563733
CIFAR10 epoch 466/1000 iteration 50/195 loss=78.2648 lr=0.0056333
CIFAR10 epoch 466/1000 iteration 100/195 loss=78.0572 lr=0.00562927
CIFAR10 epoch 466/1000 iteration 150/195 loss=77.8918 lr=0.00562523
CIFAR10 epoch 466/1000 iteration 195/195 loss=77.8382 lr=0.0056216
CIFAR10 epoch 467/1000 iteration 50/195 loss=76.5653 lr=0.00561757
CIFAR10 epoch 467/1000 iteration 100/195 loss=76.8238 lr=0.00561354
CIFAR10 epoch 467/1000 iteration 150/195 loss=76.3669 lr=0.0056095
CIFAR10 epoch 467/1000 iteration 195/195 loss=76.6682 lr=0.00560587
CIFAR10 epoch 468/1000 iteration 50/195 loss=77.3302 lr=0.00560184
CIFAR10 epoch 468/1000 iteration 100/195 loss=76.7951 lr=0.0055978
CIFAR10 epoch 468/1000 iteration 150/195 loss=77.1680 lr=0.00559376
CIFAR10 epoch 468/1000 iteration 195/195 loss=77.3210 lr=0.00559013
CIFAR10 epoch 469/1000 iteration 50/195 loss=75.7345 lr=0.0055861
CIFAR10 epoch 469/1000 iteration 100/195 loss=76.4637 lr=0.00558206
CIFAR10 epoch 469/1000 iteration 150/195 loss=77.0429 lr=0.00557802
CIFAR10 epoch 469/1000 iteration 195/195 loss=77.2480 lr=0.00557439
CIFAR10 epoch 470/1000 iteration 50/195 loss=77.1666 lr=0.00557035
CIFAR10 epoch 470/1000 iteration 100/195 loss=76.7742 lr=0.00556631
CIFAR10 epoch 470/1000 iteration 150/195 loss=77.0803 lr=0.00556227
CIFAR10 epoch 470/1000 iteration 195/195 loss=77.4833 lr=0.00555864
[epoch 470/1000] saved backbone: /home/mmoslem3/scratch/MKDT/krrst_teacher_ckpt/barlow_twins_resnet18_cifar10.pt
CIFAR10 epoch 471/1000 iteration 50/195 loss=77.9911 lr=0.0055546
CIFAR10 epoch 471/1000 iteration 100/195 loss=77.8506 lr=0.00555056
CIFAR10 epoch 471/1000 iteration 150/195 loss=77.3000 lr=0.00554652
CIFAR10 epoch 471/1000 iteration 195/195 loss=77.4794 lr=0.00554288
CIFAR10 epoch 472/1000 iteration 50/195 loss=78.3439 lr=0.00553884
CIFAR10 epoch 472/1000 iteration 100/195 loss=77.7585 lr=0.0055348
CIFAR10 epoch 472/1000 iteration 150/195 loss=77.9377 lr=0.00553076
CIFAR10 epoch 472/1000 iteration 195/195 loss=77.8574 lr=0.00552712
CIFAR10 epoch 473/1000 iteration 50/195 loss=77.1656 lr=0.00552308
CIFAR10 epoch 473/1000 iteration 100/195 loss=76.9727 lr=0.00551903
CIFAR10 epoch 473/1000 iteration 150/195 loss=76.7693 lr=0.00551499
CIFAR10 epoch 473/1000 iteration 195/195 loss=77.0122 lr=0.00551135
CIFAR10 epoch 474/1000 iteration 50/195 loss=77.5929 lr=0.00550731
CIFAR10 epoch 474/1000 iteration 100/195 loss=77.1378 lr=0.00550327
CIFAR10 epoch 474/1000 iteration 150/195 loss=77.2387 lr=0.00549922
CIFAR10 epoch 474/1000 iteration 195/195 loss=76.9340 lr=0.00549558
CIFAR10 epoch 475/1000 iteration 50/195 loss=76.8584 lr=0.00549154
CIFAR10 epoch 475/1000 iteration 100/195 loss=76.6426 lr=0.00548749
CIFAR10 epoch 475/1000 iteration 150/195 loss=76.9913 lr=0.00548345
CIFAR10 epoch 475/1000 iteration 195/195 loss=77.1649 lr=0.0054798
CIFAR10 epoch 476/1000 iteration 50/195 loss=75.9924 lr=0.00547576
CIFAR10 epoch 476/1000 iteration 100/195 loss=76.5762 lr=0.00547171
CIFAR10 epoch 476/1000 iteration 150/195 loss=76.8702 lr=0.00546767
CIFAR10 epoch 476/1000 iteration 195/195 loss=77.0080 lr=0.00546402
CIFAR10 epoch 477/1000 iteration 50/195 loss=77.8575 lr=0.00545998
CIFAR10 epoch 477/1000 iteration 100/195 loss=77.6006 lr=0.00545593
CIFAR10 epoch 477/1000 iteration 150/195 loss=77.7678 lr=0.00545188
CIFAR10 epoch 477/1000 iteration 195/195 loss=78.0209 lr=0.00544824
CIFAR10 epoch 478/1000 iteration 50/195 loss=77.6081 lr=0.00544419
CIFAR10 epoch 478/1000 iteration 100/195 loss=77.3029 lr=0.00544014
CIFAR10 epoch 478/1000 iteration 150/195 loss=77.0526 lr=0.00543609
CIFAR10 epoch 478/1000 iteration 195/195 loss=76.9072 lr=0.00543245
CIFAR10 epoch 479/1000 iteration 50/195 loss=77.1629 lr=0.0054284
CIFAR10 epoch 479/1000 iteration 100/195 loss=77.1327 lr=0.00542435
CIFAR10 epoch 479/1000 iteration 150/195 loss=77.0999 lr=0.0054203
CIFAR10 epoch 479/1000 iteration 195/195 loss=76.8598 lr=0.00541665
CIFAR10 epoch 480/1000 iteration 50/195 loss=76.9281 lr=0.0054126
CIFAR10 epoch 480/1000 iteration 100/195 loss=76.4592 lr=0.00540855
CIFAR10 epoch 480/1000 iteration 150/195 loss=76.8817 lr=0.0054045
CIFAR10 epoch 480/1000 iteration 195/195 loss=76.5625 lr=0.00540085
[epoch 480/1000] saved backbone: /home/mmoslem3/scratch/MKDT/krrst_teacher_ckpt/barlow_twins_resnet18_cifar10.pt
CIFAR10 epoch 481/1000 iteration 50/195 loss=76.4361 lr=0.0053968
CIFAR10 epoch 481/1000 iteration 100/195 loss=76.3905 lr=0.00539275
CIFAR10 epoch 481/1000 iteration 150/195 loss=77.1351 lr=0.0053887
CIFAR10 epoch 481/1000 iteration 195/195 loss=77.1095 lr=0.00538505
CIFAR10 epoch 482/1000 iteration 50/195 loss=77.0531 lr=0.005381
CIFAR10 epoch 482/1000 iteration 100/195 loss=76.9523 lr=0.00537695
CIFAR10 epoch 482/1000 iteration 150/195 loss=77.0762 lr=0.00537289
CIFAR10 epoch 482/1000 iteration 195/195 loss=76.9417 lr=0.00536924
CIFAR10 epoch 483/1000 iteration 50/195 loss=74.3593 lr=0.00536519
CIFAR10 epoch 483/1000 iteration 100/195 loss=75.9752 lr=0.00536114
CIFAR10 epoch 483/1000 iteration 150/195 loss=76.1268 lr=0.00535708
CIFAR10 epoch 483/1000 iteration 195/195 loss=76.1088 lr=0.00535343
CIFAR10 epoch 484/1000 iteration 50/195 loss=75.2097 lr=0.00534938
CIFAR10 epoch 484/1000 iteration 100/195 loss=76.5583 lr=0.00534532
CIFAR10 epoch 484/1000 iteration 150/195 loss=76.2881 lr=0.00534127
CIFAR10 epoch 484/1000 iteration 195/195 loss=76.4363 lr=0.00533762
CIFAR10 epoch 485/1000 iteration 50/195 loss=77.5548 lr=0.00533356
CIFAR10 epoch 485/1000 iteration 100/195 loss=77.6597 lr=0.00532951
CIFAR10 epoch 485/1000 iteration 150/195 loss=77.6116 lr=0.00532545
CIFAR10 epoch 485/1000 iteration 195/195 loss=77.1884 lr=0.0053218
CIFAR10 epoch 486/1000 iteration 50/195 loss=76.7892 lr=0.00531775
CIFAR10 epoch 486/1000 iteration 100/195 loss=77.1767 lr=0.00531369
CIFAR10 epoch 486/1000 iteration 150/195 loss=77.0794 lr=0.00530963
CIFAR10 epoch 486/1000 iteration 195/195 loss=77.0267 lr=0.00530598
CIFAR10 epoch 487/1000 iteration 50/195 loss=77.8209 lr=0.00530193
CIFAR10 epoch 487/1000 iteration 100/195 loss=76.4755 lr=0.00529787
CIFAR10 epoch 487/1000 iteration 150/195 loss=76.7072 lr=0.00529381
CIFAR10 epoch 487/1000 iteration 195/195 loss=76.6499 lr=0.00529016
CIFAR10 epoch 488/1000 iteration 50/195 loss=77.1276 lr=0.0052861
CIFAR10 epoch 488/1000 iteration 100/195 loss=76.9136 lr=0.00528204
CIFAR10 epoch 488/1000 iteration 150/195 loss=77.0049 lr=0.00527798
CIFAR10 epoch 488/1000 iteration 195/195 loss=76.9141 lr=0.00527433
CIFAR10 epoch 489/1000 iteration 50/195 loss=75.9917 lr=0.00527027
CIFAR10 epoch 489/1000 iteration 100/195 loss=76.5531 lr=0.00526622
CIFAR10 epoch 489/1000 iteration 150/195 loss=76.6534 lr=0.00526216
CIFAR10 epoch 489/1000 iteration 195/195 loss=76.6781 lr=0.0052585
CIFAR10 epoch 490/1000 iteration 50/195 loss=75.4143 lr=0.00525444
CIFAR10 epoch 490/1000 iteration 100/195 loss=75.9043 lr=0.00525038
CIFAR10 epoch 490/1000 iteration 150/195 loss=76.3901 lr=0.00524633
CIFAR10 epoch 490/1000 iteration 195/195 loss=76.7027 lr=0.00524267
[epoch 490/1000] saved backbone: /home/mmoslem3/scratch/MKDT/krrst_teacher_ckpt/barlow_twins_resnet18_cifar10.pt
CIFAR10 epoch 491/1000 iteration 50/195 loss=76.8527 lr=0.00523861
CIFAR10 epoch 491/1000 iteration 100/195 loss=76.4489 lr=0.00523455
CIFAR10 epoch 491/1000 iteration 150/195 loss=76.2032 lr=0.00523049
CIFAR10 epoch 491/1000 iteration 195/195 loss=76.4316 lr=0.00522684
CIFAR10 epoch 492/1000 iteration 50/195 loss=76.6834 lr=0.00522278
CIFAR10 epoch 492/1000 iteration 100/195 loss=76.0744 lr=0.00521872
CIFAR10 epoch 492/1000 iteration 150/195 loss=76.0119 lr=0.00521466
CIFAR10 epoch 492/1000 iteration 195/195 loss=75.9053 lr=0.005211
CIFAR10 epoch 493/1000 iteration 50/195 loss=75.8386 lr=0.00520694
CIFAR10 epoch 493/1000 iteration 100/195 loss=75.2859 lr=0.00520288
CIFAR10 epoch 493/1000 iteration 150/195 loss=75.3728 lr=0.00519882
CIFAR10 epoch 493/1000 iteration 195/195 loss=75.5075 lr=0.00519516
CIFAR10 epoch 494/1000 iteration 50/195 loss=75.4575 lr=0.0051911
CIFAR10 epoch 494/1000 iteration 100/195 loss=76.4045 lr=0.00518704
CIFAR10 epoch 494/1000 iteration 150/195 loss=76.5807 lr=0.00518298
CIFAR10 epoch 494/1000 iteration 195/195 loss=76.7668 lr=0.00517932
CIFAR10 epoch 495/1000 iteration 50/195 loss=76.6784 lr=0.00517526
CIFAR10 epoch 495/1000 iteration 100/195 loss=76.5365 lr=0.0051712
CIFAR10 epoch 495/1000 iteration 150/195 loss=76.8091 lr=0.00516714
CIFAR10 epoch 495/1000 iteration 195/195 loss=76.6581 lr=0.00516348
CIFAR10 epoch 496/1000 iteration 50/195 loss=75.5236 lr=0.00515942
CIFAR10 epoch 496/1000 iteration 100/195 loss=75.9866 lr=0.00515536
CIFAR10 epoch 496/1000 iteration 150/195 loss=75.6548 lr=0.00515129
CIFAR10 epoch 496/1000 iteration 195/195 loss=76.3152 lr=0.00514764
CIFAR10 epoch 497/1000 iteration 50/195 loss=74.8069 lr=0.00514357
CIFAR10 epoch 497/1000 iteration 100/195 loss=75.6561 lr=0.00513951
CIFAR10 epoch 497/1000 iteration 150/195 loss=75.7735 lr=0.00513545
CIFAR10 epoch 497/1000 iteration 195/195 loss=75.9544 lr=0.00513179
CIFAR10 epoch 498/1000 iteration 50/195 loss=76.8638 lr=0.00512773
CIFAR10 epoch 498/1000 iteration 100/195 loss=76.6449 lr=0.00512367
CIFAR10 epoch 498/1000 iteration 150/195 loss=76.6115 lr=0.0051196
CIFAR10 epoch 498/1000 iteration 195/195 loss=76.4929 lr=0.00511595
CIFAR10 epoch 499/1000 iteration 50/195 loss=75.1306 lr=0.00511188
CIFAR10 epoch 499/1000 iteration 100/195 loss=75.9768 lr=0.00510782
CIFAR10 epoch 499/1000 iteration 150/195 loss=76.1471 lr=0.00510376
CIFAR10 epoch 499/1000 iteration 195/195 loss=76.1889 lr=0.0051001
CIFAR10 epoch 500/1000 iteration 50/195 loss=75.6325 lr=0.00509604
CIFAR10 epoch 500/1000 iteration 100/195 loss=76.1760 lr=0.00509197
CIFAR10 epoch 500/1000 iteration 150/195 loss=76.2997 lr=0.00508791
CIFAR10 epoch 500/1000 iteration 195/195 loss=76.6327 lr=0.00508425
[epoch 500/1000] saved backbone: /home/mmoslem3/scratch/MKDT/krrst_teacher_ckpt/barlow_twins_resnet18_cifar10.pt
CIFAR10 epoch 501/1000 iteration 50/195 loss=76.4079 lr=0.00508019
CIFAR10 epoch 501/1000 iteration 100/195 loss=76.4048 lr=0.00507612
CIFAR10 epoch 501/1000 iteration 150/195 loss=76.5260 lr=0.00507206
CIFAR10 epoch 501/1000 iteration 195/195 loss=76.5043 lr=0.0050684
CIFAR10 epoch 502/1000 iteration 50/195 loss=76.1333 lr=0.00506434
CIFAR10 epoch 502/1000 iteration 100/195 loss=76.3991 lr=0.00506027
CIFAR10 epoch 502/1000 iteration 150/195 loss=76.1016 lr=0.00505621
CIFAR10 epoch 502/1000 iteration 195/195 loss=75.9585 lr=0.00505255
CIFAR10 epoch 503/1000 iteration 50/195 loss=75.4617 lr=0.00504849
CIFAR10 epoch 503/1000 iteration 100/195 loss=75.5951 lr=0.00504442
CIFAR10 epoch 503/1000 iteration 150/195 loss=75.7734 lr=0.00504036
CIFAR10 epoch 503/1000 iteration 195/195 loss=75.9803 lr=0.0050367
CIFAR10 epoch 504/1000 iteration 50/195 loss=76.3943 lr=0.00503264
CIFAR10 epoch 504/1000 iteration 100/195 loss=75.6066 lr=0.00502857
CIFAR10 epoch 504/1000 iteration 150/195 loss=75.8520 lr=0.00502451
CIFAR10 epoch 504/1000 iteration 195/195 loss=75.7809 lr=0.00502085
CIFAR10 epoch 505/1000 iteration 50/195 loss=75.1832 lr=0.00501679
CIFAR10 epoch 505/1000 iteration 100/195 loss=75.6838 lr=0.00501272
CIFAR10 epoch 505/1000 iteration 150/195 loss=75.9630 lr=0.00500866
CIFAR10 epoch 505/1000 iteration 195/195 loss=76.3508 lr=0.005005
CIFAR10 epoch 506/1000 iteration 50/195 loss=75.7507 lr=0.00500094
CIFAR10 epoch 506/1000 iteration 100/195 loss=76.0827 lr=0.00499687
CIFAR10 epoch 506/1000 iteration 150/195 loss=75.8752 lr=0.00499281
CIFAR10 epoch 506/1000 iteration 195/195 loss=75.7927 lr=0.00498915
CIFAR10 epoch 507/1000 iteration 50/195 loss=75.7902 lr=0.00498508
CIFAR10 epoch 507/1000 iteration 100/195 loss=75.5752 lr=0.00498102
CIFAR10 epoch 507/1000 iteration 150/195 loss=75.7315 lr=0.00497696
CIFAR10 epoch 507/1000 iteration 195/195 loss=75.7910 lr=0.0049733
CIFAR10 epoch 508/1000 iteration 50/195 loss=75.9939 lr=0.00496923
CIFAR10 epoch 508/1000 iteration 100/195 loss=75.8715 lr=0.00496517
CIFAR10 epoch 508/1000 iteration 150/195 loss=75.7129 lr=0.00496111
CIFAR10 epoch 508/1000 iteration 195/195 loss=75.3756 lr=0.00495745
CIFAR10 epoch 509/1000 iteration 50/195 loss=75.2162 lr=0.00495338
CIFAR10 epoch 509/1000 iteration 100/195 loss=75.3143 lr=0.00494932
CIFAR10 epoch 509/1000 iteration 150/195 loss=75.2419 lr=0.00494526
CIFAR10 epoch 509/1000 iteration 195/195 loss=75.2437 lr=0.0049416
CIFAR10 epoch 510/1000 iteration 50/195 loss=74.2139 lr=0.00493753
CIFAR10 epoch 510/1000 iteration 100/195 loss=74.6657 lr=0.00493347
CIFAR10 epoch 510/1000 iteration 150/195 loss=75.0733 lr=0.00492941
CIFAR10 epoch 510/1000 iteration 195/195 loss=75.1719 lr=0.00492575
[epoch 510/1000] saved backbone: /home/mmoslem3/scratch/MKDT/krrst_teacher_ckpt/barlow_twins_resnet18_cifar10.pt
CIFAR10 epoch 511/1000 iteration 50/195 loss=74.3723 lr=0.00492169
CIFAR10 epoch 511/1000 iteration 100/195 loss=75.0294 lr=0.00491762
CIFAR10 epoch 511/1000 iteration 150/195 loss=75.1899 lr=0.00491356
CIFAR10 epoch 511/1000 iteration 195/195 loss=75.4768 lr=0.0049099
CIFAR10 epoch 512/1000 iteration 50/195 loss=75.5201 lr=0.00490584
CIFAR10 epoch 512/1000 iteration 100/195 loss=75.4503 lr=0.00490177
CIFAR10 epoch 512/1000 iteration 150/195 loss=75.1457 lr=0.00489771
CIFAR10 epoch 512/1000 iteration 195/195 loss=75.4559 lr=0.00489405
CIFAR10 epoch 513/1000 iteration 50/195 loss=76.9071 lr=0.00488999
CIFAR10 epoch 513/1000 iteration 100/195 loss=75.9136 lr=0.00488593
CIFAR10 epoch 513/1000 iteration 150/195 loss=75.5555 lr=0.00488186
CIFAR10 epoch 513/1000 iteration 195/195 loss=75.9196 lr=0.00487821
CIFAR10 epoch 514/1000 iteration 50/195 loss=75.3252 lr=0.00487414
CIFAR10 epoch 514/1000 iteration 100/195 loss=75.1521 lr=0.00487008
CIFAR10 epoch 514/1000 iteration 150/195 loss=75.2489 lr=0.00486602
CIFAR10 epoch 514/1000 iteration 195/195 loss=75.3241 lr=0.00486236
CIFAR10 epoch 515/1000 iteration 50/195 loss=74.8401 lr=0.0048583
CIFAR10 epoch 515/1000 iteration 100/195 loss=75.2558 lr=0.00485424
CIFAR10 epoch 515/1000 iteration 150/195 loss=75.3630 lr=0.00485018
CIFAR10 epoch 515/1000 iteration 195/195 loss=75.4874 lr=0.00484652
CIFAR10 epoch 516/1000 iteration 50/195 loss=75.1914 lr=0.00484246
CIFAR10 epoch 516/1000 iteration 100/195 loss=74.6347 lr=0.00483839
CIFAR10 epoch 516/1000 iteration 150/195 loss=74.6622 lr=0.00483433
CIFAR10 epoch 516/1000 iteration 195/195 loss=74.9462 lr=0.00483068
CIFAR10 epoch 517/1000 iteration 50/195 loss=74.3198 lr=0.00482662
CIFAR10 epoch 517/1000 iteration 100/195 loss=74.3267 lr=0.00482255
CIFAR10 epoch 517/1000 iteration 150/195 loss=74.2654 lr=0.00481849
CIFAR10 epoch 517/1000 iteration 195/195 loss=74.4933 lr=0.00481484
CIFAR10 epoch 518/1000 iteration 50/195 loss=76.6942 lr=0.00481078
CIFAR10 epoch 518/1000 iteration 100/195 loss=76.2742 lr=0.00480671
CIFAR10 epoch 518/1000 iteration 150/195 loss=75.7187 lr=0.00480265
CIFAR10 epoch 518/1000 iteration 195/195 loss=75.4557 lr=0.004799
CIFAR10 epoch 519/1000 iteration 50/195 loss=75.4098 lr=0.00479494
CIFAR10 epoch 519/1000 iteration 100/195 loss=74.8636 lr=0.00479088
CIFAR10 epoch 519/1000 iteration 150/195 loss=75.2497 lr=0.00478682
CIFAR10 epoch 519/1000 iteration 195/195 loss=75.3365 lr=0.00478316
CIFAR10 epoch 520/1000 iteration 50/195 loss=74.9742 lr=0.0047791
CIFAR10 epoch 520/1000 iteration 100/195 loss=74.8420 lr=0.00477504
CIFAR10 epoch 520/1000 iteration 150/195 loss=75.0992 lr=0.00477098
CIFAR10 epoch 520/1000 iteration 195/195 loss=75.1096 lr=0.00476733
[epoch 520/1000] saved backbone: /home/mmoslem3/scratch/MKDT/krrst_teacher_ckpt/barlow_twins_resnet18_cifar10.pt
CIFAR10 epoch 521/1000 iteration 50/195 loss=75.0015 lr=0.00476327
CIFAR10 epoch 521/1000 iteration 100/195 loss=74.9551 lr=0.00475921
CIFAR10 epoch 521/1000 iteration 150/195 loss=74.7918 lr=0.00475515
CIFAR10 epoch 521/1000 iteration 195/195 loss=74.9787 lr=0.0047515
CIFAR10 epoch 522/1000 iteration 50/195 loss=74.6105 lr=0.00474744
CIFAR10 epoch 522/1000 iteration 100/195 loss=74.9442 lr=0.00474338
CIFAR10 epoch 522/1000 iteration 150/195 loss=75.3911 lr=0.00473932
CIFAR10 epoch 522/1000 iteration 195/195 loss=75.2770 lr=0.00473567
CIFAR10 epoch 523/1000 iteration 50/195 loss=74.3646 lr=0.00473161
CIFAR10 epoch 523/1000 iteration 100/195 loss=74.7817 lr=0.00472755
CIFAR10 epoch 523/1000 iteration 150/195 loss=74.9111 lr=0.00472349
CIFAR10 epoch 523/1000 iteration 195/195 loss=74.9069 lr=0.00471984
CIFAR10 epoch 524/1000 iteration 50/195 loss=75.7700 lr=0.00471578
CIFAR10 epoch 524/1000 iteration 100/195 loss=75.5381 lr=0.00471173
CIFAR10 epoch 524/1000 iteration 150/195 loss=75.4136 lr=0.00470767
CIFAR10 epoch 524/1000 iteration 195/195 loss=75.2584 lr=0.00470402
CIFAR10 epoch 525/1000 iteration 50/195 loss=74.3064 lr=0.00469996
CIFAR10 epoch 525/1000 iteration 100/195 loss=74.0247 lr=0.0046959
CIFAR10 epoch 525/1000 iteration 150/195 loss=74.3952 lr=0.00469185
CIFAR10 epoch 525/1000 iteration 195/195 loss=74.4215 lr=0.0046882
CIFAR10 epoch 526/1000 iteration 50/195 loss=74.7858 lr=0.00468414
CIFAR10 epoch 526/1000 iteration 100/195 loss=75.4697 lr=0.00468009
CIFAR10 epoch 526/1000 iteration 150/195 loss=75.0772 lr=0.00467603
CIFAR10 epoch 526/1000 iteration 195/195 loss=75.0059 lr=0.00467238
CIFAR10 epoch 527/1000 iteration 50/195 loss=73.9314 lr=0.00466833
CIFAR10 epoch 527/1000 iteration 100/195 loss=74.7492 lr=0.00466427
CIFAR10 epoch 527/1000 iteration 150/195 loss=74.9803 lr=0.00466022
CIFAR10 epoch 527/1000 iteration 195/195 loss=74.8804 lr=0.00465657
CIFAR10 epoch 528/1000 iteration 50/195 loss=75.5142 lr=0.00465251
CIFAR10 epoch 528/1000 iteration 100/195 loss=74.8326 lr=0.00464846
CIFAR10 epoch 528/1000 iteration 150/195 loss=75.0604 lr=0.0046444
CIFAR10 epoch 528/1000 iteration 195/195 loss=75.2247 lr=0.00464076
CIFAR10 epoch 529/1000 iteration 50/195 loss=76.3320 lr=0.0046367
CIFAR10 epoch 529/1000 iteration 100/195 loss=75.7415 lr=0.00463265
CIFAR10 epoch 529/1000 iteration 150/195 loss=75.5175 lr=0.0046286
CIFAR10 epoch 529/1000 iteration 195/195 loss=75.4923 lr=0.00462495
CIFAR10 epoch 530/1000 iteration 50/195 loss=74.4636 lr=0.0046209
CIFAR10 epoch 530/1000 iteration 100/195 loss=74.3533 lr=0.00461684
CIFAR10 epoch 530/1000 iteration 150/195 loss=75.0498 lr=0.00461279
CIFAR10 epoch 530/1000 iteration 195/195 loss=74.8917 lr=0.00460915
[epoch 530/1000] saved backbone: /home/mmoslem3/scratch/MKDT/krrst_teacher_ckpt/barlow_twins_resnet18_cifar10.pt
CIFAR10 epoch 531/1000 iteration 50/195 loss=74.7756 lr=0.0046051
CIFAR10 epoch 531/1000 iteration 100/195 loss=74.1480 lr=0.00460104
CIFAR10 epoch 531/1000 iteration 150/195 loss=74.8184 lr=0.00459699
CIFAR10 epoch 531/1000 iteration 195/195 loss=74.7381 lr=0.00459335
CIFAR10 epoch 532/1000 iteration 50/195 loss=74.3454 lr=0.0045893
CIFAR10 epoch 532/1000 iteration 100/195 loss=74.4159 lr=0.00458525
CIFAR10 epoch 532/1000 iteration 150/195 loss=74.0498 lr=0.0045812
CIFAR10 epoch 532/1000 iteration 195/195 loss=74.0388 lr=0.00457755
CIFAR10 epoch 533/1000 iteration 50/195 loss=74.7478 lr=0.0045735
CIFAR10 epoch 533/1000 iteration 100/195 loss=75.3267 lr=0.00456945
CIFAR10 epoch 533/1000 iteration 150/195 loss=75.3662 lr=0.00456541
CIFAR10 epoch 533/1000 iteration 195/195 loss=75.4316 lr=0.00456176
CIFAR10 epoch 534/1000 iteration 50/195 loss=73.4128 lr=0.00455771
CIFAR10 epoch 534/1000 iteration 100/195 loss=73.0479 lr=0.00455367
CIFAR10 epoch 534/1000 iteration 150/195 loss=73.6663 lr=0.00454962
CIFAR10 epoch 534/1000 iteration 195/195 loss=73.6161 lr=0.00454598
CIFAR10 epoch 535/1000 iteration 50/195 loss=75.4929 lr=0.00454193
CIFAR10 epoch 535/1000 iteration 100/195 loss=74.8824 lr=0.00453788
CIFAR10 epoch 535/1000 iteration 150/195 loss=74.5981 lr=0.00453384
CIFAR10 epoch 535/1000 iteration 195/195 loss=74.6096 lr=0.0045302
CIFAR10 epoch 536/1000 iteration 50/195 loss=74.7056 lr=0.00452615
CIFAR10 epoch 536/1000 iteration 100/195 loss=74.7343 lr=0.0045221
CIFAR10 epoch 536/1000 iteration 150/195 loss=74.4286 lr=0.00451806
CIFAR10 epoch 536/1000 iteration 195/195 loss=74.7907 lr=0.00451442
CIFAR10 epoch 537/1000 iteration 50/195 loss=74.9573 lr=0.00451037
CIFAR10 epoch 537/1000 iteration 100/195 loss=75.3301 lr=0.00450633
CIFAR10 epoch 537/1000 iteration 150/195 loss=74.8216 lr=0.00450229
CIFAR10 epoch 537/1000 iteration 195/195 loss=74.5516 lr=0.00449865
CIFAR10 epoch 538/1000 iteration 50/195 loss=74.0748 lr=0.0044946
CIFAR10 epoch 538/1000 iteration 100/195 loss=73.6881 lr=0.00449056
CIFAR10 epoch 538/1000 iteration 150/195 loss=74.0506 lr=0.00448652
CIFAR10 epoch 538/1000 iteration 195/195 loss=74.0262 lr=0.00448288
CIFAR10 epoch 539/1000 iteration 50/195 loss=74.1099 lr=0.00447884
CIFAR10 epoch 539/1000 iteration 100/195 loss=74.3028 lr=0.0044748
CIFAR10 epoch 539/1000 iteration 150/195 loss=74.2761 lr=0.00447076
CIFAR10 epoch 539/1000 iteration 195/195 loss=74.4141 lr=0.00446712
CIFAR10 epoch 540/1000 iteration 50/195 loss=75.0192 lr=0.00446308
CIFAR10 epoch 540/1000 iteration 100/195 loss=74.5334 lr=0.00445904
CIFAR10 epoch 540/1000 iteration 150/195 loss=74.3360 lr=0.004455
CIFAR10 epoch 540/1000 iteration 195/195 loss=74.0975 lr=0.00445136
[epoch 540/1000] saved backbone: /home/mmoslem3/scratch/MKDT/krrst_teacher_ckpt/barlow_twins_resnet18_cifar10.pt
CIFAR10 epoch 541/1000 iteration 50/195 loss=75.0757 lr=0.00444732
CIFAR10 epoch 541/1000 iteration 100/195 loss=74.7547 lr=0.00444329
CIFAR10 epoch 541/1000 iteration 150/195 loss=74.7371 lr=0.00443925
CIFAR10 epoch 541/1000 iteration 195/195 loss=74.8248 lr=0.00443561
CIFAR10 epoch 542/1000 iteration 50/195 loss=74.2053 lr=0.00443158
CIFAR10 epoch 542/1000 iteration 100/195 loss=74.1519 lr=0.00442754
CIFAR10 epoch 542/1000 iteration 150/195 loss=74.4809 lr=0.0044235
CIFAR10 epoch 542/1000 iteration 195/195 loss=74.4516 lr=0.00441987
CIFAR10 epoch 543/1000 iteration 50/195 loss=73.3255 lr=0.00441583
CIFAR10 epoch 543/1000 iteration 100/195 loss=73.7058 lr=0.0044118
CIFAR10 epoch 543/1000 iteration 150/195 loss=73.8850 lr=0.00440776
CIFAR10 epoch 543/1000 iteration 195/195 loss=74.1260 lr=0.00440413
CIFAR10 epoch 544/1000 iteration 50/195 loss=74.5150 lr=0.0044001
CIFAR10 epoch 544/1000 iteration 100/195 loss=74.9025 lr=0.00439606
CIFAR10 epoch 544/1000 iteration 150/195 loss=74.6233 lr=0.00439203
CIFAR10 epoch 544/1000 iteration 195/195 loss=74.2756 lr=0.0043884
CIFAR10 epoch 545/1000 iteration 50/195 loss=73.8920 lr=0.00438436
CIFAR10 epoch 545/1000 iteration 100/195 loss=74.2089 lr=0.00438033
CIFAR10 epoch 545/1000 iteration 150/195 loss=74.3476 lr=0.0043763
CIFAR10 epoch 545/1000 iteration 195/195 loss=74.4388 lr=0.00437267
CIFAR10 epoch 546/1000 iteration 50/195 loss=76.3432 lr=0.00436864
CIFAR10 epoch 546/1000 iteration 100/195 loss=74.4310 lr=0.00436461
CIFAR10 epoch 546/1000 iteration 150/195 loss=74.0157 lr=0.00436058
CIFAR10 epoch 546/1000 iteration 195/195 loss=74.2995 lr=0.00435695
CIFAR10 epoch 547/1000 iteration 50/195 loss=73.4214 lr=0.00435292
CIFAR10 epoch 547/1000 iteration 100/195 loss=73.6979 lr=0.00434889
CIFAR10 epoch 547/1000 iteration 150/195 loss=74.4448 lr=0.00434486
CIFAR10 epoch 547/1000 iteration 195/195 loss=74.3439 lr=0.00434124
CIFAR10 epoch 548/1000 iteration 50/195 loss=73.5978 lr=0.00433721
CIFAR10 epoch 548/1000 iteration 100/195 loss=74.3760 lr=0.00433318
CIFAR10 epoch 548/1000 iteration 150/195 loss=74.3354 lr=0.00432915
CIFAR10 epoch 548/1000 iteration 195/195 loss=74.4703 lr=0.00432553
CIFAR10 epoch 549/1000 iteration 50/195 loss=73.1216 lr=0.0043215
CIFAR10 epoch 549/1000 iteration 100/195 loss=73.5745 lr=0.00431748
CIFAR10 epoch 549/1000 iteration 150/195 loss=73.8288 lr=0.00431345
CIFAR10 epoch 549/1000 iteration 195/195 loss=74.0659 lr=0.00430983
CIFAR10 epoch 550/1000 iteration 50/195 loss=73.2854 lr=0.00430581
CIFAR10 epoch 550/1000 iteration 100/195 loss=73.5891 lr=0.00430178
CIFAR10 epoch 550/1000 iteration 150/195 loss=73.5907 lr=0.00429776
CIFAR10 epoch 550/1000 iteration 195/195 loss=73.5438 lr=0.00429414
[epoch 550/1000] saved backbone: /home/mmoslem3/scratch/MKDT/krrst_teacher_ckpt/barlow_twins_resnet18_cifar10.pt
CIFAR10 epoch 551/1000 iteration 50/195 loss=73.9142 lr=0.00429011
CIFAR10 epoch 551/1000 iteration 100/195 loss=73.9712 lr=0.00428609
CIFAR10 epoch 551/1000 iteration 150/195 loss=73.7269 lr=0.00428207
CIFAR10 epoch 551/1000 iteration 195/195 loss=74.0608 lr=0.00427845
CIFAR10 epoch 552/1000 iteration 50/195 loss=73.7081 lr=0.00427443
CIFAR10 epoch 552/1000 iteration 100/195 loss=73.4679 lr=0.00427041
CIFAR10 epoch 552/1000 iteration 150/195 loss=73.5571 lr=0.00426639
CIFAR10 epoch 552/1000 iteration 195/195 loss=73.6213 lr=0.00426277
CIFAR10 epoch 553/1000 iteration 50/195 loss=73.3456 lr=0.00425875
CIFAR10 epoch 553/1000 iteration 100/195 loss=73.5232 lr=0.00425474
CIFAR10 epoch 553/1000 iteration 150/195 loss=73.4119 lr=0.00425072
CIFAR10 epoch 553/1000 iteration 195/195 loss=73.4346 lr=0.0042471
CIFAR10 epoch 554/1000 iteration 50/195 loss=71.8540 lr=0.00424309
CIFAR10 epoch 554/1000 iteration 100/195 loss=72.8546 lr=0.00423907
CIFAR10 epoch 554/1000 iteration 150/195 loss=73.1119 lr=0.00423505
CIFAR10 epoch 554/1000 iteration 195/195 loss=73.2331 lr=0.00423144
CIFAR10 epoch 555/1000 iteration 50/195 loss=73.8505 lr=0.00422742
CIFAR10 epoch 555/1000 iteration 100/195 loss=73.3427 lr=0.00422341
CIFAR10 epoch 555/1000 iteration 150/195 loss=73.6776 lr=0.0042194
CIFAR10 epoch 555/1000 iteration 195/195 loss=73.7740 lr=0.00421578
CIFAR10 epoch 556/1000 iteration 50/195 loss=73.8661 lr=0.00421177
CIFAR10 epoch 556/1000 iteration 100/195 loss=73.7418 lr=0.00420776
CIFAR10 epoch 556/1000 iteration 150/195 loss=73.8199 lr=0.00420375
CIFAR10 epoch 556/1000 iteration 195/195 loss=73.6883 lr=0.00420014
CIFAR10 epoch 557/1000 iteration 50/195 loss=72.6672 lr=0.00419612
CIFAR10 epoch 557/1000 iteration 100/195 loss=73.1217 lr=0.00419211
CIFAR10 epoch 557/1000 iteration 150/195 loss=73.6706 lr=0.0041881
CIFAR10 epoch 557/1000 iteration 195/195 loss=73.7017 lr=0.0041845
CIFAR10 epoch 558/1000 iteration 50/195 loss=72.6049 lr=0.00418049
CIFAR10 epoch 558/1000 iteration 100/195 loss=72.9818 lr=0.00417648
CIFAR10 epoch 558/1000 iteration 150/195 loss=73.0582 lr=0.00417247
CIFAR10 epoch 558/1000 iteration 195/195 loss=73.1174 lr=0.00416886
CIFAR10 epoch 559/1000 iteration 50/195 loss=73.4008 lr=0.00416486
CIFAR10 epoch 559/1000 iteration 100/195 loss=73.5497 lr=0.00416085
CIFAR10 epoch 559/1000 iteration 150/195 loss=73.7063 lr=0.00415685
CIFAR10 epoch 559/1000 iteration 195/195 loss=73.6156 lr=0.00415324
CIFAR10 epoch 560/1000 iteration 50/195 loss=73.4743 lr=0.00414924
CIFAR10 epoch 560/1000 iteration 100/195 loss=73.4119 lr=0.00414523
CIFAR10 epoch 560/1000 iteration 150/195 loss=73.2821 lr=0.00414123
CIFAR10 epoch 560/1000 iteration 195/195 loss=73.6724 lr=0.00413763
[epoch 560/1000] saved backbone: /home/mmoslem3/scratch/MKDT/krrst_teacher_ckpt/barlow_twins_resnet18_cifar10.pt
CIFAR10 epoch 561/1000 iteration 50/195 loss=73.4764 lr=0.00413363
CIFAR10 epoch 561/1000 iteration 100/195 loss=73.4594 lr=0.00412962
CIFAR10 epoch 561/1000 iteration 150/195 loss=73.4745 lr=0.00412562
CIFAR10 epoch 561/1000 iteration 195/195 loss=73.5292 lr=0.00412202
CIFAR10 epoch 562/1000 iteration 50/195 loss=73.9318 lr=0.00411802
CIFAR10 epoch 562/1000 iteration 100/195 loss=73.8177 lr=0.00411402
CIFAR10 epoch 562/1000 iteration 150/195 loss=73.7376 lr=0.00411002
CIFAR10 epoch 562/1000 iteration 195/195 loss=73.8461 lr=0.00410643
CIFAR10 epoch 563/1000 iteration 50/195 loss=73.1750 lr=0.00410243
CIFAR10 epoch 563/1000 iteration 100/195 loss=73.5138 lr=0.00409843
CIFAR10 epoch 563/1000 iteration 150/195 loss=73.2170 lr=0.00409443
CIFAR10 epoch 563/1000 iteration 195/195 loss=73.1480 lr=0.00409084
CIFAR10 epoch 564/1000 iteration 50/195 loss=73.9089 lr=0.00408684
CIFAR10 epoch 564/1000 iteration 100/195 loss=72.5884 lr=0.00408285
CIFAR10 epoch 564/1000 iteration 150/195 loss=72.7434 lr=0.00407885
CIFAR10 epoch 564/1000 iteration 195/195 loss=72.7266 lr=0.00407526
CIFAR10 epoch 565/1000 iteration 50/195 loss=73.4800 lr=0.00407127
CIFAR10 epoch 565/1000 iteration 100/195 loss=73.6500 lr=0.00406727
CIFAR10 epoch 565/1000 iteration 150/195 loss=73.6481 lr=0.00406328
CIFAR10 epoch 565/1000 iteration 195/195 loss=73.8754 lr=0.00405969
CIFAR10 epoch 566/1000 iteration 50/195 loss=73.3770 lr=0.0040557
CIFAR10 epoch 566/1000 iteration 100/195 loss=72.6145 lr=0.00405171
CIFAR10 epoch 566/1000 iteration 150/195 loss=73.0759 lr=0.00404772
CIFAR10 epoch 566/1000 iteration 195/195 loss=72.9509 lr=0.00404413
CIFAR10 epoch 567/1000 iteration 50/195 loss=73.1792 lr=0.00404014
CIFAR10 epoch 567/1000 iteration 100/195 loss=73.2498 lr=0.00403615
CIFAR10 epoch 567/1000 iteration 150/195 loss=73.1914 lr=0.00403217
CIFAR10 epoch 567/1000 iteration 195/195 loss=73.3961 lr=0.00402858
CIFAR10 epoch 568/1000 iteration 50/195 loss=73.6051 lr=0.0040246
CIFAR10 epoch 568/1000 iteration 100/195 loss=73.3435 lr=0.00402061
CIFAR10 epoch 568/1000 iteration 150/195 loss=73.4790 lr=0.00401663
CIFAR10 epoch 568/1000 iteration 195/195 loss=73.4213 lr=0.00401304
CIFAR10 epoch 569/1000 iteration 50/195 loss=72.9891 lr=0.00400906
CIFAR10 epoch 569/1000 iteration 100/195 loss=73.0965 lr=0.00400508
CIFAR10 epoch 569/1000 iteration 150/195 loss=73.3474 lr=0.00400109
CIFAR10 epoch 569/1000 iteration 195/195 loss=73.4447 lr=0.00399751
CIFAR10 epoch 570/1000 iteration 50/195 loss=72.6892 lr=0.00399353
CIFAR10 epoch 570/1000 iteration 100/195 loss=72.7944 lr=0.00398955
CIFAR10 epoch 570/1000 iteration 150/195 loss=72.9103 lr=0.00398557
CIFAR10 epoch 570/1000 iteration 195/195 loss=72.8968 lr=0.00398199
[epoch 570/1000] saved backbone: /home/mmoslem3/scratch/MKDT/krrst_teacher_ckpt/barlow_twins_resnet18_cifar10.pt
CIFAR10 epoch 571/1000 iteration 50/195 loss=73.3450 lr=0.00397801
CIFAR10 epoch 571/1000 iteration 100/195 loss=73.8512 lr=0.00397404
CIFAR10 epoch 571/1000 iteration 150/195 loss=73.9655 lr=0.00397006
CIFAR10 epoch 571/1000 iteration 195/195 loss=74.1167 lr=0.00396648
CIFAR10 epoch 572/1000 iteration 50/195 loss=72.1873 lr=0.00396251
CIFAR10 epoch 572/1000 iteration 100/195 loss=73.6788 lr=0.00395853
CIFAR10 epoch 572/1000 iteration 150/195 loss=73.5100 lr=0.00395456
CIFAR10 epoch 572/1000 iteration 195/195 loss=73.3567 lr=0.00395098
CIFAR10 epoch 573/1000 iteration 50/195 loss=73.1477 lr=0.00394701
CIFAR10 epoch 573/1000 iteration 100/195 loss=72.9726 lr=0.00394304
CIFAR10 epoch 573/1000 iteration 150/195 loss=73.4053 lr=0.00393907
CIFAR10 epoch 573/1000 iteration 195/195 loss=73.2636 lr=0.00393549
CIFAR10 epoch 574/1000 iteration 50/195 loss=72.3521 lr=0.00393152
CIFAR10 epoch 574/1000 iteration 100/195 loss=72.5906 lr=0.00392755
CIFAR10 epoch 574/1000 iteration 150/195 loss=72.7100 lr=0.00392359
CIFAR10 epoch 574/1000 iteration 195/195 loss=72.7356 lr=0.00392002
CIFAR10 epoch 575/1000 iteration 50/195 loss=73.0653 lr=0.00391605
CIFAR10 epoch 575/1000 iteration 100/195 loss=73.4378 lr=0.00391208
CIFAR10 epoch 575/1000 iteration 150/195 loss=73.5568 lr=0.00390812
CIFAR10 epoch 575/1000 iteration 195/195 loss=73.4791 lr=0.00390455
CIFAR10 epoch 576/1000 iteration 50/195 loss=72.7824 lr=0.00390058
CIFAR10 epoch 576/1000 iteration 100/195 loss=73.4956 lr=0.00389662
CIFAR10 epoch 576/1000 iteration 150/195 loss=73.3088 lr=0.00389266
CIFAR10 epoch 576/1000 iteration 195/195 loss=73.3906 lr=0.00388909
CIFAR10 epoch 577/1000 iteration 50/195 loss=71.0483 lr=0.00388513
CIFAR10 epoch 577/1000 iteration 100/195 loss=71.8719 lr=0.00388117
CIFAR10 epoch 577/1000 iteration 150/195 loss=72.1297 lr=0.00387721
CIFAR10 epoch 577/1000 iteration 195/195 loss=72.4958 lr=0.00387365
CIFAR10 epoch 578/1000 iteration 50/195 loss=72.6986 lr=0.00386969
CIFAR10 epoch 578/1000 iteration 100/195 loss=72.5214 lr=0.00386573
CIFAR10 epoch 578/1000 iteration 150/195 loss=72.5081 lr=0.00386178
CIFAR10 epoch 578/1000 iteration 195/195 loss=72.6317 lr=0.00385822
CIFAR10 epoch 579/1000 iteration 50/195 loss=72.9725 lr=0.00385426
CIFAR10 epoch 579/1000 iteration 100/195 loss=72.6208 lr=0.00385031
CIFAR10 epoch 579/1000 iteration 150/195 loss=72.5540 lr=0.00384635
CIFAR10 epoch 579/1000 iteration 195/195 loss=72.5837 lr=0.00384279
CIFAR10 epoch 580/1000 iteration 50/195 loss=71.5288 lr=0.00383884
CIFAR10 epoch 580/1000 iteration 100/195 loss=71.8404 lr=0.00383489
CIFAR10 epoch 580/1000 iteration 150/195 loss=72.0136 lr=0.00383094
CIFAR10 epoch 580/1000 iteration 195/195 loss=72.2618 lr=0.00382738
[epoch 580/1000] saved backbone: /home/mmoslem3/scratch/MKDT/krrst_teacher_ckpt/barlow_twins_resnet18_cifar10.pt
CIFAR10 epoch 581/1000 iteration 50/195 loss=71.9195 lr=0.00382343
CIFAR10 epoch 581/1000 iteration 100/195 loss=72.3748 lr=0.00381949
CIFAR10 epoch 581/1000 iteration 150/195 loss=72.9042 lr=0.00381554
CIFAR10 epoch 581/1000 iteration 195/195 loss=73.0325 lr=0.00381199
CIFAR10 epoch 582/1000 iteration 50/195 loss=71.7948 lr=0.00380804
CIFAR10 epoch 582/1000 iteration 100/195 loss=72.0330 lr=0.00380409
CIFAR10 epoch 582/1000 iteration 150/195 loss=72.2207 lr=0.00380015
CIFAR10 epoch 582/1000 iteration 195/195 loss=72.0687 lr=0.0037966
CIFAR10 epoch 583/1000 iteration 50/195 loss=72.8393 lr=0.00379266
CIFAR10 epoch 583/1000 iteration 100/195 loss=72.6332 lr=0.00378871
CIFAR10 epoch 583/1000 iteration 150/195 loss=72.4265 lr=0.00378477
CIFAR10 epoch 583/1000 iteration 195/195 loss=72.2910 lr=0.00378123
CIFAR10 epoch 584/1000 iteration 50/195 loss=73.1398 lr=0.00377729
CIFAR10 epoch 584/1000 iteration 100/195 loss=72.5231 lr=0.00377335
CIFAR10 epoch 584/1000 iteration 150/195 loss=72.9173 lr=0.00376941
CIFAR10 epoch 584/1000 iteration 195/195 loss=72.7146 lr=0.00376586
CIFAR10 epoch 585/1000 iteration 50/195 loss=72.7463 lr=0.00376193
CIFAR10 epoch 585/1000 iteration 100/195 loss=72.4802 lr=0.00375799
CIFAR10 epoch 585/1000 iteration 150/195 loss=72.8877 lr=0.00375406
CIFAR10 epoch 585/1000 iteration 195/195 loss=73.0474 lr=0.00375052
CIFAR10 epoch 586/1000 iteration 50/195 loss=73.9130 lr=0.00374658
CIFAR10 epoch 586/1000 iteration 100/195 loss=73.0569 lr=0.00374265
CIFAR10 epoch 586/1000 iteration 150/195 loss=72.6640 lr=0.00373872
CIFAR10 epoch 586/1000 iteration 195/195 loss=72.6833 lr=0.00373518
CIFAR10 epoch 587/1000 iteration 50/195 loss=72.7253 lr=0.00373125
CIFAR10 epoch 587/1000 iteration 100/195 loss=73.2252 lr=0.00372732
CIFAR10 epoch 587/1000 iteration 150/195 loss=73.2895 lr=0.00372339
CIFAR10 epoch 587/1000 iteration 195/195 loss=73.2867 lr=0.00371986
CIFAR10 epoch 588/1000 iteration 50/195 loss=73.0672 lr=0.00371593
CIFAR10 epoch 588/1000 iteration 100/195 loss=73.0548 lr=0.003712
CIFAR10 epoch 588/1000 iteration 150/195 loss=72.5681 lr=0.00370808
CIFAR10 epoch 588/1000 iteration 195/195 loss=72.6766 lr=0.00370455
CIFAR10 epoch 589/1000 iteration 50/195 loss=72.0167 lr=0.00370062
CIFAR10 epoch 589/1000 iteration 100/195 loss=72.2478 lr=0.0036967
CIFAR10 epoch 589/1000 iteration 150/195 loss=72.6414 lr=0.00369278
CIFAR10 epoch 589/1000 iteration 195/195 loss=72.7224 lr=0.00368925
CIFAR10 epoch 590/1000 iteration 50/195 loss=73.6115 lr=0.00368533
CIFAR10 epoch 590/1000 iteration 100/195 loss=73.0309 lr=0.00368141
CIFAR10 epoch 590/1000 iteration 150/195 loss=72.7195 lr=0.00367749
CIFAR10 epoch 590/1000 iteration 195/195 loss=72.3814 lr=0.00367396
[epoch 590/1000] saved backbone: /home/mmoslem3/scratch/MKDT/krrst_teacher_ckpt/barlow_twins_resnet18_cifar10.pt
CIFAR10 epoch 591/1000 iteration 50/195 loss=70.7187 lr=0.00367005
CIFAR10 epoch 591/1000 iteration 100/195 loss=71.2821 lr=0.00366613
CIFAR10 epoch 591/1000 iteration 150/195 loss=72.2412 lr=0.00366222
CIFAR10 epoch 591/1000 iteration 195/195 loss=72.1756 lr=0.00365869
CIFAR10 epoch 592/1000 iteration 50/195 loss=72.6653 lr=0.00365478
CIFAR10 epoch 592/1000 iteration 100/195 loss=72.3329 lr=0.00365087
CIFAR10 epoch 592/1000 iteration 150/195 loss=72.4666 lr=0.00364695
CIFAR10 epoch 592/1000 iteration 195/195 loss=72.5818 lr=0.00364344
CIFAR10 epoch 593/1000 iteration 50/195 loss=72.3824 lr=0.00363953
CIFAR10 epoch 593/1000 iteration 100/195 loss=72.6861 lr=0.00363562
CIFAR10 epoch 593/1000 iteration 150/195 loss=72.5532 lr=0.00363171
CIFAR10 epoch 593/1000 iteration 195/195 loss=72.6071 lr=0.00362819
CIFAR10 epoch 594/1000 iteration 50/195 loss=71.5700 lr=0.00362429
CIFAR10 epoch 594/1000 iteration 100/195 loss=71.8125 lr=0.00362038
CIFAR10 epoch 594/1000 iteration 150/195 loss=72.2074 lr=0.00361647
CIFAR10 epoch 594/1000 iteration 195/195 loss=72.3639 lr=0.00361296
CIFAR10 epoch 595/1000 iteration 50/195 loss=71.1940 lr=0.00360906
CIFAR10 epoch 595/1000 iteration 100/195 loss=71.4249 lr=0.00360516
CIFAR10 epoch 595/1000 iteration 150/195 loss=71.6119 lr=0.00360126
CIFAR10 epoch 595/1000 iteration 195/195 loss=71.9187 lr=0.00359775
CIFAR10 epoch 596/1000 iteration 50/195 loss=72.2653 lr=0.00359385
CIFAR10 epoch 596/1000 iteration 100/195 loss=72.1099 lr=0.00358995
CIFAR10 epoch 596/1000 iteration 150/195 loss=71.6550 lr=0.00358605
CIFAR10 epoch 596/1000 iteration 195/195 loss=71.8294 lr=0.00358254
CIFAR10 epoch 597/1000 iteration 50/195 loss=71.8270 lr=0.00357865
CIFAR10 epoch 597/1000 iteration 100/195 loss=71.7337 lr=0.00357475
CIFAR10 epoch 597/1000 iteration 150/195 loss=71.8172 lr=0.00357086
CIFAR10 epoch 597/1000 iteration 195/195 loss=72.0287 lr=0.00356736
CIFAR10 epoch 598/1000 iteration 50/195 loss=71.5416 lr=0.00356347
CIFAR10 epoch 598/1000 iteration 100/195 loss=71.1850 lr=0.00355957
CIFAR10 epoch 598/1000 iteration 150/195 loss=71.5896 lr=0.00355568
CIFAR10 epoch 598/1000 iteration 195/195 loss=71.6680 lr=0.00355218
CIFAR10 epoch 599/1000 iteration 50/195 loss=70.6840 lr=0.0035483
CIFAR10 epoch 599/1000 iteration 100/195 loss=71.3342 lr=0.00354441
CIFAR10 epoch 599/1000 iteration 150/195 loss=71.5795 lr=0.00354052
CIFAR10 epoch 599/1000 iteration 195/195 loss=71.7785 lr=0.00353703
CIFAR10 epoch 600/1000 iteration 50/195 loss=70.6748 lr=0.00353314
CIFAR10 epoch 600/1000 iteration 100/195 loss=70.9725 lr=0.00352926
CIFAR10 epoch 600/1000 iteration 150/195 loss=71.0405 lr=0.00352538
CIFAR10 epoch 600/1000 iteration 195/195 loss=71.1946 lr=0.00352188
[epoch 600/1000] saved backbone: /home/mmoslem3/scratch/MKDT/krrst_teacher_ckpt/barlow_twins_resnet18_cifar10.pt
CIFAR10 epoch 601/1000 iteration 50/195 loss=71.5378 lr=0.003518
CIFAR10 epoch 601/1000 iteration 100/195 loss=71.5774 lr=0.00351412
CIFAR10 epoch 601/1000 iteration 150/195 loss=71.5571 lr=0.00351024
CIFAR10 epoch 601/1000 iteration 195/195 loss=71.7793 lr=0.00350675
CIFAR10 epoch 602/1000 iteration 50/195 loss=71.0035 lr=0.00350288
CIFAR10 epoch 602/1000 iteration 100/195 loss=70.9046 lr=0.003499
CIFAR10 epoch 602/1000 iteration 150/195 loss=71.3999 lr=0.00349513
CIFAR10 epoch 602/1000 iteration 195/195 loss=71.6021 lr=0.00349164
CIFAR10 epoch 603/1000 iteration 50/195 loss=71.2761 lr=0.00348777
CIFAR10 epoch 603/1000 iteration 100/195 loss=71.9811 lr=0.0034839
CIFAR10 epoch 603/1000 iteration 150/195 loss=72.0871 lr=0.00348003
CIFAR10 epoch 603/1000 iteration 195/195 loss=72.2072 lr=0.00347654
CIFAR10 epoch 604/1000 iteration 50/195 loss=70.9399 lr=0.00347267
CIFAR10 epoch 604/1000 iteration 100/195 loss=71.4303 lr=0.00346881
CIFAR10 epoch 604/1000 iteration 150/195 loss=71.6191 lr=0.00346494
CIFAR10 epoch 604/1000 iteration 195/195 loss=71.8799 lr=0.00346146
CIFAR10 epoch 605/1000 iteration 50/195 loss=72.2090 lr=0.0034576
CIFAR10 epoch 605/1000 iteration 100/195 loss=72.1186 lr=0.00345373
CIFAR10 epoch 605/1000 iteration 150/195 loss=71.7815 lr=0.00344987
CIFAR10 epoch 605/1000 iteration 195/195 loss=71.7798 lr=0.00344639
CIFAR10 epoch 606/1000 iteration 50/195 loss=72.6112 lr=0.00344253
CIFAR10 epoch 606/1000 iteration 100/195 loss=71.9666 lr=0.00343867
CIFAR10 epoch 606/1000 iteration 150/195 loss=71.5386 lr=0.00343481
CIFAR10 epoch 606/1000 iteration 195/195 loss=71.6706 lr=0.00343134
CIFAR10 epoch 607/1000 iteration 50/195 loss=71.6131 lr=0.00342748
CIFAR10 epoch 607/1000 iteration 100/195 loss=71.7340 lr=0.00342363
CIFAR10 epoch 607/1000 iteration 150/195 loss=71.6803 lr=0.00341977
CIFAR10 epoch 607/1000 iteration 195/195 loss=71.9151 lr=0.00341631
CIFAR10 epoch 608/1000 iteration 50/195 loss=70.1405 lr=0.00341245
CIFAR10 epoch 608/1000 iteration 100/195 loss=70.5405 lr=0.0034086
CIFAR10 epoch 608/1000 iteration 150/195 loss=70.6778 lr=0.00340475
CIFAR10 epoch 608/1000 iteration 195/195 loss=70.7571 lr=0.00340129
CIFAR10 epoch 609/1000 iteration 50/195 loss=71.3665 lr=0.00339744
CIFAR10 epoch 609/1000 iteration 100/195 loss=71.5058 lr=0.00339359
CIFAR10 epoch 609/1000 iteration 150/195 loss=71.1844 lr=0.00338974
CIFAR10 epoch 609/1000 iteration 195/195 loss=71.1528 lr=0.00338628
CIFAR10 epoch 610/1000 iteration 50/195 loss=71.5555 lr=0.00338244
CIFAR10 epoch 610/1000 iteration 100/195 loss=71.3810 lr=0.00337859
CIFAR10 epoch 610/1000 iteration 150/195 loss=71.1751 lr=0.00337475
CIFAR10 epoch 610/1000 iteration 195/195 loss=71.3925 lr=0.0033713
[epoch 610/1000] saved backbone: /home/mmoslem3/scratch/MKDT/krrst_teacher_ckpt/barlow_twins_resnet18_cifar10.pt
CIFAR10 epoch 611/1000 iteration 50/195 loss=72.7679 lr=0.00336746
CIFAR10 epoch 611/1000 iteration 100/195 loss=72.0024 lr=0.00336362
CIFAR10 epoch 611/1000 iteration 150/195 loss=71.6187 lr=0.00335978
CIFAR10 epoch 611/1000 iteration 195/195 loss=71.1597 lr=0.00335632
CIFAR10 epoch 612/1000 iteration 50/195 loss=71.8526 lr=0.00335249
CIFAR10 epoch 612/1000 iteration 100/195 loss=71.4872 lr=0.00334865
CIFAR10 epoch 612/1000 iteration 150/195 loss=71.7955 lr=0.00334482
CIFAR10 epoch 612/1000 iteration 195/195 loss=71.8140 lr=0.00334137
CIFAR10 epoch 613/1000 iteration 50/195 loss=72.0201 lr=0.00333754
CIFAR10 epoch 613/1000 iteration 100/195 loss=71.7712 lr=0.00333371
CIFAR10 epoch 613/1000 iteration 150/195 loss=70.6953 lr=0.00332988
CIFAR10 epoch 613/1000 iteration 195/195 loss=71.1498 lr=0.00332643
CIFAR10 epoch 614/1000 iteration 50/195 loss=71.1907 lr=0.00332261
CIFAR10 epoch 614/1000 iteration 100/195 loss=70.9933 lr=0.00331878
CIFAR10 epoch 614/1000 iteration 150/195 loss=71.4080 lr=0.00331495
CIFAR10 epoch 614/1000 iteration 195/195 loss=71.6035 lr=0.00331151
CIFAR10 epoch 615/1000 iteration 50/195 loss=70.8709 lr=0.00330769
CIFAR10 epoch 615/1000 iteration 100/195 loss=71.6952 lr=0.00330387
CIFAR10 epoch 615/1000 iteration 150/195 loss=71.5979 lr=0.00330005
CIFAR10 epoch 615/1000 iteration 195/195 loss=71.5512 lr=0.00329661
CIFAR10 epoch 616/1000 iteration 50/195 loss=71.0288 lr=0.00329279
CIFAR10 epoch 616/1000 iteration 100/195 loss=71.6964 lr=0.00328897
CIFAR10 epoch 616/1000 iteration 150/195 loss=71.3501 lr=0.00328516
CIFAR10 epoch 616/1000 iteration 195/195 loss=71.2549 lr=0.00328172
CIFAR10 epoch 617/1000 iteration 50/195 loss=71.9790 lr=0.00327791
CIFAR10 epoch 617/1000 iteration 100/195 loss=71.2503 lr=0.0032741
CIFAR10 epoch 617/1000 iteration 150/195 loss=71.2257 lr=0.00327028
CIFAR10 epoch 617/1000 iteration 195/195 loss=71.0822 lr=0.00326685
CIFAR10 epoch 618/1000 iteration 50/195 loss=71.2029 lr=0.00326304
CIFAR10 epoch 618/1000 iteration 100/195 loss=71.2229 lr=0.00325924
CIFAR10 epoch 618/1000 iteration 150/195 loss=71.3625 lr=0.00325543
CIFAR10 epoch 618/1000 iteration 195/195 loss=71.4894 lr=0.003252
CIFAR10 epoch 619/1000 iteration 50/195 loss=70.7826 lr=0.0032482
CIFAR10 epoch 619/1000 iteration 100/195 loss=70.5810 lr=0.00324439
CIFAR10 epoch 619/1000 iteration 150/195 loss=71.0934 lr=0.00324059
CIFAR10 epoch 619/1000 iteration 195/195 loss=71.1684 lr=0.00323717
CIFAR10 epoch 620/1000 iteration 50/195 loss=71.6199 lr=0.00323337
CIFAR10 epoch 620/1000 iteration 100/195 loss=71.0809 lr=0.00322957
CIFAR10 epoch 620/1000 iteration 150/195 loss=70.7802 lr=0.00322577
CIFAR10 epoch 620/1000 iteration 195/195 loss=71.0230 lr=0.00322235
[epoch 620/1000] saved backbone: /home/mmoslem3/scratch/MKDT/krrst_teacher_ckpt/barlow_twins_resnet18_cifar10.pt
CIFAR10 epoch 621/1000 iteration 50/195 loss=70.2653 lr=0.00321856
CIFAR10 epoch 621/1000 iteration 100/195 loss=69.9128 lr=0.00321476
CIFAR10 epoch 621/1000 iteration 150/195 loss=69.9660 lr=0.00321097
CIFAR10 epoch 621/1000 iteration 195/195 loss=70.7033 lr=0.00320756
CIFAR10 epoch 622/1000 iteration 50/195 loss=70.7951 lr=0.00320376
CIFAR10 epoch 622/1000 iteration 100/195 loss=70.8257 lr=0.00319997
CIFAR10 epoch 622/1000 iteration 150/195 loss=70.6064 lr=0.00319618
CIFAR10 epoch 622/1000 iteration 195/195 loss=70.7282 lr=0.00319278
CIFAR10 epoch 623/1000 iteration 50/195 loss=69.1969 lr=0.00318899
CIFAR10 epoch 623/1000 iteration 100/195 loss=70.2614 lr=0.0031852
CIFAR10 epoch 623/1000 iteration 150/195 loss=70.4325 lr=0.00318142
CIFAR10 epoch 623/1000 iteration 195/195 loss=70.4884 lr=0.00317801
CIFAR10 epoch 624/1000 iteration 50/195 loss=71.1894 lr=0.00317423
CIFAR10 epoch 624/1000 iteration 100/195 loss=70.6672 lr=0.00317045
CIFAR10 epoch 624/1000 iteration 150/195 loss=70.7977 lr=0.00316667
CIFAR10 epoch 624/1000 iteration 195/195 loss=70.8954 lr=0.00316327
CIFAR10 epoch 625/1000 iteration 50/195 loss=70.1291 lr=0.00315949
CIFAR10 epoch 625/1000 iteration 100/195 loss=70.7240 lr=0.00315572
CIFAR10 epoch 625/1000 iteration 150/195 loss=70.6555 lr=0.00315194
CIFAR10 epoch 625/1000 iteration 195/195 loss=70.8861 lr=0.00314855
CIFAR10 epoch 626/1000 iteration 50/195 loss=69.3363 lr=0.00314477
CIFAR10 epoch 626/1000 iteration 100/195 loss=69.6593 lr=0.003141
CIFAR10 epoch 626/1000 iteration 150/195 loss=70.3152 lr=0.00313723
CIFAR10 epoch 626/1000 iteration 195/195 loss=70.5016 lr=0.00313384
CIFAR10 epoch 627/1000 iteration 50/195 loss=69.5931 lr=0.00313007
CIFAR10 epoch 627/1000 iteration 100/195 loss=70.3613 lr=0.00312631
CIFAR10 epoch 627/1000 iteration 150/195 loss=70.5448 lr=0.00312254
CIFAR10 epoch 627/1000 iteration 195/195 loss=70.7207 lr=0.00311915
CIFAR10 epoch 628/1000 iteration 50/195 loss=70.4169 lr=0.00311539
CIFAR10 epoch 628/1000 iteration 100/195 loss=70.5289 lr=0.00311163
CIFAR10 epoch 628/1000 iteration 150/195 loss=70.7887 lr=0.00310787
CIFAR10 epoch 628/1000 iteration 195/195 loss=71.2534 lr=0.00310448
CIFAR10 epoch 629/1000 iteration 50/195 loss=71.5815 lr=0.00310073
CIFAR10 epoch 629/1000 iteration 100/195 loss=71.0819 lr=0.00309697
CIFAR10 epoch 629/1000 iteration 150/195 loss=70.8054 lr=0.00309321
CIFAR10 epoch 629/1000 iteration 195/195 loss=70.7822 lr=0.00308984
CIFAR10 epoch 630/1000 iteration 50/195 loss=71.2695 lr=0.00308608
CIFAR10 epoch 630/1000 iteration 100/195 loss=71.0991 lr=0.00308233
CIFAR10 epoch 630/1000 iteration 150/195 loss=71.3714 lr=0.00307858
CIFAR10 epoch 630/1000 iteration 195/195 loss=71.1946 lr=0.00307521
[epoch 630/1000] saved backbone: /home/mmoslem3/scratch/MKDT/krrst_teacher_ckpt/barlow_twins_resnet18_cifar10.pt
CIFAR10 epoch 631/1000 iteration 50/195 loss=70.9154 lr=0.00307146
CIFAR10 epoch 631/1000 iteration 100/195 loss=71.4983 lr=0.00306771
CIFAR10 epoch 631/1000 iteration 150/195 loss=71.2579 lr=0.00306397
CIFAR10 epoch 631/1000 iteration 195/195 loss=71.0413 lr=0.0030606
CIFAR10 epoch 632/1000 iteration 50/195 loss=69.4459 lr=0.00305685
CIFAR10 epoch 632/1000 iteration 100/195 loss=70.3975 lr=0.00305311
CIFAR10 epoch 632/1000 iteration 150/195 loss=70.1454 lr=0.00304937
CIFAR10 epoch 632/1000 iteration 195/195 loss=70.2887 lr=0.00304601
CIFAR10 epoch 633/1000 iteration 50/195 loss=69.3417 lr=0.00304227
CIFAR10 epoch 633/1000 iteration 100/195 loss=70.1786 lr=0.00303853
CIFAR10 epoch 633/1000 iteration 150/195 loss=70.5642 lr=0.00303479
CIFAR10 epoch 633/1000 iteration 195/195 loss=70.6597 lr=0.00303143
CIFAR10 epoch 634/1000 iteration 50/195 loss=70.8210 lr=0.0030277
CIFAR10 epoch 634/1000 iteration 100/195 loss=70.4416 lr=0.00302397
CIFAR10 epoch 634/1000 iteration 150/195 loss=70.6275 lr=0.00302024
CIFAR10 epoch 634/1000 iteration 195/195 loss=70.6544 lr=0.00301688
CIFAR10 epoch 635/1000 iteration 50/195 loss=70.3849 lr=0.00301316
CIFAR10 epoch 635/1000 iteration 100/195 loss=69.7792 lr=0.00300943
CIFAR10 epoch 635/1000 iteration 150/195 loss=69.8337 lr=0.0030057
CIFAR10 epoch 635/1000 iteration 195/195 loss=69.8376 lr=0.00300235
CIFAR10 epoch 636/1000 iteration 50/195 loss=71.2346 lr=0.00299863
CIFAR10 epoch 636/1000 iteration 100/195 loss=70.6013 lr=0.00299491
CIFAR10 epoch 636/1000 iteration 150/195 loss=70.8016 lr=0.00299119
CIFAR10 epoch 636/1000 iteration 195/195 loss=70.7730 lr=0.00298784
CIFAR10 epoch 637/1000 iteration 50/195 loss=71.4312 lr=0.00298412
CIFAR10 epoch 637/1000 iteration 100/195 loss=70.8681 lr=0.00298041
CIFAR10 epoch 637/1000 iteration 150/195 loss=70.4771 lr=0.00297669
CIFAR10 epoch 637/1000 iteration 195/195 loss=70.7208 lr=0.00297335
CIFAR10 epoch 638/1000 iteration 50/195 loss=70.9241 lr=0.00296964
CIFAR10 epoch 638/1000 iteration 100/195 loss=70.6677 lr=0.00296593
CIFAR10 epoch 638/1000 iteration 150/195 loss=70.5744 lr=0.00296222
CIFAR10 epoch 638/1000 iteration 195/195 loss=70.3886 lr=0.00295888
CIFAR10 epoch 639/1000 iteration 50/195 loss=70.7145 lr=0.00295517
CIFAR10 epoch 639/1000 iteration 100/195 loss=70.3093 lr=0.00295147
CIFAR10 epoch 639/1000 iteration 150/195 loss=70.2351 lr=0.00294776
CIFAR10 epoch 639/1000 iteration 195/195 loss=70.2546 lr=0.00294443
CIFAR10 epoch 640/1000 iteration 50/195 loss=69.4402 lr=0.00294073
CIFAR10 epoch 640/1000 iteration 100/195 loss=69.3258 lr=0.00293703
CIFAR10 epoch 640/1000 iteration 150/195 loss=69.8982 lr=0.00293333
CIFAR10 epoch 640/1000 iteration 195/195 loss=70.2213 lr=0.00293
[epoch 640/1000] saved backbone: /home/mmoslem3/scratch/MKDT/krrst_teacher_ckpt/barlow_twins_resnet18_cifar10.pt
CIFAR10 epoch 641/1000 iteration 50/195 loss=69.6712 lr=0.00292631
CIFAR10 epoch 641/1000 iteration 100/195 loss=70.2912 lr=0.00292261
CIFAR10 epoch 641/1000 iteration 150/195 loss=70.1109 lr=0.00291892
CIFAR10 epoch 641/1000 iteration 195/195 loss=70.1427 lr=0.00291559
CIFAR10 epoch 642/1000 iteration 50/195 loss=70.0876 lr=0.0029119
CIFAR10 epoch 642/1000 iteration 100/195 loss=70.2549 lr=0.00290821
CIFAR10 epoch 642/1000 iteration 150/195 loss=69.8294 lr=0.00290453
CIFAR10 epoch 642/1000 iteration 195/195 loss=69.8609 lr=0.00290121
CIFAR10 epoch 643/1000 iteration 50/195 loss=69.8487 lr=0.00289752
CIFAR10 epoch 643/1000 iteration 100/195 loss=69.7998 lr=0.00289384
CIFAR10 epoch 643/1000 iteration 150/195 loss=70.0166 lr=0.00289015
CIFAR10 epoch 643/1000 iteration 195/195 loss=70.0726 lr=0.00288684
CIFAR10 epoch 644/1000 iteration 50/195 loss=70.4363 lr=0.00288316
CIFAR10 epoch 644/1000 iteration 100/195 loss=69.9722 lr=0.00287948
CIFAR10 epoch 644/1000 iteration 150/195 loss=70.1492 lr=0.00287581
CIFAR10 epoch 644/1000 iteration 195/195 loss=70.0920 lr=0.0028725
CIFAR10 epoch 645/1000 iteration 50/195 loss=69.9832 lr=0.00286882
CIFAR10 epoch 645/1000 iteration 100/195 loss=70.1707 lr=0.00286515
CIFAR10 epoch 645/1000 iteration 150/195 loss=70.1262 lr=0.00286148
CIFAR10 epoch 645/1000 iteration 195/195 loss=70.2045 lr=0.00285817
CIFAR10 epoch 646/1000 iteration 50/195 loss=70.0063 lr=0.00285451
CIFAR10 epoch 646/1000 iteration 100/195 loss=70.1592 lr=0.00285084
CIFAR10 epoch 646/1000 iteration 150/195 loss=70.4944 lr=0.00284717
CIFAR10 epoch 646/1000 iteration 195/195 loss=70.1143 lr=0.00284387
CIFAR10 epoch 647/1000 iteration 50/195 loss=69.7810 lr=0.00284021
CIFAR10 epoch 647/1000 iteration 100/195 loss=69.8426 lr=0.00283655
CIFAR10 epoch 647/1000 iteration 150/195 loss=70.1115 lr=0.00283289
CIFAR10 epoch 647/1000 iteration 195/195 loss=69.9118 lr=0.00282959
CIFAR10 epoch 648/1000 iteration 50/195 loss=70.5358 lr=0.00282594
CIFAR10 epoch 648/1000 iteration 100/195 loss=70.6016 lr=0.00282228
CIFAR10 epoch 648/1000 iteration 150/195 loss=70.4951 lr=0.00281862
CIFAR10 epoch 648/1000 iteration 195/195 loss=70.5481 lr=0.00281534
CIFAR10 epoch 649/1000 iteration 50/195 loss=70.5069 lr=0.00281168
CIFAR10 epoch 649/1000 iteration 100/195 loss=70.0884 lr=0.00280803
CIFAR10 epoch 649/1000 iteration 150/195 loss=70.1350 lr=0.00280438
CIFAR10 epoch 649/1000 iteration 195/195 loss=70.1523 lr=0.0028011
CIFAR10 epoch 650/1000 iteration 50/195 loss=69.6583 lr=0.00279745
CIFAR10 epoch 650/1000 iteration 100/195 loss=70.2138 lr=0.00279381
CIFAR10 epoch 650/1000 iteration 150/195 loss=70.0195 lr=0.00279017
CIFAR10 epoch 650/1000 iteration 195/195 loss=69.9226 lr=0.00278689
[epoch 650/1000] saved backbone: /home/mmoslem3/scratch/MKDT/krrst_teacher_ckpt/barlow_twins_resnet18_cifar10.pt
CIFAR10 epoch 651/1000 iteration 50/195 loss=70.1381 lr=0.00278325
CIFAR10 epoch 651/1000 iteration 100/195 loss=69.8759 lr=0.00277961
CIFAR10 epoch 651/1000 iteration 150/195 loss=70.1828 lr=0.00277597
CIFAR10 epoch 651/1000 iteration 195/195 loss=70.0150 lr=0.0027727
CIFAR10 epoch 652/1000 iteration 50/195 loss=68.7624 lr=0.00276906
CIFAR10 epoch 652/1000 iteration 100/195 loss=69.0181 lr=0.00276543
CIFAR10 epoch 652/1000 iteration 150/195 loss=69.4595 lr=0.0027618
CIFAR10 epoch 652/1000 iteration 195/195 loss=69.4199 lr=0.00275853
CIFAR10 epoch 653/1000 iteration 50/195 loss=69.8457 lr=0.0027549
CIFAR10 epoch 653/1000 iteration 100/195 loss=69.4811 lr=0.00275127
CIFAR10 epoch 653/1000 iteration 150/195 loss=69.7993 lr=0.00274764
CIFAR10 epoch 653/1000 iteration 195/195 loss=69.8799 lr=0.00274438
CIFAR10 epoch 654/1000 iteration 50/195 loss=69.3501 lr=0.00274076
CIFAR10 epoch 654/1000 iteration 100/195 loss=69.7046 lr=0.00273714
CIFAR10 epoch 654/1000 iteration 150/195 loss=69.8384 lr=0.00273352
CIFAR10 epoch 654/1000 iteration 195/195 loss=69.7889 lr=0.00273026
CIFAR10 epoch 655/1000 iteration 50/195 loss=70.2290 lr=0.00272664
CIFAR10 epoch 655/1000 iteration 100/195 loss=70.9257 lr=0.00272302
CIFAR10 epoch 655/1000 iteration 150/195 loss=70.5695 lr=0.00271941
CIFAR10 epoch 655/1000 iteration 195/195 loss=70.3756 lr=0.00271616
CIFAR10 epoch 656/1000 iteration 50/195 loss=69.1362 lr=0.00271255
CIFAR10 epoch 656/1000 iteration 100/195 loss=69.7099 lr=0.00270894
CIFAR10 epoch 656/1000 iteration 150/195 loss=69.6438 lr=0.00270533
CIFAR10 epoch 656/1000 iteration 195/195 loss=69.6986 lr=0.00270208
CIFAR10 epoch 657/1000 iteration 50/195 loss=69.4917 lr=0.00269848
CIFAR10 epoch 657/1000 iteration 100/195 loss=69.4833 lr=0.00269487
CIFAR10 epoch 657/1000 iteration 150/195 loss=69.2199 lr=0.00269127
CIFAR10 epoch 657/1000 iteration 195/195 loss=69.4114 lr=0.00268803
CIFAR10 epoch 658/1000 iteration 50/195 loss=68.7015 lr=0.00268443
CIFAR10 epoch 658/1000 iteration 100/195 loss=69.1362 lr=0.00268083
CIFAR10 epoch 658/1000 iteration 150/195 loss=69.3181 lr=0.00267723
CIFAR10 epoch 658/1000 iteration 195/195 loss=69.0725 lr=0.002674
CIFAR10 epoch 659/1000 iteration 50/195 loss=69.7361 lr=0.0026704
CIFAR10 epoch 659/1000 iteration 100/195 loss=69.7246 lr=0.00266681
CIFAR10 epoch 659/1000 iteration 150/195 loss=69.7418 lr=0.00266322
CIFAR10 epoch 659/1000 iteration 195/195 loss=69.7033 lr=0.00265999
CIFAR10 epoch 660/1000 iteration 50/195 loss=69.4418 lr=0.0026564
CIFAR10 epoch 660/1000 iteration 100/195 loss=69.9934 lr=0.00265282
CIFAR10 epoch 660/1000 iteration 150/195 loss=69.9733 lr=0.00264923
CIFAR10 epoch 660/1000 iteration 195/195 loss=69.8535 lr=0.00264601
[epoch 660/1000] saved backbone: /home/mmoslem3/scratch/MKDT/krrst_teacher_ckpt/barlow_twins_resnet18_cifar10.pt
CIFAR10 epoch 661/1000 iteration 50/195 loss=69.5429 lr=0.00264242
CIFAR10 epoch 661/1000 iteration 100/195 loss=69.4219 lr=0.00263884
CIFAR10 epoch 661/1000 iteration 150/195 loss=69.1752 lr=0.00263527
CIFAR10 epoch 661/1000 iteration 195/195 loss=69.3782 lr=0.00263205
CIFAR10 epoch 662/1000 iteration 50/195 loss=68.6159 lr=0.00262847
CIFAR10 epoch 662/1000 iteration 100/195 loss=68.7131 lr=0.0026249
CIFAR10 epoch 662/1000 iteration 150/195 loss=68.7636 lr=0.00262132
CIFAR10 epoch 662/1000 iteration 195/195 loss=68.8960 lr=0.00261811
CIFAR10 epoch 663/1000 iteration 50/195 loss=68.7637 lr=0.00261454
CIFAR10 epoch 663/1000 iteration 100/195 loss=69.1178 lr=0.00261097
CIFAR10 epoch 663/1000 iteration 150/195 loss=68.9690 lr=0.00260741
CIFAR10 epoch 663/1000 iteration 195/195 loss=69.1490 lr=0.0026042
CIFAR10 epoch 664/1000 iteration 50/195 loss=70.3431 lr=0.00260064
CIFAR10 epoch 664/1000 iteration 100/195 loss=69.7636 lr=0.00259707
CIFAR10 epoch 664/1000 iteration 150/195 loss=69.8662 lr=0.00259351
CIFAR10 epoch 664/1000 iteration 195/195 loss=70.0078 lr=0.00259031
CIFAR10 epoch 665/1000 iteration 50/195 loss=69.1843 lr=0.00258675
CIFAR10 epoch 665/1000 iteration 100/195 loss=69.6809 lr=0.0025832
CIFAR10 epoch 665/1000 iteration 150/195 loss=69.6017 lr=0.00257964
CIFAR10 epoch 665/1000 iteration 195/195 loss=69.5607 lr=0.00257645
CIFAR10 epoch 666/1000 iteration 50/195 loss=68.7539 lr=0.0025729
CIFAR10 epoch 666/1000 iteration 100/195 loss=69.1085 lr=0.00256935
CIFAR10 epoch 666/1000 iteration 150/195 loss=68.7857 lr=0.0025658
CIFAR10 epoch 666/1000 iteration 195/195 loss=68.8193 lr=0.00256261
CIFAR10 epoch 667/1000 iteration 50/195 loss=69.6622 lr=0.00255906
CIFAR10 epoch 667/1000 iteration 100/195 loss=69.1781 lr=0.00255552
CIFAR10 epoch 667/1000 iteration 150/195 loss=69.0661 lr=0.00255198
CIFAR10 epoch 667/1000 iteration 195/195 loss=69.1958 lr=0.00254879
CIFAR10 epoch 668/1000 iteration 50/195 loss=68.6051 lr=0.00254526
CIFAR10 epoch 668/1000 iteration 100/195 loss=68.9814 lr=0.00254172
CIFAR10 epoch 668/1000 iteration 150/195 loss=68.8766 lr=0.00253818
CIFAR10 epoch 668/1000 iteration 195/195 loss=69.1695 lr=0.002535
CIFAR10 epoch 669/1000 iteration 50/195 loss=68.2046 lr=0.00253147
CIFAR10 epoch 669/1000 iteration 100/195 loss=68.6866 lr=0.00252794
CIFAR10 epoch 669/1000 iteration 150/195 loss=69.1005 lr=0.00252441
CIFAR10 epoch 669/1000 iteration 195/195 loss=69.0091 lr=0.00252124
CIFAR10 epoch 670/1000 iteration 50/195 loss=70.3789 lr=0.00251771
CIFAR10 epoch 670/1000 iteration 100/195 loss=70.1393 lr=0.00251419
CIFAR10 epoch 670/1000 iteration 150/195 loss=69.4995 lr=0.00251067
CIFAR10 epoch 670/1000 iteration 195/195 loss=69.5162 lr=0.0025075
[epoch 670/1000] saved backbone: /home/mmoslem3/scratch/MKDT/krrst_teacher_ckpt/barlow_twins_resnet18_cifar10.pt
CIFAR10 epoch 671/1000 iteration 50/195 loss=70.0944 lr=0.00250398
CIFAR10 epoch 671/1000 iteration 100/195 loss=69.6229 lr=0.00250046
CIFAR10 epoch 671/1000 iteration 150/195 loss=69.5102 lr=0.00249695
CIFAR10 epoch 671/1000 iteration 195/195 loss=69.4525 lr=0.00249379
CIFAR10 epoch 672/1000 iteration 50/195 loss=69.0493 lr=0.00249027
CIFAR10 epoch 672/1000 iteration 100/195 loss=69.5964 lr=0.00248676
CIFAR10 epoch 672/1000 iteration 150/195 loss=69.8344 lr=0.00248325
CIFAR10 epoch 672/1000 iteration 195/195 loss=69.5014 lr=0.0024801
CIFAR10 epoch 673/1000 iteration 50/195 loss=68.8289 lr=0.00247659
CIFAR10 epoch 673/1000 iteration 100/195 loss=68.9942 lr=0.00247309
CIFAR10 epoch 673/1000 iteration 150/195 loss=69.2114 lr=0.00246958
CIFAR10 epoch 673/1000 iteration 195/195 loss=69.1512 lr=0.00246643
CIFAR10 epoch 674/1000 iteration 50/195 loss=68.4057 lr=0.00246293
CIFAR10 epoch 674/1000 iteration 100/195 loss=68.5401 lr=0.00245944
CIFAR10 epoch 674/1000 iteration 150/195 loss=68.8781 lr=0.00245594
CIFAR10 epoch 674/1000 iteration 195/195 loss=69.1413 lr=0.00245279
CIFAR10 epoch 675/1000 iteration 50/195 loss=67.6981 lr=0.0024493
CIFAR10 epoch 675/1000 iteration 100/195 loss=68.5235 lr=0.00244581
CIFAR10 epoch 675/1000 iteration 150/195 loss=68.8325 lr=0.00244232
CIFAR10 epoch 675/1000 iteration 195/195 loss=68.8803 lr=0.00243918
CIFAR10 epoch 676/1000 iteration 50/195 loss=68.1919 lr=0.0024357
CIFAR10 epoch 676/1000 iteration 100/195 loss=68.6450 lr=0.00243221
CIFAR10 epoch 676/1000 iteration 150/195 loss=68.5911 lr=0.00242873
CIFAR10 epoch 676/1000 iteration 195/195 loss=68.6647 lr=0.00242559
CIFAR10 epoch 677/1000 iteration 50/195 loss=68.5530 lr=0.00242212
CIFAR10 epoch 677/1000 iteration 100/195 loss=68.8029 lr=0.00241864
CIFAR10 epoch 677/1000 iteration 150/195 loss=68.8886 lr=0.00241516
CIFAR10 epoch 677/1000 iteration 195/195 loss=68.9384 lr=0.00241203
CIFAR10 epoch 678/1000 iteration 50/195 loss=69.4502 lr=0.00240856
CIFAR10 epoch 678/1000 iteration 100/195 loss=69.5792 lr=0.00240509
CIFAR10 epoch 678/1000 iteration 150/195 loss=69.4768 lr=0.00240162
CIFAR10 epoch 678/1000 iteration 195/195 loss=69.4228 lr=0.0023985
CIFAR10 epoch 679/1000 iteration 50/195 loss=69.6415 lr=0.00239503
CIFAR10 epoch 679/1000 iteration 100/195 loss=69.0934 lr=0.00239157
CIFAR10 epoch 679/1000 iteration 150/195 loss=68.8366 lr=0.00238811
CIFAR10 epoch 679/1000 iteration 195/195 loss=68.7192 lr=0.00238499
CIFAR10 epoch 680/1000 iteration 50/195 loss=68.8263 lr=0.00238153
CIFAR10 epoch 680/1000 iteration 100/195 loss=68.5797 lr=0.00237807
CIFAR10 epoch 680/1000 iteration 150/195 loss=69.0344 lr=0.00237462
CIFAR10 epoch 680/1000 iteration 195/195 loss=69.1135 lr=0.00237151
[epoch 680/1000] saved backbone: /home/mmoslem3/scratch/MKDT/krrst_teacher_ckpt/barlow_twins_resnet18_cifar10.pt
CIFAR10 epoch 681/1000 iteration 50/195 loss=68.2309 lr=0.00236806
CIFAR10 epoch 681/1000 iteration 100/195 loss=68.7515 lr=0.00236461
CIFAR10 epoch 681/1000 iteration 150/195 loss=68.4173 lr=0.00236116
CIFAR10 epoch 681/1000 iteration 195/195 loss=68.4124 lr=0.00235805
CIFAR10 epoch 682/1000 iteration 50/195 loss=68.0388 lr=0.00235461
CIFAR10 epoch 682/1000 iteration 100/195 loss=68.3789 lr=0.00235116
CIFAR10 epoch 682/1000 iteration 150/195 loss=68.2600 lr=0.00234772
CIFAR10 epoch 682/1000 iteration 195/195 loss=68.4703 lr=0.00234462
CIFAR10 epoch 683/1000 iteration 50/195 loss=69.3657 lr=0.00234119
CIFAR10 epoch 683/1000 iteration 100/195 loss=69.0003 lr=0.00233775
CIFAR10 epoch 683/1000 iteration 150/195 loss=68.5454 lr=0.00233431
CIFAR10 epoch 683/1000 iteration 195/195 loss=68.4580 lr=0.00233122
CIFAR10 epoch 684/1000 iteration 50/195 loss=68.7177 lr=0.00232779
CIFAR10 epoch 684/1000 iteration 100/195 loss=69.0512 lr=0.00232436
CIFAR10 epoch 684/1000 iteration 150/195 loss=68.9737 lr=0.00232093
CIFAR10 epoch 684/1000 iteration 195/195 loss=68.7693 lr=0.00231785
CIFAR10 epoch 685/1000 iteration 50/195 loss=67.3541 lr=0.00231442
CIFAR10 epoch 685/1000 iteration 100/195 loss=68.3361 lr=0.002311
CIFAR10 epoch 685/1000 iteration 150/195 loss=68.4885 lr=0.00230758
CIFAR10 epoch 685/1000 iteration 195/195 loss=68.6154 lr=0.0023045
CIFAR10 epoch 686/1000 iteration 50/195 loss=68.2988 lr=0.00230108
CIFAR10 epoch 686/1000 iteration 100/195 loss=68.2337 lr=0.00229766
CIFAR10 epoch 686/1000 iteration 150/195 loss=68.5595 lr=0.00229425
CIFAR10 epoch 686/1000 iteration 195/195 loss=68.5306 lr=0.00229118
CIFAR10 epoch 687/1000 iteration 50/195 loss=68.9158 lr=0.00228777
CIFAR10 epoch 687/1000 iteration 100/195 loss=68.8307 lr=0.00228436
CIFAR10 epoch 687/1000 iteration 150/195 loss=68.6297 lr=0.00228095
CIFAR10 epoch 687/1000 iteration 195/195 loss=68.8241 lr=0.00227788
CIFAR10 epoch 688/1000 iteration 50/195 loss=69.4999 lr=0.00227448
CIFAR10 epoch 688/1000 iteration 100/195 loss=69.4930 lr=0.00227108
CIFAR10 epoch 688/1000 iteration 150/195 loss=69.5778 lr=0.00226768
CIFAR10 epoch 688/1000 iteration 195/195 loss=69.2812 lr=0.00226462
CIFAR10 epoch 689/1000 iteration 50/195 loss=67.8582 lr=0.00226122
CIFAR10 epoch 689/1000 iteration 100/195 loss=68.1418 lr=0.00225783
CIFAR10 epoch 689/1000 iteration 150/195 loss=67.9796 lr=0.00225443
CIFAR10 epoch 689/1000 iteration 195/195 loss=68.0649 lr=0.00225138
CIFAR10 epoch 690/1000 iteration 50/195 loss=68.0382 lr=0.00224799
CIFAR10 epoch 690/1000 iteration 100/195 loss=68.4802 lr=0.0022446
CIFAR10 epoch 690/1000 iteration 150/195 loss=68.4385 lr=0.00224122
CIFAR10 epoch 690/1000 iteration 195/195 loss=68.3176 lr=0.00223817
[epoch 690/1000] saved backbone: /home/mmoslem3/scratch/MKDT/krrst_teacher_ckpt/barlow_twins_resnet18_cifar10.pt
CIFAR10 epoch 691/1000 iteration 50/195 loss=68.5306 lr=0.00223479
CIFAR10 epoch 691/1000 iteration 100/195 loss=68.5576 lr=0.00223141
CIFAR10 epoch 691/1000 iteration 150/195 loss=67.9773 lr=0.00222803
CIFAR10 epoch 691/1000 iteration 195/195 loss=68.0605 lr=0.00222499
CIFAR10 epoch 692/1000 iteration 50/195 loss=68.3641 lr=0.00222161
CIFAR10 epoch 692/1000 iteration 100/195 loss=68.4028 lr=0.00221824
CIFAR10 epoch 692/1000 iteration 150/195 loss=68.6374 lr=0.00221486
CIFAR10 epoch 692/1000 iteration 195/195 loss=68.5163 lr=0.00221183
CIFAR10 epoch 693/1000 iteration 50/195 loss=67.2304 lr=0.00220846
CIFAR10 epoch 693/1000 iteration 100/195 loss=67.3772 lr=0.0022051
CIFAR10 epoch 693/1000 iteration 150/195 loss=67.5975 lr=0.00220173
CIFAR10 epoch 693/1000 iteration 195/195 loss=67.8126 lr=0.0021987
CIFAR10 epoch 694/1000 iteration 50/195 loss=68.8588 lr=0.00219534
CIFAR10 epoch 694/1000 iteration 100/195 loss=67.8091 lr=0.00219198
CIFAR10 epoch 694/1000 iteration 150/195 loss=67.8058 lr=0.00218863
CIFAR10 epoch 694/1000 iteration 195/195 loss=67.9726 lr=0.00218561
CIFAR10 epoch 695/1000 iteration 50/195 loss=68.6532 lr=0.00218225
CIFAR10 epoch 695/1000 iteration 100/195 loss=68.1965 lr=0.0021789
CIFAR10 epoch 695/1000 iteration 150/195 loss=68.2464 lr=0.00217555
CIFAR10 epoch 695/1000 iteration 195/195 loss=68.4975 lr=0.00217254
CIFAR10 epoch 696/1000 iteration 50/195 loss=68.2693 lr=0.00216919
CIFAR10 epoch 696/1000 iteration 100/195 loss=68.9008 lr=0.00216584
CIFAR10 epoch 696/1000 iteration 150/195 loss=68.6081 lr=0.0021625
CIFAR10 epoch 696/1000 iteration 195/195 loss=68.6782 lr=0.00215949
CIFAR10 epoch 697/1000 iteration 50/195 loss=69.1499 lr=0.00215615
CIFAR10 epoch 697/1000 iteration 100/195 loss=68.8717 lr=0.00215282
CIFAR10 epoch 697/1000 iteration 150/195 loss=69.0804 lr=0.00214948
CIFAR10 epoch 697/1000 iteration 195/195 loss=68.5584 lr=0.00214648
CIFAR10 epoch 698/1000 iteration 50/195 loss=67.7931 lr=0.00214315
CIFAR10 epoch 698/1000 iteration 100/195 loss=67.1830 lr=0.00213982
CIFAR10 epoch 698/1000 iteration 150/195 loss=67.4709 lr=0.00213649
CIFAR10 epoch 698/1000 iteration 195/195 loss=67.9898 lr=0.0021335
CIFAR10 epoch 699/1000 iteration 50/195 loss=69.6961 lr=0.00213017
CIFAR10 epoch 699/1000 iteration 100/195 loss=69.0627 lr=0.00212685
CIFAR10 epoch 699/1000 iteration 150/195 loss=68.3320 lr=0.00212353
CIFAR10 epoch 699/1000 iteration 195/195 loss=68.3275 lr=0.00212054
CIFAR10 epoch 700/1000 iteration 50/195 loss=68.1791 lr=0.00211722
CIFAR10 epoch 700/1000 iteration 100/195 loss=68.2261 lr=0.00211391
CIFAR10 epoch 700/1000 iteration 150/195 loss=68.3395 lr=0.0021106
CIFAR10 epoch 700/1000 iteration 195/195 loss=68.3993 lr=0.00210762
[epoch 700/1000] saved backbone: /home/mmoslem3/scratch/MKDT/krrst_teacher_ckpt/barlow_twins_resnet18_cifar10.pt
CIFAR10 epoch 701/1000 iteration 50/195 loss=68.9399 lr=0.00210431
CIFAR10 epoch 701/1000 iteration 100/195 loss=68.4087 lr=0.002101
CIFAR10 epoch 701/1000 iteration 150/195 loss=68.4412 lr=0.00209769
CIFAR10 epoch 701/1000 iteration 195/195 loss=68.4206 lr=0.00209472
CIFAR10 epoch 702/1000 iteration 50/195 loss=68.3243 lr=0.00209142
CIFAR10 epoch 702/1000 iteration 100/195 loss=68.0978 lr=0.00208812
CIFAR10 epoch 702/1000 iteration 150/195 loss=68.2237 lr=0.00208482
CIFAR10 epoch 702/1000 iteration 195/195 loss=68.3230 lr=0.00208185
CIFAR10 epoch 703/1000 iteration 50/195 loss=67.8765 lr=0.00207856
CIFAR10 epoch 703/1000 iteration 100/195 loss=67.9128 lr=0.00207526
CIFAR10 epoch 703/1000 iteration 150/195 loss=67.9097 lr=0.00207197
CIFAR10 epoch 703/1000 iteration 195/195 loss=67.7502 lr=0.00206901
CIFAR10 epoch 704/1000 iteration 50/195 loss=68.1707 lr=0.00206573
CIFAR10 epoch 704/1000 iteration 100/195 loss=67.7363 lr=0.00206244
CIFAR10 epoch 704/1000 iteration 150/195 loss=68.1471 lr=0.00205916
CIFAR10 epoch 704/1000 iteration 195/195 loss=68.5719 lr=0.0020562
CIFAR10 epoch 705/1000 iteration 50/195 loss=67.7115 lr=0.00205292
CIFAR10 epoch 705/1000 iteration 100/195 loss=67.1862 lr=0.00204965
CIFAR10 epoch 705/1000 iteration 150/195 loss=67.8333 lr=0.00204637
CIFAR10 epoch 705/1000 iteration 195/195 loss=67.8711 lr=0.00204342
CIFAR10 epoch 706/1000 iteration 50/195 loss=67.3662 lr=0.00204015
CIFAR10 epoch 706/1000 iteration 100/195 loss=67.8809 lr=0.00203688
CIFAR10 epoch 706/1000 iteration 150/195 loss=67.8952 lr=0.00203362
CIFAR10 epoch 706/1000 iteration 195/195 loss=68.0494 lr=0.00203068
CIFAR10 epoch 707/1000 iteration 50/195 loss=67.7430 lr=0.00202741
CIFAR10 epoch 707/1000 iteration 100/195 loss=67.6445 lr=0.00202415
CIFAR10 epoch 707/1000 iteration 150/195 loss=67.7886 lr=0.00202089
CIFAR10 epoch 707/1000 iteration 195/195 loss=67.7294 lr=0.00201796
CIFAR10 epoch 708/1000 iteration 50/195 loss=68.2191 lr=0.0020147
CIFAR10 epoch 708/1000 iteration 100/195 loss=68.4178 lr=0.00201145
CIFAR10 epoch 708/1000 iteration 150/195 loss=68.3542 lr=0.00200819
CIFAR10 epoch 708/1000 iteration 195/195 loss=68.3215 lr=0.00200527
CIFAR10 epoch 709/1000 iteration 50/195 loss=68.9771 lr=0.00200202
CIFAR10 epoch 709/1000 iteration 100/195 loss=68.0962 lr=0.00199877
CIFAR10 epoch 709/1000 iteration 150/195 loss=67.9600 lr=0.00199553
CIFAR10 epoch 709/1000 iteration 195/195 loss=67.9623 lr=0.00199261
CIFAR10 epoch 710/1000 iteration 50/195 loss=67.5913 lr=0.00198937
CIFAR10 epoch 710/1000 iteration 100/195 loss=66.6850 lr=0.00198613
CIFAR10 epoch 710/1000 iteration 150/195 loss=67.2018 lr=0.00198289
CIFAR10 epoch 710/1000 iteration 195/195 loss=67.0765 lr=0.00197998
[epoch 710/1000] saved backbone: /home/mmoslem3/scratch/MKDT/krrst_teacher_ckpt/barlow_twins_resnet18_cifar10.pt
CIFAR10 epoch 711/1000 iteration 50/195 loss=68.1454 lr=0.00197675
CIFAR10 epoch 711/1000 iteration 100/195 loss=68.0758 lr=0.00197352
CIFAR10 epoch 711/1000 iteration 150/195 loss=68.0253 lr=0.00197029
CIFAR10 epoch 711/1000 iteration 195/195 loss=67.9233 lr=0.00196738
CIFAR10 epoch 712/1000 iteration 50/195 loss=68.0998 lr=0.00196416
CIFAR10 epoch 712/1000 iteration 100/195 loss=67.5425 lr=0.00196093
CIFAR10 epoch 712/1000 iteration 150/195 loss=67.6832 lr=0.00195771
CIFAR10 epoch 712/1000 iteration 195/195 loss=67.3494 lr=0.00195481
CIFAR10 epoch 713/1000 iteration 50/195 loss=67.9709 lr=0.0019516
CIFAR10 epoch 713/1000 iteration 100/195 loss=68.1894 lr=0.00194838
CIFAR10 epoch 713/1000 iteration 150/195 loss=68.0841 lr=0.00194517
CIFAR10 epoch 713/1000 iteration 195/195 loss=68.2096 lr=0.00194228
CIFAR10 epoch 714/1000 iteration 50/195 loss=68.0975 lr=0.00193907
CIFAR10 epoch 714/1000 iteration 100/195 loss=68.0467 lr=0.00193586
CIFAR10 epoch 714/1000 iteration 150/195 loss=67.7603 lr=0.00193265
CIFAR10 epoch 714/1000 iteration 195/195 loss=67.9115 lr=0.00192977
CIFAR10 epoch 715/1000 iteration 50/195 loss=67.9918 lr=0.00192657
CIFAR10 epoch 715/1000 iteration 100/195 loss=67.6577 lr=0.00192337
CIFAR10 epoch 715/1000 iteration 150/195 loss=67.4634 lr=0.00192017
CIFAR10 epoch 715/1000 iteration 195/195 loss=67.6640 lr=0.0019173
CIFAR10 epoch 716/1000 iteration 50/195 loss=67.2300 lr=0.0019141
CIFAR10 epoch 716/1000 iteration 100/195 loss=67.3455 lr=0.00191091
CIFAR10 epoch 716/1000 iteration 150/195 loss=66.9846 lr=0.00190772
CIFAR10 epoch 716/1000 iteration 195/195 loss=67.2231 lr=0.00190485
CIFAR10 epoch 717/1000 iteration 50/195 loss=66.7744 lr=0.00190167
CIFAR10 epoch 717/1000 iteration 100/195 loss=67.0087 lr=0.00189848
CIFAR10 epoch 717/1000 iteration 150/195 loss=67.1698 lr=0.0018953
CIFAR10 epoch 717/1000 iteration 195/195 loss=67.1742 lr=0.00189244
CIFAR10 epoch 718/1000 iteration 50/195 loss=69.1800 lr=0.00188926
CIFAR10 epoch 718/1000 iteration 100/195 loss=68.0546 lr=0.00188609
CIFAR10 epoch 718/1000 iteration 150/195 loss=68.0437 lr=0.00188291
CIFAR10 epoch 718/1000 iteration 195/195 loss=67.6695 lr=0.00188006
CIFAR10 epoch 719/1000 iteration 50/195 loss=67.5435 lr=0.00187689
CIFAR10 epoch 719/1000 iteration 100/195 loss=67.0925 lr=0.00187372
CIFAR10 epoch 719/1000 iteration 150/195 loss=67.4108 lr=0.00187055
CIFAR10 epoch 719/1000 iteration 195/195 loss=67.2675 lr=0.00186771
CIFAR10 epoch 720/1000 iteration 50/195 loss=66.7163 lr=0.00186455
CIFAR10 epoch 720/1000 iteration 100/195 loss=67.2063 lr=0.00186139
CIFAR10 epoch 720/1000 iteration 150/195 loss=67.0801 lr=0.00185823
CIFAR10 epoch 720/1000 iteration 195/195 loss=67.3034 lr=0.00185539
[epoch 720/1000] saved backbone: /home/mmoslem3/scratch/MKDT/krrst_teacher_ckpt/barlow_twins_resnet18_cifar10.pt
CIFAR10 epoch 721/1000 iteration 50/195 loss=67.5912 lr=0.00185224
CIFAR10 epoch 721/1000 iteration 100/195 loss=67.1750 lr=0.00184908
CIFAR10 epoch 721/1000 iteration 150/195 loss=67.5261 lr=0.00184594
CIFAR10 epoch 721/1000 iteration 195/195 loss=67.6275 lr=0.0018431
CIFAR10 epoch 722/1000 iteration 50/195 loss=66.7296 lr=0.00183996
CIFAR10 epoch 722/1000 iteration 100/195 loss=67.1879 lr=0.00183681
CIFAR10 epoch 722/1000 iteration 150/195 loss=67.4159 lr=0.00183367
CIFAR10 epoch 722/1000 iteration 195/195 loss=67.5097 lr=0.00183085
CIFAR10 epoch 723/1000 iteration 50/195 loss=67.9564 lr=0.00182771
CIFAR10 epoch 723/1000 iteration 100/195 loss=68.2109 lr=0.00182458
CIFAR10 epoch 723/1000 iteration 150/195 loss=67.8461 lr=0.00182144
CIFAR10 epoch 723/1000 iteration 195/195 loss=67.7748 lr=0.00181863
CIFAR10 epoch 724/1000 iteration 50/195 loss=67.6635 lr=0.0018155
CIFAR10 epoch 724/1000 iteration 100/195 loss=67.5896 lr=0.00181237
CIFAR10 epoch 724/1000 iteration 150/195 loss=67.7272 lr=0.00180924
CIFAR10 epoch 724/1000 iteration 195/195 loss=67.6142 lr=0.00180643
CIFAR10 epoch 725/1000 iteration 50/195 loss=67.8459 lr=0.00180331
CIFAR10 epoch 725/1000 iteration 100/195 loss=67.4321 lr=0.0018002
CIFAR10 epoch 725/1000 iteration 150/195 loss=66.9548 lr=0.00179708
CIFAR10 epoch 725/1000 iteration 195/195 loss=66.9342 lr=0.00179428
CIFAR10 epoch 726/1000 iteration 50/195 loss=68.1199 lr=0.00179116
CIFAR10 epoch 726/1000 iteration 100/195 loss=67.8639 lr=0.00178805
CIFAR10 epoch 726/1000 iteration 150/195 loss=67.6859 lr=0.00178495
CIFAR10 epoch 726/1000 iteration 195/195 loss=67.5625 lr=0.00178215
CIFAR10 epoch 727/1000 iteration 50/195 loss=66.6123 lr=0.00177905
CIFAR10 epoch 727/1000 iteration 100/195 loss=66.6345 lr=0.00177594
CIFAR10 epoch 727/1000 iteration 150/195 loss=66.5173 lr=0.00177284
CIFAR10 epoch 727/1000 iteration 195/195 loss=67.0613 lr=0.00177006
CIFAR10 epoch 728/1000 iteration 50/195 loss=67.9429 lr=0.00176696
CIFAR10 epoch 728/1000 iteration 100/195 loss=67.7835 lr=0.00176387
CIFAR10 epoch 728/1000 iteration 150/195 loss=67.5084 lr=0.00176078
CIFAR10 epoch 728/1000 iteration 195/195 loss=67.4519 lr=0.00175799
CIFAR10 epoch 729/1000 iteration 50/195 loss=66.2010 lr=0.00175491
CIFAR10 epoch 729/1000 iteration 100/195 loss=67.0536 lr=0.00175182
CIFAR10 epoch 729/1000 iteration 150/195 loss=66.9954 lr=0.00174874
CIFAR10 epoch 729/1000 iteration 195/195 loss=66.9844 lr=0.00174597
CIFAR10 epoch 730/1000 iteration 50/195 loss=67.0764 lr=0.00174289
CIFAR10 epoch 730/1000 iteration 100/195 loss=67.4196 lr=0.00173981
CIFAR10 epoch 730/1000 iteration 150/195 loss=67.1869 lr=0.00173674
CIFAR10 epoch 730/1000 iteration 195/195 loss=67.1656 lr=0.00173397
[epoch 730/1000] saved backbone: /home/mmoslem3/scratch/MKDT/krrst_teacher_ckpt/barlow_twins_resnet18_cifar10.pt
CIFAR10 epoch 731/1000 iteration 50/195 loss=67.7930 lr=0.0017309
CIFAR10 epoch 731/1000 iteration 100/195 loss=67.3621 lr=0.00172783
CIFAR10 epoch 731/1000 iteration 150/195 loss=67.5772 lr=0.00172477
CIFAR10 epoch 731/1000 iteration 195/195 loss=67.6046 lr=0.00172201
CIFAR10 epoch 732/1000 iteration 50/195 loss=68.0203 lr=0.00171895
CIFAR10 epoch 732/1000 iteration 100/195 loss=67.6816 lr=0.00171589
CIFAR10 epoch 732/1000 iteration 150/195 loss=67.6510 lr=0.00171283
CIFAR10 epoch 732/1000 iteration 195/195 loss=67.6496 lr=0.00171008
CIFAR10 epoch 733/1000 iteration 50/195 loss=67.7195 lr=0.00170702
CIFAR10 epoch 733/1000 iteration 100/195 loss=68.0458 lr=0.00170397
CIFAR10 epoch 733/1000 iteration 150/195 loss=67.8910 lr=0.00170092
CIFAR10 epoch 733/1000 iteration 195/195 loss=67.6803 lr=0.00169818
CIFAR10 epoch 734/1000 iteration 50/195 loss=67.9021 lr=0.00169514
CIFAR10 epoch 734/1000 iteration 100/195 loss=67.3351 lr=0.00169209
CIFAR10 epoch 734/1000 iteration 150/195 loss=67.1474 lr=0.00168905
CIFAR10 epoch 734/1000 iteration 195/195 loss=67.1974 lr=0.00168632
CIFAR10 epoch 735/1000 iteration 50/195 loss=67.7666 lr=0.00168328
CIFAR10 epoch 735/1000 iteration 100/195 loss=67.6633 lr=0.00168025
CIFAR10 epoch 735/1000 iteration 150/195 loss=67.9677 lr=0.00167722
CIFAR10 epoch 735/1000 iteration 195/195 loss=67.8592 lr=0.00167449
CIFAR10 epoch 736/1000 iteration 50/195 loss=66.9828 lr=0.00167146
CIFAR10 epoch 736/1000 iteration 100/195 loss=66.9153 lr=0.00166844
CIFAR10 epoch 736/1000 iteration 150/195 loss=67.2019 lr=0.00166541
CIFAR10 epoch 736/1000 iteration 195/195 loss=66.9457 lr=0.00166269
CIFAR10 epoch 737/1000 iteration 50/195 loss=67.1815 lr=0.00165967
CIFAR10 epoch 737/1000 iteration 100/195 loss=66.5989 lr=0.00165666
CIFAR10 epoch 737/1000 iteration 150/195 loss=66.8224 lr=0.00165364
CIFAR10 epoch 737/1000 iteration 195/195 loss=66.8113 lr=0.00165093
CIFAR10 epoch 738/1000 iteration 50/195 loss=67.4239 lr=0.00164792
CIFAR10 epoch 738/1000 iteration 100/195 loss=66.8736 lr=0.00164491
CIFAR10 epoch 738/1000 iteration 150/195 loss=66.8511 lr=0.0016419
CIFAR10 epoch 738/1000 iteration 195/195 loss=66.8606 lr=0.0016392
CIFAR10 epoch 739/1000 iteration 50/195 loss=66.9365 lr=0.0016362
CIFAR10 epoch 739/1000 iteration 100/195 loss=66.7049 lr=0.0016332
CIFAR10 epoch 739/1000 iteration 150/195 loss=66.7653 lr=0.0016302
CIFAR10 epoch 739/1000 iteration 195/195 loss=66.6469 lr=0.00162751
CIFAR10 epoch 740/1000 iteration 50/195 loss=65.9701 lr=0.00162451
CIFAR10 epoch 740/1000 iteration 100/195 loss=66.5429 lr=0.00162152
CIFAR10 epoch 740/1000 iteration 150/195 loss=66.5941 lr=0.00161853
CIFAR10 epoch 740/1000 iteration 195/195 loss=66.9304 lr=0.00161585
[epoch 740/1000] saved backbone: /home/mmoslem3/scratch/MKDT/krrst_teacher_ckpt/barlow_twins_resnet18_cifar10.pt
CIFAR10 epoch 741/1000 iteration 50/195 loss=68.1266 lr=0.00161286
CIFAR10 epoch 741/1000 iteration 100/195 loss=67.3864 lr=0.00160988
CIFAR10 epoch 741/1000 iteration 150/195 loss=67.1358 lr=0.0016069
CIFAR10 epoch 741/1000 iteration 195/195 loss=67.2117 lr=0.00160422
CIFAR10 epoch 742/1000 iteration 50/195 loss=67.9867 lr=0.00160124
CIFAR10 epoch 742/1000 iteration 100/195 loss=67.3654 lr=0.00159827
CIFAR10 epoch 742/1000 iteration 150/195 loss=67.0391 lr=0.0015953
CIFAR10 epoch 742/1000 iteration 195/195 loss=67.2472 lr=0.00159263
CIFAR10 epoch 743/1000 iteration 50/195 loss=67.3406 lr=0.00158966
CIFAR10 epoch 743/1000 iteration 100/195 loss=67.2399 lr=0.00158669
CIFAR10 epoch 743/1000 iteration 150/195 loss=67.2634 lr=0.00158373
CIFAR10 epoch 743/1000 iteration 195/195 loss=67.0801 lr=0.00158107
CIFAR10 epoch 744/1000 iteration 50/195 loss=66.8420 lr=0.00157811
CIFAR10 epoch 744/1000 iteration 100/195 loss=66.1360 lr=0.00157515
CIFAR10 epoch 744/1000 iteration 150/195 loss=66.5769 lr=0.0015722
CIFAR10 epoch 744/1000 iteration 195/195 loss=66.5903 lr=0.00156954
CIFAR10 epoch 745/1000 iteration 50/195 loss=66.3342 lr=0.0015666
CIFAR10 epoch 745/1000 iteration 100/195 loss=66.5395 lr=0.00156365
CIFAR10 epoch 745/1000 iteration 150/195 loss=66.6426 lr=0.0015607
CIFAR10 epoch 745/1000 iteration 195/195 loss=66.8238 lr=0.00155806
CIFAR10 epoch 746/1000 iteration 50/195 loss=67.0844 lr=0.00155512
CIFAR10 epoch 746/1000 iteration 100/195 loss=67.0626 lr=0.00155218
CIFAR10 epoch 746/1000 iteration 150/195 loss=66.9798 lr=0.00154924
CIFAR10 epoch 746/1000 iteration 195/195 loss=66.7613 lr=0.0015466
CIFAR10 epoch 747/1000 iteration 50/195 loss=67.2450 lr=0.00154367
CIFAR10 epoch 747/1000 iteration 100/195 loss=67.1761 lr=0.00154074
CIFAR10 epoch 747/1000 iteration 150/195 loss=66.7529 lr=0.00153781
CIFAR10 epoch 747/1000 iteration 195/195 loss=66.8835 lr=0.00153518
CIFAR10 epoch 748/1000 iteration 50/195 loss=67.6164 lr=0.00153226
CIFAR10 epoch 748/1000 iteration 100/195 loss=67.0989 lr=0.00152934
CIFAR10 epoch 748/1000 iteration 150/195 loss=67.0113 lr=0.00152642
CIFAR10 epoch 748/1000 iteration 195/195 loss=66.8617 lr=0.0015238
CIFAR10 epoch 749/1000 iteration 50/195 loss=66.8309 lr=0.00152088
CIFAR10 epoch 749/1000 iteration 100/195 loss=66.7292 lr=0.00151797
CIFAR10 epoch 749/1000 iteration 150/195 loss=66.8207 lr=0.00151506
CIFAR10 epoch 749/1000 iteration 195/195 loss=66.8175 lr=0.00151245
CIFAR10 epoch 750/1000 iteration 50/195 loss=65.9124 lr=0.00150954
CIFAR10 epoch 750/1000 iteration 100/195 loss=65.9335 lr=0.00150664
CIFAR10 epoch 750/1000 iteration 150/195 loss=66.1647 lr=0.00150374
CIFAR10 epoch 750/1000 iteration 195/195 loss=66.1289 lr=0.00150113
[epoch 750/1000] saved backbone: /home/mmoslem3/scratch/MKDT/krrst_teacher_ckpt/barlow_twins_resnet18_cifar10.pt
CIFAR10 epoch 751/1000 iteration 50/195 loss=66.3342 lr=0.00149824
CIFAR10 epoch 751/1000 iteration 100/195 loss=66.4352 lr=0.00149534
CIFAR10 epoch 751/1000 iteration 150/195 loss=66.5460 lr=0.00149245
CIFAR10 epoch 751/1000 iteration 195/195 loss=66.7372 lr=0.00148985
CIFAR10 epoch 752/1000 iteration 50/195 loss=67.9610 lr=0.00148697
CIFAR10 epoch 752/1000 iteration 100/195 loss=66.6853 lr=0.00148408
CIFAR10 epoch 752/1000 iteration 150/195 loss=66.3180 lr=0.0014812
CIFAR10 epoch 752/1000 iteration 195/195 loss=66.3658 lr=0.00147861
CIFAR10 epoch 753/1000 iteration 50/195 loss=67.2713 lr=0.00147573
CIFAR10 epoch 753/1000 iteration 100/195 loss=67.2402 lr=0.00147286
CIFAR10 epoch 753/1000 iteration 150/195 loss=67.3556 lr=0.00146999
CIFAR10 epoch 753/1000 iteration 195/195 loss=67.3101 lr=0.0014674
CIFAR10 epoch 754/1000 iteration 50/195 loss=66.7101 lr=0.00146453
CIFAR10 epoch 754/1000 iteration 100/195 loss=66.4613 lr=0.00146167
CIFAR10 epoch 754/1000 iteration 150/195 loss=66.5299 lr=0.0014588
CIFAR10 epoch 754/1000 iteration 195/195 loss=66.2904 lr=0.00145623
CIFAR10 epoch 755/1000 iteration 50/195 loss=65.9485 lr=0.00145337
CIFAR10 epoch 755/1000 iteration 100/195 loss=66.0335 lr=0.00145051
CIFAR10 epoch 755/1000 iteration 150/195 loss=66.2911 lr=0.00144766
CIFAR10 epoch 755/1000 iteration 195/195 loss=66.6349 lr=0.00144509
CIFAR10 epoch 756/1000 iteration 50/195 loss=66.8875 lr=0.00144224
CIFAR10 epoch 756/1000 iteration 100/195 loss=66.5669 lr=0.0014394
CIFAR10 epoch 756/1000 iteration 150/195 loss=66.7572 lr=0.00143655
CIFAR10 epoch 756/1000 iteration 195/195 loss=66.5065 lr=0.00143399
CIFAR10 epoch 757/1000 iteration 50/195 loss=65.6317 lr=0.00143115
CIFAR10 epoch 757/1000 iteration 100/195 loss=66.2850 lr=0.00142831
CIFAR10 epoch 757/1000 iteration 150/195 loss=66.1498 lr=0.00142548
CIFAR10 epoch 757/1000 iteration 195/195 loss=66.1301 lr=0.00142293
CIFAR10 epoch 758/1000 iteration 50/195 loss=66.3103 lr=0.0014201
CIFAR10 epoch 758/1000 iteration 100/195 loss=66.7925 lr=0.00141727
CIFAR10 epoch 758/1000 iteration 150/195 loss=66.5763 lr=0.00141444
CIFAR10 epoch 758/1000 iteration 195/195 loss=66.6013 lr=0.0014119
CIFAR10 epoch 759/1000 iteration 50/195 loss=66.1724 lr=0.00140908
CIFAR10 epoch 759/1000 iteration 100/195 loss=65.7642 lr=0.00140626
CIFAR10 epoch 759/1000 iteration 150/195 loss=65.9814 lr=0.00140344
CIFAR10 epoch 759/1000 iteration 195/195 loss=66.4046 lr=0.0014009
CIFAR10 epoch 760/1000 iteration 50/195 loss=66.8475 lr=0.00139809
CIFAR10 epoch 760/1000 iteration 100/195 loss=66.8257 lr=0.00139528
CIFAR10 epoch 760/1000 iteration 150/195 loss=66.4402 lr=0.00139247
CIFAR10 epoch 760/1000 iteration 195/195 loss=66.3022 lr=0.00138995
[epoch 760/1000] saved backbone: /home/mmoslem3/scratch/MKDT/krrst_teacher_ckpt/barlow_twins_resnet18_cifar10.pt
CIFAR10 epoch 761/1000 iteration 50/195 loss=66.1378 lr=0.00138714
CIFAR10 epoch 761/1000 iteration 100/195 loss=66.4807 lr=0.00138434
CIFAR10 epoch 761/1000 iteration 150/195 loss=66.5966 lr=0.00138155
CIFAR10 epoch 761/1000 iteration 195/195 loss=66.4827 lr=0.00137903
CIFAR10 epoch 762/1000 iteration 50/195 loss=66.6199 lr=0.00137623
CIFAR10 epoch 762/1000 iteration 100/195 loss=66.6934 lr=0.00137344
CIFAR10 epoch 762/1000 iteration 150/195 loss=66.2887 lr=0.00137065
CIFAR10 epoch 762/1000 iteration 195/195 loss=66.3137 lr=0.00136814
CIFAR10 epoch 763/1000 iteration 50/195 loss=67.0750 lr=0.00136536
CIFAR10 epoch 763/1000 iteration 100/195 loss=66.5912 lr=0.00136258
CIFAR10 epoch 763/1000 iteration 150/195 loss=65.8158 lr=0.0013598
CIFAR10 epoch 763/1000 iteration 195/195 loss=66.0657 lr=0.0013573
CIFAR10 epoch 764/1000 iteration 50/195 loss=66.2240 lr=0.00135452
CIFAR10 epoch 764/1000 iteration 100/195 loss=67.1839 lr=0.00135175
CIFAR10 epoch 764/1000 iteration 150/195 loss=66.5301 lr=0.00134898
CIFAR10 epoch 764/1000 iteration 195/195 loss=66.6325 lr=0.00134649
CIFAR10 epoch 765/1000 iteration 50/195 loss=66.7424 lr=0.00134372
CIFAR10 epoch 765/1000 iteration 100/195 loss=66.3746 lr=0.00134096
CIFAR10 epoch 765/1000 iteration 150/195 loss=66.1592 lr=0.0013382
CIFAR10 epoch 765/1000 iteration 195/195 loss=66.0467 lr=0.00133571
CIFAR10 epoch 766/1000 iteration 50/195 loss=65.2783 lr=0.00133296
CIFAR10 epoch 766/1000 iteration 100/195 loss=65.2899 lr=0.0013302
CIFAR10 epoch 766/1000 iteration 150/195 loss=65.4479 lr=0.00132745
CIFAR10 epoch 766/1000 iteration 195/195 loss=65.6544 lr=0.00132498
CIFAR10 epoch 767/1000 iteration 50/195 loss=65.9757 lr=0.00132223
CIFAR10 epoch 767/1000 iteration 100/195 loss=66.2155 lr=0.00131949
CIFAR10 epoch 767/1000 iteration 150/195 loss=66.5031 lr=0.00131674
CIFAR10 epoch 767/1000 iteration 195/195 loss=66.3409 lr=0.00131428
CIFAR10 epoch 768/1000 iteration 50/195 loss=65.6012 lr=0.00131154
CIFAR10 epoch 768/1000 iteration 100/195 loss=65.6815 lr=0.00130881
CIFAR10 epoch 768/1000 iteration 150/195 loss=65.5817 lr=0.00130607
CIFAR10 epoch 768/1000 iteration 195/195 loss=65.8937 lr=0.00130362
CIFAR10 epoch 769/1000 iteration 50/195 loss=66.2441 lr=0.00130089
CIFAR10 epoch 769/1000 iteration 100/195 loss=66.0795 lr=0.00129816
CIFAR10 epoch 769/1000 iteration 150/195 loss=66.0003 lr=0.00129544
CIFAR10 epoch 769/1000 iteration 195/195 loss=65.9892 lr=0.00129299
CIFAR10 epoch 770/1000 iteration 50/195 loss=65.2940 lr=0.00129027
CIFAR10 epoch 770/1000 iteration 100/195 loss=65.9330 lr=0.00128756
CIFAR10 epoch 770/1000 iteration 150/195 loss=66.1452 lr=0.00128484
CIFAR10 epoch 770/1000 iteration 195/195 loss=65.7837 lr=0.0012824
[epoch 770/1000] saved backbone: /home/mmoslem3/scratch/MKDT/krrst_teacher_ckpt/barlow_twins_resnet18_cifar10.pt
CIFAR10 epoch 771/1000 iteration 50/195 loss=66.8566 lr=0.0012797
CIFAR10 epoch 771/1000 iteration 100/195 loss=66.0496 lr=0.00127699
CIFAR10 epoch 771/1000 iteration 150/195 loss=66.0127 lr=0.00127429
CIFAR10 epoch 771/1000 iteration 195/195 loss=66.0664 lr=0.00127185
CIFAR10 epoch 772/1000 iteration 50/195 loss=65.6928 lr=0.00126915
CIFAR10 epoch 772/1000 iteration 100/195 loss=65.9727 lr=0.00126646
CIFAR10 epoch 772/1000 iteration 150/195 loss=65.8908 lr=0.00126376
CIFAR10 epoch 772/1000 iteration 195/195 loss=66.1935 lr=0.00126134
CIFAR10 epoch 773/1000 iteration 50/195 loss=65.5985 lr=0.00125865
CIFAR10 epoch 773/1000 iteration 100/195 loss=66.2760 lr=0.00125597
CIFAR10 epoch 773/1000 iteration 150/195 loss=66.2739 lr=0.00125328
CIFAR10 epoch 773/1000 iteration 195/195 loss=66.2900 lr=0.00125087
CIFAR10 epoch 774/1000 iteration 50/195 loss=64.3164 lr=0.00124819
CIFAR10 epoch 774/1000 iteration 100/195 loss=64.8382 lr=0.00124551
CIFAR10 epoch 774/1000 iteration 150/195 loss=65.3851 lr=0.00124284
CIFAR10 epoch 774/1000 iteration 195/195 loss=65.5714 lr=0.00124043
CIFAR10 epoch 775/1000 iteration 50/195 loss=67.0543 lr=0.00123776
CIFAR10 epoch 775/1000 iteration 100/195 loss=66.0646 lr=0.00123509
CIFAR10 epoch 775/1000 iteration 150/195 loss=65.9861 lr=0.00123243
CIFAR10 epoch 775/1000 iteration 195/195 loss=65.7039 lr=0.00123003
CIFAR10 epoch 776/1000 iteration 50/195 loss=66.6450 lr=0.00122737
CIFAR10 epoch 776/1000 iteration 100/195 loss=66.1437 lr=0.00122471
CIFAR10 epoch 776/1000 iteration 150/195 loss=65.7329 lr=0.00122206
CIFAR10 epoch 776/1000 iteration 195/195 loss=65.7197 lr=0.00121967
CIFAR10 epoch 777/1000 iteration 50/195 loss=66.3240 lr=0.00121702
CIFAR10 epoch 777/1000 iteration 100/195 loss=66.5608 lr=0.00121437
CIFAR10 epoch 777/1000 iteration 150/195 loss=66.0245 lr=0.00121173
CIFAR10 epoch 777/1000 iteration 195/195 loss=66.1668 lr=0.00120935
CIFAR10 epoch 778/1000 iteration 50/195 loss=65.9161 lr=0.00120671
CIFAR10 epoch 778/1000 iteration 100/195 loss=65.7175 lr=0.00120407
CIFAR10 epoch 778/1000 iteration 150/195 loss=65.8206 lr=0.00120143
CIFAR10 epoch 778/1000 iteration 195/195 loss=65.8610 lr=0.00119906
CIFAR10 epoch 779/1000 iteration 50/195 loss=65.1098 lr=0.00119643
CIFAR10 epoch 779/1000 iteration 100/195 loss=65.2663 lr=0.0011938
CIFAR10 epoch 779/1000 iteration 150/195 loss=65.2761 lr=0.00119118
CIFAR10 epoch 779/1000 iteration 195/195 loss=65.3197 lr=0.00118882
CIFAR10 epoch 780/1000 iteration 50/195 loss=65.6296 lr=0.00118619
CIFAR10 epoch 780/1000 iteration 100/195 loss=65.5695 lr=0.00118358
CIFAR10 epoch 780/1000 iteration 150/195 loss=65.2055 lr=0.00118096
CIFAR10 epoch 780/1000 iteration 195/195 loss=65.4332 lr=0.00117861
[epoch 780/1000] saved backbone: /home/mmoslem3/scratch/MKDT/krrst_teacher_ckpt/barlow_twins_resnet18_cifar10.pt
CIFAR10 epoch 781/1000 iteration 50/195 loss=65.2461 lr=0.001176
CIFAR10 epoch 781/1000 iteration 100/195 loss=65.9326 lr=0.00117339
CIFAR10 epoch 781/1000 iteration 150/195 loss=65.7428 lr=0.00117078
CIFAR10 epoch 781/1000 iteration 195/195 loss=65.8991 lr=0.00116844
CIFAR10 epoch 782/1000 iteration 50/195 loss=65.6159 lr=0.00116584
CIFAR10 epoch 782/1000 iteration 100/195 loss=65.1179 lr=0.00116324
CIFAR10 epoch 782/1000 iteration 150/195 loss=65.4073 lr=0.00116064
CIFAR10 epoch 782/1000 iteration 195/195 loss=65.4312 lr=0.00115831
CIFAR10 epoch 783/1000 iteration 50/195 loss=66.0592 lr=0.00115572
CIFAR10 epoch 783/1000 iteration 100/195 loss=66.0653 lr=0.00115313
CIFAR10 epoch 783/1000 iteration 150/195 loss=65.9002 lr=0.00115054
CIFAR10 epoch 783/1000 iteration 195/195 loss=65.9026 lr=0.00114822
CIFAR10 epoch 784/1000 iteration 50/195 loss=65.0999 lr=0.00114563
CIFAR10 epoch 784/1000 iteration 100/195 loss=65.3597 lr=0.00114306
CIFAR10 epoch 784/1000 iteration 150/195 loss=65.4748 lr=0.00114048
CIFAR10 epoch 784/1000 iteration 195/195 loss=65.5319 lr=0.00113816
CIFAR10 epoch 785/1000 iteration 50/195 loss=64.8311 lr=0.00113559
CIFAR10 epoch 785/1000 iteration 100/195 loss=65.0327 lr=0.00113302
CIFAR10 epoch 785/1000 iteration 150/195 loss=65.4281 lr=0.00113046
CIFAR10 epoch 785/1000 iteration 195/195 loss=65.5193 lr=0.00112815
CIFAR10 epoch 786/1000 iteration 50/195 loss=64.6320 lr=0.00112559
CIFAR10 epoch 786/1000 iteration 100/195 loss=64.8162 lr=0.00112303
CIFAR10 epoch 786/1000 iteration 150/195 loss=65.2190 lr=0.00112047
CIFAR10 epoch 786/1000 iteration 195/195 loss=65.4709 lr=0.00111817
CIFAR10 epoch 787/1000 iteration 50/195 loss=66.1976 lr=0.00111562
CIFAR10 epoch 787/1000 iteration 100/195 loss=65.7120 lr=0.00111307
CIFAR10 epoch 787/1000 iteration 150/195 loss=65.7509 lr=0.00111053
CIFAR10 epoch 787/1000 iteration 195/195 loss=65.6945 lr=0.00110824
CIFAR10 epoch 788/1000 iteration 50/195 loss=65.9015 lr=0.0011057
CIFAR10 epoch 788/1000 iteration 100/195 loss=65.9474 lr=0.00110316
CIFAR10 epoch 788/1000 iteration 150/195 loss=65.9293 lr=0.00110062
CIFAR10 epoch 788/1000 iteration 195/195 loss=65.7971 lr=0.00109834
CIFAR10 epoch 789/1000 iteration 50/195 loss=65.3702 lr=0.00109581
CIFAR10 epoch 789/1000 iteration 100/195 loss=65.6797 lr=0.00109328
CIFAR10 epoch 789/1000 iteration 150/195 loss=65.5589 lr=0.00109075
CIFAR10 epoch 789/1000 iteration 195/195 loss=65.8556 lr=0.00108848
CIFAR10 epoch 790/1000 iteration 50/195 loss=65.4344 lr=0.00108596
CIFAR10 epoch 790/1000 iteration 100/195 loss=64.9785 lr=0.00108344
CIFAR10 epoch 790/1000 iteration 150/195 loss=65.1257 lr=0.00108093
CIFAR10 epoch 790/1000 iteration 195/195 loss=65.2858 lr=0.00107866
[epoch 790/1000] saved backbone: /home/mmoslem3/scratch/MKDT/krrst_teacher_ckpt/barlow_twins_resnet18_cifar10.pt
CIFAR10 epoch 791/1000 iteration 50/195 loss=65.8745 lr=0.00107615
CIFAR10 epoch 791/1000 iteration 100/195 loss=65.2588 lr=0.00107365
CIFAR10 epoch 791/1000 iteration 150/195 loss=65.1055 lr=0.00107114
CIFAR10 epoch 791/1000 iteration 195/195 loss=65.1249 lr=0.00106889
CIFAR10 epoch 792/1000 iteration 50/195 loss=65.4629 lr=0.00106639
CIFAR10 epoch 792/1000 iteration 100/195 loss=65.6251 lr=0.00106389
CIFAR10 epoch 792/1000 iteration 150/195 loss=65.3621 lr=0.00106139
CIFAR10 epoch 792/1000 iteration 195/195 loss=65.2860 lr=0.00105915
CIFAR10 epoch 793/1000 iteration 50/195 loss=64.0721 lr=0.00105666
CIFAR10 epoch 793/1000 iteration 100/195 loss=65.7662 lr=0.00105417
CIFAR10 epoch 793/1000 iteration 150/195 loss=65.4917 lr=0.00105168
CIFAR10 epoch 793/1000 iteration 195/195 loss=65.6119 lr=0.00104945
CIFAR10 epoch 794/1000 iteration 50/195 loss=65.4601 lr=0.00104697
CIFAR10 epoch 794/1000 iteration 100/195 loss=64.8572 lr=0.00104449
CIFAR10 epoch 794/1000 iteration 150/195 loss=65.0245 lr=0.00104201
CIFAR10 epoch 794/1000 iteration 195/195 loss=65.0029 lr=0.00103979
CIFAR10 epoch 795/1000 iteration 50/195 loss=65.6775 lr=0.00103732
CIFAR10 epoch 795/1000 iteration 100/195 loss=65.1768 lr=0.00103485
CIFAR10 epoch 795/1000 iteration 150/195 loss=65.2417 lr=0.00103239
CIFAR10 epoch 795/1000 iteration 195/195 loss=65.2671 lr=0.00103017
CIFAR10 epoch 796/1000 iteration 50/195 loss=65.9044 lr=0.00102771
CIFAR10 epoch 796/1000 iteration 100/195 loss=65.7771 lr=0.00102525
CIFAR10 epoch 796/1000 iteration 150/195 loss=66.0236 lr=0.0010228
CIFAR10 epoch 796/1000 iteration 195/195 loss=65.4765 lr=0.00102059
CIFAR10 epoch 797/1000 iteration 50/195 loss=65.7118 lr=0.00101814
CIFAR10 epoch 797/1000 iteration 100/195 loss=65.0625 lr=0.00101569
CIFAR10 epoch 797/1000 iteration 150/195 loss=65.0556 lr=0.00101325
CIFAR10 epoch 797/1000 iteration 195/195 loss=65.2373 lr=0.00101105
CIFAR10 epoch 798/1000 iteration 50/195 loss=65.9003 lr=0.00100861
CIFAR10 epoch 798/1000 iteration 100/195 loss=65.7832 lr=0.00100617
CIFAR10 epoch 798/1000 iteration 150/195 loss=65.7989 lr=0.00100374
CIFAR10 epoch 798/1000 iteration 195/195 loss=65.4775 lr=0.00100155
CIFAR10 epoch 799/1000 iteration 50/195 loss=65.0760 lr=0.000999123
CIFAR10 epoch 799/1000 iteration 100/195 loss=65.2447 lr=0.000996696
CIFAR10 epoch 799/1000 iteration 150/195 loss=65.1911 lr=0.000994273
CIFAR10 epoch 799/1000 iteration 195/195 loss=65.3027 lr=0.000992093
CIFAR10 epoch 800/1000 iteration 50/195 loss=64.7238 lr=0.000989675
CIFAR10 epoch 800/1000 iteration 100/195 loss=65.4035 lr=0.000987258
CIFAR10 epoch 800/1000 iteration 150/195 loss=65.2154 lr=0.000984845
CIFAR10 epoch 800/1000 iteration 195/195 loss=65.1923 lr=0.000982675
[epoch 800/1000] saved backbone: /home/mmoslem3/scratch/MKDT/krrst_teacher_ckpt/barlow_twins_resnet18_cifar10.pt
CIFAR10 epoch 801/1000 iteration 50/195 loss=65.8430 lr=0.000980267
CIFAR10 epoch 801/1000 iteration 100/195 loss=65.7840 lr=0.000977861
CIFAR10 epoch 801/1000 iteration 150/195 loss=65.6887 lr=0.000975458
CIFAR10 epoch 801/1000 iteration 195/195 loss=65.3730 lr=0.000973297
CIFAR10 epoch 802/1000 iteration 50/195 loss=64.2917 lr=0.000970899
CIFAR10 epoch 802/1000 iteration 100/195 loss=65.3975 lr=0.000968504
CIFAR10 epoch 802/1000 iteration 150/195 loss=65.3351 lr=0.000966111
CIFAR10 epoch 802/1000 iteration 195/195 loss=65.6237 lr=0.00096396
CIFAR10 epoch 803/1000 iteration 50/195 loss=64.2783 lr=0.000961573
CIFAR10 epoch 803/1000 iteration 100/195 loss=65.0890 lr=0.000959188
CIFAR10 epoch 803/1000 iteration 150/195 loss=65.7499 lr=0.000956805
CIFAR10 epoch 803/1000 iteration 195/195 loss=65.5678 lr=0.000954664
CIFAR10 epoch 804/1000 iteration 50/195 loss=64.7985 lr=0.000952286
CIFAR10 epoch 804/1000 iteration 100/195 loss=65.5503 lr=0.000949912
CIFAR10 epoch 804/1000 iteration 150/195 loss=65.5015 lr=0.00094754
CIFAR10 epoch 804/1000 iteration 195/195 loss=65.5033 lr=0.000945408
CIFAR10 epoch 805/1000 iteration 50/195 loss=64.9946 lr=0.000943041
CIFAR10 epoch 805/1000 iteration 100/195 loss=64.9144 lr=0.000940677
CIFAR10 epoch 805/1000 iteration 150/195 loss=64.9144 lr=0.000938316
CIFAR10 epoch 805/1000 iteration 195/195 loss=65.1000 lr=0.000936193
CIFAR10 epoch 806/1000 iteration 50/195 loss=65.4405 lr=0.000933837
CIFAR10 epoch 806/1000 iteration 100/195 loss=65.2286 lr=0.000931483
CIFAR10 epoch 806/1000 iteration 150/195 loss=65.3069 lr=0.000929133
CIFAR10 epoch 806/1000 iteration 195/195 loss=65.2858 lr=0.000927019
CIFAR10 epoch 807/1000 iteration 50/195 loss=65.0385 lr=0.000924674
CIFAR10 epoch 807/1000 iteration 100/195 loss=65.1113 lr=0.000922331
CIFAR10 epoch 807/1000 iteration 150/195 loss=65.0736 lr=0.00091999
CIFAR10 epoch 807/1000 iteration 195/195 loss=65.0290 lr=0.000917886
CIFAR10 epoch 808/1000 iteration 50/195 loss=65.2220 lr=0.000915551
CIFAR10 epoch 808/1000 iteration 100/195 loss=65.3262 lr=0.000913219
CIFAR10 epoch 808/1000 iteration 150/195 loss=65.1450 lr=0.000910889
CIFAR10 epoch 808/1000 iteration 195/195 loss=65.2141 lr=0.000908795
CIFAR10 epoch 809/1000 iteration 50/195 loss=65.7469 lr=0.00090647
CIFAR10 epoch 809/1000 iteration 100/195 loss=65.6855 lr=0.000904149
CIFAR10 epoch 809/1000 iteration 150/195 loss=65.4840 lr=0.000901829
CIFAR10 epoch 809/1000 iteration 195/195 loss=65.3197 lr=0.000899745
CIFAR10 epoch 810/1000 iteration 50/195 loss=66.1266 lr=0.000897431
CIFAR10 epoch 810/1000 iteration 100/195 loss=65.8614 lr=0.000895119
CIFAR10 epoch 810/1000 iteration 150/195 loss=65.6413 lr=0.000892811
CIFAR10 epoch 810/1000 iteration 195/195 loss=65.4196 lr=0.000890735
[epoch 810/1000] saved backbone: /home/mmoslem3/scratch/MKDT/krrst_teacher_ckpt/barlow_twins_resnet18_cifar10.pt
CIFAR10 epoch 811/1000 iteration 50/195 loss=65.1745 lr=0.000888432
CIFAR10 epoch 811/1000 iteration 100/195 loss=65.0273 lr=0.000886132
CIFAR10 epoch 811/1000 iteration 150/195 loss=64.9618 lr=0.000883834
CIFAR10 epoch 811/1000 iteration 195/195 loss=65.2259 lr=0.000881768
CIFAR10 epoch 812/1000 iteration 50/195 loss=64.4936 lr=0.000879475
CIFAR10 epoch 812/1000 iteration 100/195 loss=65.0863 lr=0.000877185
CIFAR10 epoch 812/1000 iteration 150/195 loss=65.0781 lr=0.000874898
CIFAR10 epoch 812/1000 iteration 195/195 loss=65.0742 lr=0.000872842
CIFAR10 epoch 813/1000 iteration 50/195 loss=64.1261 lr=0.00087056
CIFAR10 epoch 813/1000 iteration 100/195 loss=65.0884 lr=0.00086828
CIFAR10 epoch 813/1000 iteration 150/195 loss=65.3242 lr=0.000866004
CIFAR10 epoch 813/1000 iteration 195/195 loss=65.1382 lr=0.000863957
CIFAR10 epoch 814/1000 iteration 50/195 loss=65.7841 lr=0.000861686
CIFAR10 epoch 814/1000 iteration 100/195 loss=64.7934 lr=0.000859417
CIFAR10 epoch 814/1000 iteration 150/195 loss=64.6173 lr=0.000857151
CIFAR10 epoch 814/1000 iteration 195/195 loss=64.6710 lr=0.000855115
CIFAR10 epoch 815/1000 iteration 50/195 loss=64.1931 lr=0.000852854
CIFAR10 epoch 815/1000 iteration 100/195 loss=64.6478 lr=0.000850596
CIFAR10 epoch 815/1000 iteration 150/195 loss=65.2637 lr=0.000848341
CIFAR10 epoch 815/1000 iteration 195/195 loss=65.3634 lr=0.000846314
CIFAR10 epoch 816/1000 iteration 50/195 loss=65.0487 lr=0.000844064
CIFAR10 epoch 816/1000 iteration 100/195 loss=65.3887 lr=0.000841816
CIFAR10 epoch 816/1000 iteration 150/195 loss=65.5821 lr=0.000839572
CIFAR10 epoch 816/1000 iteration 195/195 loss=65.6200 lr=0.000837554
CIFAR10 epoch 817/1000 iteration 50/195 loss=64.7295 lr=0.000835315
CIFAR10 epoch 817/1000 iteration 100/195 loss=64.8820 lr=0.000833079
CIFAR10 epoch 817/1000 iteration 150/195 loss=64.9992 lr=0.000830845
CIFAR10 epoch 817/1000 iteration 195/195 loss=65.0016 lr=0.000828837
CIFAR10 epoch 818/1000 iteration 50/195 loss=65.1640 lr=0.000826609
CIFAR10 epoch 818/1000 iteration 100/195 loss=64.8436 lr=0.000824383
CIFAR10 epoch 818/1000 iteration 150/195 loss=65.1395 lr=0.00082216
CIFAR10 epoch 818/1000 iteration 195/195 loss=65.1595 lr=0.000820162
CIFAR10 epoch 819/1000 iteration 50/195 loss=65.2925 lr=0.000817945
CIFAR10 epoch 819/1000 iteration 100/195 loss=64.9542 lr=0.00081573
CIFAR10 epoch 819/1000 iteration 150/195 loss=65.0192 lr=0.000813518
CIFAR10 epoch 819/1000 iteration 195/195 loss=64.9858 lr=0.000811529
CIFAR10 epoch 820/1000 iteration 50/195 loss=64.5265 lr=0.000809323
CIFAR10 epoch 820/1000 iteration 100/195 loss=65.3779 lr=0.000807119
CIFAR10 epoch 820/1000 iteration 150/195 loss=64.8891 lr=0.000804917
CIFAR10 epoch 820/1000 iteration 195/195 loss=64.8583 lr=0.000802939
[epoch 820/1000] saved backbone: /home/mmoslem3/scratch/MKDT/krrst_teacher_ckpt/barlow_twins_resnet18_cifar10.pt
CIFAR10 epoch 821/1000 iteration 50/195 loss=65.3187 lr=0.000800743
CIFAR10 epoch 821/1000 iteration 100/195 loss=64.8492 lr=0.00079855
CIFAR10 epoch 821/1000 iteration 150/195 loss=64.7188 lr=0.000796359
CIFAR10 epoch 821/1000 iteration 195/195 loss=64.6837 lr=0.00079439
CIFAR10 epoch 822/1000 iteration 50/195 loss=65.5337 lr=0.000792205
CIFAR10 epoch 822/1000 iteration 100/195 loss=65.0792 lr=0.000790023
CIFAR10 epoch 822/1000 iteration 150/195 loss=64.7590 lr=0.000787843
CIFAR10 epoch 822/1000 iteration 195/195 loss=64.7078 lr=0.000785884
CIFAR10 epoch 823/1000 iteration 50/195 loss=64.8650 lr=0.00078371
CIFAR10 epoch 823/1000 iteration 100/195 loss=64.9207 lr=0.000781539
CIFAR10 epoch 823/1000 iteration 150/195 loss=65.1793 lr=0.00077937
CIFAR10 epoch 823/1000 iteration 195/195 loss=65.5664 lr=0.000777421
CIFAR10 epoch 824/1000 iteration 50/195 loss=65.1236 lr=0.000775257
CIFAR10 epoch 824/1000 iteration 100/195 loss=64.7347 lr=0.000773097
CIFAR10 epoch 824/1000 iteration 150/195 loss=64.6952 lr=0.000770939
CIFAR10 epoch 824/1000 iteration 195/195 loss=65.1077 lr=0.000769
CIFAR10 epoch 825/1000 iteration 50/195 loss=64.5908 lr=0.000766847
CIFAR10 epoch 825/1000 iteration 100/195 loss=64.7461 lr=0.000764698
CIFAR10 epoch 825/1000 iteration 150/195 loss=65.0378 lr=0.000762551
CIFAR10 epoch 825/1000 iteration 195/195 loss=65.0572 lr=0.000760621
CIFAR10 epoch 826/1000 iteration 50/195 loss=65.7129 lr=0.00075848
CIFAR10 epoch 826/1000 iteration 100/195 loss=64.6061 lr=0.000756341
CIFAR10 epoch 826/1000 iteration 150/195 loss=64.8946 lr=0.000754206
CIFAR10 epoch 826/1000 iteration 195/195 loss=65.0162 lr=0.000752286
CIFAR10 epoch 827/1000 iteration 50/195 loss=64.2680 lr=0.000750156
CIFAR10 epoch 827/1000 iteration 100/195 loss=64.0712 lr=0.000748028
CIFAR10 epoch 827/1000 iteration 150/195 loss=64.4308 lr=0.000745903
CIFAR10 epoch 827/1000 iteration 195/195 loss=64.5231 lr=0.000743993
CIFAR10 epoch 828/1000 iteration 50/195 loss=64.7061 lr=0.000741874
CIFAR10 epoch 828/1000 iteration 100/195 loss=64.4999 lr=0.000739757
CIFAR10 epoch 828/1000 iteration 150/195 loss=64.5067 lr=0.000737643
CIFAR10 epoch 828/1000 iteration 195/195 loss=64.5667 lr=0.000735743
CIFAR10 epoch 829/1000 iteration 50/195 loss=64.2338 lr=0.000733635
CIFAR10 epoch 829/1000 iteration 100/195 loss=64.7626 lr=0.000731529
CIFAR10 epoch 829/1000 iteration 150/195 loss=64.9454 lr=0.000729427
CIFAR10 epoch 829/1000 iteration 195/195 loss=64.7690 lr=0.000727537
CIFAR10 epoch 830/1000 iteration 50/195 loss=63.9640 lr=0.000725439
CIFAR10 epoch 830/1000 iteration 100/195 loss=64.8494 lr=0.000723345
CIFAR10 epoch 830/1000 iteration 150/195 loss=64.8821 lr=0.000721253
CIFAR10 epoch 830/1000 iteration 195/195 loss=64.5446 lr=0.000719373
[epoch 830/1000] saved backbone: /home/mmoslem3/scratch/MKDT/krrst_teacher_ckpt/barlow_twins_resnet18_cifar10.pt
CIFAR10 epoch 831/1000 iteration 50/195 loss=63.6479 lr=0.000717287
CIFAR10 epoch 831/1000 iteration 100/195 loss=64.1571 lr=0.000715203
CIFAR10 epoch 831/1000 iteration 150/195 loss=64.0700 lr=0.000713122
CIFAR10 epoch 831/1000 iteration 195/195 loss=64.0337 lr=0.000711252
CIFAR10 epoch 832/1000 iteration 50/195 loss=64.8647 lr=0.000709177
CIFAR10 epoch 832/1000 iteration 100/195 loss=64.6854 lr=0.000707105
CIFAR10 epoch 832/1000 iteration 150/195 loss=64.7906 lr=0.000705035
CIFAR10 epoch 832/1000 iteration 195/195 loss=64.7377 lr=0.000703175
CIFAR10 epoch 833/1000 iteration 50/195 loss=64.8598 lr=0.000701111
CIFAR10 epoch 833/1000 iteration 100/195 loss=65.1955 lr=0.000699049
CIFAR10 epoch 833/1000 iteration 150/195 loss=64.8564 lr=0.000696991
CIFAR10 epoch 833/1000 iteration 195/195 loss=64.8853 lr=0.000695141
CIFAR10 epoch 834/1000 iteration 50/195 loss=64.5474 lr=0.000693088
CIFAR10 epoch 834/1000 iteration 100/195 loss=64.5854 lr=0.000691038
CIFAR10 epoch 834/1000 iteration 150/195 loss=64.6835 lr=0.00068899
CIFAR10 epoch 834/1000 iteration 195/195 loss=64.7429 lr=0.00068715
CIFAR10 epoch 835/1000 iteration 50/195 loss=64.8421 lr=0.000685108
CIFAR10 epoch 835/1000 iteration 100/195 loss=64.5334 lr=0.000683069
CIFAR10 epoch 835/1000 iteration 150/195 loss=64.5791 lr=0.000681033
CIFAR10 epoch 835/1000 iteration 195/195 loss=64.3860 lr=0.000679203
CIFAR10 epoch 836/1000 iteration 50/195 loss=65.0374 lr=0.000677172
CIFAR10 epoch 836/1000 iteration 100/195 loss=64.8308 lr=0.000675145
CIFAR10 epoch 836/1000 iteration 150/195 loss=64.7531 lr=0.00067312
CIFAR10 epoch 836/1000 iteration 195/195 loss=64.8605 lr=0.0006713
CIFAR10 epoch 837/1000 iteration 50/195 loss=65.2049 lr=0.00066928
CIFAR10 epoch 837/1000 iteration 100/195 loss=64.8220 lr=0.000667263
CIFAR10 epoch 837/1000 iteration 150/195 loss=64.7991 lr=0.00066525
CIFAR10 epoch 837/1000 iteration 195/195 loss=65.0916 lr=0.00066344
CIFAR10 epoch 838/1000 iteration 50/195 loss=64.9199 lr=0.000661431
CIFAR10 epoch 838/1000 iteration 100/195 loss=64.4747 lr=0.000659426
CIFAR10 epoch 838/1000 iteration 150/195 loss=64.4476 lr=0.000657423
CIFAR10 epoch 838/1000 iteration 195/195 loss=64.4061 lr=0.000655623
CIFAR10 epoch 839/1000 iteration 50/195 loss=64.4837 lr=0.000653626
CIFAR10 epoch 839/1000 iteration 100/195 loss=64.0933 lr=0.000651632
CIFAR10 epoch 839/1000 iteration 150/195 loss=64.3745 lr=0.000649641
CIFAR10 epoch 839/1000 iteration 195/195 loss=64.3903 lr=0.000647851
CIFAR10 epoch 840/1000 iteration 50/195 loss=64.2863 lr=0.000645865
CIFAR10 epoch 840/1000 iteration 100/195 loss=64.0091 lr=0.000643882
CIFAR10 epoch 840/1000 iteration 150/195 loss=63.8826 lr=0.000641902
CIFAR10 epoch 840/1000 iteration 195/195 loss=64.1718 lr=0.000640122
[epoch 840/1000] saved backbone: /home/mmoslem3/scratch/MKDT/krrst_teacher_ckpt/barlow_twins_resnet18_cifar10.pt
CIFAR10 epoch 841/1000 iteration 50/195 loss=64.9586 lr=0.000638148
CIFAR10 epoch 841/1000 iteration 100/195 loss=64.7498 lr=0.000636176
CIFAR10 epoch 841/1000 iteration 150/195 loss=64.9204 lr=0.000634207
CIFAR10 epoch 841/1000 iteration 195/195 loss=64.7803 lr=0.000632438
CIFAR10 epoch 842/1000 iteration 50/195 loss=64.5898 lr=0.000630474
CIFAR10 epoch 842/1000 iteration 100/195 loss=64.8039 lr=0.000628514
CIFAR10 epoch 842/1000 iteration 150/195 loss=64.4664 lr=0.000626556
CIFAR10 epoch 842/1000 iteration 195/195 loss=64.5917 lr=0.000624797
CIFAR10 epoch 843/1000 iteration 50/195 loss=64.9894 lr=0.000622845
CIFAR10 epoch 843/1000 iteration 100/195 loss=64.3195 lr=0.000620896
CIFAR10 epoch 843/1000 iteration 150/195 loss=64.5665 lr=0.00061895
CIFAR10 epoch 843/1000 iteration 195/195 loss=64.5436 lr=0.000617201
CIFAR10 epoch 844/1000 iteration 50/195 loss=64.1787 lr=0.00061526
CIFAR10 epoch 844/1000 iteration 100/195 loss=64.1221 lr=0.000613322
CIFAR10 epoch 844/1000 iteration 150/195 loss=64.3477 lr=0.000611387
CIFAR10 epoch 844/1000 iteration 195/195 loss=64.2764 lr=0.000609648
CIFAR10 epoch 845/1000 iteration 50/195 loss=63.8074 lr=0.000607719
CIFAR10 epoch 845/1000 iteration 100/195 loss=63.9626 lr=0.000605793
CIFAR10 epoch 845/1000 iteration 150/195 loss=63.9524 lr=0.000603869
CIFAR10 epoch 845/1000 iteration 195/195 loss=63.7260 lr=0.00060214
CIFAR10 epoch 846/1000 iteration 50/195 loss=64.3140 lr=0.000600222
CIFAR10 epoch 846/1000 iteration 100/195 loss=64.5847 lr=0.000598307
CIFAR10 epoch 846/1000 iteration 150/195 loss=64.7738 lr=0.000596395
CIFAR10 epoch 846/1000 iteration 195/195 loss=64.4838 lr=0.000594677
CIFAR10 epoch 847/1000 iteration 50/195 loss=63.5780 lr=0.00059277
CIFAR10 epoch 847/1000 iteration 100/195 loss=64.0462 lr=0.000590866
CIFAR10 epoch 847/1000 iteration 150/195 loss=63.9997 lr=0.000588966
CIFAR10 epoch 847/1000 iteration 195/195 loss=64.0219 lr=0.000587258
CIFAR10 epoch 848/1000 iteration 50/195 loss=65.2668 lr=0.000585362
CIFAR10 epoch 848/1000 iteration 100/195 loss=64.5412 lr=0.00058347
CIFAR10 epoch 848/1000 iteration 150/195 loss=64.2876 lr=0.000581581
CIFAR10 epoch 848/1000 iteration 195/195 loss=64.2191 lr=0.000579883
CIFAR10 epoch 849/1000 iteration 50/195 loss=63.2345 lr=0.000577999
CIFAR10 epoch 849/1000 iteration 100/195 loss=64.1072 lr=0.000576118
CIFAR10 epoch 849/1000 iteration 150/195 loss=64.3349 lr=0.00057424
CIFAR10 epoch 849/1000 iteration 195/195 loss=64.4643 lr=0.000572553
CIFAR10 epoch 850/1000 iteration 50/195 loss=64.1064 lr=0.00057068
CIFAR10 epoch 850/1000 iteration 100/195 loss=64.2547 lr=0.000568811
CIFAR10 epoch 850/1000 iteration 150/195 loss=63.9280 lr=0.000566944
CIFAR10 epoch 850/1000 iteration 195/195 loss=63.9853 lr=0.000565267
[epoch 850/1000] saved backbone: /home/mmoslem3/scratch/MKDT/krrst_teacher_ckpt/barlow_twins_resnet18_cifar10.pt
CIFAR10 epoch 851/1000 iteration 50/195 loss=64.3694 lr=0.000563406
CIFAR10 epoch 851/1000 iteration 100/195 loss=63.9961 lr=0.000561548
CIFAR10 epoch 851/1000 iteration 150/195 loss=63.8241 lr=0.000559693
CIFAR10 epoch 851/1000 iteration 195/195 loss=64.0027 lr=0.000558026
CIFAR10 epoch 852/1000 iteration 50/195 loss=65.0654 lr=0.000556177
CIFAR10 epoch 852/1000 iteration 100/195 loss=64.6424 lr=0.00055433
CIFAR10 epoch 852/1000 iteration 150/195 loss=64.6979 lr=0.000552487
CIFAR10 epoch 852/1000 iteration 195/195 loss=64.7368 lr=0.00055083
CIFAR10 epoch 853/1000 iteration 50/195 loss=64.0444 lr=0.000548992
CIFAR10 epoch 853/1000 iteration 100/195 loss=64.2253 lr=0.000547157
CIFAR10 epoch 853/1000 iteration 150/195 loss=64.1046 lr=0.000545325
CIFAR10 epoch 853/1000 iteration 195/195 loss=63.9730 lr=0.000543679
CIFAR10 epoch 854/1000 iteration 50/195 loss=64.0032 lr=0.000541852
CIFAR10 epoch 854/1000 iteration 100/195 loss=64.4065 lr=0.000540029
CIFAR10 epoch 854/1000 iteration 150/195 loss=64.6757 lr=0.000538208
CIFAR10 epoch 854/1000 iteration 195/195 loss=64.5958 lr=0.000536572
CIFAR10 epoch 855/1000 iteration 50/195 loss=63.8803 lr=0.000534758
CIFAR10 epoch 855/1000 iteration 100/195 loss=64.1156 lr=0.000532946
CIFAR10 epoch 855/1000 iteration 150/195 loss=64.0996 lr=0.000531137
CIFAR10 epoch 855/1000 iteration 195/195 loss=64.2335 lr=0.000529511
CIFAR10 epoch 856/1000 iteration 50/195 loss=65.2800 lr=0.000527708
CIFAR10 epoch 856/1000 iteration 100/195 loss=65.0306 lr=0.000525907
CIFAR10 epoch 856/1000 iteration 150/195 loss=64.8157 lr=0.00052411
CIFAR10 epoch 856/1000 iteration 195/195 loss=64.9549 lr=0.000522495
CIFAR10 epoch 857/1000 iteration 50/195 loss=64.4608 lr=0.000520703
CIFAR10 epoch 857/1000 iteration 100/195 loss=64.0822 lr=0.000518914
CIFAR10 epoch 857/1000 iteration 150/195 loss=63.5999 lr=0.000517128
CIFAR10 epoch 857/1000 iteration 195/195 loss=63.9502 lr=0.000515524
CIFAR10 epoch 858/1000 iteration 50/195 loss=63.6166 lr=0.000513744
CIFAR10 epoch 858/1000 iteration 100/195 loss=64.2281 lr=0.000511966
CIFAR10 epoch 858/1000 iteration 150/195 loss=64.3197 lr=0.000510192
CIFAR10 epoch 858/1000 iteration 195/195 loss=64.4195 lr=0.000508598
CIFAR10 epoch 859/1000 iteration 50/195 loss=64.7345 lr=0.000506829
CIFAR10 epoch 859/1000 iteration 100/195 loss=64.4344 lr=0.000505064
CIFAR10 epoch 859/1000 iteration 150/195 loss=64.5073 lr=0.000503301
CIFAR10 epoch 859/1000 iteration 195/195 loss=64.2776 lr=0.000501717
CIFAR10 epoch 860/1000 iteration 50/195 loss=64.4268 lr=0.00049996
CIFAR10 epoch 860/1000 iteration 100/195 loss=64.6742 lr=0.000498206
CIFAR10 epoch 860/1000 iteration 150/195 loss=64.2288 lr=0.000496455
CIFAR10 epoch 860/1000 iteration 195/195 loss=64.5637 lr=0.000494882
[epoch 860/1000] saved backbone: /home/mmoslem3/scratch/MKDT/krrst_teacher_ckpt/barlow_twins_resnet18_cifar10.pt
CIFAR10 epoch 861/1000 iteration 50/195 loss=64.9423 lr=0.000493137
CIFAR10 epoch 861/1000 iteration 100/195 loss=64.5640 lr=0.000491394
CIFAR10 epoch 861/1000 iteration 150/195 loss=64.3643 lr=0.000489655
CIFAR10 epoch 861/1000 iteration 195/195 loss=64.2359 lr=0.000488092
CIFAR10 epoch 862/1000 iteration 50/195 loss=63.7706 lr=0.000486358
CIFAR10 epoch 862/1000 iteration 100/195 loss=64.1360 lr=0.000484628
CIFAR10 epoch 862/1000 iteration 150/195 loss=64.2281 lr=0.0004829
CIFAR10 epoch 862/1000 iteration 195/195 loss=64.2379 lr=0.000481348
CIFAR10 epoch 863/1000 iteration 50/195 loss=65.5035 lr=0.000479626
CIFAR10 epoch 863/1000 iteration 100/195 loss=64.9435 lr=0.000477907
CIFAR10 epoch 863/1000 iteration 150/195 loss=64.7297 lr=0.000476191
CIFAR10 epoch 863/1000 iteration 195/195 loss=64.4133 lr=0.000474649
CIFAR10 epoch 864/1000 iteration 50/195 loss=64.3014 lr=0.000472939
CIFAR10 epoch 864/1000 iteration 100/195 loss=64.2618 lr=0.000471231
CIFAR10 epoch 864/1000 iteration 150/195 loss=63.9611 lr=0.000469527
CIFAR10 epoch 864/1000 iteration 195/195 loss=63.9766 lr=0.000467996
CIFAR10 epoch 865/1000 iteration 50/195 loss=63.7668 lr=0.000466297
CIFAR10 epoch 865/1000 iteration 100/195 loss=63.7701 lr=0.000464602
CIFAR10 epoch 865/1000 iteration 150/195 loss=63.9432 lr=0.000462909
CIFAR10 epoch 865/1000 iteration 195/195 loss=63.9157 lr=0.000461388
CIFAR10 epoch 866/1000 iteration 50/195 loss=64.0410 lr=0.000459701
CIFAR10 epoch 866/1000 iteration 100/195 loss=64.2802 lr=0.000458017
CIFAR10 epoch 866/1000 iteration 150/195 loss=64.2928 lr=0.000456337
CIFAR10 epoch 866/1000 iteration 195/195 loss=64.3255 lr=0.000454826
CIFAR10 epoch 867/1000 iteration 50/195 loss=63.6311 lr=0.000453151
CIFAR10 epoch 867/1000 iteration 100/195 loss=64.2394 lr=0.000451479
CIFAR10 epoch 867/1000 iteration 150/195 loss=64.1589 lr=0.00044981
CIFAR10 epoch 867/1000 iteration 195/195 loss=64.3368 lr=0.00044831
CIFAR10 epoch 868/1000 iteration 50/195 loss=64.5087 lr=0.000446647
CIFAR10 epoch 868/1000 iteration 100/195 loss=64.4164 lr=0.000444987
CIFAR10 epoch 868/1000 iteration 150/195 loss=64.4158 lr=0.000443329
CIFAR10 epoch 868/1000 iteration 195/195 loss=64.1066 lr=0.00044184
CIFAR10 epoch 869/1000 iteration 50/195 loss=64.7842 lr=0.000440189
CIFAR10 epoch 869/1000 iteration 100/195 loss=64.3663 lr=0.00043854
CIFAR10 epoch 869/1000 iteration 150/195 loss=64.3594 lr=0.000436895
CIFAR10 epoch 869/1000 iteration 195/195 loss=64.0971 lr=0.000435416
CIFAR10 epoch 870/1000 iteration 50/195 loss=63.5648 lr=0.000433777
CIFAR10 epoch 870/1000 iteration 100/195 loss=64.3051 lr=0.00043214
CIFAR10 epoch 870/1000 iteration 150/195 loss=64.1334 lr=0.000430506
CIFAR10 epoch 870/1000 iteration 195/195 loss=64.3172 lr=0.000429038
[epoch 870/1000] saved backbone: /home/mmoslem3/scratch/MKDT/krrst_teacher_ckpt/barlow_twins_resnet18_cifar10.pt
CIFAR10 epoch 871/1000 iteration 50/195 loss=64.5413 lr=0.00042741
CIFAR10 epoch 871/1000 iteration 100/195 loss=64.0617 lr=0.000425785
CIFAR10 epoch 871/1000 iteration 150/195 loss=64.1895 lr=0.000424163
CIFAR10 epoch 871/1000 iteration 195/195 loss=64.0248 lr=0.000422706
CIFAR10 epoch 872/1000 iteration 50/195 loss=62.6383 lr=0.00042109
CIFAR10 epoch 872/1000 iteration 100/195 loss=63.0149 lr=0.000419477
CIFAR10 epoch 872/1000 iteration 150/195 loss=63.4379 lr=0.000417867
CIFAR10 epoch 872/1000 iteration 195/195 loss=63.4689 lr=0.00041642
CIFAR10 epoch 873/1000 iteration 50/195 loss=63.5737 lr=0.000414816
CIFAR10 epoch 873/1000 iteration 100/195 loss=64.1426 lr=0.000413215
CIFAR10 epoch 873/1000 iteration 150/195 loss=64.3098 lr=0.000411617
CIFAR10 epoch 873/1000 iteration 195/195 loss=64.0778 lr=0.000410181
CIFAR10 epoch 874/1000 iteration 50/195 loss=62.8101 lr=0.000408588
CIFAR10 epoch 874/1000 iteration 100/195 loss=63.1757 lr=0.000406999
CIFAR10 epoch 874/1000 iteration 150/195 loss=63.4717 lr=0.000405412
CIFAR10 epoch 874/1000 iteration 195/195 loss=63.5974 lr=0.000403987
CIFAR10 epoch 875/1000 iteration 50/195 loss=64.8093 lr=0.000402407
CIFAR10 epoch 875/1000 iteration 100/195 loss=64.5313 lr=0.000400829
CIFAR10 epoch 875/1000 iteration 150/195 loss=64.6865 lr=0.000399255
CIFAR10 epoch 875/1000 iteration 195/195 loss=64.4370 lr=0.00039784
CIFAR10 epoch 876/1000 iteration 50/195 loss=64.1494 lr=0.000396272
CIFAR10 epoch 876/1000 iteration 100/195 loss=63.7490 lr=0.000394706
CIFAR10 epoch 876/1000 iteration 150/195 loss=63.8571 lr=0.000393143
CIFAR10 epoch 876/1000 iteration 195/195 loss=63.7959 lr=0.00039174
CIFAR10 epoch 877/1000 iteration 50/195 loss=62.9006 lr=0.000390183
CIFAR10 epoch 877/1000 iteration 100/195 loss=63.7388 lr=0.000388629
CIFAR10 epoch 877/1000 iteration 150/195 loss=63.6020 lr=0.000387078
CIFAR10 epoch 877/1000 iteration 195/195 loss=63.6656 lr=0.000385685
CIFAR10 epoch 878/1000 iteration 50/195 loss=64.6090 lr=0.000384141
CIFAR10 epoch 878/1000 iteration 100/195 loss=64.5785 lr=0.000382599
CIFAR10 epoch 878/1000 iteration 150/195 loss=64.6204 lr=0.00038106
CIFAR10 epoch 878/1000 iteration 195/195 loss=64.2902 lr=0.000379678
CIFAR10 epoch 879/1000 iteration 50/195 loss=63.8312 lr=0.000378145
CIFAR10 epoch 879/1000 iteration 100/195 loss=64.0196 lr=0.000376615
CIFAR10 epoch 879/1000 iteration 150/195 loss=63.9315 lr=0.000375088
CIFAR10 epoch 879/1000 iteration 195/195 loss=64.0398 lr=0.000373717
CIFAR10 epoch 880/1000 iteration 50/195 loss=63.9985 lr=0.000372196
CIFAR10 epoch 880/1000 iteration 100/195 loss=64.2314 lr=0.000370678
CIFAR10 epoch 880/1000 iteration 150/195 loss=64.3539 lr=0.000369163
CIFAR10 epoch 880/1000 iteration 195/195 loss=64.2225 lr=0.000367802
[epoch 880/1000] saved backbone: /home/mmoslem3/scratch/MKDT/krrst_teacher_ckpt/barlow_twins_resnet18_cifar10.pt
CIFAR10 epoch 881/1000 iteration 50/195 loss=63.7385 lr=0.000366293
CIFAR10 epoch 881/1000 iteration 100/195 loss=63.7841 lr=0.000364787
CIFAR10 epoch 881/1000 iteration 150/195 loss=63.8162 lr=0.000363284
CIFAR10 epoch 881/1000 iteration 195/195 loss=63.9244 lr=0.000361934
CIFAR10 epoch 882/1000 iteration 50/195 loss=64.0298 lr=0.000360437
CIFAR10 epoch 882/1000 iteration 100/195 loss=64.1406 lr=0.000358943
CIFAR10 epoch 882/1000 iteration 150/195 loss=63.8762 lr=0.000357453
CIFAR10 epoch 882/1000 iteration 195/195 loss=63.9763 lr=0.000356113
CIFAR10 epoch 883/1000 iteration 50/195 loss=62.7279 lr=0.000354628
CIFAR10 epoch 883/1000 iteration 100/195 loss=62.9164 lr=0.000353146
CIFAR10 epoch 883/1000 iteration 150/195 loss=63.4476 lr=0.000351668
CIFAR10 epoch 883/1000 iteration 195/195 loss=63.5202 lr=0.000350339
CIFAR10 epoch 884/1000 iteration 50/195 loss=64.0944 lr=0.000348866
CIFAR10 epoch 884/1000 iteration 100/195 loss=64.2983 lr=0.000347396
CIFAR10 epoch 884/1000 iteration 150/195 loss=64.1972 lr=0.000345929
CIFAR10 epoch 884/1000 iteration 195/195 loss=64.0852 lr=0.000344612
CIFAR10 epoch 885/1000 iteration 50/195 loss=64.6124 lr=0.000343151
CIFAR10 epoch 885/1000 iteration 100/195 loss=64.4109 lr=0.000341693
CIFAR10 epoch 885/1000 iteration 150/195 loss=63.7249 lr=0.000340238
CIFAR10 epoch 885/1000 iteration 195/195 loss=63.8664 lr=0.000338931
CIFAR10 epoch 886/1000 iteration 50/195 loss=65.4719 lr=0.000337482
CIFAR10 epoch 886/1000 iteration 100/195 loss=64.6110 lr=0.000336037
CIFAR10 epoch 886/1000 iteration 150/195 loss=64.0631 lr=0.000334594
CIFAR10 epoch 886/1000 iteration 195/195 loss=63.9668 lr=0.000333298
CIFAR10 epoch 887/1000 iteration 50/195 loss=63.0583 lr=0.000331861
CIFAR10 epoch 887/1000 iteration 100/195 loss=63.6094 lr=0.000330427
CIFAR10 epoch 887/1000 iteration 150/195 loss=63.7210 lr=0.000328997
CIFAR10 epoch 887/1000 iteration 195/195 loss=63.6113 lr=0.000327712
CIFAR10 epoch 888/1000 iteration 50/195 loss=63.7559 lr=0.000326287
CIFAR10 epoch 888/1000 iteration 100/195 loss=63.8765 lr=0.000324865
CIFAR10 epoch 888/1000 iteration 150/195 loss=63.8784 lr=0.000323446
CIFAR10 epoch 888/1000 iteration 195/195 loss=63.6857 lr=0.000322172
CIFAR10 epoch 889/1000 iteration 50/195 loss=63.4206 lr=0.00032076
CIFAR10 epoch 889/1000 iteration 100/195 loss=63.3929 lr=0.00031935
CIFAR10 epoch 889/1000 iteration 150/195 loss=62.9344 lr=0.000317943
CIFAR10 epoch 889/1000 iteration 195/195 loss=63.2016 lr=0.00031668
CIFAR10 epoch 890/1000 iteration 50/195 loss=63.6522 lr=0.00031528
CIFAR10 epoch 890/1000 iteration 100/195 loss=63.9763 lr=0.000313882
CIFAR10 epoch 890/1000 iteration 150/195 loss=64.1622 lr=0.000312488
CIFAR10 epoch 890/1000 iteration 195/195 loss=64.0377 lr=0.000311235
[epoch 890/1000] saved backbone: /home/mmoslem3/scratch/MKDT/krrst_teacher_ckpt/barlow_twins_resnet18_cifar10.pt
CIFAR10 epoch 891/1000 iteration 50/195 loss=62.8203 lr=0.000309847
CIFAR10 epoch 891/1000 iteration 100/195 loss=63.7136 lr=0.000308461
CIFAR10 epoch 891/1000 iteration 150/195 loss=63.5966 lr=0.000307079
CIFAR10 epoch 891/1000 iteration 195/195 loss=63.5397 lr=0.000305838
CIFAR10 epoch 892/1000 iteration 50/195 loss=63.6231 lr=0.000304461
CIFAR10 epoch 892/1000 iteration 100/195 loss=63.5140 lr=0.000303088
CIFAR10 epoch 892/1000 iteration 150/195 loss=63.2766 lr=0.000301718
CIFAR10 epoch 892/1000 iteration 195/195 loss=63.4692 lr=0.000300487
CIFAR10 epoch 893/1000 iteration 50/195 loss=63.7797 lr=0.000299123
CIFAR10 epoch 893/1000 iteration 100/195 loss=63.7862 lr=0.000297762
CIFAR10 epoch 893/1000 iteration 150/195 loss=64.1997 lr=0.000296404
CIFAR10 epoch 893/1000 iteration 195/195 loss=64.2805 lr=0.000295184
CIFAR10 epoch 894/1000 iteration 50/195 loss=63.8055 lr=0.000293832
CIFAR10 epoch 894/1000 iteration 100/195 loss=63.8969 lr=0.000292483
CIFAR10 epoch 894/1000 iteration 150/195 loss=63.7393 lr=0.000291138
CIFAR10 epoch 894/1000 iteration 195/195 loss=63.6320 lr=0.000289929
CIFAR10 epoch 895/1000 iteration 50/195 loss=63.9738 lr=0.000288589
CIFAR10 epoch 895/1000 iteration 100/195 loss=63.9836 lr=0.000287252
CIFAR10 epoch 895/1000 iteration 150/195 loss=63.7202 lr=0.000285919
CIFAR10 epoch 895/1000 iteration 195/195 loss=63.6083 lr=0.000284721
CIFAR10 epoch 896/1000 iteration 50/195 loss=63.0358 lr=0.000283393
CIFAR10 epoch 896/1000 iteration 100/195 loss=63.6665 lr=0.000282069
CIFAR10 epoch 896/1000 iteration 150/195 loss=63.8266 lr=0.000280747
CIFAR10 epoch 896/1000 iteration 195/195 loss=63.7173 lr=0.00027956
CIFAR10 epoch 897/1000 iteration 50/195 loss=65.1571 lr=0.000278245
CIFAR10 epoch 897/1000 iteration 100/195 loss=64.2931 lr=0.000276932
CIFAR10 epoch 897/1000 iteration 150/195 loss=63.7916 lr=0.000275623
CIFAR10 epoch 897/1000 iteration 195/195 loss=63.8994 lr=0.000274447
CIFAR10 epoch 898/1000 iteration 50/195 loss=63.1474 lr=0.000273144
CIFAR10 epoch 898/1000 iteration 100/195 loss=63.1235 lr=0.000271844
CIFAR10 epoch 898/1000 iteration 150/195 loss=63.1929 lr=0.000270547
CIFAR10 epoch 898/1000 iteration 195/195 loss=63.3273 lr=0.000269382
CIFAR10 epoch 899/1000 iteration 50/195 loss=62.7068 lr=0.000268091
CIFAR10 epoch 899/1000 iteration 100/195 loss=63.2847 lr=0.000266803
CIFAR10 epoch 899/1000 iteration 150/195 loss=63.5567 lr=0.000265518
CIFAR10 epoch 899/1000 iteration 195/195 loss=63.6047 lr=0.000264365
CIFAR10 epoch 900/1000 iteration 50/195 loss=64.1827 lr=0.000263086
CIFAR10 epoch 900/1000 iteration 100/195 loss=63.8436 lr=0.00026181
CIFAR10 epoch 900/1000 iteration 150/195 loss=63.5956 lr=0.000260537
CIFAR10 epoch 900/1000 iteration 195/195 loss=63.6821 lr=0.000259395
[epoch 900/1000] saved backbone: /home/mmoslem3/scratch/MKDT/krrst_teacher_ckpt/barlow_twins_resnet18_cifar10.pt
CIFAR10 epoch 901/1000 iteration 50/195 loss=64.3724 lr=0.000258128
CIFAR10 epoch 901/1000 iteration 100/195 loss=63.7941 lr=0.000256865
CIFAR10 epoch 901/1000 iteration 150/195 loss=63.9079 lr=0.000255604
CIFAR10 epoch 901/1000 iteration 195/195 loss=63.6344 lr=0.000254473
CIFAR10 epoch 902/1000 iteration 50/195 loss=63.4989 lr=0.000253218
CIFAR10 epoch 902/1000 iteration 100/195 loss=63.9618 lr=0.000251967
CIFAR10 epoch 902/1000 iteration 150/195 loss=63.8052 lr=0.000250719
CIFAR10 epoch 902/1000 iteration 195/195 loss=63.8557 lr=0.000249598
CIFAR10 epoch 903/1000 iteration 50/195 loss=63.1401 lr=0.000248356
CIFAR10 epoch 903/1000 iteration 100/195 loss=63.9712 lr=0.000247117
CIFAR10 epoch 903/1000 iteration 150/195 loss=63.6894 lr=0.000245882
CIFAR10 epoch 903/1000 iteration 195/195 loss=63.9001 lr=0.000244772
CIFAR10 epoch 904/1000 iteration 50/195 loss=63.9831 lr=0.000243542
CIFAR10 epoch 904/1000 iteration 100/195 loss=63.5978 lr=0.000242316
CIFAR10 epoch 904/1000 iteration 150/195 loss=63.8838 lr=0.000241092
CIFAR10 epoch 904/1000 iteration 195/195 loss=63.7361 lr=0.000239994
CIFAR10 epoch 905/1000 iteration 50/195 loss=63.5069 lr=0.000238776
CIFAR10 epoch 905/1000 iteration 100/195 loss=64.1177 lr=0.000237562
CIFAR10 epoch 905/1000 iteration 150/195 loss=63.8621 lr=0.000236351
CIFAR10 epoch 905/1000 iteration 195/195 loss=63.9660 lr=0.000235263
CIFAR10 epoch 906/1000 iteration 50/195 loss=63.6585 lr=0.000234058
CIFAR10 epoch 906/1000 iteration 100/195 loss=63.1422 lr=0.000232856
CIFAR10 epoch 906/1000 iteration 150/195 loss=63.2136 lr=0.000231657
CIFAR10 epoch 906/1000 iteration 195/195 loss=63.4771 lr=0.000230581
CIFAR10 epoch 907/1000 iteration 50/195 loss=63.6133 lr=0.000229388
CIFAR10 epoch 907/1000 iteration 100/195 loss=63.9672 lr=0.000228198
CIFAR10 epoch 907/1000 iteration 150/195 loss=64.0262 lr=0.000227012
CIFAR10 epoch 907/1000 iteration 195/195 loss=63.6477 lr=0.000225947
CIFAR10 epoch 908/1000 iteration 50/195 loss=63.1276 lr=0.000224766
CIFAR10 epoch 908/1000 iteration 100/195 loss=63.4545 lr=0.000223589
CIFAR10 epoch 908/1000 iteration 150/195 loss=63.6072 lr=0.000222414
CIFAR10 epoch 908/1000 iteration 195/195 loss=63.8345 lr=0.00022136
CIFAR10 epoch 909/1000 iteration 50/195 loss=63.7027 lr=0.000220192
CIFAR10 epoch 909/1000 iteration 100/195 loss=63.4359 lr=0.000219027
CIFAR10 epoch 909/1000 iteration 150/195 loss=63.6946 lr=0.000217865
CIFAR10 epoch 909/1000 iteration 195/195 loss=63.8539 lr=0.000216822
CIFAR10 epoch 910/1000 iteration 50/195 loss=63.7852 lr=0.000215667
CIFAR10 epoch 910/1000 iteration 100/195 loss=63.5444 lr=0.000214514
CIFAR10 epoch 910/1000 iteration 150/195 loss=63.3905 lr=0.000213364
CIFAR10 epoch 910/1000 iteration 195/195 loss=63.4199 lr=0.000212333
[epoch 910/1000] saved backbone: /home/mmoslem3/scratch/MKDT/krrst_teacher_ckpt/barlow_twins_resnet18_cifar10.pt
CIFAR10 epoch 911/1000 iteration 50/195 loss=63.6451 lr=0.000211189
CIFAR10 epoch 911/1000 iteration 100/195 loss=63.0035 lr=0.000210049
CIFAR10 epoch 911/1000 iteration 150/195 loss=63.2734 lr=0.000208912
CIFAR10 epoch 911/1000 iteration 195/195 loss=63.1964 lr=0.000207891
CIFAR10 epoch 912/1000 iteration 50/195 loss=64.0447 lr=0.00020676
CIFAR10 epoch 912/1000 iteration 100/195 loss=63.8361 lr=0.000205632
CIFAR10 epoch 912/1000 iteration 150/195 loss=63.6488 lr=0.000204507
CIFAR10 epoch 912/1000 iteration 195/195 loss=63.6111 lr=0.000203498
CIFAR10 epoch 913/1000 iteration 50/195 loss=62.5262 lr=0.000202379
CIFAR10 epoch 913/1000 iteration 100/195 loss=62.8637 lr=0.000201264
CIFAR10 epoch 913/1000 iteration 150/195 loss=63.2257 lr=0.000200151
CIFAR10 epoch 913/1000 iteration 195/195 loss=63.1050 lr=0.000199153
CIFAR10 epoch 914/1000 iteration 50/195 loss=62.6874 lr=0.000198047
CIFAR10 epoch 914/1000 iteration 100/195 loss=62.5981 lr=0.000196944
CIFAR10 epoch 914/1000 iteration 150/195 loss=62.9616 lr=0.000195844
CIFAR10 epoch 914/1000 iteration 195/195 loss=63.1166 lr=0.000194856
CIFAR10 epoch 915/1000 iteration 50/195 loss=63.2793 lr=0.000193763
CIFAR10 epoch 915/1000 iteration 100/195 loss=62.6026 lr=0.000192672
CIFAR10 epoch 915/1000 iteration 150/195 loss=63.0937 lr=0.000191584
CIFAR10 epoch 915/1000 iteration 195/195 loss=63.1090 lr=0.000190608
CIFAR10 epoch 916/1000 iteration 50/195 loss=64.6235 lr=0.000189527
CIFAR10 epoch 916/1000 iteration 100/195 loss=63.7948 lr=0.000188449
CIFAR10 epoch 916/1000 iteration 150/195 loss=63.8170 lr=0.000187374
CIFAR10 epoch 916/1000 iteration 195/195 loss=63.7786 lr=0.000186409
CIFAR10 epoch 917/1000 iteration 50/195 loss=63.0704 lr=0.00018534
CIFAR10 epoch 917/1000 iteration 100/195 loss=63.7952 lr=0.000184274
CIFAR10 epoch 917/1000 iteration 150/195 loss=63.9523 lr=0.000183211
CIFAR10 epoch 917/1000 iteration 195/195 loss=63.7993 lr=0.000182258
CIFAR10 epoch 918/1000 iteration 50/195 loss=63.1700 lr=0.000181201
CIFAR10 epoch 918/1000 iteration 100/195 loss=63.7985 lr=0.000180148
CIFAR10 epoch 918/1000 iteration 150/195 loss=63.8933 lr=0.000179098
CIFAR10 epoch 918/1000 iteration 195/195 loss=64.0472 lr=0.000178155
CIFAR10 epoch 919/1000 iteration 50/195 loss=62.7642 lr=0.000177111
CIFAR10 epoch 919/1000 iteration 100/195 loss=63.0460 lr=0.00017607
CIFAR10 epoch 919/1000 iteration 150/195 loss=63.3823 lr=0.000175033
CIFAR10 epoch 919/1000 iteration 195/195 loss=63.5906 lr=0.000174101
CIFAR10 epoch 920/1000 iteration 50/195 loss=63.2117 lr=0.00017307
CIFAR10 epoch 920/1000 iteration 100/195 loss=63.3707 lr=0.000172041
CIFAR10 epoch 920/1000 iteration 150/195 loss=63.3076 lr=0.000171016
CIFAR10 epoch 920/1000 iteration 195/195 loss=63.4218 lr=0.000170096
[epoch 920/1000] saved backbone: /home/mmoslem3/scratch/MKDT/krrst_teacher_ckpt/barlow_twins_resnet18_cifar10.pt
CIFAR10 epoch 921/1000 iteration 50/195 loss=63.8817 lr=0.000169077
CIFAR10 epoch 921/1000 iteration 100/195 loss=63.4653 lr=0.000168061
CIFAR10 epoch 921/1000 iteration 150/195 loss=63.6307 lr=0.000167048
CIFAR10 epoch 921/1000 iteration 195/195 loss=63.8314 lr=0.00016614
CIFAR10 epoch 922/1000 iteration 50/195 loss=62.7390 lr=0.000165133
CIFAR10 epoch 922/1000 iteration 100/195 loss=63.2242 lr=0.00016413
CIFAR10 epoch 922/1000 iteration 150/195 loss=63.2915 lr=0.000163129
CIFAR10 epoch 922/1000 iteration 195/195 loss=63.3374 lr=0.000162232
CIFAR10 epoch 923/1000 iteration 50/195 loss=62.9046 lr=0.000161238
CIFAR10 epoch 923/1000 iteration 100/195 loss=63.8311 lr=0.000160247
CIFAR10 epoch 923/1000 iteration 150/195 loss=63.9476 lr=0.000159259
CIFAR10 epoch 923/1000 iteration 195/195 loss=63.7823 lr=0.000158373
CIFAR10 epoch 924/1000 iteration 50/195 loss=63.6222 lr=0.000157391
CIFAR10 epoch 924/1000 iteration 100/195 loss=63.3790 lr=0.000156413
CIFAR10 epoch 924/1000 iteration 150/195 loss=63.4417 lr=0.000155438
CIFAR10 epoch 924/1000 iteration 195/195 loss=63.4815 lr=0.000154563
CIFAR10 epoch 925/1000 iteration 50/195 loss=63.6440 lr=0.000153593
CIFAR10 epoch 925/1000 iteration 100/195 loss=63.6382 lr=0.000152628
CIFAR10 epoch 925/1000 iteration 150/195 loss=63.4203 lr=0.000151665
CIFAR10 epoch 925/1000 iteration 195/195 loss=63.2383 lr=0.000150801
CIFAR10 epoch 926/1000 iteration 50/195 loss=63.9660 lr=0.000149845
CIFAR10 epoch 926/1000 iteration 100/195 loss=63.5663 lr=0.000148891
CIFAR10 epoch 926/1000 iteration 150/195 loss=63.7098 lr=0.000147941
CIFAR10 epoch 926/1000 iteration 195/195 loss=63.7646 lr=0.000147089
CIFAR10 epoch 927/1000 iteration 50/195 loss=63.4885 lr=0.000146145
CIFAR10 epoch 927/1000 iteration 100/195 loss=62.8762 lr=0.000145204
CIFAR10 epoch 927/1000 iteration 150/195 loss=63.0751 lr=0.000144266
CIFAR10 epoch 927/1000 iteration 195/195 loss=63.2102 lr=0.000143425
CIFAR10 epoch 928/1000 iteration 50/195 loss=63.2305 lr=0.000142494
CIFAR10 epoch 928/1000 iteration 100/195 loss=63.7308 lr=0.000141565
CIFAR10 epoch 928/1000 iteration 150/195 loss=63.5522 lr=0.00014064
CIFAR10 epoch 928/1000 iteration 195/195 loss=63.8438 lr=0.00013981
CIFAR10 epoch 929/1000 iteration 50/195 loss=63.7207 lr=0.000138892
CIFAR10 epoch 929/1000 iteration 100/195 loss=63.5495 lr=0.000137976
CIFAR10 epoch 929/1000 iteration 150/195 loss=63.5661 lr=0.000137063
CIFAR10 epoch 929/1000 iteration 195/195 loss=63.4352 lr=0.000136245
CIFAR10 epoch 930/1000 iteration 50/195 loss=63.2979 lr=0.000135338
CIFAR10 epoch 930/1000 iteration 100/195 loss=63.4716 lr=0.000134435
CIFAR10 epoch 930/1000 iteration 150/195 loss=63.0161 lr=0.000133535
CIFAR10 epoch 930/1000 iteration 195/195 loss=63.2159 lr=0.000132728
[epoch 930/1000] saved backbone: /home/mmoslem3/scratch/MKDT/krrst_teacher_ckpt/barlow_twins_resnet18_cifar10.pt
CIFAR10 epoch 931/1000 iteration 50/195 loss=63.0052 lr=0.000131834
CIFAR10 epoch 931/1000 iteration 100/195 loss=63.0828 lr=0.000130944
CIFAR10 epoch 931/1000 iteration 150/195 loss=63.4180 lr=0.000130057
CIFAR10 epoch 931/1000 iteration 195/195 loss=63.4030 lr=0.000129261
CIFAR10 epoch 932/1000 iteration 50/195 loss=62.8329 lr=0.000128379
CIFAR10 epoch 932/1000 iteration 100/195 loss=63.1711 lr=0.000127501
CIFAR10 epoch 932/1000 iteration 150/195 loss=63.3776 lr=0.000126627
CIFAR10 epoch 932/1000 iteration 195/195 loss=63.2571 lr=0.000125842
CIFAR10 epoch 933/1000 iteration 50/195 loss=64.1898 lr=0.000124974
CIFAR10 epoch 933/1000 iteration 100/195 loss=63.3452 lr=0.000124108
CIFAR10 epoch 933/1000 iteration 150/195 loss=63.2274 lr=0.000123246
CIFAR10 epoch 933/1000 iteration 195/195 loss=63.4233 lr=0.000122473
CIFAR10 epoch 934/1000 iteration 50/195 loss=63.2788 lr=0.000121617
CIFAR10 epoch 934/1000 iteration 100/195 loss=63.3254 lr=0.000120764
CIFAR10 epoch 934/1000 iteration 150/195 loss=63.2068 lr=0.000119915
CIFAR10 epoch 934/1000 iteration 195/195 loss=63.2776 lr=0.000119153
CIFAR10 epoch 935/1000 iteration 50/195 loss=62.8748 lr=0.000118309
CIFAR10 epoch 935/1000 iteration 100/195 loss=63.5095 lr=0.000117469
CIFAR10 epoch 935/1000 iteration 150/195 loss=63.5781 lr=0.000116632
CIFAR10 epoch 935/1000 iteration 195/195 loss=63.4440 lr=0.000115882
CIFAR10 epoch 936/1000 iteration 50/195 loss=63.4394 lr=0.000115051
CIFAR10 epoch 936/1000 iteration 100/195 loss=63.2401 lr=0.000114223
CIFAR10 epoch 936/1000 iteration 150/195 loss=63.3347 lr=0.000113399
CIFAR10 epoch 936/1000 iteration 195/195 loss=63.2408 lr=0.00011266
CIFAR10 epoch 937/1000 iteration 50/195 loss=62.3924 lr=0.000111842
CIFAR10 epoch 937/1000 iteration 100/195 loss=62.6690 lr=0.000111027
CIFAR10 epoch 937/1000 iteration 150/195 loss=62.8998 lr=0.000110215
CIFAR10 epoch 937/1000 iteration 195/195 loss=63.0484 lr=0.000109488
CIFAR10 epoch 938/1000 iteration 50/195 loss=64.1121 lr=0.000108682
CIFAR10 epoch 938/1000 iteration 100/195 loss=63.6972 lr=0.00010788
CIFAR10 epoch 938/1000 iteration 150/195 loss=63.7180 lr=0.000107081
CIFAR10 epoch 938/1000 iteration 195/195 loss=63.5188 lr=0.000106364
CIFAR10 epoch 939/1000 iteration 50/195 loss=63.4982 lr=0.000105572
CIFAR10 epoch 939/1000 iteration 100/195 loss=63.9749 lr=0.000104782
CIFAR10 epoch 939/1000 iteration 150/195 loss=63.4415 lr=0.000103996
CIFAR10 epoch 939/1000 iteration 195/195 loss=63.3870 lr=0.000103291
CIFAR10 epoch 940/1000 iteration 50/195 loss=63.4391 lr=0.00010251
CIFAR10 epoch 940/1000 iteration 100/195 loss=63.9129 lr=0.000101733
CIFAR10 epoch 940/1000 iteration 150/195 loss=63.7439 lr=0.00010096
CIFAR10 epoch 940/1000 iteration 195/195 loss=63.7844 lr=0.000100266
[epoch 940/1000] saved backbone: /home/mmoslem3/scratch/MKDT/krrst_teacher_ckpt/barlow_twins_resnet18_cifar10.pt
CIFAR10 epoch 941/1000 iteration 50/195 loss=63.0277 lr=9.94986e-05
CIFAR10 epoch 941/1000 iteration 100/195 loss=63.2539 lr=9.87343e-05
CIFAR10 epoch 941/1000 iteration 150/195 loss=63.2771 lr=9.79733e-05
CIFAR10 epoch 941/1000 iteration 195/195 loss=63.2232 lr=9.72911e-05
CIFAR10 epoch 942/1000 iteration 50/195 loss=63.1452 lr=9.65362e-05
CIFAR10 epoch 942/1000 iteration 100/195 loss=63.1675 lr=9.57846e-05
CIFAR10 epoch 942/1000 iteration 150/195 loss=62.9908 lr=9.50362e-05
CIFAR10 epoch 942/1000 iteration 195/195 loss=63.2119 lr=9.43654e-05
CIFAR10 epoch 943/1000 iteration 50/195 loss=63.6297 lr=9.36232e-05
CIFAR10 epoch 943/1000 iteration 100/195 loss=63.2820 lr=9.28843e-05
CIFAR10 epoch 943/1000 iteration 150/195 loss=63.5689 lr=9.21486e-05
CIFAR10 epoch 943/1000 iteration 195/195 loss=63.6213 lr=9.14892e-05
CIFAR10 epoch 944/1000 iteration 50/195 loss=63.0105 lr=9.07597e-05
CIFAR10 epoch 944/1000 iteration 100/195 loss=62.8395 lr=9.00334e-05
CIFAR10 epoch 944/1000 iteration 150/195 loss=63.2750 lr=8.93104e-05
CIFAR10 epoch 944/1000 iteration 195/195 loss=63.3148 lr=8.86625e-05
CIFAR10 epoch 945/1000 iteration 50/195 loss=64.2644 lr=8.79457e-05
CIFAR10 epoch 945/1000 iteration 100/195 loss=63.8117 lr=8.72321e-05
CIFAR10 epoch 945/1000 iteration 150/195 loss=63.2392 lr=8.65218e-05
CIFAR10 epoch 945/1000 iteration 195/195 loss=63.1959 lr=8.58853e-05
CIFAR10 epoch 946/1000 iteration 50/195 loss=63.5206 lr=8.51811e-05
CIFAR10 epoch 946/1000 iteration 100/195 loss=63.0432 lr=8.44803e-05
CIFAR10 epoch 946/1000 iteration 150/195 loss=63.5070 lr=8.37827e-05
CIFAR10 epoch 946/1000 iteration 195/195 loss=63.8802 lr=8.31576e-05
CIFAR10 epoch 947/1000 iteration 50/195 loss=63.4764 lr=8.24662e-05
CIFAR10 epoch 947/1000 iteration 100/195 loss=63.3096 lr=8.1778e-05
CIFAR10 epoch 947/1000 iteration 150/195 loss=63.0642 lr=8.10931e-05
CIFAR10 epoch 947/1000 iteration 195/195 loss=63.6320 lr=8.04795e-05
CIFAR10 epoch 948/1000 iteration 50/195 loss=64.3459 lr=7.98008e-05
CIFAR10 epoch 948/1000 iteration 100/195 loss=63.7112 lr=7.91253e-05
CIFAR10 epoch 948/1000 iteration 150/195 loss=63.5523 lr=7.84531e-05
CIFAR10 epoch 948/1000 iteration 195/195 loss=63.4149 lr=7.78509e-05
CIFAR10 epoch 949/1000 iteration 50/195 loss=62.3467 lr=7.71849e-05
CIFAR10 epoch 949/1000 iteration 100/195 loss=62.6701 lr=7.65222e-05
CIFAR10 epoch 949/1000 iteration 150/195 loss=63.2304 lr=7.58628e-05
CIFAR10 epoch 949/1000 iteration 195/195 loss=63.2035 lr=7.5272e-05
CIFAR10 epoch 950/1000 iteration 50/195 loss=64.1491 lr=7.46188e-05
CIFAR10 epoch 950/1000 iteration 100/195 loss=63.5954 lr=7.39688e-05
CIFAR10 epoch 950/1000 iteration 150/195 loss=64.1685 lr=7.3322e-05
CIFAR10 epoch 950/1000 iteration 195/195 loss=63.7746 lr=7.27428e-05
[epoch 950/1000] saved backbone: /home/mmoslem3/scratch/MKDT/krrst_teacher_ckpt/barlow_twins_resnet18_cifar10.pt
CIFAR10 epoch 951/1000 iteration 50/195 loss=63.1165 lr=7.21022e-05
CIFAR10 epoch 951/1000 iteration 100/195 loss=63.5921 lr=7.1465e-05
CIFAR10 epoch 951/1000 iteration 150/195 loss=63.3788 lr=7.0831e-05
CIFAR10 epoch 951/1000 iteration 195/195 loss=63.4920 lr=7.02631e-05
CIFAR10 epoch 952/1000 iteration 50/195 loss=62.1921 lr=6.96354e-05
CIFAR10 epoch 952/1000 iteration 100/195 loss=62.9550 lr=6.90108e-05
CIFAR10 epoch 952/1000 iteration 150/195 loss=63.1507 lr=6.83896e-05
CIFAR10 epoch 952/1000 iteration 195/195 loss=63.0250 lr=6.78332e-05
CIFAR10 epoch 953/1000 iteration 50/195 loss=62.3922 lr=6.72182e-05
CIFAR10 epoch 953/1000 iteration 100/195 loss=62.4724 lr=6.66064e-05
CIFAR10 epoch 953/1000 iteration 150/195 loss=62.8812 lr=6.59979e-05
CIFAR10 epoch 953/1000 iteration 195/195 loss=62.9480 lr=6.5453e-05
CIFAR10 epoch 954/1000 iteration 50/195 loss=62.2963 lr=6.48507e-05
CIFAR10 epoch 954/1000 iteration 100/195 loss=63.0284 lr=6.42517e-05
CIFAR10 epoch 954/1000 iteration 150/195 loss=63.0994 lr=6.3656e-05
CIFAR10 epoch 954/1000 iteration 195/195 loss=62.8800 lr=6.31226e-05
CIFAR10 epoch 955/1000 iteration 50/195 loss=62.4000 lr=6.2533e-05
CIFAR10 epoch 955/1000 iteration 100/195 loss=63.4147 lr=6.19468e-05
CIFAR10 epoch 955/1000 iteration 150/195 loss=63.5103 lr=6.13638e-05
CIFAR10 epoch 955/1000 iteration 195/195 loss=63.7185 lr=6.08419e-05
CIFAR10 epoch 956/1000 iteration 50/195 loss=63.5891 lr=6.02651e-05
CIFAR10 epoch 956/1000 iteration 100/195 loss=63.3748 lr=5.96916e-05
CIFAR10 epoch 956/1000 iteration 150/195 loss=63.5791 lr=5.91214e-05
CIFAR10 epoch 956/1000 iteration 195/195 loss=63.5157 lr=5.8611e-05
CIFAR10 epoch 957/1000 iteration 50/195 loss=63.1758 lr=5.8047e-05
CIFAR10 epoch 957/1000 iteration 100/195 loss=63.4631 lr=5.74863e-05
CIFAR10 epoch 957/1000 iteration 150/195 loss=63.1654 lr=5.69288e-05
CIFAR10 epoch 957/1000 iteration 195/195 loss=63.3595 lr=5.64299e-05
CIFAR10 epoch 958/1000 iteration 50/195 loss=63.9075 lr=5.58787e-05
CIFAR10 epoch 958/1000 iteration 100/195 loss=63.4524 lr=5.53307e-05
CIFAR10 epoch 958/1000 iteration 150/195 loss=63.3192 lr=5.47861e-05
CIFAR10 epoch 958/1000 iteration 195/195 loss=63.5362 lr=5.42986e-05
CIFAR10 epoch 959/1000 iteration 50/195 loss=63.0785 lr=5.37602e-05
CIFAR10 epoch 959/1000 iteration 100/195 loss=63.5074 lr=5.3225e-05
CIFAR10 epoch 959/1000 iteration 150/195 loss=63.2974 lr=5.26931e-05
CIFAR10 epoch 959/1000 iteration 195/195 loss=63.2799 lr=5.22172e-05
CIFAR10 epoch 960/1000 iteration 50/195 loss=62.7320 lr=5.16916e-05
CIFAR10 epoch 960/1000 iteration 100/195 loss=62.8202 lr=5.11692e-05
CIFAR10 epoch 960/1000 iteration 150/195 loss=63.1562 lr=5.06501e-05
CIFAR10 epoch 960/1000 iteration 195/195 loss=63.2512 lr=5.01857e-05
[epoch 960/1000] saved backbone: /home/mmoslem3/scratch/MKDT/krrst_teacher_ckpt/barlow_twins_resnet18_cifar10.pt
CIFAR10 epoch 961/1000 iteration 50/195 loss=62.6729 lr=4.96728e-05
CIFAR10 epoch 961/1000 iteration 100/195 loss=62.8318 lr=4.91633e-05
CIFAR10 epoch 961/1000 iteration 150/195 loss=63.0283 lr=4.86569e-05
CIFAR10 epoch 961/1000 iteration 195/195 loss=62.9107 lr=4.82041e-05
CIFAR10 epoch 962/1000 iteration 50/195 loss=64.4006 lr=4.7704e-05
CIFAR10 epoch 962/1000 iteration 100/195 loss=64.1633 lr=4.72072e-05
CIFAR10 epoch 962/1000 iteration 150/195 loss=64.3200 lr=4.67137e-05
CIFAR10 epoch 962/1000 iteration 195/195 loss=64.1255 lr=4.62724e-05
CIFAR10 epoch 963/1000 iteration 50/195 loss=63.9147 lr=4.57851e-05
CIFAR10 epoch 963/1000 iteration 100/195 loss=64.1303 lr=4.53011e-05
CIFAR10 epoch 963/1000 iteration 150/195 loss=64.2561 lr=4.48204e-05
CIFAR10 epoch 963/1000 iteration 195/195 loss=64.0560 lr=4.43906e-05
CIFAR10 epoch 964/1000 iteration 50/195 loss=62.5365 lr=4.39161e-05
CIFAR10 epoch 964/1000 iteration 100/195 loss=62.5346 lr=4.34449e-05
CIFAR10 epoch 964/1000 iteration 150/195 loss=62.6864 lr=4.2977e-05
CIFAR10 epoch 964/1000 iteration 195/195 loss=62.7118 lr=4.25587e-05
CIFAR10 epoch 965/1000 iteration 50/195 loss=62.9809 lr=4.20971e-05
CIFAR10 epoch 965/1000 iteration 100/195 loss=63.4063 lr=4.16387e-05
CIFAR10 epoch 965/1000 iteration 150/195 loss=63.5107 lr=4.11836e-05
CIFAR10 epoch 965/1000 iteration 195/195 loss=63.6041 lr=4.07769e-05
CIFAR10 epoch 966/1000 iteration 50/195 loss=63.8949 lr=4.0328e-05
CIFAR10 epoch 966/1000 iteration 100/195 loss=63.5678 lr=3.98825e-05
CIFAR10 epoch 966/1000 iteration 150/195 loss=63.3423 lr=3.94402e-05
CIFAR10 epoch 966/1000 iteration 195/195 loss=63.1669 lr=3.9045e-05
CIFAR10 epoch 967/1000 iteration 50/195 loss=63.6564 lr=3.8609e-05
CIFAR10 epoch 967/1000 iteration 100/195 loss=63.4239 lr=3.81763e-05
CIFAR10 epoch 967/1000 iteration 150/195 loss=63.3838 lr=3.77468e-05
CIFAR10 epoch 967/1000 iteration 195/195 loss=63.4885 lr=3.73631e-05
CIFAR10 epoch 968/1000 iteration 50/195 loss=62.5199 lr=3.69399e-05
CIFAR10 epoch 968/1000 iteration 100/195 loss=62.7612 lr=3.652e-05
CIFAR10 epoch 968/1000 iteration 150/195 loss=62.8888 lr=3.61034e-05
CIFAR10 epoch 968/1000 iteration 195/195 loss=63.2110 lr=3.57313e-05
CIFAR10 epoch 969/1000 iteration 50/195 loss=63.9039 lr=3.53209e-05
CIFAR10 epoch 969/1000 iteration 100/195 loss=63.2705 lr=3.49139e-05
CIFAR10 epoch 969/1000 iteration 150/195 loss=63.1485 lr=3.45101e-05
CIFAR10 epoch 969/1000 iteration 195/195 loss=63.1990 lr=3.41495e-05
CIFAR10 epoch 970/1000 iteration 50/195 loss=63.4393 lr=3.3752e-05
CIFAR10 epoch 970/1000 iteration 100/195 loss=62.7111 lr=3.33577e-05
CIFAR10 epoch 970/1000 iteration 150/195 loss=62.7520 lr=3.29668e-05
CIFAR10 epoch 970/1000 iteration 195/195 loss=63.0306 lr=3.26177e-05
[epoch 970/1000] saved backbone: /home/mmoslem3/scratch/MKDT/krrst_teacher_ckpt/barlow_twins_resnet18_cifar10.pt
CIFAR10 epoch 971/1000 iteration 50/195 loss=63.5367 lr=3.22331e-05
CIFAR10 epoch 971/1000 iteration 100/195 loss=63.4532 lr=3.18517e-05
CIFAR10 epoch 971/1000 iteration 150/195 loss=63.3415 lr=3.14736e-05
CIFAR10 epoch 971/1000 iteration 195/195 loss=63.2860 lr=3.11361e-05
CIFAR10 epoch 972/1000 iteration 50/195 loss=62.9088 lr=3.07642e-05
CIFAR10 epoch 972/1000 iteration 100/195 loss=62.9727 lr=3.03957e-05
CIFAR10 epoch 972/1000 iteration 150/195 loss=63.2968 lr=3.00304e-05
CIFAR10 epoch 972/1000 iteration 195/195 loss=63.3723 lr=2.97045e-05
CIFAR10 epoch 973/1000 iteration 50/195 loss=63.0827 lr=2.93455e-05
CIFAR10 epoch 973/1000 iteration 100/195 loss=63.4889 lr=2.89898e-05
CIFAR10 epoch 973/1000 iteration 150/195 loss=63.4661 lr=2.86374e-05
CIFAR10 epoch 973/1000 iteration 195/195 loss=63.4047 lr=2.8323e-05
CIFAR10 epoch 974/1000 iteration 50/195 loss=63.5684 lr=2.79768e-05
CIFAR10 epoch 974/1000 iteration 100/195 loss=63.7844 lr=2.7634e-05
CIFAR10 epoch 974/1000 iteration 150/195 loss=63.5817 lr=2.72944e-05
CIFAR10 epoch 974/1000 iteration 195/195 loss=63.4688 lr=2.69916e-05
CIFAR10 epoch 975/1000 iteration 50/195 loss=62.7930 lr=2.66583e-05
CIFAR10 epoch 975/1000 iteration 100/195 loss=62.8044 lr=2.63283e-05
CIFAR10 epoch 975/1000 iteration 150/195 loss=62.6578 lr=2.60016e-05
CIFAR10 epoch 975/1000 iteration 195/195 loss=62.9097 lr=2.57104e-05
CIFAR10 epoch 976/1000 iteration 50/195 loss=63.8105 lr=2.53899e-05
CIFAR10 epoch 976/1000 iteration 100/195 loss=63.3769 lr=2.50728e-05
CIFAR10 epoch 976/1000 iteration 150/195 loss=63.1592 lr=2.47589e-05
CIFAR10 epoch 976/1000 iteration 195/195 loss=63.1299 lr=2.44793e-05
CIFAR10 epoch 977/1000 iteration 50/195 loss=64.4468 lr=2.41717e-05
CIFAR10 epoch 977/1000 iteration 100/195 loss=64.2865 lr=2.38674e-05
CIFAR10 epoch 977/1000 iteration 150/195 loss=63.9936 lr=2.35664e-05
CIFAR10 epoch 977/1000 iteration 195/195 loss=63.9233 lr=2.32983e-05
CIFAR10 epoch 978/1000 iteration 50/195 loss=64.1709 lr=2.30036e-05
CIFAR10 epoch 978/1000 iteration 100/195 loss=63.8875 lr=2.27122e-05
CIFAR10 epoch 978/1000 iteration 150/195 loss=63.7761 lr=2.24241e-05
CIFAR10 epoch 978/1000 iteration 195/195 loss=63.6547 lr=2.21676e-05
CIFAR10 epoch 979/1000 iteration 50/195 loss=63.4148 lr=2.18857e-05
CIFAR10 epoch 979/1000 iteration 100/195 loss=63.3861 lr=2.16071e-05
CIFAR10 epoch 979/1000 iteration 150/195 loss=63.6488 lr=2.13319e-05
CIFAR10 epoch 979/1000 iteration 195/195 loss=63.5396 lr=2.1087e-05
CIFAR10 epoch 980/1000 iteration 50/195 loss=63.3336 lr=2.0818e-05
CIFAR10 epoch 980/1000 iteration 100/195 loss=63.7083 lr=2.05523e-05
CIFAR10 epoch 980/1000 iteration 150/195 loss=63.7147 lr=2.02899e-05
CIFAR10 epoch 980/1000 iteration 195/195 loss=63.5875 lr=2.00566e-05
[epoch 980/1000] saved backbone: /home/mmoslem3/scratch/MKDT/krrst_teacher_ckpt/barlow_twins_resnet18_cifar10.pt
CIFAR10 epoch 981/1000 iteration 50/195 loss=62.5687 lr=1.98004e-05
CIFAR10 epoch 981/1000 iteration 100/195 loss=63.0848 lr=1.95476e-05
CIFAR10 epoch 981/1000 iteration 150/195 loss=63.4019 lr=1.92981e-05
CIFAR10 epoch 981/1000 iteration 195/195 loss=63.3583 lr=1.90763e-05
CIFAR10 epoch 982/1000 iteration 50/195 loss=63.7165 lr=1.88331e-05
CIFAR10 epoch 982/1000 iteration 100/195 loss=63.7290 lr=1.85931e-05
CIFAR10 epoch 982/1000 iteration 150/195 loss=63.4228 lr=1.83565e-05
CIFAR10 epoch 982/1000 iteration 195/195 loss=63.2424 lr=1.81463e-05
CIFAR10 epoch 983/1000 iteration 50/195 loss=63.3903 lr=1.7916e-05
CIFAR10 epoch 983/1000 iteration 100/195 loss=63.7487 lr=1.76889e-05
CIFAR10 epoch 983/1000 iteration 150/195 loss=63.8566 lr=1.74651e-05
CIFAR10 epoch 983/1000 iteration 195/195 loss=63.5705 lr=1.72665e-05
CIFAR10 epoch 984/1000 iteration 50/195 loss=63.0497 lr=1.7049e-05
CIFAR10 epoch 984/1000 iteration 100/195 loss=63.2122 lr=1.68348e-05
CIFAR10 epoch 984/1000 iteration 150/195 loss=63.1760 lr=1.6624e-05
CIFAR10 epoch 984/1000 iteration 195/195 loss=63.4339 lr=1.6437e-05
CIFAR10 epoch 985/1000 iteration 50/195 loss=63.1706 lr=1.62324e-05
CIFAR10 epoch 985/1000 iteration 100/195 loss=63.1203 lr=1.6031e-05
CIFAR10 epoch 985/1000 iteration 150/195 loss=63.1225 lr=1.5833e-05
CIFAR10 epoch 985/1000 iteration 195/195 loss=63.4549 lr=1.56576e-05
CIFAR10 epoch 986/1000 iteration 50/195 loss=63.2515 lr=1.54659e-05
CIFAR10 epoch 986/1000 iteration 100/195 loss=63.2138 lr=1.52775e-05
CIFAR10 epoch 986/1000 iteration 150/195 loss=63.0251 lr=1.50923e-05
CIFAR10 epoch 986/1000 iteration 195/195 loss=63.4328 lr=1.49286e-05
CIFAR10 epoch 987/1000 iteration 50/195 loss=63.2349 lr=1.47497e-05
CIFAR10 epoch 987/1000 iteration 100/195 loss=63.6434 lr=1.45742e-05
CIFAR10 epoch 987/1000 iteration 150/195 loss=63.3797 lr=1.44019e-05
CIFAR10 epoch 987/1000 iteration 195/195 loss=63.2324 lr=1.42497e-05
CIFAR10 epoch 988/1000 iteration 50/195 loss=62.3182 lr=1.40838e-05
CIFAR10 epoch 988/1000 iteration 100/195 loss=62.8430 lr=1.39211e-05
CIFAR10 epoch 988/1000 iteration 150/195 loss=63.0221 lr=1.37617e-05
CIFAR10 epoch 988/1000 iteration 195/195 loss=63.2955 lr=1.36211e-05
CIFAR10 epoch 989/1000 iteration 50/195 loss=62.8387 lr=1.34681e-05
CIFAR10 epoch 989/1000 iteration 100/195 loss=63.6288 lr=1.33183e-05
CIFAR10 epoch 989/1000 iteration 150/195 loss=63.3370 lr=1.31718e-05
CIFAR10 epoch 989/1000 iteration 195/195 loss=63.2916 lr=1.30428e-05
CIFAR10 epoch 990/1000 iteration 50/195 loss=63.4908 lr=1.29026e-05
CIFAR10 epoch 990/1000 iteration 100/195 loss=63.7395 lr=1.27657e-05
CIFAR10 epoch 990/1000 iteration 150/195 loss=63.9239 lr=1.26322e-05
CIFAR10 epoch 990/1000 iteration 195/195 loss=63.6552 lr=1.25148e-05
[epoch 990/1000] saved backbone: /home/mmoslem3/scratch/MKDT/krrst_teacher_ckpt/barlow_twins_resnet18_cifar10.pt
CIFAR10 epoch 991/1000 iteration 50/195 loss=63.2848 lr=1.23875e-05
CIFAR10 epoch 991/1000 iteration 100/195 loss=63.0772 lr=1.22635e-05
CIFAR10 epoch 991/1000 iteration 150/195 loss=63.4290 lr=1.21428e-05
CIFAR10 epoch 991/1000 iteration 195/195 loss=63.4240 lr=1.2037e-05
CIFAR10 epoch 992/1000 iteration 50/195 loss=64.2533 lr=1.19226e-05
CIFAR10 epoch 992/1000 iteration 100/195 loss=63.6110 lr=1.18115e-05
CIFAR10 epoch 992/1000 iteration 150/195 loss=63.3972 lr=1.17037e-05
CIFAR10 epoch 992/1000 iteration 195/195 loss=63.3025 lr=1.16095e-05
CIFAR10 epoch 993/1000 iteration 50/195 loss=63.4291 lr=1.1508e-05
CIFAR10 epoch 993/1000 iteration 100/195 loss=63.4449 lr=1.14098e-05
CIFAR10 epoch 993/1000 iteration 150/195 loss=63.5759 lr=1.13149e-05
CIFAR10 epoch 993/1000 iteration 195/195 loss=63.5482 lr=1.12323e-05
CIFAR10 epoch 994/1000 iteration 50/195 loss=63.0758 lr=1.11437e-05
CIFAR10 epoch 994/1000 iteration 100/195 loss=63.6000 lr=1.10584e-05
CIFAR10 epoch 994/1000 iteration 150/195 loss=63.4927 lr=1.09763e-05
CIFAR10 epoch 994/1000 iteration 195/195 loss=63.3916 lr=1.09054e-05
CIFAR10 epoch 995/1000 iteration 50/195 loss=64.4686 lr=1.08296e-05
CIFAR10 epoch 995/1000 iteration 100/195 loss=63.8503 lr=1.07572e-05
CIFAR10 epoch 995/1000 iteration 150/195 loss=63.7475 lr=1.06881e-05
CIFAR10 epoch 995/1000 iteration 195/195 loss=63.7709 lr=1.06287e-05
CIFAR10 epoch 996/1000 iteration 50/195 loss=62.9381 lr=1.05659e-05
CIFAR10 epoch 996/1000 iteration 100/195 loss=63.6809 lr=1.05064e-05
CIFAR10 epoch 996/1000 iteration 150/195 loss=63.4959 lr=1.04502e-05
CIFAR10 epoch 996/1000 iteration 195/195 loss=63.5163 lr=1.04024e-05
CIFAR10 epoch 997/1000 iteration 50/195 loss=63.7973 lr=1.03525e-05
CIFAR10 epoch 997/1000 iteration 100/195 loss=63.5931 lr=1.03058e-05
CIFAR10 epoch 997/1000 iteration 150/195 loss=63.7985 lr=1.02625e-05
CIFAR10 epoch 997/1000 iteration 195/195 loss=63.5497 lr=1.02263e-05
CIFAR10 epoch 998/1000 iteration 50/195 loss=63.7852 lr=1.01893e-05
CIFAR10 epoch 998/1000 iteration 100/195 loss=63.3696 lr=1.01556e-05
CIFAR10 epoch 998/1000 iteration 150/195 loss=63.3114 lr=1.01252e-05
CIFAR10 epoch 998/1000 iteration 195/195 loss=63.4013 lr=1.01006e-05
CIFAR10 epoch 999/1000 iteration 50/195 loss=62.8963 lr=1.00765e-05
CIFAR10 epoch 999/1000 iteration 100/195 loss=62.9972 lr=1.00556e-05
CIFAR10 epoch 999/1000 iteration 150/195 loss=63.2563 lr=1.00381e-05
CIFAR10 epoch 999/1000 iteration 195/195 loss=63.0580 lr=1.00251e-05
CIFAR10 epoch 1000/1000 iteration 50/195 loss=63.4345 lr=1.00139e-05
CIFAR10 epoch 1000/1000 iteration 100/195 loss=63.4806 lr=1.0006e-05
CIFAR10 epoch 1000/1000 iteration 150/195 loss=63.2877 lr=1.00013e-05
CIFAR10 epoch 1000/1000 iteration 195/195 loss=62.9691 lr=1e-05
[epoch 1000/1000] saved backbone: /home/mmoslem3/scratch/MKDT/krrst_teacher_ckpt/barlow_twins_resnet18_cifar10.pt
Training complete.
Teacher backbone: /home/mmoslem3/scratch/MKDT/krrst_teacher_ckpt/barlow_twins_resnet18_cifar10.pt
get_target_rep.py will find this checkpoint automatically when called with --dataset CIFAR10 --ckpt_dir /home/mmoslem3/scratch/MKDT/krrst_teacher_ckpt
Finished CIFAR-10 teacher at Tue Sep 29 12:18:51 AM EDT 2026
