config_id,target,model,ssl_method,method,subset_percentage,label_percentage,source_id,ssl_epochs,runs,label_policy,probe_epochs,estimated_minutes,walltime,job_script,completed_runs,mean_percent,std_percent,status
CIFAR100_ConvNet_simclr_random_size1_lbl1,CIFAR100,ConvNet,simclr,random,1,1,ConvNet_simclr_random_size1,5000,10,random,500,0.94,0-01:05:00,benchmarks/downstream/jobs/evaluate/CIFAR100_ConvNet_simclr_random_size1_lbl1.sh,10,9.54299971461296,0.5875002945311156,complete
CIFAR100_ConvNet_simclr_random_size1_lbl5,CIFAR100,ConvNet,simclr,random,1,5,ConvNet_simclr_random_size1,5000,10,random,300,1.14,0-01:05:00,benchmarks/downstream/jobs/evaluate/CIFAR100_ConvNet_simclr_random_size1_lbl5.sh,10,19.046999514102936,0.48912722556832405,complete
CIFAR100_ConvNet_simclr_random_size2_lbl1,CIFAR100,ConvNet,simclr,random,2,1,ConvNet_simclr_random_size2,4000,10,random,500,0.94,0-01:05:00,benchmarks/downstream/jobs/evaluate/CIFAR100_ConvNet_simclr_random_size2_lbl1.sh,10,10.302999839186668,0.5280582123612843,complete
CIFAR100_ConvNet_simclr_random_size2_lbl5,CIFAR100,ConvNet,simclr,random,2,5,ConvNet_simclr_random_size2,4000,10,random,300,1.14,0-01:05:00,benchmarks/downstream/jobs/evaluate/CIFAR100_ConvNet_simclr_random_size2_lbl5.sh,10,20.280999690294266,0.40926654859543193,complete
CIFAR100_ConvNet_simclr_random_size5_lbl1,CIFAR100,ConvNet,simclr,random,5,1,ConvNet_simclr_random_size5,3000,10,random,500,0.94,0-01:05:00,benchmarks/downstream/jobs/evaluate/CIFAR100_ConvNet_simclr_random_size5_lbl1.sh,10,10.815999656915665,0.6198424213078163,complete
CIFAR100_ConvNet_simclr_random_size5_lbl5,CIFAR100,ConvNet,simclr,random,5,5,ConvNet_simclr_random_size5,3000,10,random,300,1.14,0-01:05:00,benchmarks/downstream/jobs/evaluate/CIFAR100_ConvNet_simclr_random_size5_lbl5.sh,10,21.42399936914444,0.3558779252752336,complete
CIFAR100_ConvNet_simclr_kmeans_size1_lbl1,CIFAR100,ConvNet,simclr,kmeans,1,1,ConvNet_simclr_kmeans_size1,5000,10,random,500,0.94,0-01:05:00,benchmarks/downstream/jobs/evaluate/CIFAR100_ConvNet_simclr_kmeans_size1_lbl1.sh,10,9.493999853730202,0.6805585920243806,complete
CIFAR100_ConvNet_simclr_kmeans_size1_lbl5,CIFAR100,ConvNet,simclr,kmeans,1,5,ConvNet_simclr_kmeans_size1,5000,10,random,300,1.14,0-01:05:00,benchmarks/downstream/jobs/evaluate/CIFAR100_ConvNet_simclr_kmeans_size1_lbl5.sh,10,19.05999943614006,0.4196295779725865,complete
CIFAR100_ConvNet_simclr_kmeans_size2_lbl1,CIFAR100,ConvNet,simclr,kmeans,2,1,ConvNet_simclr_kmeans_size2,4000,10,random,500,0.94,0-01:05:00,benchmarks/downstream/jobs/evaluate/CIFAR100_ConvNet_simclr_kmeans_size2_lbl1.sh,10,10.262999683618546,0.6582140110756939,complete
CIFAR100_ConvNet_simclr_kmeans_size2_lbl5,CIFAR100,ConvNet,simclr,kmeans,2,5,ConvNet_simclr_kmeans_size2,4000,10,random,300,1.14,0-01:05:00,benchmarks/downstream/jobs/evaluate/CIFAR100_ConvNet_simclr_kmeans_size2_lbl5.sh,10,20.30199944972992,0.4760672818495635,complete
CIFAR100_ConvNet_simclr_kmeans_size5_lbl1,CIFAR100,ConvNet,simclr,kmeans,5,1,ConvNet_simclr_kmeans_size5,3000,10,random,500,0.94,0-01:05:00,benchmarks/downstream/jobs/evaluate/CIFAR100_ConvNet_simclr_kmeans_size5_lbl1.sh,10,10.865999832749367,0.5754071091625879,complete
CIFAR100_ConvNet_simclr_kmeans_size5_lbl5,CIFAR100,ConvNet,simclr,kmeans,5,5,ConvNet_simclr_kmeans_size5,3000,10,random,300,1.14,0-01:05:00,benchmarks/downstream/jobs/evaluate/CIFAR100_ConvNet_simclr_kmeans_size5_lbl5.sh,10,21.344999372959137,0.4310003544779597,complete
CIFAR100_ConvNet_barlowtwins_random_size1_lbl1,CIFAR100,ConvNet,barlowtwins,random,1,1,ConvNet_barlowtwins_random_size1,10000,10,random,500,0.94,0-01:05:00,benchmarks/downstream/jobs/evaluate/CIFAR100_ConvNet_barlowtwins_random_size1_lbl1.sh,10,9.030999764800072,0.7441244278178909,complete
CIFAR100_ConvNet_barlowtwins_random_size1_lbl5,CIFAR100,ConvNet,barlowtwins,random,1,5,ConvNet_barlowtwins_random_size1,10000,10,random,300,1.14,0-01:05:00,benchmarks/downstream/jobs/evaluate/CIFAR100_ConvNet_barlowtwins_random_size1_lbl5.sh,10,18.612999767065048,0.623432323791621,complete
CIFAR100_ConvNet_barlowtwins_random_size2_lbl1,CIFAR100,ConvNet,barlowtwins,random,2,1,ConvNet_barlowtwins_random_size2,8000,10,random,500,0.94,0-01:05:00,benchmarks/downstream/jobs/evaluate/CIFAR100_ConvNet_barlowtwins_random_size2_lbl1.sh,10,9.783999621868134,0.7058044158727435,complete
CIFAR100_ConvNet_barlowtwins_random_size2_lbl5,CIFAR100,ConvNet,barlowtwins,random,2,5,ConvNet_barlowtwins_random_size2,8000,10,random,300,1.14,0-01:05:00,benchmarks/downstream/jobs/evaluate/CIFAR100_ConvNet_barlowtwins_random_size2_lbl5.sh,10,19.870999455451965,0.5966843966083446,complete
CIFAR100_ConvNet_barlowtwins_random_size5_lbl1,CIFAR100,ConvNet,barlowtwins,random,5,1,ConvNet_barlowtwins_random_size5,6000,10,random,500,0.94,0-01:05:00,benchmarks/downstream/jobs/evaluate/CIFAR100_ConvNet_barlowtwins_random_size5_lbl1.sh,10,9.942999705672264,0.7305256602323266,complete
CIFAR100_ConvNet_barlowtwins_random_size5_lbl5,CIFAR100,ConvNet,barlowtwins,random,5,5,ConvNet_barlowtwins_random_size5,6000,10,random,300,1.14,0-01:05:00,benchmarks/downstream/jobs/evaluate/CIFAR100_ConvNet_barlowtwins_random_size5_lbl5.sh,10,19.291999638080597,0.5952737119841123,complete
CIFAR100_ConvNet_barlowtwins_kmeans_size1_lbl1,CIFAR100,ConvNet,barlowtwins,kmeans,1,1,ConvNet_barlowtwins_kmeans_size1,10000,10,random,500,0.94,0-01:05:00,benchmarks/downstream/jobs/evaluate/CIFAR100_ConvNet_barlowtwins_kmeans_size1_lbl1.sh,10,8.657999783754349,0.6044611462244477,complete
CIFAR100_ConvNet_barlowtwins_kmeans_size1_lbl5,CIFAR100,ConvNet,barlowtwins,kmeans,1,5,ConvNet_barlowtwins_kmeans_size1,10000,10,random,300,1.14,0-01:05:00,benchmarks/downstream/jobs/evaluate/CIFAR100_ConvNet_barlowtwins_kmeans_size1_lbl5.sh,10,18.006999641656876,0.8176396045393748,complete
CIFAR100_ConvNet_barlowtwins_kmeans_size2_lbl1,CIFAR100,ConvNet,barlowtwins,kmeans,2,1,ConvNet_barlowtwins_kmeans_size2,8000,10,random,500,0.94,0-01:05:00,benchmarks/downstream/jobs/evaluate/CIFAR100_ConvNet_barlowtwins_kmeans_size2_lbl1.sh,10,9.488999843597412,0.43569746002993226,complete
CIFAR100_ConvNet_barlowtwins_kmeans_size2_lbl5,CIFAR100,ConvNet,barlowtwins,kmeans,2,5,ConvNet_barlowtwins_kmeans_size2,8000,10,random,300,1.14,0-01:05:00,benchmarks/downstream/jobs/evaluate/CIFAR100_ConvNet_barlowtwins_kmeans_size2_lbl5.sh,10,19.549999684095383,0.6267376638585406,complete
CIFAR100_ConvNet_barlowtwins_kmeans_size5_lbl1,CIFAR100,ConvNet,barlowtwins,kmeans,5,1,ConvNet_barlowtwins_kmeans_size5,6000,10,random,500,0.94,0-01:05:00,benchmarks/downstream/jobs/evaluate/CIFAR100_ConvNet_barlowtwins_kmeans_size5_lbl1.sh,10,9.921999722719193,0.6365148032602428,complete
CIFAR100_ConvNet_barlowtwins_kmeans_size5_lbl5,CIFAR100,ConvNet,barlowtwins,kmeans,5,5,ConvNet_barlowtwins_kmeans_size5,6000,10,random,300,1.14,0-01:05:00,benchmarks/downstream/jobs/evaluate/CIFAR100_ConvNet_barlowtwins_kmeans_size5_lbl5.sh,10,19.222999662160873,0.6658001509795345,complete
CIFAR100_ConvNet_none_no_pretrain_size0_lbl1,CIFAR100,ConvNet,none,no_pretrain,0,1,none,0,10,random,500,0.94,0-01:05:00,benchmarks/downstream/jobs/evaluate/CIFAR100_ConvNet_none_no_pretrain_size0_lbl1.sh,10,7.77799978852272,0.5597975719028767,complete
CIFAR100_ConvNet_none_no_pretrain_size0_lbl5,CIFAR100,ConvNet,none,no_pretrain,0,5,none,0,10,random,300,1.14,0-01:05:00,benchmarks/downstream/jobs/evaluate/CIFAR100_ConvNet_none_no_pretrain_size0_lbl5.sh,10,16.4199997484684,0.34848883261672037,complete
CIFAR100_VGG11_simclr_random_size1_lbl1,CIFAR100,VGG11,simclr,random,1,1,VGG11_simclr_random_size1,5000,10,random,500,0.93,0-01:05:00,benchmarks/downstream/jobs/evaluate/CIFAR100_VGG11_simclr_random_size1_lbl1.sh,10,4.555999971926212,0.4606082737711284,complete
CIFAR100_VGG11_simclr_random_size1_lbl5,CIFAR100,VGG11,simclr,random,1,5,VGG11_simclr_random_size1,5000,10,random,300,1.11,0-01:05:00,benchmarks/downstream/jobs/evaluate/CIFAR100_VGG11_simclr_random_size1_lbl5.sh,10,7.630999758839607,0.30584836362446094,complete
CIFAR100_VGG11_simclr_random_size2_lbl1,CIFAR100,VGG11,simclr,random,2,1,VGG11_simclr_random_size2,4000,10,random,500,0.93,0-01:05:00,benchmarks/downstream/jobs/evaluate/CIFAR100_VGG11_simclr_random_size2_lbl1.sh,10,4.860999882221222,0.4838147147988946,complete
CIFAR100_VGG11_simclr_random_size2_lbl5,CIFAR100,VGG11,simclr,random,2,5,VGG11_simclr_random_size2,4000,10,random,300,1.11,0-01:05:00,benchmarks/downstream/jobs/evaluate/CIFAR100_VGG11_simclr_random_size2_lbl5.sh,10,8.251999914646149,0.3752866279810986,complete
CIFAR100_VGG11_simclr_random_size5_lbl1,CIFAR100,VGG11,simclr,random,5,1,VGG11_simclr_random_size5,3000,10,random,500,0.93,0-01:05:00,benchmarks/downstream/jobs/evaluate/CIFAR100_VGG11_simclr_random_size5_lbl1.sh,10,5.494999885559082,0.3378773398980844,complete
CIFAR100_VGG11_simclr_random_size5_lbl5,CIFAR100,VGG11,simclr,random,5,5,VGG11_simclr_random_size5,3000,10,random,300,1.11,0-01:05:00,benchmarks/downstream/jobs/evaluate/CIFAR100_VGG11_simclr_random_size5_lbl5.sh,10,9.452999830245972,0.46021847859975407,complete
CIFAR100_VGG11_simclr_kmeans_size1_lbl1,CIFAR100,VGG11,simclr,kmeans,1,1,VGG11_simclr_kmeans_size1,5000,10,random,500,0.93,0-01:05:00,benchmarks/downstream/jobs/evaluate/CIFAR100_VGG11_simclr_kmeans_size1_lbl1.sh,10,4.295999892055988,0.44974559613487497,complete
CIFAR100_VGG11_simclr_kmeans_size1_lbl5,CIFAR100,VGG11,simclr,kmeans,1,5,VGG11_simclr_kmeans_size1,5000,10,random,300,1.11,0-01:05:00,benchmarks/downstream/jobs/evaluate/CIFAR100_VGG11_simclr_kmeans_size1_lbl5.sh,10,7.380999848246574,0.21956772589501922,complete
CIFAR100_VGG11_simclr_kmeans_size2_lbl1,CIFAR100,VGG11,simclr,kmeans,2,1,VGG11_simclr_kmeans_size2,4000,10,random,500,0.93,0-01:05:00,benchmarks/downstream/jobs/evaluate/CIFAR100_VGG11_simclr_kmeans_size2_lbl1.sh,10,4.815999828279018,0.2742342442800394,complete
CIFAR100_VGG11_simclr_kmeans_size2_lbl5,CIFAR100,VGG11,simclr,kmeans,2,5,VGG11_simclr_kmeans_size2,4000,10,random,300,1.11,0-01:05:00,benchmarks/downstream/jobs/evaluate/CIFAR100_VGG11_simclr_kmeans_size2_lbl5.sh,10,8.161999806761742,0.4016852780624116,complete
CIFAR100_VGG11_simclr_kmeans_size5_lbl1,CIFAR100,VGG11,simclr,kmeans,5,1,VGG11_simclr_kmeans_size5,3000,10,random,500,0.93,0-01:05:00,benchmarks/downstream/jobs/evaluate/CIFAR100_VGG11_simclr_kmeans_size5_lbl1.sh,10,5.370999835431576,0.5061719120254176,complete
CIFAR100_VGG11_simclr_kmeans_size5_lbl5,CIFAR100,VGG11,simclr,kmeans,5,5,VGG11_simclr_kmeans_size5,3000,10,random,300,1.11,0-01:05:00,benchmarks/downstream/jobs/evaluate/CIFAR100_VGG11_simclr_kmeans_size5_lbl5.sh,10,9.527999684214592,0.5399136146195276,complete
CIFAR100_VGG11_barlowtwins_random_size1_lbl1,CIFAR100,VGG11,barlowtwins,random,1,1,VGG11_barlowtwins_random_size1,10000,10,random,500,0.93,0-01:05:00,benchmarks/downstream/jobs/evaluate/CIFAR100_VGG11_barlowtwins_random_size1_lbl1.sh,10,1.3809999730437994,0.5139703520285581,complete
CIFAR100_VGG11_barlowtwins_random_size1_lbl5,CIFAR100,VGG11,barlowtwins,random,1,5,VGG11_barlowtwins_random_size1,10000,10,random,300,1.11,0-01:05:00,benchmarks/downstream/jobs/evaluate/CIFAR100_VGG11_barlowtwins_random_size1_lbl5.sh,10,1.9679999444633722,1.0186134002649216,complete
CIFAR100_VGG11_barlowtwins_random_size2_lbl1,CIFAR100,VGG11,barlowtwins,random,2,1,VGG11_barlowtwins_random_size2,8000,10,random,500,0.93,0-01:05:00,benchmarks/downstream/jobs/evaluate/CIFAR100_VGG11_barlowtwins_random_size2_lbl1.sh,10,1.8789999652653933,0.8208863772927879,complete
CIFAR100_VGG11_barlowtwins_random_size2_lbl5,CIFAR100,VGG11,barlowtwins,random,2,5,VGG11_barlowtwins_random_size2,8000,10,random,300,1.11,0-01:05:00,benchmarks/downstream/jobs/evaluate/CIFAR100_VGG11_barlowtwins_random_size2_lbl5.sh,10,2.7629999723285437,1.3186529340518565,complete
CIFAR100_VGG11_barlowtwins_random_size5_lbl1,CIFAR100,VGG11,barlowtwins,random,5,1,VGG11_barlowtwins_random_size5,6000,10,random,500,0.93,0-01:05:00,benchmarks/downstream/jobs/evaluate/CIFAR100_VGG11_barlowtwins_random_size5_lbl1.sh,10,2.139999968931079,0.6699751505449046,complete
CIFAR100_VGG11_barlowtwins_random_size5_lbl5,CIFAR100,VGG11,barlowtwins,random,5,5,VGG11_barlowtwins_random_size5,6000,10,random,300,1.11,0-01:05:00,benchmarks/downstream/jobs/evaluate/CIFAR100_VGG11_barlowtwins_random_size5_lbl5.sh,10,3.663999903947115,0.7573081099180711,complete
CIFAR100_VGG11_barlowtwins_kmeans_size1_lbl1,CIFAR100,VGG11,barlowtwins,kmeans,1,1,VGG11_barlowtwins_kmeans_size1,10000,10,random,500,0.93,0-01:05:00,benchmarks/downstream/jobs/evaluate/CIFAR100_VGG11_barlowtwins_kmeans_size1_lbl1.sh,10,1.6099999565631151,0.5595235933327228,complete
CIFAR100_VGG11_barlowtwins_kmeans_size1_lbl5,CIFAR100,VGG11,barlowtwins,kmeans,1,5,VGG11_barlowtwins_kmeans_size1,10000,10,random,300,1.11,0-01:05:00,benchmarks/downstream/jobs/evaluate/CIFAR100_VGG11_barlowtwins_kmeans_size1_lbl5.sh,10,2.1369999554008245,0.824554425433542,complete
CIFAR100_VGG11_barlowtwins_kmeans_size2_lbl1,CIFAR100,VGG11,barlowtwins,kmeans,2,1,VGG11_barlowtwins_kmeans_size2,8000,10,random,500,0.93,0-01:05:00,benchmarks/downstream/jobs/evaluate/CIFAR100_VGG11_barlowtwins_kmeans_size2_lbl1.sh,10,1.6359999496489763,0.7618135829869815,complete
CIFAR100_VGG11_barlowtwins_kmeans_size2_lbl5,CIFAR100,VGG11,barlowtwins,kmeans,2,5,VGG11_barlowtwins_kmeans_size2,8000,10,random,300,1.11,0-01:05:00,benchmarks/downstream/jobs/evaluate/CIFAR100_VGG11_barlowtwins_kmeans_size2_lbl5.sh,10,2.1179999131709337,0.9346395231848864,complete
CIFAR100_VGG11_barlowtwins_kmeans_size5_lbl1,CIFAR100,VGG11,barlowtwins,kmeans,5,1,VGG11_barlowtwins_kmeans_size5,6000,10,random,500,0.93,0-01:05:00,benchmarks/downstream/jobs/evaluate/CIFAR100_VGG11_barlowtwins_kmeans_size5_lbl1.sh,10,1.8329999409615993,0.6156126081875133,complete
CIFAR100_VGG11_barlowtwins_kmeans_size5_lbl5,CIFAR100,VGG11,barlowtwins,kmeans,5,5,VGG11_barlowtwins_kmeans_size5,6000,10,random,300,1.11,0-01:05:00,benchmarks/downstream/jobs/evaluate/CIFAR100_VGG11_barlowtwins_kmeans_size5_lbl5.sh,10,2.9649998992681503,1.0955997368510157,complete
CIFAR100_VGG11_none_no_pretrain_size0_lbl1,CIFAR100,VGG11,none,no_pretrain,0,1,none,0,10,random,500,0.93,0-01:05:00,benchmarks/downstream/jobs/evaluate/CIFAR100_VGG11_none_no_pretrain_size0_lbl1.sh,10,1.7229999881237745,0.18288125292129478,complete
CIFAR100_VGG11_none_no_pretrain_size0_lbl5,CIFAR100,VGG11,none,no_pretrain,0,5,none,0,10,random,300,1.11,0-01:05:00,benchmarks/downstream/jobs/evaluate/CIFAR100_VGG11_none_no_pretrain_size0_lbl5.sh,10,2.886999938637018,0.2413871850704437,complete
CIFAR100_ResNet18_simclr_random_size1_lbl1,CIFAR100,ResNet18,simclr,random,1,1,ResNet18_simclr_random_size1,5000,10,random,500,1.04,0-01:05:00,benchmarks/downstream/jobs/evaluate/CIFAR100_ResNet18_simclr_random_size1_lbl1.sh,10,5.702999867498875,0.45879193756083475,complete
CIFAR100_ResNet18_simclr_random_size1_lbl5,CIFAR100,ResNet18,simclr,random,1,5,ResNet18_simclr_random_size1,5000,10,random,300,1.46,0-01:05:00,benchmarks/downstream/jobs/evaluate/CIFAR100_ResNet18_simclr_random_size1_lbl5.sh,10,10.074999704957008,0.6175083750516569,complete
CIFAR100_ResNet18_simclr_random_size2_lbl1,CIFAR100,ResNet18,simclr,random,2,1,ResNet18_simclr_random_size2,4000,10,random,500,1.04,0-01:05:00,benchmarks/downstream/jobs/evaluate/CIFAR100_ResNet18_simclr_random_size2_lbl1.sh,10,5.988999903202057,0.5520960242196185,complete
CIFAR100_ResNet18_simclr_random_size2_lbl5,CIFAR100,ResNet18,simclr,random,2,5,ResNet18_simclr_random_size2,4000,10,random,300,1.46,0-01:05:00,benchmarks/downstream/jobs/evaluate/CIFAR100_ResNet18_simclr_random_size2_lbl5.sh,10,10.308999791741371,0.4929153830632308,complete
CIFAR100_ResNet18_simclr_random_size5_lbl1,CIFAR100,ResNet18,simclr,random,5,1,ResNet18_simclr_random_size5,3000,10,random,500,1.04,0-01:05:00,benchmarks/downstream/jobs/evaluate/CIFAR100_ResNet18_simclr_random_size5_lbl1.sh,10,6.042999811470509,0.6677499094487269,complete
CIFAR100_ResNet18_simclr_random_size5_lbl5,CIFAR100,ResNet18,simclr,random,5,5,ResNet18_simclr_random_size5,3000,10,random,300,1.46,0-01:05:00,benchmarks/downstream/jobs/evaluate/CIFAR100_ResNet18_simclr_random_size5_lbl5.sh,10,10.214999616146088,0.4293470675208593,complete
CIFAR100_ResNet18_simclr_kmeans_size1_lbl1,CIFAR100,ResNet18,simclr,kmeans,1,1,ResNet18_simclr_kmeans_size1,5000,10,random,500,1.04,0-01:05:00,benchmarks/downstream/jobs/evaluate/CIFAR100_ResNet18_simclr_kmeans_size1_lbl1.sh,10,5.607999823987484,0.26728261887523386,complete
CIFAR100_ResNet18_simclr_kmeans_size1_lbl5,CIFAR100,ResNet18,simclr,kmeans,1,5,ResNet18_simclr_kmeans_size1,5000,10,random,300,1.46,0-01:05:00,benchmarks/downstream/jobs/evaluate/CIFAR100_ResNet18_simclr_kmeans_size1_lbl5.sh,10,9.696999713778496,0.46609602493092606,complete
CIFAR100_ResNet18_simclr_kmeans_size2_lbl1,CIFAR100,ResNet18,simclr,kmeans,2,1,ResNet18_simclr_kmeans_size2,4000,10,random,500,1.04,0-01:05:00,benchmarks/downstream/jobs/evaluate/CIFAR100_ResNet18_simclr_kmeans_size2_lbl1.sh,10,5.7989998906850815,0.3578159369624522,complete
CIFAR100_ResNet18_simclr_kmeans_size2_lbl5,CIFAR100,ResNet18,simclr,kmeans,2,5,ResNet18_simclr_kmeans_size2,4000,10,random,300,1.46,0-01:05:00,benchmarks/downstream/jobs/evaluate/CIFAR100_ResNet18_simclr_kmeans_size2_lbl5.sh,10,10.21399974822998,0.31503791144224585,complete
CIFAR100_ResNet18_simclr_kmeans_size5_lbl1,CIFAR100,ResNet18,simclr,kmeans,5,1,ResNet18_simclr_kmeans_size5,3000,10,random,500,1.04,0-01:05:00,benchmarks/downstream/jobs/evaluate/CIFAR100_ResNet18_simclr_kmeans_size5_lbl1.sh,10,5.820999816060066,0.47762022641471613,complete
CIFAR100_ResNet18_simclr_kmeans_size5_lbl5,CIFAR100,ResNet18,simclr,kmeans,5,5,ResNet18_simclr_kmeans_size5,3000,10,random,300,1.46,0-01:05:00,benchmarks/downstream/jobs/evaluate/CIFAR100_ResNet18_simclr_kmeans_size5_lbl5.sh,10,9.989999830722809,0.5646827067960477,complete
CIFAR100_ResNet18_barlowtwins_random_size1_lbl1,CIFAR100,ResNet18,barlowtwins,random,1,1,ResNet18_barlowtwins_random_size1,10000,10,random,500,1.04,0-01:05:00,benchmarks/downstream/jobs/evaluate/CIFAR100_ResNet18_barlowtwins_random_size1_lbl1.sh,10,4.3219999223947525,0.38591304884559585,complete
CIFAR100_ResNet18_barlowtwins_random_size1_lbl5,CIFAR100,ResNet18,barlowtwins,random,1,5,ResNet18_barlowtwins_random_size1,10000,10,random,300,1.46,0-01:05:00,benchmarks/downstream/jobs/evaluate/CIFAR100_ResNet18_barlowtwins_random_size1_lbl5.sh,10,7.153999879956245,0.31542550513600565,complete
CIFAR100_ResNet18_barlowtwins_random_size2_lbl1,CIFAR100,ResNet18,barlowtwins,random,2,1,ResNet18_barlowtwins_random_size2,8000,10,random,500,1.04,0-01:05:00,benchmarks/downstream/jobs/evaluate/CIFAR100_ResNet18_barlowtwins_random_size2_lbl1.sh,10,4.068999886512756,0.617115990978322,complete
CIFAR100_ResNet18_barlowtwins_random_size2_lbl5,CIFAR100,ResNet18,barlowtwins,random,2,5,ResNet18_barlowtwins_random_size2,8000,10,random,300,1.46,0-01:05:00,benchmarks/downstream/jobs/evaluate/CIFAR100_ResNet18_barlowtwins_random_size2_lbl5.sh,10,6.69799979776144,0.6969743485885687,complete
CIFAR100_ResNet18_barlowtwins_random_size5_lbl1,CIFAR100,ResNet18,barlowtwins,random,5,1,ResNet18_barlowtwins_random_size5,6000,10,random,500,1.04,0-01:05:00,benchmarks/downstream/jobs/evaluate/CIFAR100_ResNet18_barlowtwins_random_size5_lbl1.sh,10,2.4939999263733625,0.5266919707901657,complete
CIFAR100_ResNet18_barlowtwins_random_size5_lbl5,CIFAR100,ResNet18,barlowtwins,random,5,5,ResNet18_barlowtwins_random_size5,6000,10,random,300,1.46,0-01:05:00,benchmarks/downstream/jobs/evaluate/CIFAR100_ResNet18_barlowtwins_random_size5_lbl5.sh,10,4.9059998616576195,0.5672780667084092,complete
CIFAR100_ResNet18_barlowtwins_kmeans_size1_lbl1,CIFAR100,ResNet18,barlowtwins,kmeans,1,1,ResNet18_barlowtwins_kmeans_size1,10000,10,random,500,1.04,0-01:05:00,benchmarks/downstream/jobs/evaluate/CIFAR100_ResNet18_barlowtwins_kmeans_size1_lbl1.sh,10,4.242999851703644,0.34919110419802135,complete
CIFAR100_ResNet18_barlowtwins_kmeans_size1_lbl5,CIFAR100,ResNet18,barlowtwins,kmeans,1,5,ResNet18_barlowtwins_kmeans_size1,10000,10,random,300,1.46,0-01:05:00,benchmarks/downstream/jobs/evaluate/CIFAR100_ResNet18_barlowtwins_kmeans_size1_lbl5.sh,10,6.757999807596207,0.38757945314911163,complete
CIFAR100_ResNet18_barlowtwins_kmeans_size2_lbl1,CIFAR100,ResNet18,barlowtwins,kmeans,2,1,ResNet18_barlowtwins_kmeans_size2,8000,10,random,500,1.04,0-01:05:00,benchmarks/downstream/jobs/evaluate/CIFAR100_ResNet18_barlowtwins_kmeans_size2_lbl1.sh,10,4.136999994516373,0.6815839617323232,complete
CIFAR100_ResNet18_barlowtwins_kmeans_size2_lbl5,CIFAR100,ResNet18,barlowtwins,kmeans,2,5,ResNet18_barlowtwins_kmeans_size2,8000,10,random,300,1.46,0-01:05:00,benchmarks/downstream/jobs/evaluate/CIFAR100_ResNet18_barlowtwins_kmeans_size2_lbl5.sh,10,6.647999882698059,0.5770769169598937,complete
CIFAR100_ResNet18_barlowtwins_kmeans_size5_lbl1,CIFAR100,ResNet18,barlowtwins,kmeans,5,1,ResNet18_barlowtwins_kmeans_size5,6000,10,random,500,1.04,0-01:05:00,benchmarks/downstream/jobs/evaluate/CIFAR100_ResNet18_barlowtwins_kmeans_size5_lbl1.sh,10,2.348999921232462,0.577397359309503,complete
CIFAR100_ResNet18_barlowtwins_kmeans_size5_lbl5,CIFAR100,ResNet18,barlowtwins,kmeans,5,5,ResNet18_barlowtwins_kmeans_size5,6000,10,random,300,1.46,0-01:05:00,benchmarks/downstream/jobs/evaluate/CIFAR100_ResNet18_barlowtwins_kmeans_size5_lbl5.sh,10,4.922999888658524,0.45259866060157933,complete
CIFAR100_ResNet18_none_no_pretrain_size0_lbl1,CIFAR100,ResNet18,none,no_pretrain,0,1,none,0,10,random,500,1.04,0-01:05:00,benchmarks/downstream/jobs/evaluate/CIFAR100_ResNet18_none_no_pretrain_size0_lbl1.sh,10,1.6769999451935291,0.15986450038645766,complete
CIFAR100_ResNet18_none_no_pretrain_size0_lbl5,CIFAR100,ResNet18,none,no_pretrain,0,5,none,0,10,random,300,1.46,0-01:05:00,benchmarks/downstream/jobs/evaluate/CIFAR100_ResNet18_none_no_pretrain_size0_lbl5.sh,10,2.8719999082386494,0.3185313057616887,complete
Aircraft_ConvNet_simclr_random_size1_lbl1,Aircraft,ConvNet,simclr,random,1,1,ConvNet_simclr_random_size1,5000,10,random,500,0.88,0-01:05:00,benchmarks/downstream/jobs/evaluate/Aircraft_ConvNet_simclr_random_size1_lbl1.sh,10,2.7692768163979053,0.4443528914567732,complete
Aircraft_ConvNet_simclr_random_size1_lbl5,Aircraft,ConvNet,simclr,random,1,5,ConvNet_simclr_random_size1,5000,10,random,300,0.9,0-01:05:00,benchmarks/downstream/jobs/evaluate/Aircraft_ConvNet_simclr_random_size1_lbl5.sh,10,5.769576691091061,0.38241242911423956,complete
Aircraft_ConvNet_simclr_random_size2_lbl1,Aircraft,ConvNet,simclr,random,2,1,ConvNet_simclr_random_size2,4000,10,random,500,0.88,0-01:05:00,benchmarks/downstream/jobs/evaluate/Aircraft_ConvNet_simclr_random_size2_lbl1.sh,10,2.892289124429226,0.3505204045508334,complete
Aircraft_ConvNet_simclr_random_size2_lbl5,Aircraft,ConvNet,simclr,random,2,5,ConvNet_simclr_random_size2,4000,10,random,300,0.9,0-01:05:00,benchmarks/downstream/jobs/evaluate/Aircraft_ConvNet_simclr_random_size2_lbl5.sh,10,6.084608249366283,0.3627482453568733,complete
Aircraft_ConvNet_simclr_random_size5_lbl1,Aircraft,ConvNet,simclr,random,5,1,ConvNet_simclr_random_size5,3000,10,random,500,0.88,0-01:05:00,benchmarks/downstream/jobs/evaluate/Aircraft_ConvNet_simclr_random_size5_lbl1.sh,10,2.9552954621613026,0.42412968155517583,complete
Aircraft_ConvNet_simclr_random_size5_lbl5,Aircraft,ConvNet,simclr,random,5,5,ConvNet_simclr_random_size5,3000,10,random,300,0.9,0-01:05:00,benchmarks/downstream/jobs/evaluate/Aircraft_ConvNet_simclr_random_size5_lbl5.sh,10,6.408640630543232,0.30439861657864975,complete
Aircraft_ConvNet_simclr_kmeans_size1_lbl1,Aircraft,ConvNet,simclr,kmeans,1,1,ConvNet_simclr_kmeans_size1,5000,10,random,500,0.88,0-01:05:00,benchmarks/downstream/jobs/evaluate/Aircraft_ConvNet_simclr_kmeans_size1_lbl1.sh,10,2.826282512396574,0.3913957787829318,complete
Aircraft_ConvNet_simclr_kmeans_size1_lbl5,Aircraft,ConvNet,simclr,kmeans,1,5,ConvNet_simclr_kmeans_size1,5000,10,random,300,0.9,0-01:05:00,benchmarks/downstream/jobs/evaluate/Aircraft_ConvNet_simclr_kmeans_size1_lbl5.sh,10,5.616561435163021,0.4022340933859404,complete
Aircraft_ConvNet_simclr_kmeans_size2_lbl1,Aircraft,ConvNet,simclr,kmeans,2,1,ConvNet_simclr_kmeans_size2,4000,10,random,500,0.88,0-01:05:00,benchmarks/downstream/jobs/evaluate/Aircraft_ConvNet_simclr_kmeans_size2_lbl1.sh,10,2.898289728909731,0.3983362185383493,complete
Aircraft_ConvNet_simclr_kmeans_size2_lbl5,Aircraft,ConvNet,simclr,kmeans,2,5,ConvNet_simclr_kmeans_size2,4000,10,random,300,0.9,0-01:05:00,benchmarks/downstream/jobs/evaluate/Aircraft_ConvNet_simclr_kmeans_size2_lbl5.sh,10,6.150614805519581,0.32221234168187673,complete
Aircraft_ConvNet_simclr_kmeans_size5_lbl1,Aircraft,ConvNet,simclr,kmeans,5,1,ConvNet_simclr_kmeans_size5,3000,10,random,500,0.88,0-01:05:00,benchmarks/downstream/jobs/evaluate/Aircraft_ConvNet_simclr_kmeans_size5_lbl1.sh,10,3.0123011209070683,0.38893473364391645,complete
Aircraft_ConvNet_simclr_kmeans_size5_lbl5,Aircraft,ConvNet,simclr,kmeans,5,5,ConvNet_simclr_kmeans_size5,3000,10,random,300,0.9,0-01:05:00,benchmarks/downstream/jobs/evaluate/Aircraft_ConvNet_simclr_kmeans_size5_lbl5.sh,10,6.294629238545895,0.3075369259053532,complete
Aircraft_ConvNet_barlowtwins_random_size1_lbl1,Aircraft,ConvNet,barlowtwins,random,1,1,ConvNet_barlowtwins_random_size1,10000,10,random,500,0.88,0-01:05:00,benchmarks/downstream/jobs/evaluate/Aircraft_ConvNet_barlowtwins_random_size1_lbl1.sh,10,2.7572756446897984,0.4083176772437118,complete
Aircraft_ConvNet_barlowtwins_random_size1_lbl5,Aircraft,ConvNet,barlowtwins,random,1,5,ConvNet_barlowtwins_random_size1,10000,10,random,300,0.9,0-01:05:00,benchmarks/downstream/jobs/evaluate/Aircraft_ConvNet_barlowtwins_random_size1_lbl5.sh,10,5.484548211097717,0.2785237527367511,complete
Aircraft_ConvNet_barlowtwins_random_size2_lbl1,Aircraft,ConvNet,barlowtwins,random,2,1,ConvNet_barlowtwins_random_size2,8000,10,random,500,0.88,0-01:05:00,benchmarks/downstream/jobs/evaluate/Aircraft_ConvNet_barlowtwins_random_size2_lbl1.sh,10,2.775277402251959,0.38740157072441556,complete
Aircraft_ConvNet_barlowtwins_random_size2_lbl5,Aircraft,ConvNet,barlowtwins,random,2,5,ConvNet_barlowtwins_random_size2,8000,10,random,300,0.9,0-01:05:00,benchmarks/downstream/jobs/evaluate/Aircraft_ConvNet_barlowtwins_random_size2_lbl5.sh,10,5.307530499994755,0.32788943502782864,complete
Aircraft_ConvNet_barlowtwins_random_size5_lbl1,Aircraft,ConvNet,barlowtwins,random,5,1,ConvNet_barlowtwins_random_size5,6000,10,random,500,0.88,0-01:05:00,benchmarks/downstream/jobs/evaluate/Aircraft_ConvNet_barlowtwins_random_size5_lbl1.sh,10,2.6252624578773975,0.39582993409940964,complete
Aircraft_ConvNet_barlowtwins_random_size5_lbl5,Aircraft,ConvNet,barlowtwins,random,5,5,ConvNet_barlowtwins_random_size5,6000,10,random,300,0.9,0-01:05:00,benchmarks/downstream/jobs/evaluate/Aircraft_ConvNet_barlowtwins_random_size5_lbl5.sh,10,4.263426139950752,0.3491623842686905,complete
Aircraft_ConvNet_barlowtwins_kmeans_size1_lbl1,Aircraft,ConvNet,barlowtwins,kmeans,1,1,ConvNet_barlowtwins_kmeans_size1,10000,10,random,500,0.88,0-01:05:00,benchmarks/downstream/jobs/evaluate/Aircraft_ConvNet_barlowtwins_kmeans_size1_lbl1.sh,10,2.6972696185112,0.34916236257242017,complete
Aircraft_ConvNet_barlowtwins_kmeans_size1_lbl5,Aircraft,ConvNet,barlowtwins,kmeans,1,5,ConvNet_barlowtwins_kmeans_size1,10000,10,random,300,0.9,0-01:05:00,benchmarks/downstream/jobs/evaluate/Aircraft_ConvNet_barlowtwins_kmeans_size1_lbl5.sh,10,5.364536270499229,0.34609814062399286,complete
Aircraft_ConvNet_barlowtwins_kmeans_size2_lbl1,Aircraft,ConvNet,barlowtwins,kmeans,2,1,ConvNet_barlowtwins_kmeans_size2,8000,10,random,500,0.88,0-01:05:00,benchmarks/downstream/jobs/evaluate/Aircraft_ConvNet_barlowtwins_kmeans_size2_lbl1.sh,10,2.760275900363922,0.4209933708849095,complete
Aircraft_ConvNet_barlowtwins_kmeans_size2_lbl5,Aircraft,ConvNet,barlowtwins,kmeans,2,5,ConvNet_barlowtwins_kmeans_size2,8000,10,random,300,0.9,0-01:05:00,benchmarks/downstream/jobs/evaluate/Aircraft_ConvNet_barlowtwins_kmeans_size2_lbl5.sh,10,5.373537205159664,0.430496348047818,complete
Aircraft_ConvNet_barlowtwins_kmeans_size5_lbl1,Aircraft,ConvNet,barlowtwins,kmeans,5,1,ConvNet_barlowtwins_kmeans_size5,6000,10,random,500,0.88,0-01:05:00,benchmarks/downstream/jobs/evaluate/Aircraft_ConvNet_barlowtwins_kmeans_size5_lbl1.sh,10,2.544254306703806,0.36412430179494776,complete
Aircraft_ConvNet_barlowtwins_kmeans_size5_lbl5,Aircraft,ConvNet,barlowtwins,kmeans,5,5,ConvNet_barlowtwins_kmeans_size5,6000,10,random,300,0.9,0-01:05:00,benchmarks/downstream/jobs/evaluate/Aircraft_ConvNet_barlowtwins_kmeans_size5_lbl5.sh,10,4.422442093491554,0.3156896244426832,complete
Aircraft_ConvNet_none_no_pretrain_size0_lbl1,Aircraft,ConvNet,none,no_pretrain,0,1,none,0,10,random,500,0.88,0-01:05:00,benchmarks/downstream/jobs/evaluate/Aircraft_ConvNet_none_no_pretrain_size0_lbl1.sh,10,2.556255515664816,0.37972206197642905,complete
Aircraft_ConvNet_none_no_pretrain_size0_lbl5,Aircraft,ConvNet,none,no_pretrain,0,5,none,0,10,random,300,0.9,0-01:05:00,benchmarks/downstream/jobs/evaluate/Aircraft_ConvNet_none_no_pretrain_size0_lbl5.sh,10,5.592559054493904,0.40530591818532596,complete
Aircraft_VGG11_simclr_random_size1_lbl1,Aircraft,VGG11,simclr,random,1,1,VGG11_simclr_random_size1,5000,10,random,500,0.88,0-01:05:00,benchmarks/downstream/jobs/evaluate/Aircraft_VGG11_simclr_random_size1_lbl1.sh,10,1.81818176060915,0.32933521056412457,complete
Aircraft_VGG11_simclr_random_size1_lbl5,Aircraft,VGG11,simclr,random,1,5,VGG11_simclr_random_size1,5000,10,random,300,0.89,0-01:05:00,benchmarks/downstream/jobs/evaluate/Aircraft_VGG11_simclr_random_size1_lbl5.sh,10,2.6912689954042435,0.22982722866216354,complete
Aircraft_VGG11_simclr_random_size2_lbl1,Aircraft,VGG11,simclr,random,2,1,VGG11_simclr_random_size2,4000,10,random,500,0.88,0-01:05:00,benchmarks/downstream/jobs/evaluate/Aircraft_VGG11_simclr_random_size2_lbl1.sh,10,1.9141913577914238,0.310127780490277,complete
Aircraft_VGG11_simclr_random_size2_lbl5,Aircraft,VGG11,simclr,random,2,5,VGG11_simclr_random_size2,4000,10,random,300,0.89,0-01:05:00,benchmarks/downstream/jobs/evaluate/Aircraft_VGG11_simclr_random_size2_lbl5.sh,10,2.604260314255953,0.24934399701636198,complete
Aircraft_VGG11_simclr_random_size5_lbl1,Aircraft,VGG11,simclr,random,5,1,VGG11_simclr_random_size5,3000,10,random,500,0.88,0-01:05:00,benchmarks/downstream/jobs/evaluate/Aircraft_VGG11_simclr_random_size5_lbl1.sh,10,1.920191952958703,0.3184655059439741,complete
Aircraft_VGG11_simclr_random_size5_lbl5,Aircraft,VGG11,simclr,random,5,5,VGG11_simclr_random_size5,3000,10,random,300,0.89,0-01:05:00,benchmarks/downstream/jobs/evaluate/Aircraft_VGG11_simclr_random_size5_lbl5.sh,10,2.511251028627157,0.2687460423324935,complete
Aircraft_VGG11_simclr_kmeans_size1_lbl1,Aircraft,VGG11,simclr,kmeans,1,1,VGG11_simclr_kmeans_size1,5000,10,random,500,0.88,0-01:05:00,benchmarks/downstream/jobs/evaluate/Aircraft_VGG11_simclr_kmeans_size1_lbl1.sh,10,1.8811880517750978,0.24087671764762938,complete
Aircraft_VGG11_simclr_kmeans_size1_lbl5,Aircraft,VGG11,simclr,kmeans,1,5,VGG11_simclr_kmeans_size1,5000,10,random,300,0.89,0-01:05:00,benchmarks/downstream/jobs/evaluate/Aircraft_VGG11_simclr_kmeans_size1_lbl5.sh,10,2.46624656021595,0.21901960781706425,complete
Aircraft_VGG11_simclr_kmeans_size2_lbl1,Aircraft,VGG11,simclr,kmeans,2,1,VGG11_simclr_kmeans_size2,4000,10,random,500,0.88,0-01:05:00,benchmarks/downstream/jobs/evaluate/Aircraft_VGG11_simclr_kmeans_size2_lbl1.sh,10,1.7911790497601032,0.2611965563569043,complete
Aircraft_VGG11_simclr_kmeans_size2_lbl5,Aircraft,VGG11,simclr,kmeans,2,5,VGG11_simclr_kmeans_size2,4000,10,random,300,0.89,0-01:05:00,benchmarks/downstream/jobs/evaluate/Aircraft_VGG11_simclr_kmeans_size2_lbl5.sh,10,2.5922591611742973,0.3030814658668171,complete
Aircraft_VGG11_simclr_kmeans_size5_lbl1,Aircraft,VGG11,simclr,kmeans,5,1,VGG11_simclr_kmeans_size5,3000,10,random,500,0.88,0-01:05:00,benchmarks/downstream/jobs/evaluate/Aircraft_VGG11_simclr_kmeans_size5_lbl1.sh,10,1.9051904417574406,0.23761581694304332,complete
Aircraft_VGG11_simclr_kmeans_size5_lbl5,Aircraft,VGG11,simclr,kmeans,5,5,VGG11_simclr_kmeans_size5,3000,10,random,300,0.89,0-01:05:00,benchmarks/downstream/jobs/evaluate/Aircraft_VGG11_simclr_kmeans_size5_lbl5.sh,10,2.508250717073679,0.2538757089781654,complete
Aircraft_VGG11_barlowtwins_random_size1_lbl1,Aircraft,VGG11,barlowtwins,random,1,1,VGG11_barlowtwins_random_size1,10000,10,random,500,0.88,0-01:05:00,benchmarks/downstream/jobs/evaluate/Aircraft_VGG11_barlowtwins_random_size1_lbl1.sh,10,1.3381337653845549,0.2916453308634816,complete
Aircraft_VGG11_barlowtwins_random_size1_lbl5,Aircraft,VGG11,barlowtwins,random,1,5,VGG11_barlowtwins_random_size1,10000,10,random,300,0.89,0-01:05:00,benchmarks/downstream/jobs/evaluate/Aircraft_VGG11_barlowtwins_random_size1_lbl5.sh,10,1.2331232707947493,0.3031639075637021,complete
Aircraft_VGG11_barlowtwins_random_size2_lbl1,Aircraft,VGG11,barlowtwins,random,2,1,VGG11_barlowtwins_random_size2,8000,10,random,500,0.88,0-01:05:00,benchmarks/downstream/jobs/evaluate/Aircraft_VGG11_barlowtwins_random_size2_lbl1.sh,10,1.4371436461806297,0.2954783201544847,complete
Aircraft_VGG11_barlowtwins_random_size2_lbl5,Aircraft,VGG11,barlowtwins,random,2,5,VGG11_barlowtwins_random_size2,8000,10,random,300,0.89,0-01:05:00,benchmarks/downstream/jobs/evaluate/Aircraft_VGG11_barlowtwins_random_size2_lbl5.sh,10,1.275127474218607,0.3559147723129467,complete
Aircraft_VGG11_barlowtwins_random_size5_lbl1,Aircraft,VGG11,barlowtwins,random,5,1,VGG11_barlowtwins_random_size5,6000,10,random,500,0.88,0-01:05:00,benchmarks/downstream/jobs/evaluate/Aircraft_VGG11_barlowtwins_random_size5_lbl1.sh,10,1.3621361553668976,0.2316262793235333,complete
Aircraft_VGG11_barlowtwins_random_size5_lbl5,Aircraft,VGG11,barlowtwins,random,5,5,VGG11_barlowtwins_random_size5,6000,10,random,300,0.89,0-01:05:00,benchmarks/downstream/jobs/evaluate/Aircraft_VGG11_barlowtwins_random_size5_lbl5.sh,10,1.4431442599743605,0.21702396899117835,complete
Aircraft_VGG11_barlowtwins_kmeans_size1_lbl1,Aircraft,VGG11,barlowtwins,kmeans,1,1,VGG11_barlowtwins_kmeans_size1,10000,10,random,500,0.88,0-01:05:00,benchmarks/downstream/jobs/evaluate/Aircraft_VGG11_barlowtwins_kmeans_size1_lbl1.sh,10,1.2421241495758295,0.24668229726616703,complete
Aircraft_VGG11_barlowtwins_kmeans_size1_lbl5,Aircraft,VGG11,barlowtwins,kmeans,1,5,VGG11_barlowtwins_kmeans_size1,10000,10,random,300,0.89,0-01:05:00,benchmarks/downstream/jobs/evaluate/Aircraft_VGG11_barlowtwins_kmeans_size1_lbl5.sh,10,1.1371136736124754,0.2426968724935974,complete
Aircraft_VGG11_barlowtwins_kmeans_size2_lbl1,Aircraft,VGG11,barlowtwins,kmeans,2,1,VGG11_barlowtwins_kmeans_size2,8000,10,random,500,0.88,0-01:05:00,benchmarks/downstream/jobs/evaluate/Aircraft_VGG11_barlowtwins_kmeans_size2_lbl1.sh,10,1.200119974091649,0.2490228869440756,complete
Aircraft_VGG11_barlowtwins_kmeans_size2_lbl5,Aircraft,VGG11,barlowtwins,kmeans,2,5,VGG11_barlowtwins_kmeans_size2,8000,10,random,300,0.89,0-01:05:00,benchmarks/downstream/jobs/evaluate/Aircraft_VGG11_barlowtwins_kmeans_size2_lbl5.sh,10,1.1881187744438648,0.3160062436074586,complete
Aircraft_VGG11_barlowtwins_kmeans_size5_lbl1,Aircraft,VGG11,barlowtwins,kmeans,5,1,VGG11_barlowtwins_kmeans_size5,6000,10,random,500,0.88,0-01:05:00,benchmarks/downstream/jobs/evaluate/Aircraft_VGG11_barlowtwins_kmeans_size5_lbl1.sh,10,1.3261325657367706,0.264903811697631,complete
Aircraft_VGG11_barlowtwins_kmeans_size5_lbl5,Aircraft,VGG11,barlowtwins,kmeans,5,5,VGG11_barlowtwins_kmeans_size5,6000,10,random,300,0.89,0-01:05:00,benchmarks/downstream/jobs/evaluate/Aircraft_VGG11_barlowtwins_kmeans_size5_lbl5.sh,10,1.4011400658637285,0.43709057788537875,complete
Aircraft_VGG11_none_no_pretrain_size0_lbl1,Aircraft,VGG11,none,no_pretrain,0,1,none,0,10,random,500,0.88,0-01:05:00,benchmarks/downstream/jobs/evaluate/Aircraft_VGG11_none_no_pretrain_size0_lbl1.sh,10,1.2331232521682978,0.22158479617509064,complete
Aircraft_VGG11_none_no_pretrain_size0_lbl5,Aircraft,VGG11,none,no_pretrain,0,5,none,0,10,random,300,0.89,0-01:05:00,benchmarks/downstream/jobs/evaluate/Aircraft_VGG11_none_no_pretrain_size0_lbl5.sh,10,1.8571856617927551,0.23516179043206725,complete
Aircraft_ResNet18_simclr_random_size1_lbl1,Aircraft,ResNet18,simclr,random,1,1,ResNet18_simclr_random_size1,5000,10,random,500,0.94,0-01:05:00,benchmarks/downstream/jobs/evaluate/Aircraft_ResNet18_simclr_random_size1_lbl1.sh,10,2.055205451324582,0.25702765160738167,complete
Aircraft_ResNet18_simclr_random_size1_lbl5,Aircraft,ResNet18,simclr,random,1,5,ResNet18_simclr_random_size1,5000,10,random,300,0.96,0-01:05:00,benchmarks/downstream/jobs/evaluate/Aircraft_ResNet18_simclr_random_size1_lbl5.sh,10,2.880287952721119,0.28568573359439586,complete
Aircraft_ResNet18_simclr_random_size2_lbl1,Aircraft,ResNet18,simclr,random,2,1,ResNet18_simclr_random_size2,4000,10,random,500,0.94,0-01:05:00,benchmarks/downstream/jobs/evaluate/Aircraft_ResNet18_simclr_random_size2_lbl1.sh,10,2.1452144533395767,0.2214944685905268,complete
Aircraft_ResNet18_simclr_random_size2_lbl5,Aircraft,ResNet18,simclr,random,2,5,ResNet18_simclr_random_size2,4000,10,random,300,0.96,0-01:05:00,benchmarks/downstream/jobs/evaluate/Aircraft_ResNet18_simclr_random_size2_lbl5.sh,10,2.8292828239500523,0.2753636623176776,complete
Aircraft_ResNet18_simclr_random_size5_lbl1,Aircraft,ResNet18,simclr,random,5,1,ResNet18_simclr_random_size5,3000,10,random,500,0.94,0-01:05:00,benchmarks/downstream/jobs/evaluate/Aircraft_ResNet18_simclr_random_size5_lbl1.sh,10,1.9951994344592094,0.19041336658640645,complete
Aircraft_ResNet18_simclr_random_size5_lbl5,Aircraft,ResNet18,simclr,random,5,5,ResNet18_simclr_random_size5,3000,10,random,300,0.96,0-01:05:00,benchmarks/downstream/jobs/evaluate/Aircraft_ResNet18_simclr_random_size5_lbl5.sh,10,2.4722471460700035,0.27794863228417505,complete
Aircraft_ResNet18_simclr_kmeans_size1_lbl1,Aircraft,ResNet18,simclr,kmeans,1,1,ResNet18_simclr_kmeans_size1,5000,10,random,500,0.94,0-01:05:00,benchmarks/downstream/jobs/evaluate/Aircraft_ResNet18_simclr_kmeans_size1_lbl1.sh,10,2.112211138010025,0.1727598612272525,complete
Aircraft_ResNet18_simclr_kmeans_size1_lbl5,Aircraft,ResNet18,simclr,kmeans,1,5,ResNet18_simclr_kmeans_size1,5000,10,random,300,0.96,0-01:05:00,benchmarks/downstream/jobs/evaluate/Aircraft_ResNet18_simclr_kmeans_size1_lbl5.sh,10,2.913291249424219,0.32451662118528235,complete
Aircraft_ResNet18_simclr_kmeans_size2_lbl1,Aircraft,ResNet18,simclr,kmeans,2,1,ResNet18_simclr_kmeans_size2,4000,10,random,500,0.94,0-01:05:00,benchmarks/downstream/jobs/evaluate/Aircraft_ResNet18_simclr_kmeans_size2_lbl1.sh,10,2.049204856157303,0.25183861694785886,complete
Aircraft_ResNet18_simclr_kmeans_size2_lbl5,Aircraft,ResNet18,simclr,kmeans,2,5,ResNet18_simclr_kmeans_size2,4000,10,random,300,0.96,0-01:05:00,benchmarks/downstream/jobs/evaluate/Aircraft_ResNet18_simclr_kmeans_size2_lbl5.sh,10,2.7992798388004303,0.42760561065654806,complete
Aircraft_ResNet18_simclr_kmeans_size5_lbl1,Aircraft,ResNet18,simclr,kmeans,5,1,ResNet18_simclr_kmeans_size5,3000,10,random,500,0.94,0-01:05:00,benchmarks/downstream/jobs/evaluate/Aircraft_ResNet18_simclr_kmeans_size5_lbl1.sh,10,2.064206339418888,0.31903033670270475,complete
Aircraft_ResNet18_simclr_kmeans_size5_lbl5,Aircraft,ResNet18,simclr,kmeans,5,5,ResNet18_simclr_kmeans_size5,3000,10,random,300,0.96,0-01:05:00,benchmarks/downstream/jobs/evaluate/Aircraft_ResNet18_simclr_kmeans_size5_lbl5.sh,10,2.4632462300360203,0.23216542957943453,complete
Aircraft_ResNet18_barlowtwins_random_size1_lbl1,Aircraft,ResNet18,barlowtwins,random,1,1,ResNet18_barlowtwins_random_size1,10000,10,random,500,0.94,0-01:05:00,benchmarks/downstream/jobs/evaluate/Aircraft_ResNet18_barlowtwins_random_size1_lbl1.sh,10,1.812181156128645,0.37398922919490946,complete
Aircraft_ResNet18_barlowtwins_random_size1_lbl5,Aircraft,ResNet18,barlowtwins,random,1,5,ResNet18_barlowtwins_random_size1,10000,10,random,300,0.96,0-01:05:00,benchmarks/downstream/jobs/evaluate/Aircraft_ResNet18_barlowtwins_random_size1_lbl5.sh,10,2.139213839545846,0.43248975393177014,complete
Aircraft_ResNet18_barlowtwins_random_size2_lbl1,Aircraft,ResNet18,barlowtwins,random,2,1,ResNet18_barlowtwins_random_size2,8000,10,random,500,0.94,0-01:05:00,benchmarks/downstream/jobs/evaluate/Aircraft_ResNet18_barlowtwins_random_size2_lbl1.sh,10,1.6741673648357391,0.24160232280232005,complete
Aircraft_ResNet18_barlowtwins_random_size2_lbl5,Aircraft,ResNet18,barlowtwins,random,2,5,ResNet18_barlowtwins_random_size2,8000,10,random,300,0.96,0-01:05:00,benchmarks/downstream/jobs/evaluate/Aircraft_ResNet18_barlowtwins_random_size2_lbl5.sh,10,1.8691868614405394,0.4552487693359842,complete
Aircraft_ResNet18_barlowtwins_random_size5_lbl1,Aircraft,ResNet18,barlowtwins,random,5,1,ResNet18_barlowtwins_random_size5,6000,10,random,500,0.94,0-01:05:00,benchmarks/downstream/jobs/evaluate/Aircraft_ResNet18_barlowtwins_random_size5_lbl1.sh,10,1.5091508347541094,0.26687867816719585,complete
Aircraft_ResNet18_barlowtwins_random_size5_lbl5,Aircraft,ResNet18,barlowtwins,random,5,5,ResNet18_barlowtwins_random_size5,6000,10,random,300,0.96,0-01:05:00,benchmarks/downstream/jobs/evaluate/Aircraft_ResNet18_barlowtwins_random_size5_lbl5.sh,10,1.3501349557191133,0.23454423120089293,complete
Aircraft_ResNet18_barlowtwins_kmeans_size1_lbl1,Aircraft,ResNet18,barlowtwins,kmeans,1,1,ResNet18_barlowtwins_kmeans_size1,10000,10,random,500,0.94,0-01:05:00,benchmarks/downstream/jobs/evaluate/Aircraft_ResNet18_barlowtwins_kmeans_size1_lbl1.sh,10,1.7431742511689663,0.2801886890248054,complete
Aircraft_ResNet18_barlowtwins_kmeans_size1_lbl5,Aircraft,ResNet18,barlowtwins,kmeans,1,5,ResNet18_barlowtwins_kmeans_size1,10000,10,random,300,0.96,0-01:05:00,benchmarks/downstream/jobs/evaluate/Aircraft_ResNet18_barlowtwins_kmeans_size1_lbl5.sh,10,2.0312030240893364,0.3784688046531528,complete
Aircraft_ResNet18_barlowtwins_kmeans_size2_lbl1,Aircraft,ResNet18,barlowtwins,kmeans,2,1,ResNet18_barlowtwins_kmeans_size2,8000,10,random,500,0.94,0-01:05:00,benchmarks/downstream/jobs/evaluate/Aircraft_ResNet18_barlowtwins_kmeans_size2_lbl1.sh,10,1.5751574467867613,0.31475356421247946,complete
Aircraft_ResNet18_barlowtwins_kmeans_size2_lbl5,Aircraft,ResNet18,barlowtwins,kmeans,2,5,ResNet18_barlowtwins_kmeans_size2,8000,10,random,300,0.96,0-01:05:00,benchmarks/downstream/jobs/evaluate/Aircraft_ResNet18_barlowtwins_kmeans_size2_lbl5.sh,10,1.98019796051085,0.3432543719849317,complete
Aircraft_ResNet18_barlowtwins_kmeans_size5_lbl1,Aircraft,ResNet18,barlowtwins,kmeans,5,1,ResNet18_barlowtwins_kmeans_size5,6000,10,random,500,0.94,0-01:05:00,benchmarks/downstream/jobs/evaluate/Aircraft_ResNet18_barlowtwins_kmeans_size5_lbl1.sh,10,1.5001499652862549,0.3053172813496663,complete
Aircraft_ResNet18_barlowtwins_kmeans_size5_lbl5,Aircraft,ResNet18,barlowtwins,kmeans,5,5,ResNet18_barlowtwins_kmeans_size5,6000,10,random,300,0.96,0-01:05:00,benchmarks/downstream/jobs/evaluate/Aircraft_ResNet18_barlowtwins_kmeans_size5_lbl5.sh,10,1.3651364669203758,0.18071120170699936,complete
Aircraft_ResNet18_none_no_pretrain_size0_lbl1,Aircraft,ResNet18,none,no_pretrain,0,1,none,0,10,random,500,0.94,0-01:05:00,benchmarks/downstream/jobs/evaluate/Aircraft_ResNet18_none_no_pretrain_size0_lbl1.sh,10,1.2241223733872175,0.16782618284355816,complete
Aircraft_ResNet18_none_no_pretrain_size0_lbl5,Aircraft,ResNet18,none,no_pretrain,0,5,none,0,10,random,300,0.96,0-01:05:00,benchmarks/downstream/jobs/evaluate/Aircraft_ResNet18_none_no_pretrain_size0_lbl5.sh,10,1.4641463663429022,0.3091587327923711,complete
CUB2011_ConvNet_simclr_random_size1_lbl1,CUB2011,ConvNet,simclr,random,1,1,ConvNet_simclr_random_size1,5000,10,random,500,0.88,0-01:05:00,benchmarks/downstream/jobs/evaluate/CUB2011_ConvNet_simclr_random_size1_lbl1.sh,10,1.6033827792853117,0.22671067707241072,complete
CUB2011_ConvNet_simclr_random_size1_lbl5,CUB2011,ConvNet,simclr,random,1,5,ConvNet_simclr_random_size1,5000,10,random,300,0.9,0-01:05:00,benchmarks/downstream/jobs/evaluate/CUB2011_ConvNet_simclr_random_size1_lbl5.sh,10,2.3558853939175606,0.3785901010415257,complete
CUB2011_ConvNet_simclr_random_size2_lbl1,CUB2011,ConvNet,simclr,random,2,1,ConvNet_simclr_random_size2,4000,10,random,500,0.88,0-01:05:00,benchmarks/downstream/jobs/evaluate/CUB2011_ConvNet_simclr_random_size2_lbl1.sh,10,1.6275457292795181,0.2553550081048828,complete
CUB2011_ConvNet_simclr_random_size2_lbl5,CUB2011,ConvNet,simclr,random,2,5,ConvNet_simclr_random_size2,4000,10,random,300,0.9,0-01:05:00,benchmarks/downstream/jobs/evaluate/CUB2011_ConvNet_simclr_random_size2_lbl5.sh,10,2.5094925612211227,0.2646665908983939,complete
CUB2011_ConvNet_simclr_random_size5_lbl1,CUB2011,ConvNet,simclr,random,5,1,ConvNet_simclr_random_size5,3000,10,random,500,0.88,0-01:05:00,benchmarks/downstream/jobs/evaluate/CUB2011_ConvNet_simclr_random_size5_lbl1.sh,10,1.7362788878381252,0.2935986790429734,complete
CUB2011_ConvNet_simclr_random_size5_lbl5,CUB2011,ConvNet,simclr,random,5,5,ConvNet_simclr_random_size5,3000,10,random,300,0.9,0-01:05:00,benchmarks/downstream/jobs/evaluate/CUB2011_ConvNet_simclr_random_size5_lbl5.sh,10,2.66827754676342,0.4546897669873698,complete
CUB2011_ConvNet_simclr_kmeans_size1_lbl1,CUB2011,ConvNet,simclr,kmeans,1,1,ConvNet_simclr_kmeans_size1,5000,10,random,500,0.88,0-01:05:00,benchmarks/downstream/jobs/evaluate/CUB2011_ConvNet_simclr_kmeans_size1_lbl1.sh,10,1.5101829450577497,0.2625383503118651,complete
CUB2011_ConvNet_simclr_kmeans_size1_lbl5,CUB2011,ConvNet,simclr,kmeans,1,5,ConvNet_simclr_kmeans_size1,5000,10,random,300,0.9,0-01:05:00,benchmarks/downstream/jobs/evaluate/CUB2011_ConvNet_simclr_kmeans_size1_lbl5.sh,10,2.27304108440876,0.31542921862177536,complete
CUB2011_ConvNet_simclr_kmeans_size2_lbl1,CUB2011,ConvNet,simclr,kmeans,2,1,ConvNet_simclr_kmeans_size2,4000,10,random,500,0.88,0-01:05:00,benchmarks/downstream/jobs/evaluate/CUB2011_ConvNet_simclr_kmeans_size2_lbl1.sh,10,1.6724197193980217,0.23921321170272627,complete
CUB2011_ConvNet_simclr_kmeans_size2_lbl5,CUB2011,ConvNet,simclr,kmeans,2,5,ConvNet_simclr_kmeans_size2,4000,10,random,300,0.9,0-01:05:00,benchmarks/downstream/jobs/evaluate/CUB2011_ConvNet_simclr_kmeans_size2_lbl5.sh,10,2.483603712171316,0.36823740685020245,complete
CUB2011_ConvNet_simclr_kmeans_size5_lbl1,CUB2011,ConvNet,simclr,kmeans,5,1,ConvNet_simclr_kmeans_size5,3000,10,random,500,0.88,0-01:05:00,benchmarks/downstream/jobs/evaluate/CUB2011_ConvNet_simclr_kmeans_size5_lbl1.sh,10,1.7207455821335316,0.31120376545075484,complete
CUB2011_ConvNet_simclr_kmeans_size5_lbl5,CUB2011,ConvNet,simclr,kmeans,5,5,ConvNet_simclr_kmeans_size5,3000,10,random,300,0.9,0-01:05:00,benchmarks/downstream/jobs/evaluate/CUB2011_ConvNet_simclr_kmeans_size5_lbl5.sh,10,2.7027959749102592,0.46083548972120547,complete
CUB2011_ConvNet_barlowtwins_random_size1_lbl1,CUB2011,ConvNet,barlowtwins,random,1,1,ConvNet_barlowtwins_random_size1,10000,10,random,500,0.88,0-01:05:00,benchmarks/downstream/jobs/evaluate/CUB2011_ConvNet_barlowtwins_random_size1_lbl1.sh,10,1.4031756948679686,0.1966257138602007,complete
CUB2011_ConvNet_barlowtwins_random_size1_lbl5,CUB2011,ConvNet,barlowtwins,random,1,5,ConvNet_barlowtwins_random_size1,10000,10,random,300,0.9,0-01:05:00,benchmarks/downstream/jobs/evaluate/CUB2011_ConvNet_barlowtwins_random_size1_lbl5.sh,10,2.2782188653945923,0.339480353497891,complete
CUB2011_ConvNet_barlowtwins_random_size2_lbl1,CUB2011,ConvNet,barlowtwins,random,2,1,ConvNet_barlowtwins_random_size2,8000,10,random,500,0.88,0-01:05:00,benchmarks/downstream/jobs/evaluate/CUB2011_ConvNet_barlowtwins_random_size2_lbl1.sh,10,1.5291680861264467,0.20457026434989659,complete
CUB2011_ConvNet_barlowtwins_random_size2_lbl5,CUB2011,ConvNet,barlowtwins,random,2,5,ConvNet_barlowtwins_random_size2,8000,10,random,300,0.9,0-01:05:00,benchmarks/downstream/jobs/evaluate/CUB2011_ConvNet_barlowtwins_random_size2_lbl5.sh,10,2.4663444608449936,0.34675839100292116,complete
CUB2011_ConvNet_barlowtwins_random_size5_lbl1,CUB2011,ConvNet,barlowtwins,random,5,1,ConvNet_barlowtwins_random_size5,6000,10,random,500,0.88,0-01:05:00,benchmarks/downstream/jobs/evaluate/CUB2011_ConvNet_barlowtwins_random_size5_lbl1.sh,10,1.555056944489479,0.24278395252015267,complete
CUB2011_ConvNet_barlowtwins_random_size5_lbl5,CUB2011,ConvNet,barlowtwins,random,5,5,ConvNet_barlowtwins_random_size5,6000,10,random,300,0.9,0-01:05:00,benchmarks/downstream/jobs/evaluate/CUB2011_ConvNet_barlowtwins_random_size5_lbl5.sh,10,2.404211200773716,0.3328890467087007,complete
CUB2011_ConvNet_barlowtwins_kmeans_size1_lbl1,CUB2011,ConvNet,barlowtwins,kmeans,1,1,ConvNet_barlowtwins_kmeans_size1,10000,10,random,500,0.88,0-01:05:00,benchmarks/downstream/jobs/evaluate/CUB2011_ConvNet_barlowtwins_kmeans_size1_lbl1.sh,10,1.2961684446781874,0.14149530780738592,complete
CUB2011_ConvNet_barlowtwins_kmeans_size1_lbl5,CUB2011,ConvNet,barlowtwins,kmeans,1,5,ConvNet_barlowtwins_kmeans_size1,10000,10,random,300,0.9,0-01:05:00,benchmarks/downstream/jobs/evaluate/CUB2011_ConvNet_barlowtwins_kmeans_size1_lbl5.sh,10,2.0314118079841137,0.24718828109211158,complete
CUB2011_ConvNet_barlowtwins_kmeans_size2_lbl1,CUB2011,ConvNet,barlowtwins,kmeans,2,1,ConvNet_barlowtwins_kmeans_size2,8000,10,random,500,0.88,0-01:05:00,benchmarks/downstream/jobs/evaluate/CUB2011_ConvNet_barlowtwins_kmeans_size2_lbl1.sh,10,1.4428719319403172,0.16071591647117184,complete
CUB2011_ConvNet_barlowtwins_kmeans_size2_lbl5,CUB2011,ConvNet,barlowtwins,kmeans,2,5,ConvNet_barlowtwins_kmeans_size2,8000,10,random,300,0.9,0-01:05:00,benchmarks/downstream/jobs/evaluate/CUB2011_ConvNet_barlowtwins_kmeans_size2_lbl5.sh,10,2.2212633676826954,0.2883491754547907,complete
CUB2011_ConvNet_barlowtwins_kmeans_size5_lbl1,CUB2011,ConvNet,barlowtwins,kmeans,5,1,ConvNet_barlowtwins_kmeans_size5,6000,10,random,500,0.88,0-01:05:00,benchmarks/downstream/jobs/evaluate/CUB2011_ConvNet_barlowtwins_kmeans_size5_lbl1.sh,10,1.5239903144538403,0.26825016628236076,complete
CUB2011_ConvNet_barlowtwins_kmeans_size5_lbl5,CUB2011,ConvNet,barlowtwins,kmeans,5,5,ConvNet_barlowtwins_kmeans_size5,6000,10,random,300,0.9,0-01:05:00,benchmarks/downstream/jobs/evaluate/CUB2011_ConvNet_barlowtwins_kmeans_size5_lbl5.sh,10,2.3420779779553413,0.3422042050981741,complete
CUB2011_ConvNet_none_no_pretrain_size0_lbl1,CUB2011,ConvNet,none,no_pretrain,0,1,none,0,10,random,500,0.88,0-01:05:00,benchmarks/downstream/jobs/evaluate/CUB2011_ConvNet_none_no_pretrain_size0_lbl1.sh,10,1.042457688599825,0.1464946338218346,complete
CUB2011_ConvNet_none_no_pretrain_size0_lbl5,CUB2011,ConvNet,none,no_pretrain,0,5,none,0,10,random,300,0.9,0-01:05:00,benchmarks/downstream/jobs/evaluate/CUB2011_ConvNet_none_no_pretrain_size0_lbl5.sh,10,1.5636865608394146,0.20984148553972026,complete
CUB2011_VGG11_simclr_random_size1_lbl1,CUB2011,VGG11,simclr,random,1,1,VGG11_simclr_random_size1,5000,10,random,500,0.88,0-01:05:00,benchmarks/downstream/jobs/evaluate/CUB2011_VGG11_simclr_random_size1_lbl1.sh,10,0.9423541557043791,0.11454260776090334,complete
CUB2011_VGG11_simclr_random_size1_lbl5,CUB2011,VGG11,simclr,random,1,5,VGG11_simclr_random_size1,5000,10,random,300,0.89,0-01:05:00,benchmarks/downstream/jobs/evaluate/CUB2011_VGG11_simclr_random_size1_lbl5.sh,10,1.1011391039937735,0.1519509651376786,complete
CUB2011_VGG11_simclr_random_size2_lbl1,CUB2011,VGG11,simclr,random,2,1,VGG11_simclr_random_size2,4000,10,random,500,0.88,0-01:05:00,benchmarks/downstream/jobs/evaluate/CUB2011_VGG11_simclr_random_size2_lbl1.sh,10,0.8905764436349273,0.2455964546044562,complete
CUB2011_VGG11_simclr_random_size2_lbl5,CUB2011,VGG11,simclr,random,2,5,VGG11_simclr_random_size2,4000,10,random,300,0.89,0-01:05:00,benchmarks/downstream/jobs/evaluate/CUB2011_VGG11_simclr_random_size2_lbl5.sh,10,1.1511908657848835,0.1957822258055722,complete
CUB2011_VGG11_simclr_random_size5_lbl1,CUB2011,VGG11,simclr,random,5,1,VGG11_simclr_random_size5,3000,10,random,500,0.88,0-01:05:00,benchmarks/downstream/jobs/evaluate/CUB2011_VGG11_simclr_random_size5_lbl1.sh,10,0.8992060832679272,0.0673134686118721,complete
CUB2011_VGG11_simclr_random_size5_lbl5,CUB2011,VGG11,simclr,random,5,5,VGG11_simclr_random_size5,3000,10,random,300,0.89,0-01:05:00,benchmarks/downstream/jobs/evaluate/CUB2011_VGG11_simclr_random_size5_lbl5.sh,10,1.1373834777623415,0.18632335132578348,complete
CUB2011_VGG11_simclr_kmeans_size1_lbl1,CUB2011,VGG11,simclr,kmeans,1,1,VGG11_simclr_kmeans_size1,5000,10,random,500,0.88,0-01:05:00,benchmarks/downstream/jobs/evaluate/CUB2011_VGG11_simclr_kmeans_size1_lbl1.sh,10,0.8215395081788301,0.05764571730449101,complete
CUB2011_VGG11_simclr_kmeans_size1_lbl5,CUB2011,VGG11,simclr,kmeans,1,5,VGG11_simclr_kmeans_size1,5000,10,random,300,0.89,0-01:05:00,benchmarks/downstream/jobs/evaluate/CUB2011_VGG11_simclr_kmeans_size1_lbl5.sh,10,1.12702795304358,0.18464600672870365,complete
CUB2011_VGG11_simclr_kmeans_size2_lbl1,CUB2011,VGG11,simclr,kmeans,2,1,VGG11_simclr_kmeans_size2,4000,10,random,500,0.88,0-01:05:00,benchmarks/downstream/jobs/evaluate/CUB2011_VGG11_simclr_kmeans_size2_lbl1.sh,10,0.9837763104587793,0.11361417703333684,complete
CUB2011_VGG11_simclr_kmeans_size2_lbl5,CUB2011,VGG11,simclr,kmeans,2,5,VGG11_simclr_kmeans_size2,4000,10,random,300,0.89,0-01:05:00,benchmarks/downstream/jobs/evaluate/CUB2011_VGG11_simclr_kmeans_size2_lbl5.sh,10,1.2012426648288965,0.23058290205907306,complete
CUB2011_VGG11_simclr_kmeans_size5_lbl1,CUB2011,VGG11,simclr,kmeans,5,1,VGG11_simclr_kmeans_size5,3000,10,random,500,0.88,0-01:05:00,benchmarks/downstream/jobs/evaluate/CUB2011_VGG11_simclr_kmeans_size5_lbl1.sh,10,0.9147393703460693,0.12445810010613105,complete
CUB2011_VGG11_simclr_kmeans_size5_lbl5,CUB2011,VGG11,simclr,kmeans,5,5,VGG11_simclr_kmeans_size5,3000,10,random,300,0.89,0-01:05:00,benchmarks/downstream/jobs/evaluate/CUB2011_VGG11_simclr_kmeans_size5_lbl5.sh,10,1.2616499792784452,0.17609494110555982,complete
CUB2011_VGG11_barlowtwins_random_size1_lbl1,CUB2011,VGG11,barlowtwins,random,1,1,VGG11_barlowtwins_random_size1,10000,10,random,500,0.88,0-01:05:00,benchmarks/downstream/jobs/evaluate/CUB2011_VGG11_barlowtwins_random_size1_lbl1.sh,10,0.6989989709109068,0.1402736784408207,complete
CUB2011_VGG11_barlowtwins_random_size1_lbl5,CUB2011,VGG11,barlowtwins,random,1,5,VGG11_barlowtwins_random_size1,10000,10,random,300,0.89,0-01:05:00,benchmarks/downstream/jobs/evaluate/CUB2011_VGG11_barlowtwins_random_size1_lbl5.sh,10,0.5574732553213835,0.1003248256524295,complete
CUB2011_VGG11_barlowtwins_random_size2_lbl1,CUB2011,VGG11,barlowtwins,random,2,1,VGG11_barlowtwins_random_size2,8000,10,random,500,0.88,0-01:05:00,benchmarks/downstream/jobs/evaluate/CUB2011_VGG11_barlowtwins_random_size2_lbl1.sh,10,0.671384185552597,0.10684317727375311,complete
CUB2011_VGG11_barlowtwins_random_size2_lbl5,CUB2011,VGG11,barlowtwins,random,2,5,VGG11_barlowtwins_random_size2,8000,10,random,300,0.89,0-01:05:00,benchmarks/downstream/jobs/evaluate/CUB2011_VGG11_barlowtwins_random_size2_lbl5.sh,10,0.5678287940099835,0.11079716709751931,complete
CUB2011_VGG11_barlowtwins_random_size5_lbl1,CUB2011,VGG11,barlowtwins,random,5,1,VGG11_barlowtwins_random_size5,6000,10,random,500,0.88,0-01:05:00,benchmarks/downstream/jobs/evaluate/CUB2011_VGG11_barlowtwins_random_size5_lbl1.sh,10,0.674836034886539,0.11316174841307058,complete
CUB2011_VGG11_barlowtwins_random_size5_lbl5,CUB2011,VGG11,barlowtwins,random,5,5,VGG11_barlowtwins_random_size5,6000,10,random,300,0.89,0-01:05:00,benchmarks/downstream/jobs/evaluate/CUB2011_VGG11_barlowtwins_random_size5_lbl5.sh,10,0.6282361084595323,0.13098838065820273,complete
CUB2011_VGG11_barlowtwins_kmeans_size1_lbl1,CUB2011,VGG11,barlowtwins,kmeans,1,1,VGG11_barlowtwins_kmeans_size1,10000,10,random,500,0.88,0-01:05:00,benchmarks/downstream/jobs/evaluate/CUB2011_VGG11_barlowtwins_kmeans_size1_lbl1.sh,10,0.6006213370710611,0.1211702637986835,complete
CUB2011_VGG11_barlowtwins_kmeans_size1_lbl5,CUB2011,VGG11,barlowtwins,kmeans,1,5,VGG11_barlowtwins_kmeans_size1,10000,10,random,300,0.89,0-01:05:00,benchmarks/downstream/jobs/evaluate/CUB2011_VGG11_barlowtwins_kmeans_size1_lbl5.sh,10,0.6282361131161451,0.16255880144171359,complete
CUB2011_VGG11_barlowtwins_kmeans_size2_lbl1,CUB2011,VGG11,barlowtwins,kmeans,2,1,VGG11_barlowtwins_kmeans_size2,8000,10,random,500,0.88,0-01:05:00,benchmarks/downstream/jobs/evaluate/CUB2011_VGG11_barlowtwins_kmeans_size2_lbl1.sh,10,0.6869175052270293,0.11297146229141111,complete
CUB2011_VGG11_barlowtwins_kmeans_size2_lbl5,CUB2011,VGG11,barlowtwins,kmeans,2,5,VGG11_barlowtwins_kmeans_size2,8000,10,random,300,0.89,0-01:05:00,benchmarks/downstream/jobs/evaluate/CUB2011_VGG11_barlowtwins_kmeans_size2_lbl5.sh,10,0.5264066345989704,0.13571655823130965,complete
CUB2011_VGG11_barlowtwins_kmeans_size5_lbl1,CUB2011,VGG11,barlowtwins,kmeans,5,1,VGG11_barlowtwins_kmeans_size5,6000,10,random,500,0.88,0-01:05:00,benchmarks/downstream/jobs/evaluate/CUB2011_VGG11_barlowtwins_kmeans_size5_lbl1.sh,10,0.7335174223408103,0.11881185427753992,complete
CUB2011_VGG11_barlowtwins_kmeans_size5_lbl5,CUB2011,VGG11,barlowtwins,kmeans,5,5,VGG11_barlowtwins_kmeans_size5,6000,10,random,300,0.89,0-01:05:00,benchmarks/downstream/jobs/evaluate/CUB2011_VGG11_barlowtwins_kmeans_size5_lbl5.sh,10,0.6057991017587483,0.16402830860833983,complete
CUB2011_VGG11_none_no_pretrain_size0_lbl1,CUB2011,VGG11,none,no_pretrain,0,1,none,0,10,random,500,0.88,0-01:05:00,benchmarks/downstream/jobs/evaluate/CUB2011_VGG11_none_no_pretrain_size0_lbl1.sh,10,0.5937176407314837,0.12344341340519047,complete
CUB2011_VGG11_none_no_pretrain_size0_lbl5,CUB2011,VGG11,none,no_pretrain,0,5,none,0,10,random,300,0.89,0-01:05:00,benchmarks/downstream/jobs/evaluate/CUB2011_VGG11_none_no_pretrain_size0_lbl5.sh,10,0.6713841808959842,0.09076381007750141,complete
CUB2011_ResNet18_simclr_random_size1_lbl1,CUB2011,ResNet18,simclr,random,1,1,ResNet18_simclr_random_size1,5000,10,random,500,0.94,0-01:05:00,benchmarks/downstream/jobs/evaluate/CUB2011_ResNet18_simclr_random_size1_lbl1.sh,10,0.8853986766189337,0.0891448711626668,complete
CUB2011_ResNet18_simclr_random_size1_lbl5,CUB2011,ResNet18,simclr,random,1,5,ResNet18_simclr_random_size1,5000,10,random,300,0.96,0-01:05:00,benchmarks/downstream/jobs/evaluate/CUB2011_ResNet18_simclr_random_size1_lbl5.sh,10,1.166724180802703,0.1718620650883293,complete
CUB2011_ResNet18_simclr_random_size2_lbl1,CUB2011,ResNet18,simclr,random,2,1,ResNet18_simclr_random_size2,4000,10,random,500,0.94,0-01:05:00,benchmarks/downstream/jobs/evaluate/CUB2011_ResNet18_simclr_random_size2_lbl1.sh,10,0.9112875396385789,0.14087407509002145,complete
CUB2011_ResNet18_simclr_random_size2_lbl5,CUB2011,ResNet18,simclr,random,2,5,ResNet18_simclr_random_size2,4000,10,random,300,0.96,0-01:05:00,benchmarks/downstream/jobs/evaluate/CUB2011_ResNet18_simclr_random_size2_lbl5.sh,10,1.192613048478961,0.19398197304333029,complete
CUB2011_ResNet18_simclr_random_size5_lbl1,CUB2011,ResNet18,simclr,random,5,1,ResNet18_simclr_random_size5,3000,10,random,500,0.94,0-01:05:00,benchmarks/downstream/jobs/evaluate/CUB2011_ResNet18_simclr_random_size5_lbl1.sh,10,1.0079392464831471,0.15094568729652816,complete
CUB2011_ResNet18_simclr_random_size5_lbl5,CUB2011,ResNet18,simclr,random,5,5,ResNet18_simclr_random_size5,3000,10,random,300,0.96,0-01:05:00,benchmarks/downstream/jobs/evaluate/CUB2011_ResNet18_simclr_random_size5_lbl5.sh,10,1.104590930044651,0.16046859706362088,complete
CUB2011_ResNet18_simclr_kmeans_size1_lbl1,CUB2011,ResNet18,simclr,kmeans,1,1,ResNet18_simclr_kmeans_size1,5000,10,random,500,0.94,0-01:05:00,benchmarks/downstream/jobs/evaluate/CUB2011_ResNet18_simclr_kmeans_size1_lbl1.sh,10,0.8301691431552172,0.11718499763506408,complete
CUB2011_ResNet18_simclr_kmeans_size1_lbl5,CUB2011,ResNet18,simclr,kmeans,1,5,ResNet18_simclr_kmeans_size1,5000,10,random,300,0.96,0-01:05:00,benchmarks/downstream/jobs/evaluate/CUB2011_ResNet18_simclr_kmeans_size1_lbl5.sh,10,1.137383496388793,0.19500303304888014,complete
CUB2011_ResNet18_simclr_kmeans_size2_lbl1,CUB2011,ResNet18,simclr,kmeans,2,1,ResNet18_simclr_kmeans_size2,4000,10,random,500,0.94,0-01:05:00,benchmarks/downstream/jobs/evaluate/CUB2011_ResNet18_simclr_kmeans_size2_lbl1.sh,10,0.8992060692980886,0.12431175410409555,complete
CUB2011_ResNet18_simclr_kmeans_size2_lbl5,CUB2011,ResNet18,simclr,kmeans,2,5,ResNet18_simclr_kmeans_size2,4000,10,random,300,0.96,0-01:05:00,benchmarks/downstream/jobs/evaluate/CUB2011_ResNet18_simclr_kmeans_size2_lbl5.sh,10,1.1805315781384706,0.20618183777593482,complete
CUB2011_ResNet18_simclr_kmeans_size5_lbl1,CUB2011,ResNet18,simclr,kmeans,5,1,ResNet18_simclr_kmeans_size5,3000,10,random,500,0.94,0-01:05:00,benchmarks/downstream/jobs/evaluate/CUB2011_ResNet18_simclr_kmeans_size5_lbl1.sh,10,0.9147393889725208,0.14255565058491815,complete
CUB2011_ResNet18_simclr_kmeans_size5_lbl5,CUB2011,ResNet18,simclr,kmeans,5,5,ResNet18_simclr_kmeans_size5,3000,10,random,300,0.96,0-01:05:00,benchmarks/downstream/jobs/evaluate/CUB2011_ResNet18_simclr_kmeans_size5_lbl5.sh,10,1.1667241947725415,0.18269079876549654,complete
CUB2011_ResNet18_barlowtwins_random_size1_lbl1,CUB2011,ResNet18,barlowtwins,random,1,1,ResNet18_barlowtwins_random_size1,10000,10,random,500,0.94,0-01:05:00,benchmarks/downstream/jobs/evaluate/CUB2011_ResNet18_barlowtwins_random_size1_lbl1.sh,10,0.8681394485756755,0.11958931859645938,complete
CUB2011_ResNet18_barlowtwins_random_size1_lbl5,CUB2011,ResNet18,barlowtwins,random,1,5,ResNet18_barlowtwins_random_size1,10000,10,random,300,0.96,0-01:05:00,benchmarks/downstream/jobs/evaluate/CUB2011_ResNet18_barlowtwins_random_size1_lbl5.sh,10,0.9250949183478951,0.16478325301315996,complete
CUB2011_ResNet18_barlowtwins_random_size2_lbl1,CUB2011,ResNet18,barlowtwins,random,2,1,ResNet18_barlowtwins_random_size2,8000,10,random,500,0.94,0-01:05:00,benchmarks/downstream/jobs/evaluate/CUB2011_ResNet18_barlowtwins_random_size2_lbl1.sh,10,0.9250949136912823,0.12843674630722599,complete
CUB2011_ResNet18_barlowtwins_random_size2_lbl5,CUB2011,ResNet18,barlowtwins,random,2,5,ResNet18_barlowtwins_random_size2,8000,10,random,300,0.96,0-01:05:00,benchmarks/downstream/jobs/evaluate/CUB2011_ResNet18_barlowtwins_random_size2_lbl5.sh,10,0.9647911600768566,0.1285011635698244,complete
CUB2011_ResNet18_barlowtwins_random_size5_lbl1,CUB2011,ResNet18,barlowtwins,random,5,1,ResNet18_barlowtwins_random_size5,6000,10,random,500,0.94,0-01:05:00,benchmarks/downstream/jobs/evaluate/CUB2011_ResNet18_barlowtwins_random_size5_lbl1.sh,10,0.7007248792797327,0.11102098611058037,complete
CUB2011_ResNet18_barlowtwins_random_size5_lbl5,CUB2011,ResNet18,barlowtwins,random,5,5,ResNet18_barlowtwins_random_size5,6000,10,random,300,0.96,0-01:05:00,benchmarks/downstream/jobs/evaluate/CUB2011_ResNet18_barlowtwins_random_size5_lbl5.sh,10,0.6903693359345198,0.20469965070353097,complete
CUB2011_ResNet18_barlowtwins_kmeans_size1_lbl1,CUB2011,ResNet18,barlowtwins,kmeans,1,1,ResNet18_barlowtwins_kmeans_size1,10000,10,random,500,0.94,0-01:05:00,benchmarks/downstream/jobs/evaluate/CUB2011_ResNet18_barlowtwins_kmeans_size1_lbl1.sh,10,0.8992060646414757,0.14335441464464813,complete
CUB2011_ResNet18_barlowtwins_kmeans_size1_lbl5,CUB2011,ResNet18,barlowtwins,kmeans,1,5,ResNet18_barlowtwins_kmeans_size1,10000,10,random,300,0.96,0-01:05:00,benchmarks/downstream/jobs/evaluate/CUB2011_ResNet18_barlowtwins_kmeans_size1_lbl5.sh,10,1.0200206935405731,0.11109549505766102,complete
CUB2011_ResNet18_barlowtwins_kmeans_size2_lbl1,CUB2011,ResNet18,barlowtwins,kmeans,2,1,ResNet18_barlowtwins_kmeans_size2,8000,10,random,500,0.94,0-01:05:00,benchmarks/downstream/jobs/evaluate/CUB2011_ResNet18_barlowtwins_kmeans_size2_lbl1.sh,10,0.8008284401148558,0.1366764673538978,complete
CUB2011_ResNet18_barlowtwins_kmeans_size2_lbl5,CUB2011,ResNet18,barlowtwins,kmeans,2,5,ResNet18_barlowtwins_kmeans_size2,8000,10,random,300,0.96,0-01:05:00,benchmarks/downstream/jobs/evaluate/CUB2011_ResNet18_barlowtwins_kmeans_size2_lbl5.sh,10,0.9855022374540567,0.12510793736530973,complete
CUB2011_ResNet18_barlowtwins_kmeans_size5_lbl1,CUB2011,ResNet18,barlowtwins,kmeans,5,1,ResNet18_barlowtwins_kmeans_size5,6000,10,random,500,0.94,0-01:05:00,benchmarks/downstream/jobs/evaluate/CUB2011_ResNet18_barlowtwins_kmeans_size5_lbl1.sh,10,0.7473248150199652,0.18338697785097874,complete
CUB2011_ResNet18_barlowtwins_kmeans_size5_lbl5,CUB2011,ResNet18,barlowtwins,kmeans,5,5,ResNet18_barlowtwins_kmeans_size5,6000,10,random,300,0.96,0-01:05:00,benchmarks/downstream/jobs/evaluate/CUB2011_ResNet18_barlowtwins_kmeans_size5_lbl5.sh,10,0.6903693545609713,0.16753216375038654,complete
CUB2011_ResNet18_none_no_pretrain_size0_lbl1,CUB2011,ResNet18,none,no_pretrain,0,1,none,0,10,random,500,0.94,0-01:05:00,benchmarks/downstream/jobs/evaluate/CUB2011_ResNet18_none_no_pretrain_size0_lbl1.sh,10,0.5419399309903383,0.11851899072737343,complete
CUB2011_ResNet18_none_no_pretrain_size0_lbl5,CUB2011,ResNet18,none,no_pretrain,0,5,none,0,10,random,300,0.96,0-01:05:00,benchmarks/downstream/jobs/evaluate/CUB2011_ResNet18_none_no_pretrain_size0_lbl5.sh,10,0.6092509487643838,0.06460376273754417,complete
Dogs_ConvNet_simclr_random_size1_lbl1,Dogs,ConvNet,simclr,random,1,1,ConvNet_simclr_random_size1,5000,10,random,500,0.88,0-01:05:00,benchmarks/downstream/jobs/evaluate/Dogs_ConvNet_simclr_random_size1_lbl1.sh,10,1.9895104505121708,0.22773212600404347,complete
Dogs_ConvNet_simclr_random_size1_lbl5,Dogs,ConvNet,simclr,random,1,5,ConvNet_simclr_random_size1,5000,10,random,300,0.93,0-01:05:00,benchmarks/downstream/jobs/evaluate/Dogs_ConvNet_simclr_random_size1_lbl5.sh,10,3.365967348217964,0.21899846574349902,complete
Dogs_ConvNet_simclr_random_size2_lbl1,Dogs,ConvNet,simclr,random,2,1,ConvNet_simclr_random_size2,4000,10,random,500,0.88,0-01:05:00,benchmarks/downstream/jobs/evaluate/Dogs_ConvNet_simclr_random_size2_lbl1.sh,10,2.0815850608050823,0.25841555960059825,complete
Dogs_ConvNet_simclr_random_size2_lbl5,Dogs,ConvNet,simclr,random,2,5,ConvNet_simclr_random_size2,4000,10,random,300,0.93,0-01:05:00,benchmarks/downstream/jobs/evaluate/Dogs_ConvNet_simclr_random_size2_lbl5.sh,10,3.5477855429053307,0.31677437207121223,complete
Dogs_ConvNet_simclr_random_size5_lbl1,Dogs,ConvNet,simclr,random,5,1,ConvNet_simclr_random_size5,3000,10,random,500,0.88,0-01:05:00,benchmarks/downstream/jobs/evaluate/Dogs_ConvNet_simclr_random_size5_lbl1.sh,10,2.07459207624197,0.26026626079577386,complete
Dogs_ConvNet_simclr_random_size5_lbl5,Dogs,ConvNet,simclr,random,5,5,ConvNet_simclr_random_size5,3000,10,random,300,0.93,0-01:05:00,benchmarks/downstream/jobs/evaluate/Dogs_ConvNet_simclr_random_size5_lbl5.sh,10,3.5932401195168495,0.2805849457371928,complete
Dogs_ConvNet_simclr_kmeans_size1_lbl1,Dogs,ConvNet,simclr,kmeans,1,1,ConvNet_simclr_kmeans_size1,5000,10,random,500,0.88,0-01:05:00,benchmarks/downstream/jobs/evaluate/Dogs_ConvNet_simclr_kmeans_size1_lbl1.sh,10,1.9813519716262817,0.16952153377808424,complete
Dogs_ConvNet_simclr_kmeans_size1_lbl5,Dogs,ConvNet,simclr,kmeans,1,5,ConvNet_simclr_kmeans_size1,5000,10,random,300,0.93,0-01:05:00,benchmarks/downstream/jobs/evaluate/Dogs_ConvNet_simclr_kmeans_size1_lbl5.sh,10,3.3566433750092983,0.2683184981776187,complete
Dogs_ConvNet_simclr_kmeans_size2_lbl1,Dogs,ConvNet,simclr,kmeans,2,1,ConvNet_simclr_kmeans_size2,4000,10,random,500,0.88,0-01:05:00,benchmarks/downstream/jobs/evaluate/Dogs_ConvNet_simclr_kmeans_size2_lbl1.sh,10,1.9918414950370789,0.18594927171113362,complete
Dogs_ConvNet_simclr_kmeans_size2_lbl5,Dogs,ConvNet,simclr,kmeans,2,5,ConvNet_simclr_kmeans_size2,4000,10,random,300,0.93,0-01:05:00,benchmarks/downstream/jobs/evaluate/Dogs_ConvNet_simclr_kmeans_size2_lbl5.sh,10,3.4778554178774357,0.3125050001255997,complete
Dogs_ConvNet_simclr_kmeans_size5_lbl1,Dogs,ConvNet,simclr,kmeans,5,1,ConvNet_simclr_kmeans_size5,3000,10,random,500,0.88,0-01:05:00,benchmarks/downstream/jobs/evaluate/Dogs_ConvNet_simclr_kmeans_size5_lbl1.sh,10,2.1072261035442352,0.1344458449708598,complete
Dogs_ConvNet_simclr_kmeans_size5_lbl5,Dogs,ConvNet,simclr,kmeans,5,5,ConvNet_simclr_kmeans_size5,3000,10,random,300,0.93,0-01:05:00,benchmarks/downstream/jobs/evaluate/Dogs_ConvNet_simclr_kmeans_size5_lbl5.sh,10,3.6445221677422523,0.3088053087687087,complete
Dogs_ConvNet_barlowtwins_random_size1_lbl1,Dogs,ConvNet,barlowtwins,random,1,1,ConvNet_barlowtwins_random_size1,10000,10,random,500,0.88,0-01:05:00,benchmarks/downstream/jobs/evaluate/Dogs_ConvNet_barlowtwins_random_size1_lbl1.sh,10,1.9463869370520115,0.1605592533832817,complete
Dogs_ConvNet_barlowtwins_random_size1_lbl5,Dogs,ConvNet,barlowtwins,random,1,5,ConvNet_barlowtwins_random_size1,10000,10,random,300,0.93,0-01:05:00,benchmarks/downstream/jobs/evaluate/Dogs_ConvNet_barlowtwins_random_size1_lbl5.sh,10,3.1969696842134,0.3053153524774647,complete
Dogs_ConvNet_barlowtwins_random_size2_lbl1,Dogs,ConvNet,barlowtwins,random,2,1,ConvNet_barlowtwins_random_size2,8000,10,random,500,0.88,0-01:05:00,benchmarks/downstream/jobs/evaluate/Dogs_ConvNet_barlowtwins_random_size2_lbl1.sh,10,1.9475524500012398,0.20641400780608152,complete
Dogs_ConvNet_barlowtwins_random_size2_lbl5,Dogs,ConvNet,barlowtwins,random,2,5,ConvNet_barlowtwins_random_size2,8000,10,random,300,0.93,0-01:05:00,benchmarks/downstream/jobs/evaluate/Dogs_ConvNet_barlowtwins_random_size2_lbl5.sh,10,3.2435897178947926,0.2524983404959308,complete
Dogs_ConvNet_barlowtwins_random_size5_lbl1,Dogs,ConvNet,barlowtwins,random,5,1,ConvNet_barlowtwins_random_size5,6000,10,random,500,0.88,0-01:05:00,benchmarks/downstream/jobs/evaluate/Dogs_ConvNet_barlowtwins_random_size5_lbl1.sh,10,1.9790209643542767,0.2761251228493718,complete
Dogs_ConvNet_barlowtwins_random_size5_lbl5,Dogs,ConvNet,barlowtwins,random,5,5,ConvNet_barlowtwins_random_size5,6000,10,random,300,0.93,0-01:05:00,benchmarks/downstream/jobs/evaluate/Dogs_ConvNet_barlowtwins_random_size5_lbl5.sh,10,3.2016316801309586,0.31633811064482453,complete
Dogs_ConvNet_barlowtwins_kmeans_size1_lbl1,Dogs,ConvNet,barlowtwins,kmeans,1,1,ConvNet_barlowtwins_kmeans_size1,10000,10,random,500,0.88,0-01:05:00,benchmarks/downstream/jobs/evaluate/Dogs_ConvNet_barlowtwins_kmeans_size1_lbl1.sh,10,1.878787875175476,0.17224198720403922,complete
Dogs_ConvNet_barlowtwins_kmeans_size1_lbl5,Dogs,ConvNet,barlowtwins,kmeans,1,5,ConvNet_barlowtwins_kmeans_size1,10000,10,random,300,0.93,0-01:05:00,benchmarks/downstream/jobs/evaluate/Dogs_ConvNet_barlowtwins_kmeans_size1_lbl5.sh,10,3.113053608685732,0.24720654100549727,complete
Dogs_ConvNet_barlowtwins_kmeans_size2_lbl1,Dogs,ConvNet,barlowtwins,kmeans,2,1,ConvNet_barlowtwins_kmeans_size2,8000,10,random,500,0.88,0-01:05:00,benchmarks/downstream/jobs/evaluate/Dogs_ConvNet_barlowtwins_kmeans_size2_lbl1.sh,10,1.942890454083681,0.20827750470994183,complete
Dogs_ConvNet_barlowtwins_kmeans_size2_lbl5,Dogs,ConvNet,barlowtwins,kmeans,2,5,ConvNet_barlowtwins_kmeans_size2,8000,10,random,300,0.93,0-01:05:00,benchmarks/downstream/jobs/evaluate/Dogs_ConvNet_barlowtwins_kmeans_size2_lbl5.sh,10,3.1666666083037853,0.2917661142950977,complete
Dogs_ConvNet_barlowtwins_kmeans_size5_lbl1,Dogs,ConvNet,barlowtwins,kmeans,5,1,ConvNet_barlowtwins_kmeans_size5,6000,10,random,500,0.88,0-01:05:00,benchmarks/downstream/jobs/evaluate/Dogs_ConvNet_barlowtwins_kmeans_size5_lbl1.sh,10,2.0093240030109882,0.2288659785215928,complete
Dogs_ConvNet_barlowtwins_kmeans_size5_lbl5,Dogs,ConvNet,barlowtwins,kmeans,5,5,ConvNet_barlowtwins_kmeans_size5,6000,10,random,300,0.93,0-01:05:00,benchmarks/downstream/jobs/evaluate/Dogs_ConvNet_barlowtwins_kmeans_size5_lbl5.sh,10,3.249417208135128,0.37777741516936447,complete
Dogs_ConvNet_none_no_pretrain_size0_lbl1,Dogs,ConvNet,none,no_pretrain,0,1,none,0,10,random,500,0.88,0-01:05:00,benchmarks/downstream/jobs/evaluate/Dogs_ConvNet_none_no_pretrain_size0_lbl1.sh,10,1.850815825164318,0.19306554714529758,complete
Dogs_ConvNet_none_no_pretrain_size0_lbl5,Dogs,ConvNet,none,no_pretrain,0,5,none,0,10,random,300,0.93,0-01:05:00,benchmarks/downstream/jobs/evaluate/Dogs_ConvNet_none_no_pretrain_size0_lbl5.sh,10,2.86829836666584,0.23825250112699625,complete
Dogs_VGG11_simclr_random_size1_lbl1,Dogs,VGG11,simclr,random,1,1,VGG11_simclr_random_size1,5000,10,random,500,0.88,0-01:05:00,benchmarks/downstream/jobs/evaluate/Dogs_VGG11_simclr_random_size1_lbl1.sh,10,1.3589743617922068,0.15512797946078996,complete
Dogs_VGG11_simclr_random_size1_lbl5,Dogs,VGG11,simclr,random,1,5,VGG11_simclr_random_size1,5000,10,random,300,0.92,0-01:05:00,benchmarks/downstream/jobs/evaluate/Dogs_VGG11_simclr_random_size1_lbl5.sh,10,1.8321678042411804,0.15836334837619928,complete
Dogs_VGG11_simclr_random_size2_lbl1,Dogs,VGG11,simclr,random,2,1,VGG11_simclr_random_size2,4000,10,random,500,0.88,0-01:05:00,benchmarks/downstream/jobs/evaluate/Dogs_VGG11_simclr_random_size2_lbl1.sh,10,1.3764568604528904,0.09555055523409528,complete
Dogs_VGG11_simclr_random_size2_lbl5,Dogs,VGG11,simclr,random,2,5,VGG11_simclr_random_size2,4000,10,random,300,0.92,0-01:05:00,benchmarks/downstream/jobs/evaluate/Dogs_VGG11_simclr_random_size2_lbl5.sh,10,1.87529138289392,0.20406074010761044,complete
Dogs_VGG11_simclr_random_size5_lbl1,Dogs,VGG11,simclr,random,5,1,VGG11_simclr_random_size5,3000,10,random,500,0.88,0-01:05:00,benchmarks/downstream/jobs/evaluate/Dogs_VGG11_simclr_random_size5_lbl1.sh,10,1.4988344721496105,0.19294040636594978,complete
Dogs_VGG11_simclr_random_size5_lbl5,Dogs,VGG11,simclr,random,5,5,VGG11_simclr_random_size5,3000,10,random,300,0.92,0-01:05:00,benchmarks/downstream/jobs/evaluate/Dogs_VGG11_simclr_random_size5_lbl5.sh,10,2.120046615600586,0.2276923786910952,complete
Dogs_VGG11_simclr_kmeans_size1_lbl1,Dogs,VGG11,simclr,kmeans,1,1,VGG11_simclr_kmeans_size1,5000,10,random,500,0.88,0-01:05:00,benchmarks/downstream/jobs/evaluate/Dogs_VGG11_simclr_kmeans_size1_lbl1.sh,10,1.3752913940697908,0.1445305109196287,complete
Dogs_VGG11_simclr_kmeans_size1_lbl5,Dogs,VGG11,simclr,kmeans,1,5,VGG11_simclr_kmeans_size1,5000,10,random,300,0.92,0-01:05:00,benchmarks/downstream/jobs/evaluate/Dogs_VGG11_simclr_kmeans_size1_lbl5.sh,10,1.7575757578015327,0.1851643387662015,complete
Dogs_VGG11_simclr_kmeans_size2_lbl1,Dogs,VGG11,simclr,kmeans,2,1,VGG11_simclr_kmeans_size2,4000,10,random,500,0.88,0-01:05:00,benchmarks/downstream/jobs/evaluate/Dogs_VGG11_simclr_kmeans_size2_lbl1.sh,10,1.4580419659614563,0.17256152074287248,complete
Dogs_VGG11_simclr_kmeans_size2_lbl5,Dogs,VGG11,simclr,kmeans,2,5,VGG11_simclr_kmeans_size2,4000,10,random,300,0.92,0-01:05:00,benchmarks/downstream/jobs/evaluate/Dogs_VGG11_simclr_kmeans_size2_lbl5.sh,10,1.9137529004365206,0.25421109718176244,complete
Dogs_VGG11_simclr_kmeans_size5_lbl1,Dogs,VGG11,simclr,kmeans,5,1,VGG11_simclr_kmeans_size5,3000,10,random,500,0.88,0-01:05:00,benchmarks/downstream/jobs/evaluate/Dogs_VGG11_simclr_kmeans_size5_lbl1.sh,10,1.4638694562017918,0.17402042294021333,complete
Dogs_VGG11_simclr_kmeans_size5_lbl5,Dogs,VGG11,simclr,kmeans,5,5,VGG11_simclr_kmeans_size5,3000,10,random,300,0.92,0-01:05:00,benchmarks/downstream/jobs/evaluate/Dogs_VGG11_simclr_kmeans_size5_lbl5.sh,10,2.0081585086882114,0.20499054190098032,complete
Dogs_VGG11_barlowtwins_random_size1_lbl1,Dogs,VGG11,barlowtwins,random,1,1,VGG11_barlowtwins_random_size1,10000,10,random,500,0.88,0-01:05:00,benchmarks/downstream/jobs/evaluate/Dogs_VGG11_barlowtwins_random_size1_lbl1.sh,10,0.9673659736290574,0.2985139608232844,complete
Dogs_VGG11_barlowtwins_random_size1_lbl5,Dogs,VGG11,barlowtwins,random,1,5,VGG11_barlowtwins_random_size1,10000,10,random,300,0.92,0-01:05:00,benchmarks/downstream/jobs/evaluate/Dogs_VGG11_barlowtwins_random_size1_lbl5.sh,10,0.9592074621468782,0.35051479212550624,complete
Dogs_VGG11_barlowtwins_random_size2_lbl1,Dogs,VGG11,barlowtwins,random,2,1,VGG11_barlowtwins_random_size2,8000,10,random,500,0.88,0-01:05:00,benchmarks/downstream/jobs/evaluate/Dogs_VGG11_barlowtwins_random_size2_lbl1.sh,10,0.9032634133473039,0.25964211601344445,complete
Dogs_VGG11_barlowtwins_random_size2_lbl5,Dogs,VGG11,barlowtwins,random,2,5,VGG11_barlowtwins_random_size2,8000,10,random,300,0.92,0-01:05:00,benchmarks/downstream/jobs/evaluate/Dogs_VGG11_barlowtwins_random_size2_lbl5.sh,10,0.9452214417979121,0.2892411056119897,complete
Dogs_VGG11_barlowtwins_random_size5_lbl1,Dogs,VGG11,barlowtwins,random,5,1,VGG11_barlowtwins_random_size5,6000,10,random,500,0.88,0-01:05:00,benchmarks/downstream/jobs/evaluate/Dogs_VGG11_barlowtwins_random_size5_lbl1.sh,10,0.9114219062030315,0.13875502438656848,complete
Dogs_VGG11_barlowtwins_random_size5_lbl5,Dogs,VGG11,barlowtwins,random,5,5,VGG11_barlowtwins_random_size5,6000,10,random,300,0.92,0-01:05:00,benchmarks/downstream/jobs/evaluate/Dogs_VGG11_barlowtwins_random_size5_lbl5.sh,10,1.010489510372281,0.21949756332559914,complete
Dogs_VGG11_barlowtwins_kmeans_size1_lbl1,Dogs,VGG11,barlowtwins,kmeans,1,1,VGG11_barlowtwins_kmeans_size1,10000,10,random,500,0.88,0-01:05:00,benchmarks/downstream/jobs/evaluate/Dogs_VGG11_barlowtwins_kmeans_size1_lbl1.sh,10,0.9230769099667668,0.2165031374161285,complete
Dogs_VGG11_barlowtwins_kmeans_size1_lbl5,Dogs,VGG11,barlowtwins,kmeans,1,5,VGG11_barlowtwins_kmeans_size1,10000,10,random,300,0.92,0-01:05:00,benchmarks/downstream/jobs/evaluate/Dogs_VGG11_barlowtwins_kmeans_size1_lbl5.sh,10,0.903263408690691,0.19963402013193196,complete
Dogs_VGG11_barlowtwins_kmeans_size2_lbl1,Dogs,VGG11,barlowtwins,kmeans,2,1,VGG11_barlowtwins_kmeans_size2,8000,10,random,500,0.88,0-01:05:00,benchmarks/downstream/jobs/evaluate/Dogs_VGG11_barlowtwins_kmeans_size2_lbl1.sh,10,0.9324009343981743,0.21811451124616177,complete
Dogs_VGG11_barlowtwins_kmeans_size2_lbl5,Dogs,VGG11,barlowtwins,kmeans,2,5,VGG11_barlowtwins_kmeans_size2,8000,10,random,300,0.92,0-01:05:00,benchmarks/downstream/jobs/evaluate/Dogs_VGG11_barlowtwins_kmeans_size2_lbl5.sh,10,0.953379962593317,0.4027608211351426,complete
Dogs_VGG11_barlowtwins_kmeans_size5_lbl1,Dogs,VGG11,barlowtwins,kmeans,5,1,VGG11_barlowtwins_kmeans_size5,6000,10,random,500,0.88,0-01:05:00,benchmarks/downstream/jobs/evaluate/Dogs_VGG11_barlowtwins_kmeans_size5_lbl1.sh,10,1.0174824949353933,0.26691134828973073,complete
Dogs_VGG11_barlowtwins_kmeans_size5_lbl5,Dogs,VGG11,barlowtwins,kmeans,5,5,VGG11_barlowtwins_kmeans_size5,6000,10,random,300,0.92,0-01:05:00,benchmarks/downstream/jobs/evaluate/Dogs_VGG11_barlowtwins_kmeans_size5_lbl5.sh,10,1.0850815940648317,0.34021856101934933,complete
Dogs_VGG11_none_no_pretrain_size0_lbl1,Dogs,VGG11,none,no_pretrain,0,1,none,0,10,random,500,0.88,0-01:05:00,benchmarks/downstream/jobs/evaluate/Dogs_VGG11_none_no_pretrain_size0_lbl1.sh,10,0.8881118940189481,0.10551201475443392,complete
Dogs_VGG11_none_no_pretrain_size0_lbl5,Dogs,VGG11,none,no_pretrain,0,5,none,0,10,random,300,0.92,0-01:05:00,benchmarks/downstream/jobs/evaluate/Dogs_VGG11_none_no_pretrain_size0_lbl5.sh,10,1.1503496672958136,0.1123364364431977,complete
Dogs_ResNet18_simclr_random_size1_lbl1,Dogs,ResNet18,simclr,random,1,1,ResNet18_simclr_random_size1,5000,10,random,500,0.94,0-01:05:00,benchmarks/downstream/jobs/evaluate/Dogs_ResNet18_simclr_random_size1_lbl1.sh,10,1.5559440478682518,0.09786045514985811,complete
Dogs_ResNet18_simclr_random_size1_lbl5,Dogs,ResNet18,simclr,random,1,5,ResNet18_simclr_random_size1,5000,10,random,300,1.02,0-01:05:00,benchmarks/downstream/jobs/evaluate/Dogs_ResNet18_simclr_random_size1_lbl5.sh,10,2.1212121285498142,0.1886528518316399,complete
Dogs_ResNet18_simclr_random_size2_lbl1,Dogs,ResNet18,simclr,random,2,1,ResNet18_simclr_random_size2,4000,10,random,500,0.94,0-01:05:00,benchmarks/downstream/jobs/evaluate/Dogs_ResNet18_simclr_random_size2_lbl1.sh,10,1.5710955951362848,0.13422115416271307,complete
Dogs_ResNet18_simclr_random_size2_lbl5,Dogs,ResNet18,simclr,random,2,5,ResNet18_simclr_random_size2,4000,10,random,300,1.02,0-01:05:00,benchmarks/downstream/jobs/evaluate/Dogs_ResNet18_simclr_random_size2_lbl5.sh,10,2.2109556943178177,0.2620607283971151,complete
Dogs_ResNet18_simclr_random_size5_lbl1,Dogs,ResNet18,simclr,random,5,1,ResNet18_simclr_random_size5,3000,10,random,500,0.94,0-01:05:00,benchmarks/downstream/jobs/evaluate/Dogs_ResNet18_simclr_random_size5_lbl1.sh,10,1.6421911399811506,0.2046515710703578,complete
Dogs_ResNet18_simclr_random_size5_lbl5,Dogs,ResNet18,simclr,random,5,5,ResNet18_simclr_random_size5,3000,10,random,300,1.02,0-01:05:00,benchmarks/downstream/jobs/evaluate/Dogs_ResNet18_simclr_random_size5_lbl5.sh,10,2.203962719067931,0.3043944687000008,complete
Dogs_ResNet18_simclr_kmeans_size1_lbl1,Dogs,ResNet18,simclr,kmeans,1,1,ResNet18_simclr_kmeans_size1,5000,10,random,500,0.94,0-01:05:00,benchmarks/downstream/jobs/evaluate/Dogs_ResNet18_simclr_kmeans_size1_lbl1.sh,10,1.487179473042488,0.11422174469192287,complete
Dogs_ResNet18_simclr_kmeans_size1_lbl5,Dogs,ResNet18,simclr,kmeans,1,5,ResNet18_simclr_kmeans_size1,5000,10,random,300,1.02,0-01:05:00,benchmarks/downstream/jobs/evaluate/Dogs_ResNet18_simclr_kmeans_size1_lbl5.sh,10,2.0606060698628426,0.19454522775178862,complete
Dogs_ResNet18_simclr_kmeans_size2_lbl1,Dogs,ResNet18,simclr,kmeans,2,1,ResNet18_simclr_kmeans_size2,4000,10,random,500,0.94,0-01:05:00,benchmarks/downstream/jobs/evaluate/Dogs_ResNet18_simclr_kmeans_size2_lbl1.sh,10,1.5629370417445898,0.11980054598964095,complete
Dogs_ResNet18_simclr_kmeans_size2_lbl5,Dogs,ResNet18,simclr,kmeans,2,5,ResNet18_simclr_kmeans_size2,4000,10,random,300,1.02,0-01:05:00,benchmarks/downstream/jobs/evaluate/Dogs_ResNet18_simclr_kmeans_size2_lbl5.sh,10,2.1934731863439083,0.21671220420061546,complete
Dogs_ResNet18_simclr_kmeans_size5_lbl1,Dogs,ResNet18,simclr,kmeans,5,1,ResNet18_simclr_kmeans_size5,3000,10,random,500,0.94,0-01:05:00,benchmarks/downstream/jobs/evaluate/Dogs_ResNet18_simclr_kmeans_size5_lbl1.sh,10,1.6177156288176775,0.22167001838763825,complete
Dogs_ResNet18_simclr_kmeans_size5_lbl5,Dogs,ResNet18,simclr,kmeans,5,5,ResNet18_simclr_kmeans_size5,3000,10,random,300,1.02,0-01:05:00,benchmarks/downstream/jobs/evaluate/Dogs_ResNet18_simclr_kmeans_size5_lbl5.sh,10,2.1666666865348816,0.22742706345261518,complete
Dogs_ResNet18_barlowtwins_random_size1_lbl1,Dogs,ResNet18,barlowtwins,random,1,1,ResNet18_barlowtwins_random_size1,10000,10,random,500,0.94,0-01:05:00,benchmarks/downstream/jobs/evaluate/Dogs_ResNet18_barlowtwins_random_size1_lbl1.sh,10,1.4020978938788176,0.20366091323270266,complete
Dogs_ResNet18_barlowtwins_random_size1_lbl5,Dogs,ResNet18,barlowtwins,random,1,5,ResNet18_barlowtwins_random_size1,10000,10,random,300,1.02,0-01:05:00,benchmarks/downstream/jobs/evaluate/Dogs_ResNet18_barlowtwins_random_size1_lbl5.sh,10,1.548951044678688,0.1924116619837879,complete
Dogs_ResNet18_barlowtwins_random_size2_lbl1,Dogs,ResNet18,barlowtwins,random,2,1,ResNet18_barlowtwins_random_size2,8000,10,random,500,0.94,0-01:05:00,benchmarks/downstream/jobs/evaluate/Dogs_ResNet18_barlowtwins_random_size2_lbl1.sh,10,1.4172493945807219,0.22833777522053195,complete
Dogs_ResNet18_barlowtwins_random_size2_lbl5,Dogs,ResNet18,barlowtwins,random,2,5,ResNet18_barlowtwins_random_size2,8000,10,random,300,1.02,0-01:05:00,benchmarks/downstream/jobs/evaluate/Dogs_ResNet18_barlowtwins_random_size2_lbl5.sh,10,1.540792528539896,0.3066840915697002,complete
Dogs_ResNet18_barlowtwins_random_size5_lbl1,Dogs,ResNet18,barlowtwins,random,5,1,ResNet18_barlowtwins_random_size5,6000,10,random,500,0.94,0-01:05:00,benchmarks/downstream/jobs/evaluate/Dogs_ResNet18_barlowtwins_random_size5_lbl1.sh,10,1.037296042777598,0.21072342776867356,complete
Dogs_ResNet18_barlowtwins_random_size5_lbl5,Dogs,ResNet18,barlowtwins,random,5,5,ResNet18_barlowtwins_random_size5,6000,10,random,300,1.02,0-01:05:00,benchmarks/downstream/jobs/evaluate/Dogs_ResNet18_barlowtwins_random_size5_lbl5.sh,10,1.0745920706540346,0.18442928729709812,complete
Dogs_ResNet18_barlowtwins_kmeans_size1_lbl1,Dogs,ResNet18,barlowtwins,kmeans,1,1,ResNet18_barlowtwins_kmeans_size1,10000,10,random,500,0.94,0-01:05:00,benchmarks/downstream/jobs/evaluate/Dogs_ResNet18_barlowtwins_kmeans_size1_lbl1.sh,10,1.406759899109602,0.20299284944892612,complete
Dogs_ResNet18_barlowtwins_kmeans_size1_lbl5,Dogs,ResNet18,barlowtwins,kmeans,1,5,ResNet18_barlowtwins_kmeans_size1,10000,10,random,300,1.02,0-01:05:00,benchmarks/downstream/jobs/evaluate/Dogs_ResNet18_barlowtwins_kmeans_size1_lbl5.sh,10,1.519813546910882,0.1906583335452726,complete
Dogs_ResNet18_barlowtwins_kmeans_size2_lbl1,Dogs,ResNet18,barlowtwins,kmeans,2,1,ResNet18_barlowtwins_kmeans_size2,8000,10,random,500,0.94,0-01:05:00,benchmarks/downstream/jobs/evaluate/Dogs_ResNet18_barlowtwins_kmeans_size2_lbl1.sh,10,1.3578088581562042,0.2271481702401839,complete
Dogs_ResNet18_barlowtwins_kmeans_size2_lbl5,Dogs,ResNet18,barlowtwins,kmeans,2,5,ResNet18_barlowtwins_kmeans_size2,8000,10,random,300,1.02,0-01:05:00,benchmarks/downstream/jobs/evaluate/Dogs_ResNet18_barlowtwins_kmeans_size2_lbl5.sh,10,1.538461521267891,0.3092424053731537,complete
Dogs_ResNet18_barlowtwins_kmeans_size5_lbl1,Dogs,ResNet18,barlowtwins,kmeans,5,1,ResNet18_barlowtwins_kmeans_size5,6000,10,random,500,0.94,0-01:05:00,benchmarks/downstream/jobs/evaluate/Dogs_ResNet18_barlowtwins_kmeans_size5_lbl1.sh,10,0.9860139759257436,0.26126181926907516,complete
Dogs_ResNet18_barlowtwins_kmeans_size5_lbl5,Dogs,ResNet18,barlowtwins,kmeans,5,5,ResNet18_barlowtwins_kmeans_size5,6000,10,random,300,1.02,0-01:05:00,benchmarks/downstream/jobs/evaluate/Dogs_ResNet18_barlowtwins_kmeans_size5_lbl5.sh,10,1.1002331040799618,0.25870742889806664,complete
Dogs_ResNet18_none_no_pretrain_size0_lbl1,Dogs,ResNet18,none,no_pretrain,0,1,none,0,10,random,500,0.94,0-01:05:00,benchmarks/downstream/jobs/evaluate/Dogs_ResNet18_none_no_pretrain_size0_lbl1.sh,10,0.9184149233624339,0.14166153893573283,complete
Dogs_ResNet18_none_no_pretrain_size0_lbl5,Dogs,ResNet18,none,no_pretrain,0,5,none,0,10,random,300,1.02,0-01:05:00,benchmarks/downstream/jobs/evaluate/Dogs_ResNet18_none_no_pretrain_size0_lbl5.sh,10,0.9230769239366055,0.12307555960097472,complete
Flowers_ConvNet_simclr_random_size1_lbl1,Flowers,ConvNet,simclr,random,1,1,ConvNet_simclr_random_size1,5000,10,random,500,0.88,0-01:05:00,benchmarks/downstream/jobs/evaluate/Flowers_ConvNet_simclr_random_size1_lbl1.sh,10,3.2428037375211716,0.848656120454702,complete
Flowers_ConvNet_simclr_random_size1_lbl5,Flowers,ConvNet,simclr,random,1,5,ConvNet_simclr_random_size1,5000,10,random,300,0.87,0-01:05:00,benchmarks/downstream/jobs/evaluate/Flowers_ConvNet_simclr_random_size1_lbl5.sh,10,6.314847990870476,1.0216428652748961,complete
Flowers_ConvNet_simclr_random_size2_lbl1,Flowers,ConvNet,simclr,random,2,1,ConvNet_simclr_random_size2,4000,10,random,500,0.88,0-01:05:00,benchmarks/downstream/jobs/evaluate/Flowers_ConvNet_simclr_random_size2_lbl1.sh,10,3.332249168306589,0.8111302817014066,complete
Flowers_ConvNet_simclr_random_size2_lbl5,Flowers,ConvNet,simclr,random,2,5,ConvNet_simclr_random_size2,4000,10,random,300,0.87,0-01:05:00,benchmarks/downstream/jobs/evaluate/Flowers_ConvNet_simclr_random_size2_lbl5.sh,10,6.791348196566105,0.9424074973952167,complete
Flowers_ConvNet_simclr_random_size5_lbl1,Flowers,ConvNet,simclr,random,5,1,ConvNet_simclr_random_size5,3000,10,random,500,0.88,0-01:05:00,benchmarks/downstream/jobs/evaluate/Flowers_ConvNet_simclr_random_size5_lbl1.sh,10,3.3159864507615566,0.997465428414547,complete
Flowers_ConvNet_simclr_random_size5_lbl5,Flowers,ConvNet,simclr,random,5,5,ConvNet_simclr_random_size5,3000,10,random,300,0.87,0-01:05:00,benchmarks/downstream/jobs/evaluate/Flowers_ConvNet_simclr_random_size5_lbl5.sh,10,6.869409680366516,0.9696718567359583,complete
Flowers_ConvNet_simclr_kmeans_size1_lbl1,Flowers,ConvNet,simclr,kmeans,1,1,ConvNet_simclr_kmeans_size1,5000,10,random,500,0.88,0-01:05:00,benchmarks/downstream/jobs/evaluate/Flowers_ConvNet_simclr_kmeans_size1_lbl1.sh,10,3.226540982723236,0.889106222237625,complete
Flowers_ConvNet_simclr_kmeans_size1_lbl5,Flowers,ConvNet,simclr,kmeans,1,5,ConvNet_simclr_kmeans_size1,5000,10,random,300,0.87,0-01:05:00,benchmarks/downstream/jobs/evaluate/Flowers_ConvNet_simclr_kmeans_size1_lbl5.sh,10,6.275817379355431,0.9710422711662305,complete
Flowers_ConvNet_simclr_kmeans_size2_lbl1,Flowers,ConvNet,simclr,kmeans,2,1,ConvNet_simclr_kmeans_size2,4000,10,random,500,0.88,0-01:05:00,benchmarks/downstream/jobs/evaluate/Flowers_ConvNet_simclr_kmeans_size2_lbl1.sh,10,3.298097290098667,0.8831567476686191,complete
Flowers_ConvNet_simclr_kmeans_size2_lbl5,Flowers,ConvNet,simclr,kmeans,2,5,ConvNet_simclr_kmeans_size2,4000,10,random,300,0.87,0-01:05:00,benchmarks/downstream/jobs/evaluate/Flowers_ConvNet_simclr_kmeans_size2_lbl5.sh,10,6.640104129910469,0.9184942352779866,complete
Flowers_ConvNet_simclr_kmeans_size5_lbl1,Flowers,ConvNet,simclr,kmeans,5,1,ConvNet_simclr_kmeans_size5,3000,10,random,500,0.88,0-01:05:00,benchmarks/downstream/jobs/evaluate/Flowers_ConvNet_simclr_kmeans_size5_lbl1.sh,10,3.369653671979904,0.9231457086676234,complete
Flowers_ConvNet_simclr_kmeans_size5_lbl5,Flowers,ConvNet,simclr,kmeans,5,5,ConvNet_simclr_kmeans_size5,3000,10,random,300,0.87,0-01:05:00,benchmarks/downstream/jobs/evaluate/Flowers_ConvNet_simclr_kmeans_size5_lbl5.sh,10,6.988128237426281,1.0570699755945574,complete
Flowers_ConvNet_barlowtwins_random_size1_lbl1,Flowers,ConvNet,barlowtwins,random,1,1,ConvNet_barlowtwins_random_size1,10000,10,random,500,0.88,0-01:05:00,benchmarks/downstream/jobs/evaluate/Flowers_ConvNet_barlowtwins_random_size1_lbl1.sh,10,2.8085868060588837,1.0032993478935017,complete
Flowers_ConvNet_barlowtwins_random_size1_lbl5,Flowers,ConvNet,barlowtwins,random,1,5,ConvNet_barlowtwins_random_size1,10000,10,random,300,0.87,0-01:05:00,benchmarks/downstream/jobs/evaluate/Flowers_ConvNet_barlowtwins_random_size1_lbl5.sh,10,5.485444888472557,0.8350018597896086,complete
Flowers_ConvNet_barlowtwins_random_size2_lbl1,Flowers,ConvNet,barlowtwins,random,2,1,ConvNet_barlowtwins_random_size2,8000,10,random,500,0.88,0-01:05:00,benchmarks/downstream/jobs/evaluate/Flowers_ConvNet_barlowtwins_random_size2_lbl1.sh,10,3.0346398055553436,1.0312950675966566,complete
Flowers_ConvNet_barlowtwins_random_size2_lbl5,Flowers,ConvNet,barlowtwins,random,2,5,ConvNet_barlowtwins_random_size2,8000,10,random,300,0.87,0-01:05:00,benchmarks/downstream/jobs/evaluate/Flowers_ConvNet_barlowtwins_random_size2_lbl5.sh,10,5.862741954624653,1.2214139082726407,complete
Flowers_ConvNet_barlowtwins_random_size5_lbl1,Flowers,ConvNet,barlowtwins,random,5,1,ConvNet_barlowtwins_random_size5,6000,10,random,500,0.88,0-01:05:00,benchmarks/downstream/jobs/evaluate/Flowers_ConvNet_barlowtwins_random_size5_lbl1.sh,10,3.3550171554088593,0.9236628629380749,complete
Flowers_ConvNet_barlowtwins_random_size5_lbl5,Flowers,ConvNet,barlowtwins,random,5,5,ConvNet_barlowtwins_random_size5,6000,10,random,300,0.87,0-01:05:00,benchmarks/downstream/jobs/evaluate/Flowers_ConvNet_barlowtwins_random_size5_lbl5.sh,10,6.275817230343819,1.2547433962425194,complete
Flowers_ConvNet_barlowtwins_kmeans_size1_lbl1,Flowers,ConvNet,barlowtwins,kmeans,1,1,ConvNet_barlowtwins_kmeans_size1,10000,10,random,500,0.88,0-01:05:00,benchmarks/downstream/jobs/evaluate/Flowers_ConvNet_barlowtwins_kmeans_size1_lbl1.sh,10,2.792324014008045,0.862561015431102,complete
Flowers_ConvNet_barlowtwins_kmeans_size1_lbl5,Flowers,ConvNet,barlowtwins,kmeans,1,5,ConvNet_barlowtwins_kmeans_size1,10000,10,random,300,0.87,0-01:05:00,benchmarks/downstream/jobs/evaluate/Flowers_ConvNet_barlowtwins_kmeans_size1_lbl5.sh,10,5.161815024912357,1.0971524147339518,complete
Flowers_ConvNet_barlowtwins_kmeans_size2_lbl1,Flowers,ConvNet,barlowtwins,kmeans,2,1,ConvNet_barlowtwins_kmeans_size2,8000,10,random,500,0.88,0-01:05:00,benchmarks/downstream/jobs/evaluate/Flowers_ConvNet_barlowtwins_kmeans_size2_lbl1.sh,10,3.0427712202072144,0.9621343574467058,complete
Flowers_ConvNet_barlowtwins_kmeans_size2_lbl5,Flowers,ConvNet,barlowtwins,kmeans,2,5,ConvNet_barlowtwins_kmeans_size2,8000,10,random,300,0.87,0-01:05:00,benchmarks/downstream/jobs/evaluate/Flowers_ConvNet_barlowtwins_kmeans_size2_lbl5.sh,10,5.5879005044698715,0.9771888369047262,complete
Flowers_ConvNet_barlowtwins_kmeans_size5_lbl1,Flowers,ConvNet,barlowtwins,kmeans,5,1,ConvNet_barlowtwins_kmeans_size5,6000,10,random,500,0.88,0-01:05:00,benchmarks/downstream/jobs/evaluate/Flowers_ConvNet_barlowtwins_kmeans_size5_lbl1.sh,10,3.2216621562838554,0.9280873415770129,complete
Flowers_ConvNet_barlowtwins_kmeans_size5_lbl5,Flowers,ConvNet,barlowtwins,kmeans,5,5,ConvNet_barlowtwins_kmeans_size5,6000,10,random,300,0.87,0-01:05:00,benchmarks/downstream/jobs/evaluate/Flowers_ConvNet_barlowtwins_kmeans_size5_lbl5.sh,10,6.314848028123379,1.1609930771137287,complete
Flowers_ConvNet_none_no_pretrain_size0_lbl1,Flowers,ConvNet,none,no_pretrain,0,1,none,0,10,random,500,0.88,0-01:05:00,benchmarks/downstream/jobs/evaluate/Flowers_ConvNet_none_no_pretrain_size0_lbl1.sh,10,2.4524313770234585,1.0527731446009507,complete
Flowers_ConvNet_none_no_pretrain_size0_lbl5,Flowers,ConvNet,none,no_pretrain,0,5,none,0,10,random,300,0.87,0-01:05:00,benchmarks/downstream/jobs/evaluate/Flowers_ConvNet_none_no_pretrain_size0_lbl5.sh,10,4.613758362829685,0.6182267462714199,complete
Flowers_VGG11_simclr_random_size1_lbl1,Flowers,VGG11,simclr,random,1,1,VGG11_simclr_random_size1,5000,10,random,500,0.88,0-01:05:00,benchmarks/downstream/jobs/evaluate/Flowers_VGG11_simclr_random_size1_lbl1.sh,10,1.8442023452371359,0.8070897882407876,complete
Flowers_VGG11_simclr_random_size1_lbl5,Flowers,VGG11,simclr,random,1,5,VGG11_simclr_random_size1,5000,10,random,300,0.87,0-01:05:00,benchmarks/downstream/jobs/evaluate/Flowers_VGG11_simclr_random_size1_lbl5.sh,10,2.662221547216177,0.5250785794782031,complete
Flowers_VGG11_simclr_random_size2_lbl1,Flowers,VGG11,simclr,random,2,1,VGG11_simclr_random_size2,4000,10,random,500,0.88,0-01:05:00,benchmarks/downstream/jobs/evaluate/Flowers_VGG11_simclr_random_size2_lbl1.sh,10,1.9677996635437012,0.5467894292116597,complete
Flowers_VGG11_simclr_random_size2_lbl5,Flowers,VGG11,simclr,random,2,5,VGG11_simclr_random_size2,4000,10,random,300,0.87,0-01:05:00,benchmarks/downstream/jobs/evaluate/Flowers_VGG11_simclr_random_size2_lbl5.sh,10,2.5662709586322308,0.3964923929490044,complete
Flowers_VGG11_simclr_random_size5_lbl1,Flowers,VGG11,simclr,random,5,1,VGG11_simclr_random_size5,3000,10,random,500,0.88,0-01:05:00,benchmarks/downstream/jobs/evaluate/Flowers_VGG11_simclr_random_size5_lbl1.sh,10,1.9596682582050562,0.6387164409189069,complete
Flowers_VGG11_simclr_random_size5_lbl5,Flowers,VGG11,simclr,random,5,5,VGG11_simclr_random_size5,3000,10,random,300,0.87,0-01:05:00,benchmarks/downstream/jobs/evaluate/Flowers_VGG11_simclr_random_size5_lbl5.sh,10,2.663847804069519,0.4913533166241228,complete
Flowers_VGG11_simclr_kmeans_size1_lbl1,Flowers,VGG11,simclr,kmeans,1,1,VGG11_simclr_kmeans_size1,5000,10,random,500,0.88,0-01:05:00,benchmarks/downstream/jobs/evaluate/Flowers_VGG11_simclr_kmeans_size1_lbl1.sh,10,1.8653440102934837,0.5989115936033658,complete
Flowers_VGG11_simclr_kmeans_size1_lbl5,Flowers,VGG11,simclr,kmeans,1,5,VGG11_simclr_kmeans_size1,5000,10,random,300,0.87,0-01:05:00,benchmarks/downstream/jobs/evaluate/Flowers_VGG11_simclr_kmeans_size1_lbl5.sh,10,2.4394210427999496,0.5013706190145308,complete
Flowers_VGG11_simclr_kmeans_size2_lbl1,Flowers,VGG11,simclr,kmeans,2,1,VGG11_simclr_kmeans_size2,4000,10,random,500,0.88,0-01:05:00,benchmarks/downstream/jobs/evaluate/Flowers_VGG11_simclr_kmeans_size2_lbl1.sh,10,1.9710522424429655,0.5305210463210153,complete
Flowers_VGG11_simclr_kmeans_size2_lbl5,Flowers,VGG11,simclr,kmeans,2,5,VGG11_simclr_kmeans_size2,4000,10,random,300,0.87,0-01:05:00,benchmarks/downstream/jobs/evaluate/Flowers_VGG11_simclr_kmeans_size2_lbl5.sh,10,2.6036754436790943,0.38434781186625605,complete
Flowers_VGG11_simclr_kmeans_size5_lbl1,Flowers,VGG11,simclr,kmeans,5,1,VGG11_simclr_kmeans_size5,3000,10,random,500,0.88,0-01:05:00,benchmarks/downstream/jobs/evaluate/Flowers_VGG11_simclr_kmeans_size5_lbl1.sh,10,1.9060009997338057,0.491173874308041,complete
Flowers_VGG11_simclr_kmeans_size5_lbl5,Flowers,VGG11,simclr,kmeans,5,5,VGG11_simclr_kmeans_size5,3000,10,random,300,0.87,0-01:05:00,benchmarks/downstream/jobs/evaluate/Flowers_VGG11_simclr_kmeans_size5_lbl5.sh,10,2.6736054569482803,0.5311520781358513,complete
Flowers_VGG11_barlowtwins_random_size1_lbl1,Flowers,VGG11,barlowtwins,random,1,1,VGG11_barlowtwins_random_size1,10000,10,random,500,0.88,0-01:05:00,benchmarks/downstream/jobs/evaluate/Flowers_VGG11_barlowtwins_random_size1_lbl1.sh,10,1.5368352853693068,0.7073542143375673,complete
Flowers_VGG11_barlowtwins_random_size1_lbl5,Flowers,VGG11,barlowtwins,random,1,5,VGG11_barlowtwins_random_size1,10000,10,random,300,0.87,0-01:05:00,benchmarks/downstream/jobs/evaluate/Flowers_VGG11_barlowtwins_random_size1_lbl5.sh,10,1.3221662305295467,0.768475697400683,complete
Flowers_VGG11_barlowtwins_random_size2_lbl1,Flowers,VGG11,barlowtwins,random,2,1,VGG11_barlowtwins_random_size2,8000,10,random,500,0.88,0-01:05:00,benchmarks/downstream/jobs/evaluate/Flowers_VGG11_barlowtwins_random_size2_lbl1.sh,10,1.7189787048846483,0.6910810701003247,complete
Flowers_VGG11_barlowtwins_random_size2_lbl5,Flowers,VGG11,barlowtwins,random,2,5,VGG11_barlowtwins_random_size2,8000,10,random,300,0.87,0-01:05:00,benchmarks/downstream/jobs/evaluate/Flowers_VGG11_barlowtwins_random_size2_lbl5.sh,10,1.2831354979425669,0.6532373950659319,complete
Flowers_VGG11_barlowtwins_random_size5_lbl1,Flowers,VGG11,barlowtwins,random,5,1,VGG11_barlowtwins_random_size5,6000,10,random,500,0.88,0-01:05:00,benchmarks/downstream/jobs/evaluate/Flowers_VGG11_barlowtwins_random_size5_lbl1.sh,10,1.4815417118370533,0.5136146836721333,complete
Flowers_VGG11_barlowtwins_random_size5_lbl5,Flowers,VGG11,barlowtwins,random,5,5,VGG11_barlowtwins_random_size5,6000,10,random,300,0.87,0-01:05:00,benchmarks/downstream/jobs/evaluate/Flowers_VGG11_barlowtwins_random_size5_lbl5.sh,10,1.4620263641700149,1.017763890821104,complete
Flowers_VGG11_barlowtwins_kmeans_size1_lbl1,Flowers,VGG11,barlowtwins,kmeans,1,1,VGG11_barlowtwins_kmeans_size1,10000,10,random,500,0.88,0-01:05:00,benchmarks/downstream/jobs/evaluate/Flowers_VGG11_barlowtwins_kmeans_size1_lbl1.sh,10,1.6262807231396437,0.736768795630426,complete
Flowers_VGG11_barlowtwins_kmeans_size1_lbl5,Flowers,VGG11,barlowtwins,kmeans,1,5,VGG11_barlowtwins_kmeans_size1,10000,10,random,300,0.87,0-01:05:00,benchmarks/downstream/jobs/evaluate/Flowers_VGG11_barlowtwins_kmeans_size1_lbl5.sh,10,1.1318913847208023,0.6663650847370304,complete
Flowers_VGG11_barlowtwins_kmeans_size2_lbl1,Flowers,VGG11,barlowtwins,kmeans,2,1,VGG11_barlowtwins_kmeans_size2,8000,10,random,500,0.88,0-01:05:00,benchmarks/downstream/jobs/evaluate/Flowers_VGG11_barlowtwins_kmeans_size2_lbl1.sh,10,1.583997413981706,0.6087496040847582,complete
Flowers_VGG11_barlowtwins_kmeans_size2_lbl5,Flowers,VGG11,barlowtwins,kmeans,2,5,VGG11_barlowtwins_kmeans_size2,8000,10,random,300,0.87,0-01:05:00,benchmarks/downstream/jobs/evaluate/Flowers_VGG11_barlowtwins_kmeans_size2_lbl5.sh,10,1.2863880628719926,0.7104301351843625,complete
Flowers_VGG11_barlowtwins_kmeans_size5_lbl1,Flowers,VGG11,barlowtwins,kmeans,5,1,VGG11_barlowtwins_kmeans_size5,6000,10,random,500,0.88,0-01:05:00,benchmarks/downstream/jobs/evaluate/Flowers_VGG11_barlowtwins_kmeans_size5_lbl1.sh,10,1.7466255277395248,0.5936456986743742,complete
Flowers_VGG11_barlowtwins_kmeans_size5_lbl5,Flowers,VGG11,barlowtwins,kmeans,5,5,VGG11_barlowtwins_kmeans_size5,6000,10,random,300,0.87,0-01:05:00,benchmarks/downstream/jobs/evaluate/Flowers_VGG11_barlowtwins_kmeans_size5_lbl5.sh,10,1.3953488552942872,1.1216700851455454,complete
Flowers_VGG11_none_no_pretrain_size0_lbl1,Flowers,VGG11,none,no_pretrain,0,1,none,0,10,random,500,0.88,0-01:05:00,benchmarks/downstream/jobs/evaluate/Flowers_VGG11_none_no_pretrain_size0_lbl1.sh,10,1.3709546439349651,0.7210883618367113,complete
Flowers_VGG11_none_no_pretrain_size0_lbl5,Flowers,VGG11,none,no_pretrain,0,5,none,0,10,random,300,0.87,0-01:05:00,benchmarks/downstream/jobs/evaluate/Flowers_VGG11_none_no_pretrain_size0_lbl5.sh,10,1.1367702158167958,0.4230032128825709,complete
Flowers_ResNet18_simclr_random_size1_lbl1,Flowers,ResNet18,simclr,random,1,1,ResNet18_simclr_random_size1,5000,10,random,500,0.94,0-01:05:00,benchmarks/downstream/jobs/evaluate/Flowers_ResNet18_simclr_random_size1_lbl1.sh,10,2.0052041113376617,0.41983739008127424,complete
Flowers_ResNet18_simclr_random_size1_lbl5,Flowers,ResNet18,simclr,random,1,5,ResNet18_simclr_random_size1,5000,10,random,300,0.92,0-01:05:00,benchmarks/downstream/jobs/evaluate/Flowers_ResNet18_simclr_random_size1_lbl5.sh,10,2.7711823396384716,0.5593397035075834,complete
Flowers_ResNet18_simclr_random_size2_lbl1,Flowers,ResNet18,simclr,random,2,1,ResNet18_simclr_random_size2,4000,10,random,500,0.94,0-01:05:00,benchmarks/downstream/jobs/evaluate/Flowers_ResNet18_simclr_random_size2_lbl1.sh,10,2.0572451036423445,0.6244791065771413,complete
Flowers_ResNet18_simclr_random_size2_lbl5,Flowers,ResNet18,simclr,random,2,5,ResNet18_simclr_random_size2,4000,10,random,300,0.92,0-01:05:00,benchmarks/downstream/jobs/evaluate/Flowers_ResNet18_simclr_random_size2_lbl5.sh,10,2.8411123901605606,0.5493657752771041,complete
Flowers_ResNet18_simclr_random_size5_lbl1,Flowers,ResNet18,simclr,random,5,1,ResNet18_simclr_random_size5,3000,10,random,500,0.94,0-01:05:00,benchmarks/downstream/jobs/evaluate/Flowers_ResNet18_simclr_random_size5_lbl1.sh,10,2.216620622202754,0.5416081854891309,complete
Flowers_ResNet18_simclr_random_size5_lbl5,Flowers,ResNet18,simclr,random,5,5,ResNet18_simclr_random_size5,3000,10,random,300,0.92,0-01:05:00,benchmarks/downstream/jobs/evaluate/Flowers_ResNet18_simclr_random_size5_lbl5.sh,10,3.146853242069483,0.4115807836027259,complete
Flowers_ResNet18_simclr_kmeans_size1_lbl1,Flowers,ResNet18,simclr,kmeans,1,1,ResNet18_simclr_kmeans_size1,5000,10,random,500,0.94,0-01:05:00,benchmarks/downstream/jobs/evaluate/Flowers_ResNet18_simclr_kmeans_size1_lbl1.sh,10,2.068629087880254,0.5734314692190116,complete
Flowers_ResNet18_simclr_kmeans_size1_lbl5,Flowers,ResNet18,simclr,kmeans,1,5,ResNet18_simclr_kmeans_size1,5000,10,random,300,0.92,0-01:05:00,benchmarks/downstream/jobs/evaluate/Flowers_ResNet18_simclr_kmeans_size1_lbl5.sh,10,2.6362010836601257,0.5650503747318524,complete
Flowers_ResNet18_simclr_kmeans_size2_lbl1,Flowers,ResNet18,simclr,kmeans,2,1,ResNet18_simclr_kmeans_size2,4000,10,random,500,0.94,0-01:05:00,benchmarks/downstream/jobs/evaluate/Flowers_ResNet18_simclr_kmeans_size2_lbl1.sh,10,2.0426085870712996,0.732215695334717,complete
Flowers_ResNet18_simclr_kmeans_size2_lbl5,Flowers,ResNet18,simclr,kmeans,2,5,ResNet18_simclr_kmeans_size2,4000,10,random,300,0.92,0-01:05:00,benchmarks/downstream/jobs/evaluate/Flowers_ResNet18_simclr_kmeans_size2_lbl5.sh,10,2.9760936833918095,0.7055967661264784,complete
Flowers_ResNet18_simclr_kmeans_size5_lbl1,Flowers,ResNet18,simclr,kmeans,5,1,ResNet18_simclr_kmeans_size5,3000,10,random,500,0.94,0-01:05:00,benchmarks/downstream/jobs/evaluate/Flowers_ResNet18_simclr_kmeans_size5_lbl1.sh,10,2.0149617921561003,0.4400951786483073,complete
Flowers_ResNet18_simclr_kmeans_size5_lbl5,Flowers,ResNet18,simclr,kmeans,5,5,ResNet18_simclr_kmeans_size5,3000,10,random,300,0.92,0-01:05:00,benchmarks/downstream/jobs/evaluate/Flowers_ResNet18_simclr_kmeans_size5_lbl5.sh,10,2.9858513548970222,0.6959180948871668,complete
Flowers_ResNet18_barlowtwins_random_size1_lbl1,Flowers,ResNet18,barlowtwins,random,1,1,ResNet18_barlowtwins_random_size1,10000,10,random,500,0.94,0-01:05:00,benchmarks/downstream/jobs/evaluate/Flowers_ResNet18_barlowtwins_random_size1_lbl1.sh,10,1.8165555782616138,0.40826882173350454,complete
Flowers_ResNet18_barlowtwins_random_size1_lbl5,Flowers,ResNet18,barlowtwins,random,1,5,ResNet18_barlowtwins_random_size1,10000,10,random,300,0.92,0-01:05:00,benchmarks/downstream/jobs/evaluate/Flowers_ResNet18_barlowtwins_random_size1_lbl5.sh,10,2.458936460316181,0.6322215104439234,complete
Flowers_ResNet18_barlowtwins_random_size2_lbl1,Flowers,ResNet18,barlowtwins,random,2,1,ResNet18_barlowtwins_random_size2,8000,10,random,500,0.94,0-01:05:00,benchmarks/downstream/jobs/evaluate/Flowers_ResNet18_barlowtwins_random_size2_lbl1.sh,10,2.1320540364831686,0.6207598739755406,complete
Flowers_ResNet18_barlowtwins_random_size2_lbl5,Flowers,ResNet18,barlowtwins,random,2,5,ResNet18_barlowtwins_random_size2,8000,10,random,300,0.92,0-01:05:00,benchmarks/downstream/jobs/evaluate/Flowers_ResNet18_barlowtwins_random_size2_lbl5.sh,10,2.34184424392879,0.5711310176856218,complete
Flowers_ResNet18_barlowtwins_random_size5_lbl1,Flowers,ResNet18,barlowtwins,random,5,1,ResNet18_barlowtwins_random_size5,6000,10,random,500,0.94,0-01:05:00,benchmarks/downstream/jobs/evaluate/Flowers_ResNet18_barlowtwins_random_size5_lbl1.sh,10,1.9873150531202555,0.5058520242043643,complete
Flowers_ResNet18_barlowtwins_random_size5_lbl5,Flowers,ResNet18,barlowtwins,random,5,5,ResNet18_barlowtwins_random_size5,6000,10,random,300,0.92,0-01:05:00,benchmarks/downstream/jobs/evaluate/Flowers_ResNet18_barlowtwins_random_size5_lbl5.sh,10,1.6506749344989657,1.0470197258671141,complete
Flowers_ResNet18_barlowtwins_kmeans_size1_lbl1,Flowers,ResNet18,barlowtwins,kmeans,1,1,ResNet18_barlowtwins_kmeans_size1,10000,10,random,500,0.94,0-01:05:00,benchmarks/downstream/jobs/evaluate/Flowers_ResNet18_barlowtwins_kmeans_size1_lbl1.sh,10,1.9206375256180763,0.6304364338377436,complete
Flowers_ResNet18_barlowtwins_kmeans_size1_lbl5,Flowers,ResNet18,barlowtwins,kmeans,1,5,ResNet18_barlowtwins_kmeans_size1,10000,10,random,300,0.92,0-01:05:00,benchmarks/downstream/jobs/evaluate/Flowers_ResNet18_barlowtwins_kmeans_size1_lbl5.sh,10,2.5792812276631594,0.8837023021904116,complete
Flowers_ResNet18_barlowtwins_kmeans_size2_lbl1,Flowers,ResNet18,barlowtwins,kmeans,2,1,ResNet18_barlowtwins_kmeans_size2,8000,10,random,500,0.94,0-01:05:00,benchmarks/downstream/jobs/evaluate/Flowers_ResNet18_barlowtwins_kmeans_size2_lbl1.sh,10,2.1548219490796328,0.5986268986387437,complete
Flowers_ResNet18_barlowtwins_kmeans_size2_lbl5,Flowers,ResNet18,barlowtwins,kmeans,2,5,ResNet18_barlowtwins_kmeans_size2,8000,10,random,300,0.92,0-01:05:00,benchmarks/downstream/jobs/evaluate/Flowers_ResNet18_barlowtwins_kmeans_size2_lbl5.sh,10,2.5516344234347343,0.8856704016677208,complete
Flowers_ResNet18_barlowtwins_kmeans_size5_lbl1,Flowers,ResNet18,barlowtwins,kmeans,5,1,ResNet18_barlowtwins_kmeans_size5,6000,10,random,500,0.94,0-01:05:00,benchmarks/downstream/jobs/evaluate/Flowers_ResNet18_barlowtwins_kmeans_size5_lbl1.sh,10,2.0182143431156874,0.5768879094052002,complete
Flowers_ResNet18_barlowtwins_kmeans_size5_lbl5,Flowers,ResNet18,barlowtwins,kmeans,5,5,ResNet18_barlowtwins_kmeans_size5,6000,10,random,300,0.92,0-01:05:00,benchmarks/downstream/jobs/evaluate/Flowers_ResNet18_barlowtwins_kmeans_size5_lbl5.sh,10,1.6945844935253263,1.0191013193092544,complete
Flowers_ResNet18_none_no_pretrain_size0_lbl1,Flowers,ResNet18,none,no_pretrain,0,1,none,0,10,random,500,0.94,0-01:05:00,benchmarks/downstream/jobs/evaluate/Flowers_ResNet18_none_no_pretrain_size0_lbl1.sh,10,0.9286063024774194,0.35575960922123534,complete
Flowers_ResNet18_none_no_pretrain_size0_lbl5,Flowers,ResNet18,none,no_pretrain,0,5,none,0,10,random,300,0.92,0-01:05:00,benchmarks/downstream/jobs/evaluate/Flowers_ResNet18_none_no_pretrain_size0_lbl5.sh,10,1.234347065910697,0.4164217256509379,complete
TinyImageNet_ConvNet_simclr_random_size1_lbl1,TinyImageNet,ConvNet,simclr,random,1,1,ConvNet_simclr_random_size1,5000,10,random,500,1.04,0-01:05:00,benchmarks/downstream/jobs/evaluate/TinyImageNet_ConvNet_simclr_random_size1_lbl1.sh,10,3.27799990773201,0.2707520246334221,complete
TinyImageNet_ConvNet_simclr_random_size1_lbl5,TinyImageNet,ConvNet,simclr,random,1,5,ConvNet_simclr_random_size1,5000,10,random,300,1.45,0-01:05:00,benchmarks/downstream/jobs/evaluate/TinyImageNet_ConvNet_simclr_random_size1_lbl5.sh,10,6.888999938964844,0.2586051688919619,complete
TinyImageNet_ConvNet_simclr_random_size2_lbl1,TinyImageNet,ConvNet,simclr,random,2,1,ConvNet_simclr_random_size2,4000,10,random,500,1.04,0-01:05:00,benchmarks/downstream/jobs/evaluate/TinyImageNet_ConvNet_simclr_random_size2_lbl1.sh,10,3.5099999234080315,0.22150997459309474,complete
TinyImageNet_ConvNet_simclr_random_size2_lbl5,TinyImageNet,ConvNet,simclr,random,2,5,ConvNet_simclr_random_size2,4000,10,random,300,1.45,0-01:05:00,benchmarks/downstream/jobs/evaluate/TinyImageNet_ConvNet_simclr_random_size2_lbl5.sh,10,7.392999678850174,0.1882108813991032,complete
TinyImageNet_ConvNet_simclr_random_size5_lbl1,TinyImageNet,ConvNet,simclr,random,5,1,ConvNet_simclr_random_size5,3000,10,random,500,1.04,0-01:05:00,benchmarks/downstream/jobs/evaluate/TinyImageNet_ConvNet_simclr_random_size5_lbl1.sh,10,3.8749998807907104,0.22721748327647642,complete
TinyImageNet_ConvNet_simclr_random_size5_lbl5,TinyImageNet,ConvNet,simclr,random,5,5,ConvNet_simclr_random_size5,3000,10,random,300,1.45,0-01:05:00,benchmarks/downstream/jobs/evaluate/TinyImageNet_ConvNet_simclr_random_size5_lbl5.sh,10,8.281999826431274,0.25266577798476464,complete
TinyImageNet_ConvNet_simclr_kmeans_size1_lbl1,TinyImageNet,ConvNet,simclr,kmeans,1,1,ConvNet_simclr_kmeans_size1,5000,10,random,500,1.04,0-01:05:00,benchmarks/downstream/jobs/evaluate/TinyImageNet_ConvNet_simclr_kmeans_size1_lbl1.sh,10,3.2509998977184296,0.269297441886574,complete
TinyImageNet_ConvNet_simclr_kmeans_size1_lbl5,TinyImageNet,ConvNet,simclr,kmeans,1,5,ConvNet_simclr_kmeans_size1,5000,10,random,300,1.45,0-01:05:00,benchmarks/downstream/jobs/evaluate/TinyImageNet_ConvNet_simclr_kmeans_size1_lbl5.sh,10,6.80399976670742,0.2594951743865103,complete
TinyImageNet_ConvNet_simclr_kmeans_size2_lbl1,TinyImageNet,ConvNet,simclr,kmeans,2,1,ConvNet_simclr_kmeans_size2,4000,10,random,500,1.04,0-01:05:00,benchmarks/downstream/jobs/evaluate/TinyImageNet_ConvNet_simclr_kmeans_size2_lbl1.sh,10,3.5409999266266823,0.22629620084242516,complete
TinyImageNet_ConvNet_simclr_kmeans_size2_lbl5,TinyImageNet,ConvNet,simclr,kmeans,2,5,ConvNet_simclr_kmeans_size2,4000,10,random,300,1.45,0-01:05:00,benchmarks/downstream/jobs/evaluate/TinyImageNet_ConvNet_simclr_kmeans_size2_lbl5.sh,10,7.436999902129173,0.30840265612575973,complete
TinyImageNet_ConvNet_simclr_kmeans_size5_lbl1,TinyImageNet,ConvNet,simclr,kmeans,5,1,ConvNet_simclr_kmeans_size5,3000,10,random,500,1.04,0-01:05:00,benchmarks/downstream/jobs/evaluate/TinyImageNet_ConvNet_simclr_kmeans_size5_lbl1.sh,10,3.7379999086260796,0.29031781167487297,complete
TinyImageNet_ConvNet_simclr_kmeans_size5_lbl5,TinyImageNet,ConvNet,simclr,kmeans,5,5,ConvNet_simclr_kmeans_size5,3000,10,random,300,1.45,0-01:05:00,benchmarks/downstream/jobs/evaluate/TinyImageNet_ConvNet_simclr_kmeans_size5_lbl5.sh,10,8.172999769449234,0.20971139569612698,complete
TinyImageNet_ConvNet_barlowtwins_random_size1_lbl1,TinyImageNet,ConvNet,barlowtwins,random,1,1,ConvNet_barlowtwins_random_size1,10000,10,random,500,1.04,0-01:05:00,benchmarks/downstream/jobs/evaluate/TinyImageNet_ConvNet_barlowtwins_random_size1_lbl1.sh,10,3.2009999081492424,0.2956893544706343,complete
TinyImageNet_ConvNet_barlowtwins_random_size1_lbl5,TinyImageNet,ConvNet,barlowtwins,random,1,5,ConvNet_barlowtwins_random_size1,10000,10,random,300,1.45,0-01:05:00,benchmarks/downstream/jobs/evaluate/TinyImageNet_ConvNet_barlowtwins_random_size1_lbl5.sh,10,6.9029998034238815,0.45026044203361604,complete
TinyImageNet_ConvNet_barlowtwins_random_size2_lbl1,TinyImageNet,ConvNet,barlowtwins,random,2,1,ConvNet_barlowtwins_random_size2,8000,10,random,500,1.04,0-01:05:00,benchmarks/downstream/jobs/evaluate/TinyImageNet_ConvNet_barlowtwins_random_size2_lbl1.sh,10,3.539999835193157,0.267498705584537,complete
TinyImageNet_ConvNet_barlowtwins_random_size2_lbl5,TinyImageNet,ConvNet,barlowtwins,random,2,5,ConvNet_barlowtwins_random_size2,8000,10,random,300,1.45,0-01:05:00,benchmarks/downstream/jobs/evaluate/TinyImageNet_ConvNet_barlowtwins_random_size2_lbl5.sh,10,7.960999682545662,0.4595032501565717,complete
TinyImageNet_ConvNet_barlowtwins_random_size5_lbl1,TinyImageNet,ConvNet,barlowtwins,random,5,1,ConvNet_barlowtwins_random_size5,6000,10,random,500,1.04,0-01:05:00,benchmarks/downstream/jobs/evaluate/TinyImageNet_ConvNet_barlowtwins_random_size5_lbl1.sh,10,3.7779998779296875,0.4142141319748934,complete
TinyImageNet_ConvNet_barlowtwins_random_size5_lbl5,TinyImageNet,ConvNet,barlowtwins,random,5,5,ConvNet_barlowtwins_random_size5,6000,10,random,300,1.45,0-01:05:00,benchmarks/downstream/jobs/evaluate/TinyImageNet_ConvNet_barlowtwins_random_size5_lbl5.sh,10,7.7869997918605804,0.3265321677351294,complete
TinyImageNet_ConvNet_barlowtwins_kmeans_size1_lbl1,TinyImageNet,ConvNet,barlowtwins,kmeans,1,1,ConvNet_barlowtwins_kmeans_size1,10000,10,random,500,1.04,0-01:05:00,benchmarks/downstream/jobs/evaluate/TinyImageNet_ConvNet_barlowtwins_kmeans_size1_lbl1.sh,10,3.047999944537878,0.27583408299116297,complete
TinyImageNet_ConvNet_barlowtwins_kmeans_size1_lbl5,TinyImageNet,ConvNet,barlowtwins,kmeans,1,5,ConvNet_barlowtwins_kmeans_size1,10000,10,random,300,1.45,0-01:05:00,benchmarks/downstream/jobs/evaluate/TinyImageNet_ConvNet_barlowtwins_kmeans_size1_lbl5.sh,10,6.567999869585037,0.3380269294883412,complete
TinyImageNet_ConvNet_barlowtwins_kmeans_size2_lbl1,TinyImageNet,ConvNet,barlowtwins,kmeans,2,1,ConvNet_barlowtwins_kmeans_size2,8000,10,random,500,1.04,0-01:05:00,benchmarks/downstream/jobs/evaluate/TinyImageNet_ConvNet_barlowtwins_kmeans_size2_lbl1.sh,10,3.4269999526441097,0.2261292688254847,complete
TinyImageNet_ConvNet_barlowtwins_kmeans_size2_lbl5,TinyImageNet,ConvNet,barlowtwins,kmeans,2,5,ConvNet_barlowtwins_kmeans_size2,8000,10,random,300,1.45,0-01:05:00,benchmarks/downstream/jobs/evaluate/TinyImageNet_ConvNet_barlowtwins_kmeans_size2_lbl5.sh,10,7.621999755501747,0.37888136028541797,complete
TinyImageNet_ConvNet_barlowtwins_kmeans_size5_lbl1,TinyImageNet,ConvNet,barlowtwins,kmeans,5,1,ConvNet_barlowtwins_kmeans_size5,6000,10,random,500,1.04,0-01:05:00,benchmarks/downstream/jobs/evaluate/TinyImageNet_ConvNet_barlowtwins_kmeans_size5_lbl1.sh,10,3.831999860703945,0.3365114970317681,complete
TinyImageNet_ConvNet_barlowtwins_kmeans_size5_lbl5,TinyImageNet,ConvNet,barlowtwins,kmeans,5,5,ConvNet_barlowtwins_kmeans_size5,6000,10,random,300,1.45,0-01:05:00,benchmarks/downstream/jobs/evaluate/TinyImageNet_ConvNet_barlowtwins_kmeans_size5_lbl5.sh,10,7.763999775052071,0.27544719907419424,complete
TinyImageNet_ConvNet_none_no_pretrain_size0_lbl1,TinyImageNet,ConvNet,none,no_pretrain,0,1,none,0,10,random,500,1.04,0-01:05:00,benchmarks/downstream/jobs/evaluate/TinyImageNet_ConvNet_none_no_pretrain_size0_lbl1.sh,10,2.5579999200999737,0.19809086913012944,complete
TinyImageNet_ConvNet_none_no_pretrain_size0_lbl5,TinyImageNet,ConvNet,none,no_pretrain,0,5,none,0,10,random,300,1.45,0-01:05:00,benchmarks/downstream/jobs/evaluate/TinyImageNet_ConvNet_none_no_pretrain_size0_lbl5.sh,10,5.4009998589754105,0.1552382065308503,complete
TinyImageNet_VGG11_simclr_random_size1_lbl1,TinyImageNet,VGG11,simclr,random,1,1,VGG11_simclr_random_size1,5000,10,random,500,1.02,0-01:05:00,benchmarks/downstream/jobs/evaluate/TinyImageNet_VGG11_simclr_random_size1_lbl1.sh,10,1.4889999572187662,0.10640070899037012,complete
TinyImageNet_VGG11_simclr_random_size1_lbl5,TinyImageNet,VGG11,simclr,random,1,5,VGG11_simclr_random_size1,5000,10,random,300,1.39,0-01:05:00,benchmarks/downstream/jobs/evaluate/TinyImageNet_VGG11_simclr_random_size1_lbl5.sh,10,2.284999918192625,0.274317340785113,complete
TinyImageNet_VGG11_simclr_random_size2_lbl1,TinyImageNet,VGG11,simclr,random,2,1,VGG11_simclr_random_size2,4000,10,random,500,1.02,0-01:05:00,benchmarks/downstream/jobs/evaluate/TinyImageNet_VGG11_simclr_random_size2_lbl1.sh,10,1.6659999918192625,0.1416725611047195,complete
TinyImageNet_VGG11_simclr_random_size2_lbl5,TinyImageNet,VGG11,simclr,random,2,5,VGG11_simclr_random_size2,4000,10,random,300,1.39,0-01:05:00,benchmarks/downstream/jobs/evaluate/TinyImageNet_VGG11_simclr_random_size2_lbl5.sh,10,2.6419999450445175,0.2280253584380732,complete
TinyImageNet_VGG11_simclr_random_size5_lbl1,TinyImageNet,VGG11,simclr,random,5,1,VGG11_simclr_random_size5,3000,10,random,500,1.02,0-01:05:00,benchmarks/downstream/jobs/evaluate/TinyImageNet_VGG11_simclr_random_size5_lbl1.sh,10,1.858999952673912,0.14231809324287764,complete
TinyImageNet_VGG11_simclr_random_size5_lbl5,TinyImageNet,VGG11,simclr,random,5,5,VGG11_simclr_random_size5,3000,10,random,300,1.39,0-01:05:00,benchmarks/downstream/jobs/evaluate/TinyImageNet_VGG11_simclr_random_size5_lbl5.sh,10,3.0729999020695686,0.2623419903894475,complete
TinyImageNet_VGG11_simclr_kmeans_size1_lbl1,TinyImageNet,VGG11,simclr,kmeans,1,1,VGG11_simclr_kmeans_size1,5000,10,random,500,1.02,0-01:05:00,benchmarks/downstream/jobs/evaluate/TinyImageNet_VGG11_simclr_kmeans_size1_lbl1.sh,10,1.4179999753832817,0.16883916798422752,complete
TinyImageNet_VGG11_simclr_kmeans_size1_lbl5,TinyImageNet,VGG11,simclr,kmeans,1,5,VGG11_simclr_kmeans_size1,5000,10,random,300,1.39,0-01:05:00,benchmarks/downstream/jobs/evaluate/TinyImageNet_VGG11_simclr_kmeans_size1_lbl5.sh,10,2.2489999420940876,0.08225299137677368,complete
TinyImageNet_VGG11_simclr_kmeans_size2_lbl1,TinyImageNet,VGG11,simclr,kmeans,2,1,VGG11_simclr_kmeans_size2,4000,10,random,500,1.02,0-01:05:00,benchmarks/downstream/jobs/evaluate/TinyImageNet_VGG11_simclr_kmeans_size2_lbl1.sh,10,1.5939999651163816,0.16310870457152632,complete
TinyImageNet_VGG11_simclr_kmeans_size2_lbl5,TinyImageNet,VGG11,simclr,kmeans,2,5,VGG11_simclr_kmeans_size2,4000,10,random,300,1.39,0-01:05:00,benchmarks/downstream/jobs/evaluate/TinyImageNet_VGG11_simclr_kmeans_size2_lbl5.sh,10,2.5199999287724495,0.15923426828161585,complete
TinyImageNet_VGG11_simclr_kmeans_size5_lbl1,TinyImageNet,VGG11,simclr,kmeans,5,1,VGG11_simclr_kmeans_size5,3000,10,random,500,1.02,0-01:05:00,benchmarks/downstream/jobs/evaluate/TinyImageNet_VGG11_simclr_kmeans_size5_lbl1.sh,10,1.8579999636858702,0.17674839832000652,complete
TinyImageNet_VGG11_simclr_kmeans_size5_lbl5,TinyImageNet,VGG11,simclr,kmeans,5,5,VGG11_simclr_kmeans_size5,3000,10,random,300,1.39,0-01:05:00,benchmarks/downstream/jobs/evaluate/TinyImageNet_VGG11_simclr_kmeans_size5_lbl5.sh,10,3.198999911546707,0.18381449681285034,complete
TinyImageNet_VGG11_barlowtwins_random_size1_lbl1,TinyImageNet,VGG11,barlowtwins,random,1,1,VGG11_barlowtwins_random_size1,10000,10,random,500,1.02,0-01:05:00,benchmarks/downstream/jobs/evaluate/TinyImageNet_VGG11_barlowtwins_random_size1_lbl1.sh,10,0.6029999908059835,0.19067424741261765,complete
TinyImageNet_VGG11_barlowtwins_random_size1_lbl5,TinyImageNet,VGG11,barlowtwins,random,1,5,VGG11_barlowtwins_random_size1,10000,10,random,300,1.39,0-01:05:00,benchmarks/downstream/jobs/evaluate/TinyImageNet_VGG11_barlowtwins_random_size1_lbl5.sh,10,0.7219999842345715,0.27373141193733286,complete
TinyImageNet_VGG11_barlowtwins_random_size2_lbl1,TinyImageNet,VGG11,barlowtwins,random,2,1,VGG11_barlowtwins_random_size2,8000,10,random,500,1.02,0-01:05:00,benchmarks/downstream/jobs/evaluate/TinyImageNet_VGG11_barlowtwins_random_size2_lbl1.sh,10,0.7249999791383743,0.28340194518020845,complete
TinyImageNet_VGG11_barlowtwins_random_size2_lbl5,TinyImageNet,VGG11,barlowtwins,random,2,5,VGG11_barlowtwins_random_size2,8000,10,random,300,1.39,0-01:05:00,benchmarks/downstream/jobs/evaluate/TinyImageNet_VGG11_barlowtwins_random_size2_lbl5.sh,10,1.0039999755099416,0.3694199726322683,complete
TinyImageNet_VGG11_barlowtwins_random_size5_lbl1,TinyImageNet,VGG11,barlowtwins,random,5,1,VGG11_barlowtwins_random_size5,6000,10,random,500,1.02,0-01:05:00,benchmarks/downstream/jobs/evaluate/TinyImageNet_VGG11_barlowtwins_random_size5_lbl1.sh,10,0.8979999739676714,0.2781206645587797,complete
TinyImageNet_VGG11_barlowtwins_random_size5_lbl5,TinyImageNet,VGG11,barlowtwins,random,5,5,VGG11_barlowtwins_random_size5,6000,10,random,300,1.39,0-01:05:00,benchmarks/downstream/jobs/evaluate/TinyImageNet_VGG11_barlowtwins_random_size5_lbl5.sh,10,1.1509999725967646,0.38948541497372297,complete
TinyImageNet_VGG11_barlowtwins_kmeans_size1_lbl1,TinyImageNet,VGG11,barlowtwins,kmeans,1,1,VGG11_barlowtwins_kmeans_size1,10000,10,random,500,1.02,0-01:05:00,benchmarks/downstream/jobs/evaluate/TinyImageNet_VGG11_barlowtwins_kmeans_size1_lbl1.sh,10,0.6959999818354845,0.16487032083852207,complete
TinyImageNet_VGG11_barlowtwins_kmeans_size1_lbl5,TinyImageNet,VGG11,barlowtwins,kmeans,1,5,VGG11_barlowtwins_kmeans_size1,10000,10,random,300,1.39,0-01:05:00,benchmarks/downstream/jobs/evaluate/TinyImageNet_VGG11_barlowtwins_kmeans_size1_lbl5.sh,10,0.7939999736845493,0.28609242810110097,complete
TinyImageNet_VGG11_barlowtwins_kmeans_size2_lbl1,TinyImageNet,VGG11,barlowtwins,kmeans,2,1,VGG11_barlowtwins_kmeans_size2,8000,10,random,500,1.02,0-01:05:00,benchmarks/downstream/jobs/evaluate/TinyImageNet_VGG11_barlowtwins_kmeans_size2_lbl1.sh,10,0.6469999812543392,0.23865595133332104,complete
TinyImageNet_VGG11_barlowtwins_kmeans_size2_lbl5,TinyImageNet,VGG11,barlowtwins,kmeans,2,5,VGG11_barlowtwins_kmeans_size2,8000,10,random,300,1.39,0-01:05:00,benchmarks/downstream/jobs/evaluate/TinyImageNet_VGG11_barlowtwins_kmeans_size2_lbl5.sh,10,0.7909999787807465,0.26685202369301836,complete
TinyImageNet_VGG11_barlowtwins_kmeans_size5_lbl1,TinyImageNet,VGG11,barlowtwins,kmeans,5,1,VGG11_barlowtwins_kmeans_size5,6000,10,random,500,1.02,0-01:05:00,benchmarks/downstream/jobs/evaluate/TinyImageNet_VGG11_barlowtwins_kmeans_size5_lbl1.sh,10,0.7479999726638198,0.30345417424089555,complete
TinyImageNet_VGG11_barlowtwins_kmeans_size5_lbl5,TinyImageNet,VGG11,barlowtwins,kmeans,5,5,VGG11_barlowtwins_kmeans_size5,6000,10,random,300,1.39,0-01:05:00,benchmarks/downstream/jobs/evaluate/TinyImageNet_VGG11_barlowtwins_kmeans_size5_lbl5.sh,10,0.9499999694526196,0.3317629429983344,complete
TinyImageNet_VGG11_none_no_pretrain_size0_lbl1,TinyImageNet,VGG11,none,no_pretrain,0,1,none,0,10,random,500,1.02,0-01:05:00,benchmarks/downstream/jobs/evaluate/TinyImageNet_VGG11_none_no_pretrain_size0_lbl1.sh,10,0.6919999839738011,0.07871184208773363,complete
TinyImageNet_VGG11_none_no_pretrain_size0_lbl5,TinyImageNet,VGG11,none,no_pretrain,0,5,none,0,10,random,300,1.39,0-01:05:00,benchmarks/downstream/jobs/evaluate/TinyImageNet_VGG11_none_no_pretrain_size0_lbl5.sh,10,0.8389999810606241,0.09596874697011434,complete
TinyImageNet_ResNet18_simclr_random_size1_lbl1,TinyImageNet,ResNet18,simclr,random,1,1,ResNet18_simclr_random_size1,5000,10,random,500,1.25,0-01:05:00,benchmarks/downstream/jobs/evaluate/TinyImageNet_ResNet18_simclr_random_size1_lbl1.sh,10,2.0679999329149723,0.2628814489926362,complete
TinyImageNet_ResNet18_simclr_random_size1_lbl5,TinyImageNet,ResNet18,simclr,random,1,5,ResNet18_simclr_random_size1,5000,10,random,300,2.08,0-01:05:00,benchmarks/downstream/jobs/evaluate/TinyImageNet_ResNet18_simclr_random_size1_lbl5.sh,10,3.3119999058544636,0.24247795116224807,complete
TinyImageNet_ResNet18_simclr_random_size2_lbl1,TinyImageNet,ResNet18,simclr,random,2,1,ResNet18_simclr_random_size2,4000,10,random,500,1.25,0-01:05:00,benchmarks/downstream/jobs/evaluate/TinyImageNet_ResNet18_simclr_random_size2_lbl1.sh,10,2.02199992723763,0.29528893305065484,complete
TinyImageNet_ResNet18_simclr_random_size2_lbl5,TinyImageNet,ResNet18,simclr,random,2,5,ResNet18_simclr_random_size2,4000,10,random,300,2.08,0-01:05:00,benchmarks/downstream/jobs/evaluate/TinyImageNet_ResNet18_simclr_random_size2_lbl5.sh,10,3.393999896943569,0.1896898260600867,complete
TinyImageNet_ResNet18_simclr_random_size5_lbl1,TinyImageNet,ResNet18,simclr,random,5,1,ResNet18_simclr_random_size5,3000,10,random,500,1.25,0-01:05:00,benchmarks/downstream/jobs/evaluate/TinyImageNet_ResNet18_simclr_random_size5_lbl1.sh,10,2.1169999428093433,0.2953359823471225,complete
TinyImageNet_ResNet18_simclr_random_size5_lbl5,TinyImageNet,ResNet18,simclr,random,5,5,ResNet18_simclr_random_size5,3000,10,random,300,2.08,0-01:05:00,benchmarks/downstream/jobs/evaluate/TinyImageNet_ResNet18_simclr_random_size5_lbl5.sh,10,3.520999886095524,0.24510539956170133,complete
TinyImageNet_ResNet18_simclr_kmeans_size1_lbl1,TinyImageNet,ResNet18,simclr,kmeans,1,1,ResNet18_simclr_kmeans_size1,5000,10,random,500,1.25,0-01:05:00,benchmarks/downstream/jobs/evaluate/TinyImageNet_ResNet18_simclr_kmeans_size1_lbl1.sh,10,1.963999941945076,0.1573531157955499,complete
TinyImageNet_ResNet18_simclr_kmeans_size1_lbl5,TinyImageNet,ResNet18,simclr,kmeans,1,5,ResNet18_simclr_kmeans_size1,5000,10,random,300,2.08,0-01:05:00,benchmarks/downstream/jobs/evaluate/TinyImageNet_ResNet18_simclr_kmeans_size1_lbl5.sh,10,3.3009999245405197,0.14325193488815524,complete
TinyImageNet_ResNet18_simclr_kmeans_size2_lbl1,TinyImageNet,ResNet18,simclr,kmeans,2,1,ResNet18_simclr_kmeans_size2,4000,10,random,500,1.25,0-01:05:00,benchmarks/downstream/jobs/evaluate/TinyImageNet_ResNet18_simclr_kmeans_size2_lbl1.sh,10,2.029999941587448,0.18287822014848698,complete
TinyImageNet_ResNet18_simclr_kmeans_size2_lbl5,TinyImageNet,ResNet18,simclr,kmeans,2,5,ResNet18_simclr_kmeans_size2,4000,10,random,300,2.08,0-01:05:00,benchmarks/downstream/jobs/evaluate/TinyImageNet_ResNet18_simclr_kmeans_size2_lbl5.sh,10,3.46599992364645,0.1526215167541046,complete
TinyImageNet_ResNet18_simclr_kmeans_size5_lbl1,TinyImageNet,ResNet18,simclr,kmeans,5,1,ResNet18_simclr_kmeans_size5,3000,10,random,500,1.25,0-01:05:00,benchmarks/downstream/jobs/evaluate/TinyImageNet_ResNet18_simclr_kmeans_size5_lbl1.sh,10,2.029999941587448,0.23589073303890842,complete
TinyImageNet_ResNet18_simclr_kmeans_size5_lbl5,TinyImageNet,ResNet18,simclr,kmeans,5,5,ResNet18_simclr_kmeans_size5,3000,10,random,300,2.08,0-01:05:00,benchmarks/downstream/jobs/evaluate/TinyImageNet_ResNet18_simclr_kmeans_size5_lbl5.sh,10,3.373999949544668,0.20139511661885864,complete
TinyImageNet_ResNet18_barlowtwins_random_size1_lbl1,TinyImageNet,ResNet18,barlowtwins,random,1,1,ResNet18_barlowtwins_random_size1,10000,10,random,500,1.25,0-01:05:00,benchmarks/downstream/jobs/evaluate/TinyImageNet_ResNet18_barlowtwins_random_size1_lbl1.sh,10,1.6169999819248915,0.18589425109297156,complete
TinyImageNet_ResNet18_barlowtwins_random_size1_lbl5,TinyImageNet,ResNet18,barlowtwins,random,1,5,ResNet18_barlowtwins_random_size1,10000,10,random,300,2.08,0-01:05:00,benchmarks/downstream/jobs/evaluate/TinyImageNet_ResNet18_barlowtwins_random_size1_lbl5.sh,10,2.3549999482929707,0.13393613388744038,complete
TinyImageNet_ResNet18_barlowtwins_random_size2_lbl1,TinyImageNet,ResNet18,barlowtwins,random,2,1,ResNet18_barlowtwins_random_size2,8000,10,random,500,1.25,0-01:05:00,benchmarks/downstream/jobs/evaluate/TinyImageNet_ResNet18_barlowtwins_random_size2_lbl1.sh,10,1.5689999796450138,0.2652650752859108,complete
TinyImageNet_ResNet18_barlowtwins_random_size2_lbl5,TinyImageNet,ResNet18,barlowtwins,random,2,5,ResNet18_barlowtwins_random_size2,8000,10,random,300,2.08,0-01:05:00,benchmarks/downstream/jobs/evaluate/TinyImageNet_ResNet18_barlowtwins_random_size2_lbl5.sh,10,2.332999911159277,0.32591921906537585,complete
TinyImageNet_ResNet18_barlowtwins_random_size5_lbl1,TinyImageNet,ResNet18,barlowtwins,random,5,1,ResNet18_barlowtwins_random_size5,6000,10,random,500,1.25,0-01:05:00,benchmarks/downstream/jobs/evaluate/TinyImageNet_ResNet18_barlowtwins_random_size5_lbl1.sh,10,0.9059999836608768,0.23486165078806115,complete
TinyImageNet_ResNet18_barlowtwins_random_size5_lbl5,TinyImageNet,ResNet18,barlowtwins,random,5,5,ResNet18_barlowtwins_random_size5,6000,10,random,300,2.08,0-01:05:00,benchmarks/downstream/jobs/evaluate/TinyImageNet_ResNet18_barlowtwins_random_size5_lbl5.sh,10,1.615999974310398,0.297627659672636,complete
TinyImageNet_ResNet18_barlowtwins_kmeans_size1_lbl1,TinyImageNet,ResNet18,barlowtwins,kmeans,1,1,ResNet18_barlowtwins_kmeans_size1,10000,10,random,500,1.25,0-01:05:00,benchmarks/downstream/jobs/evaluate/TinyImageNet_ResNet18_barlowtwins_kmeans_size1_lbl1.sh,10,1.5899999346584082,0.2187845065277424,complete
TinyImageNet_ResNet18_barlowtwins_kmeans_size1_lbl5,TinyImageNet,ResNet18,barlowtwins,kmeans,1,5,ResNet18_barlowtwins_kmeans_size1,10000,10,random,300,2.08,0-01:05:00,benchmarks/downstream/jobs/evaluate/TinyImageNet_ResNet18_barlowtwins_kmeans_size1_lbl5.sh,10,2.2599999234080315,0.19629910387933322,complete
TinyImageNet_ResNet18_barlowtwins_kmeans_size2_lbl1,TinyImageNet,ResNet18,barlowtwins,kmeans,2,1,ResNet18_barlowtwins_kmeans_size2,8000,10,random,500,1.25,0-01:05:00,benchmarks/downstream/jobs/evaluate/TinyImageNet_ResNet18_barlowtwins_kmeans_size2_lbl1.sh,10,1.579999951645732,0.34425443945367595,complete
TinyImageNet_ResNet18_barlowtwins_kmeans_size2_lbl5,TinyImageNet,ResNet18,barlowtwins,kmeans,2,5,ResNet18_barlowtwins_kmeans_size2,8000,10,random,300,2.08,0-01:05:00,benchmarks/downstream/jobs/evaluate/TinyImageNet_ResNet18_barlowtwins_kmeans_size2_lbl5.sh,10,2.316999938338995,0.2767690548595039,complete
TinyImageNet_ResNet18_barlowtwins_kmeans_size5_lbl1,TinyImageNet,ResNet18,barlowtwins,kmeans,5,1,ResNet18_barlowtwins_kmeans_size5,6000,10,random,500,1.25,0-01:05:00,benchmarks/downstream/jobs/evaluate/TinyImageNet_ResNet18_barlowtwins_kmeans_size5_lbl1.sh,10,0.9019999764859676,0.2859992153435586,complete
TinyImageNet_ResNet18_barlowtwins_kmeans_size5_lbl5,TinyImageNet,ResNet18,barlowtwins,kmeans,5,5,ResNet18_barlowtwins_kmeans_size5,6000,10,random,300,2.08,0-01:05:00,benchmarks/downstream/jobs/evaluate/TinyImageNet_ResNet18_barlowtwins_kmeans_size5_lbl5.sh,10,1.492999978363514,0.35339779983307057,complete
TinyImageNet_ResNet18_none_no_pretrain_size0_lbl1,TinyImageNet,ResNet18,none,no_pretrain,0,1,none,0,10,random,500,1.25,0-01:05:00,benchmarks/downstream/jobs/evaluate/TinyImageNet_ResNet18_none_no_pretrain_size0_lbl1.sh,10,0.6419999804347754,0.0662989850562697,complete
TinyImageNet_ResNet18_none_no_pretrain_size0_lbl5,TinyImageNet,ResNet18,none,no_pretrain,0,5,none,0,10,random,300,2.08,0-01:05:00,benchmarks/downstream/jobs/evaluate/TinyImageNet_ResNet18_none_no_pretrain_size0_lbl5.sh,10,0.8839999698102474,0.11374433763935113,complete
