config_id	result_id	source	target	model	ssl_method	method	subset_percentage	label_percentage	source_id	ssl_epochs	runs	label_policy	probe_epochs	account	job_script
cifar100_ResNet18_simclr_random_size1__TinyImageNet_lbl1	cifar100_ResNet18_simclr_random_size1__TinyImageNet_lbl1	CIFAR100	TinyImageNet	ResNet18	simclr	random	1	1	cifar100_ResNet18_simclr_random_size1	5000	10	random	500	aip-boyuwang	benchmarks/cross_downstream/jobs/evaluate/cifar100_ResNet18_simclr_random_size1.sh
cifar100_ResNet18_simclr_random_size1__TinyImageNet_lbl5	cifar100_ResNet18_simclr_random_size1__TinyImageNet_lbl5	CIFAR100	TinyImageNet	ResNet18	simclr	random	1	5	cifar100_ResNet18_simclr_random_size1	5000	10	random	300	aip-boyuwang	benchmarks/cross_downstream/jobs/evaluate/cifar100_ResNet18_simclr_random_size1.sh
cifar100_ResNet18_simclr_random_size1__CIFAR10_lbl1	cifar100_ResNet18_simclr_random_size1__CIFAR10_lbl1	CIFAR100	CIFAR10	ResNet18	simclr	random	1	1	cifar100_ResNet18_simclr_random_size1	5000	10	random	500	aip-boyuwang	benchmarks/cross_downstream/jobs/evaluate/cifar100_ResNet18_simclr_random_size1.sh
cifar100_ResNet18_simclr_random_size1__CIFAR10_lbl5	cifar100_ResNet18_simclr_random_size1__CIFAR10_lbl5	CIFAR100	CIFAR10	ResNet18	simclr	random	1	5	cifar100_ResNet18_simclr_random_size1	5000	10	random	300	aip-boyuwang	benchmarks/cross_downstream/jobs/evaluate/cifar100_ResNet18_simclr_random_size1.sh
cifar100_ResNet18_simclr_random_size1__Aircraft_lbl1	cifar100_ResNet18_simclr_random_size1__Aircraft_lbl1	CIFAR100	Aircraft	ResNet18	simclr	random	1	1	cifar100_ResNet18_simclr_random_size1	5000	10	random	500	aip-boyuwang	benchmarks/cross_downstream/jobs/evaluate/cifar100_ResNet18_simclr_random_size1.sh
cifar100_ResNet18_simclr_random_size1__Aircraft_lbl5	cifar100_ResNet18_simclr_random_size1__Aircraft_lbl5	CIFAR100	Aircraft	ResNet18	simclr	random	1	5	cifar100_ResNet18_simclr_random_size1	5000	10	random	300	aip-boyuwang	benchmarks/cross_downstream/jobs/evaluate/cifar100_ResNet18_simclr_random_size1.sh
cifar100_ResNet18_simclr_random_size1__CUB2011_lbl1	cifar100_ResNet18_simclr_random_size1__CUB2011_lbl1	CIFAR100	CUB2011	ResNet18	simclr	random	1	1	cifar100_ResNet18_simclr_random_size1	5000	10	random	500	aip-boyuwang	benchmarks/cross_downstream/jobs/evaluate/cifar100_ResNet18_simclr_random_size1.sh
cifar100_ResNet18_simclr_random_size1__CUB2011_lbl5	cifar100_ResNet18_simclr_random_size1__CUB2011_lbl5	CIFAR100	CUB2011	ResNet18	simclr	random	1	5	cifar100_ResNet18_simclr_random_size1	5000	10	random	300	aip-boyuwang	benchmarks/cross_downstream/jobs/evaluate/cifar100_ResNet18_simclr_random_size1.sh
cifar100_ResNet18_simclr_random_size1__Dogs_lbl1	cifar100_ResNet18_simclr_random_size1__Dogs_lbl1	CIFAR100	Dogs	ResNet18	simclr	random	1	1	cifar100_ResNet18_simclr_random_size1	5000	10	random	500	aip-boyuwang	benchmarks/cross_downstream/jobs/evaluate/cifar100_ResNet18_simclr_random_size1.sh
cifar100_ResNet18_simclr_random_size1__Dogs_lbl5	cifar100_ResNet18_simclr_random_size1__Dogs_lbl5	CIFAR100	Dogs	ResNet18	simclr	random	1	5	cifar100_ResNet18_simclr_random_size1	5000	10	random	300	aip-boyuwang	benchmarks/cross_downstream/jobs/evaluate/cifar100_ResNet18_simclr_random_size1.sh
cifar100_ResNet18_simclr_random_size1__Flowers_lbl1	cifar100_ResNet18_simclr_random_size1__Flowers_lbl1	CIFAR100	Flowers	ResNet18	simclr	random	1	1	cifar100_ResNet18_simclr_random_size1	5000	10	random	500	aip-boyuwang	benchmarks/cross_downstream/jobs/evaluate/cifar100_ResNet18_simclr_random_size1.sh
cifar100_ResNet18_simclr_random_size1__Flowers_lbl5	cifar100_ResNet18_simclr_random_size1__Flowers_lbl5	CIFAR100	Flowers	ResNet18	simclr	random	1	5	cifar100_ResNet18_simclr_random_size1	5000	10	random	300	aip-boyuwang	benchmarks/cross_downstream/jobs/evaluate/cifar100_ResNet18_simclr_random_size1.sh
cifar100_ResNet18_simclr_random_size2__TinyImageNet_lbl1	cifar100_ResNet18_simclr_random_size2__TinyImageNet_lbl1	CIFAR100	TinyImageNet	ResNet18	simclr	random	2	1	cifar100_ResNet18_simclr_random_size2	4000	10	random	500	aip-boyuwang	benchmarks/cross_downstream/jobs/evaluate/cifar100_ResNet18_simclr_random_size2.sh
cifar100_ResNet18_simclr_random_size2__TinyImageNet_lbl5	cifar100_ResNet18_simclr_random_size2__TinyImageNet_lbl5	CIFAR100	TinyImageNet	ResNet18	simclr	random	2	5	cifar100_ResNet18_simclr_random_size2	4000	10	random	300	aip-boyuwang	benchmarks/cross_downstream/jobs/evaluate/cifar100_ResNet18_simclr_random_size2.sh
cifar100_ResNet18_simclr_random_size2__CIFAR10_lbl1	cifar100_ResNet18_simclr_random_size2__CIFAR10_lbl1	CIFAR100	CIFAR10	ResNet18	simclr	random	2	1	cifar100_ResNet18_simclr_random_size2	4000	10	random	500	aip-boyuwang	benchmarks/cross_downstream/jobs/evaluate/cifar100_ResNet18_simclr_random_size2.sh
cifar100_ResNet18_simclr_random_size2__CIFAR10_lbl5	cifar100_ResNet18_simclr_random_size2__CIFAR10_lbl5	CIFAR100	CIFAR10	ResNet18	simclr	random	2	5	cifar100_ResNet18_simclr_random_size2	4000	10	random	300	aip-boyuwang	benchmarks/cross_downstream/jobs/evaluate/cifar100_ResNet18_simclr_random_size2.sh
cifar100_ResNet18_simclr_random_size2__Aircraft_lbl1	cifar100_ResNet18_simclr_random_size2__Aircraft_lbl1	CIFAR100	Aircraft	ResNet18	simclr	random	2	1	cifar100_ResNet18_simclr_random_size2	4000	10	random	500	aip-boyuwang	benchmarks/cross_downstream/jobs/evaluate/cifar100_ResNet18_simclr_random_size2.sh
cifar100_ResNet18_simclr_random_size2__Aircraft_lbl5	cifar100_ResNet18_simclr_random_size2__Aircraft_lbl5	CIFAR100	Aircraft	ResNet18	simclr	random	2	5	cifar100_ResNet18_simclr_random_size2	4000	10	random	300	aip-boyuwang	benchmarks/cross_downstream/jobs/evaluate/cifar100_ResNet18_simclr_random_size2.sh
cifar100_ResNet18_simclr_random_size2__CUB2011_lbl1	cifar100_ResNet18_simclr_random_size2__CUB2011_lbl1	CIFAR100	CUB2011	ResNet18	simclr	random	2	1	cifar100_ResNet18_simclr_random_size2	4000	10	random	500	aip-boyuwang	benchmarks/cross_downstream/jobs/evaluate/cifar100_ResNet18_simclr_random_size2.sh
cifar100_ResNet18_simclr_random_size2__CUB2011_lbl5	cifar100_ResNet18_simclr_random_size2__CUB2011_lbl5	CIFAR100	CUB2011	ResNet18	simclr	random	2	5	cifar100_ResNet18_simclr_random_size2	4000	10	random	300	aip-boyuwang	benchmarks/cross_downstream/jobs/evaluate/cifar100_ResNet18_simclr_random_size2.sh
cifar100_ResNet18_simclr_random_size2__Dogs_lbl1	cifar100_ResNet18_simclr_random_size2__Dogs_lbl1	CIFAR100	Dogs	ResNet18	simclr	random	2	1	cifar100_ResNet18_simclr_random_size2	4000	10	random	500	aip-boyuwang	benchmarks/cross_downstream/jobs/evaluate/cifar100_ResNet18_simclr_random_size2.sh
cifar100_ResNet18_simclr_random_size2__Dogs_lbl5	cifar100_ResNet18_simclr_random_size2__Dogs_lbl5	CIFAR100	Dogs	ResNet18	simclr	random	2	5	cifar100_ResNet18_simclr_random_size2	4000	10	random	300	aip-boyuwang	benchmarks/cross_downstream/jobs/evaluate/cifar100_ResNet18_simclr_random_size2.sh
cifar100_ResNet18_simclr_random_size2__Flowers_lbl1	cifar100_ResNet18_simclr_random_size2__Flowers_lbl1	CIFAR100	Flowers	ResNet18	simclr	random	2	1	cifar100_ResNet18_simclr_random_size2	4000	10	random	500	aip-boyuwang	benchmarks/cross_downstream/jobs/evaluate/cifar100_ResNet18_simclr_random_size2.sh
cifar100_ResNet18_simclr_random_size2__Flowers_lbl5	cifar100_ResNet18_simclr_random_size2__Flowers_lbl5	CIFAR100	Flowers	ResNet18	simclr	random	2	5	cifar100_ResNet18_simclr_random_size2	4000	10	random	300	aip-boyuwang	benchmarks/cross_downstream/jobs/evaluate/cifar100_ResNet18_simclr_random_size2.sh
cifar100_ResNet18_simclr_random_size5__TinyImageNet_lbl1	cifar100_ResNet18_simclr_random_size5__TinyImageNet_lbl1	CIFAR100	TinyImageNet	ResNet18	simclr	random	5	1	cifar100_ResNet18_simclr_random_size5	3000	10	random	500	aip-boyuwang	benchmarks/cross_downstream/jobs/evaluate/cifar100_ResNet18_simclr_random_size5.sh
cifar100_ResNet18_simclr_random_size5__TinyImageNet_lbl5	cifar100_ResNet18_simclr_random_size5__TinyImageNet_lbl5	CIFAR100	TinyImageNet	ResNet18	simclr	random	5	5	cifar100_ResNet18_simclr_random_size5	3000	10	random	300	aip-boyuwang	benchmarks/cross_downstream/jobs/evaluate/cifar100_ResNet18_simclr_random_size5.sh
cifar100_ResNet18_simclr_random_size5__CIFAR10_lbl1	cifar100_ResNet18_simclr_random_size5__CIFAR10_lbl1	CIFAR100	CIFAR10	ResNet18	simclr	random	5	1	cifar100_ResNet18_simclr_random_size5	3000	10	random	500	aip-boyuwang	benchmarks/cross_downstream/jobs/evaluate/cifar100_ResNet18_simclr_random_size5.sh
cifar100_ResNet18_simclr_random_size5__CIFAR10_lbl5	cifar100_ResNet18_simclr_random_size5__CIFAR10_lbl5	CIFAR100	CIFAR10	ResNet18	simclr	random	5	5	cifar100_ResNet18_simclr_random_size5	3000	10	random	300	aip-boyuwang	benchmarks/cross_downstream/jobs/evaluate/cifar100_ResNet18_simclr_random_size5.sh
cifar100_ResNet18_simclr_random_size5__Aircraft_lbl1	cifar100_ResNet18_simclr_random_size5__Aircraft_lbl1	CIFAR100	Aircraft	ResNet18	simclr	random	5	1	cifar100_ResNet18_simclr_random_size5	3000	10	random	500	aip-boyuwang	benchmarks/cross_downstream/jobs/evaluate/cifar100_ResNet18_simclr_random_size5.sh
cifar100_ResNet18_simclr_random_size5__Aircraft_lbl5	cifar100_ResNet18_simclr_random_size5__Aircraft_lbl5	CIFAR100	Aircraft	ResNet18	simclr	random	5	5	cifar100_ResNet18_simclr_random_size5	3000	10	random	300	aip-boyuwang	benchmarks/cross_downstream/jobs/evaluate/cifar100_ResNet18_simclr_random_size5.sh
cifar100_ResNet18_simclr_random_size5__CUB2011_lbl1	cifar100_ResNet18_simclr_random_size5__CUB2011_lbl1	CIFAR100	CUB2011	ResNet18	simclr	random	5	1	cifar100_ResNet18_simclr_random_size5	3000	10	random	500	aip-boyuwang	benchmarks/cross_downstream/jobs/evaluate/cifar100_ResNet18_simclr_random_size5.sh
cifar100_ResNet18_simclr_random_size5__CUB2011_lbl5	cifar100_ResNet18_simclr_random_size5__CUB2011_lbl5	CIFAR100	CUB2011	ResNet18	simclr	random	5	5	cifar100_ResNet18_simclr_random_size5	3000	10	random	300	aip-boyuwang	benchmarks/cross_downstream/jobs/evaluate/cifar100_ResNet18_simclr_random_size5.sh
cifar100_ResNet18_simclr_random_size5__Dogs_lbl1	cifar100_ResNet18_simclr_random_size5__Dogs_lbl1	CIFAR100	Dogs	ResNet18	simclr	random	5	1	cifar100_ResNet18_simclr_random_size5	3000	10	random	500	aip-boyuwang	benchmarks/cross_downstream/jobs/evaluate/cifar100_ResNet18_simclr_random_size5.sh
cifar100_ResNet18_simclr_random_size5__Dogs_lbl5	cifar100_ResNet18_simclr_random_size5__Dogs_lbl5	CIFAR100	Dogs	ResNet18	simclr	random	5	5	cifar100_ResNet18_simclr_random_size5	3000	10	random	300	aip-boyuwang	benchmarks/cross_downstream/jobs/evaluate/cifar100_ResNet18_simclr_random_size5.sh
cifar100_ResNet18_simclr_random_size5__Flowers_lbl1	cifar100_ResNet18_simclr_random_size5__Flowers_lbl1	CIFAR100	Flowers	ResNet18	simclr	random	5	1	cifar100_ResNet18_simclr_random_size5	3000	10	random	500	aip-boyuwang	benchmarks/cross_downstream/jobs/evaluate/cifar100_ResNet18_simclr_random_size5.sh
cifar100_ResNet18_simclr_random_size5__Flowers_lbl5	cifar100_ResNet18_simclr_random_size5__Flowers_lbl5	CIFAR100	Flowers	ResNet18	simclr	random	5	5	cifar100_ResNet18_simclr_random_size5	3000	10	random	300	aip-boyuwang	benchmarks/cross_downstream/jobs/evaluate/cifar100_ResNet18_simclr_random_size5.sh
cifar100_ResNet18_simclr_kmeans_size1__TinyImageNet_lbl1	cifar100_ResNet18_simclr_kmeans_size1__TinyImageNet_lbl1	CIFAR100	TinyImageNet	ResNet18	simclr	kmeans	1	1	cifar100_ResNet18_simclr_kmeans_size1	5000	10	random	500	aip-boyuwang	benchmarks/cross_downstream/jobs/evaluate/cifar100_ResNet18_simclr_kmeans_size1.sh
cifar100_ResNet18_simclr_kmeans_size1__TinyImageNet_lbl5	cifar100_ResNet18_simclr_kmeans_size1__TinyImageNet_lbl5	CIFAR100	TinyImageNet	ResNet18	simclr	kmeans	1	5	cifar100_ResNet18_simclr_kmeans_size1	5000	10	random	300	aip-boyuwang	benchmarks/cross_downstream/jobs/evaluate/cifar100_ResNet18_simclr_kmeans_size1.sh
cifar100_ResNet18_simclr_kmeans_size1__CIFAR10_lbl1	cifar100_ResNet18_simclr_kmeans_size1__CIFAR10_lbl1	CIFAR100	CIFAR10	ResNet18	simclr	kmeans	1	1	cifar100_ResNet18_simclr_kmeans_size1	5000	10	random	500	aip-boyuwang	benchmarks/cross_downstream/jobs/evaluate/cifar100_ResNet18_simclr_kmeans_size1.sh
cifar100_ResNet18_simclr_kmeans_size1__CIFAR10_lbl5	cifar100_ResNet18_simclr_kmeans_size1__CIFAR10_lbl5	CIFAR100	CIFAR10	ResNet18	simclr	kmeans	1	5	cifar100_ResNet18_simclr_kmeans_size1	5000	10	random	300	aip-boyuwang	benchmarks/cross_downstream/jobs/evaluate/cifar100_ResNet18_simclr_kmeans_size1.sh
cifar100_ResNet18_simclr_kmeans_size1__Aircraft_lbl1	cifar100_ResNet18_simclr_kmeans_size1__Aircraft_lbl1	CIFAR100	Aircraft	ResNet18	simclr	kmeans	1	1	cifar100_ResNet18_simclr_kmeans_size1	5000	10	random	500	aip-boyuwang	benchmarks/cross_downstream/jobs/evaluate/cifar100_ResNet18_simclr_kmeans_size1.sh
cifar100_ResNet18_simclr_kmeans_size1__Aircraft_lbl5	cifar100_ResNet18_simclr_kmeans_size1__Aircraft_lbl5	CIFAR100	Aircraft	ResNet18	simclr	kmeans	1	5	cifar100_ResNet18_simclr_kmeans_size1	5000	10	random	300	aip-boyuwang	benchmarks/cross_downstream/jobs/evaluate/cifar100_ResNet18_simclr_kmeans_size1.sh
cifar100_ResNet18_simclr_kmeans_size1__CUB2011_lbl1	cifar100_ResNet18_simclr_kmeans_size1__CUB2011_lbl1	CIFAR100	CUB2011	ResNet18	simclr	kmeans	1	1	cifar100_ResNet18_simclr_kmeans_size1	5000	10	random	500	aip-boyuwang	benchmarks/cross_downstream/jobs/evaluate/cifar100_ResNet18_simclr_kmeans_size1.sh
cifar100_ResNet18_simclr_kmeans_size1__CUB2011_lbl5	cifar100_ResNet18_simclr_kmeans_size1__CUB2011_lbl5	CIFAR100	CUB2011	ResNet18	simclr	kmeans	1	5	cifar100_ResNet18_simclr_kmeans_size1	5000	10	random	300	aip-boyuwang	benchmarks/cross_downstream/jobs/evaluate/cifar100_ResNet18_simclr_kmeans_size1.sh
cifar100_ResNet18_simclr_kmeans_size1__Dogs_lbl1	cifar100_ResNet18_simclr_kmeans_size1__Dogs_lbl1	CIFAR100	Dogs	ResNet18	simclr	kmeans	1	1	cifar100_ResNet18_simclr_kmeans_size1	5000	10	random	500	aip-boyuwang	benchmarks/cross_downstream/jobs/evaluate/cifar100_ResNet18_simclr_kmeans_size1.sh
cifar100_ResNet18_simclr_kmeans_size1__Dogs_lbl5	cifar100_ResNet18_simclr_kmeans_size1__Dogs_lbl5	CIFAR100	Dogs	ResNet18	simclr	kmeans	1	5	cifar100_ResNet18_simclr_kmeans_size1	5000	10	random	300	aip-boyuwang	benchmarks/cross_downstream/jobs/evaluate/cifar100_ResNet18_simclr_kmeans_size1.sh
cifar100_ResNet18_simclr_kmeans_size1__Flowers_lbl1	cifar100_ResNet18_simclr_kmeans_size1__Flowers_lbl1	CIFAR100	Flowers	ResNet18	simclr	kmeans	1	1	cifar100_ResNet18_simclr_kmeans_size1	5000	10	random	500	aip-boyuwang	benchmarks/cross_downstream/jobs/evaluate/cifar100_ResNet18_simclr_kmeans_size1.sh
cifar100_ResNet18_simclr_kmeans_size1__Flowers_lbl5	cifar100_ResNet18_simclr_kmeans_size1__Flowers_lbl5	CIFAR100	Flowers	ResNet18	simclr	kmeans	1	5	cifar100_ResNet18_simclr_kmeans_size1	5000	10	random	300	aip-boyuwang	benchmarks/cross_downstream/jobs/evaluate/cifar100_ResNet18_simclr_kmeans_size1.sh
cifar100_ResNet18_simclr_kmeans_size2__TinyImageNet_lbl1	cifar100_ResNet18_simclr_kmeans_size2__TinyImageNet_lbl1	CIFAR100	TinyImageNet	ResNet18	simclr	kmeans	2	1	cifar100_ResNet18_simclr_kmeans_size2	4000	10	random	500	aip-boyuwang	benchmarks/cross_downstream/jobs/evaluate/cifar100_ResNet18_simclr_kmeans_size2.sh
cifar100_ResNet18_simclr_kmeans_size2__TinyImageNet_lbl5	cifar100_ResNet18_simclr_kmeans_size2__TinyImageNet_lbl5	CIFAR100	TinyImageNet	ResNet18	simclr	kmeans	2	5	cifar100_ResNet18_simclr_kmeans_size2	4000	10	random	300	aip-boyuwang	benchmarks/cross_downstream/jobs/evaluate/cifar100_ResNet18_simclr_kmeans_size2.sh
cifar100_ResNet18_simclr_kmeans_size2__CIFAR10_lbl1	cifar100_ResNet18_simclr_kmeans_size2__CIFAR10_lbl1	CIFAR100	CIFAR10	ResNet18	simclr	kmeans	2	1	cifar100_ResNet18_simclr_kmeans_size2	4000	10	random	500	aip-boyuwang	benchmarks/cross_downstream/jobs/evaluate/cifar100_ResNet18_simclr_kmeans_size2.sh
cifar100_ResNet18_simclr_kmeans_size2__CIFAR10_lbl5	cifar100_ResNet18_simclr_kmeans_size2__CIFAR10_lbl5	CIFAR100	CIFAR10	ResNet18	simclr	kmeans	2	5	cifar100_ResNet18_simclr_kmeans_size2	4000	10	random	300	aip-boyuwang	benchmarks/cross_downstream/jobs/evaluate/cifar100_ResNet18_simclr_kmeans_size2.sh
cifar100_ResNet18_simclr_kmeans_size2__Aircraft_lbl1	cifar100_ResNet18_simclr_kmeans_size2__Aircraft_lbl1	CIFAR100	Aircraft	ResNet18	simclr	kmeans	2	1	cifar100_ResNet18_simclr_kmeans_size2	4000	10	random	500	aip-boyuwang	benchmarks/cross_downstream/jobs/evaluate/cifar100_ResNet18_simclr_kmeans_size2.sh
cifar100_ResNet18_simclr_kmeans_size2__Aircraft_lbl5	cifar100_ResNet18_simclr_kmeans_size2__Aircraft_lbl5	CIFAR100	Aircraft	ResNet18	simclr	kmeans	2	5	cifar100_ResNet18_simclr_kmeans_size2	4000	10	random	300	aip-boyuwang	benchmarks/cross_downstream/jobs/evaluate/cifar100_ResNet18_simclr_kmeans_size2.sh
cifar100_ResNet18_simclr_kmeans_size2__CUB2011_lbl1	cifar100_ResNet18_simclr_kmeans_size2__CUB2011_lbl1	CIFAR100	CUB2011	ResNet18	simclr	kmeans	2	1	cifar100_ResNet18_simclr_kmeans_size2	4000	10	random	500	aip-boyuwang	benchmarks/cross_downstream/jobs/evaluate/cifar100_ResNet18_simclr_kmeans_size2.sh
cifar100_ResNet18_simclr_kmeans_size2__CUB2011_lbl5	cifar100_ResNet18_simclr_kmeans_size2__CUB2011_lbl5	CIFAR100	CUB2011	ResNet18	simclr	kmeans	2	5	cifar100_ResNet18_simclr_kmeans_size2	4000	10	random	300	aip-boyuwang	benchmarks/cross_downstream/jobs/evaluate/cifar100_ResNet18_simclr_kmeans_size2.sh
cifar100_ResNet18_simclr_kmeans_size2__Dogs_lbl1	cifar100_ResNet18_simclr_kmeans_size2__Dogs_lbl1	CIFAR100	Dogs	ResNet18	simclr	kmeans	2	1	cifar100_ResNet18_simclr_kmeans_size2	4000	10	random	500	aip-boyuwang	benchmarks/cross_downstream/jobs/evaluate/cifar100_ResNet18_simclr_kmeans_size2.sh
cifar100_ResNet18_simclr_kmeans_size2__Dogs_lbl5	cifar100_ResNet18_simclr_kmeans_size2__Dogs_lbl5	CIFAR100	Dogs	ResNet18	simclr	kmeans	2	5	cifar100_ResNet18_simclr_kmeans_size2	4000	10	random	300	aip-boyuwang	benchmarks/cross_downstream/jobs/evaluate/cifar100_ResNet18_simclr_kmeans_size2.sh
cifar100_ResNet18_simclr_kmeans_size2__Flowers_lbl1	cifar100_ResNet18_simclr_kmeans_size2__Flowers_lbl1	CIFAR100	Flowers	ResNet18	simclr	kmeans	2	1	cifar100_ResNet18_simclr_kmeans_size2	4000	10	random	500	aip-boyuwang	benchmarks/cross_downstream/jobs/evaluate/cifar100_ResNet18_simclr_kmeans_size2.sh
cifar100_ResNet18_simclr_kmeans_size2__Flowers_lbl5	cifar100_ResNet18_simclr_kmeans_size2__Flowers_lbl5	CIFAR100	Flowers	ResNet18	simclr	kmeans	2	5	cifar100_ResNet18_simclr_kmeans_size2	4000	10	random	300	aip-boyuwang	benchmarks/cross_downstream/jobs/evaluate/cifar100_ResNet18_simclr_kmeans_size2.sh
cifar100_ResNet18_simclr_kmeans_size5__TinyImageNet_lbl1	cifar100_ResNet18_simclr_kmeans_size5__TinyImageNet_lbl1	CIFAR100	TinyImageNet	ResNet18	simclr	kmeans	5	1	cifar100_ResNet18_simclr_kmeans_size5	3000	10	random	500	aip-boyuwang	benchmarks/cross_downstream/jobs/evaluate/cifar100_ResNet18_simclr_kmeans_size5.sh
cifar100_ResNet18_simclr_kmeans_size5__TinyImageNet_lbl5	cifar100_ResNet18_simclr_kmeans_size5__TinyImageNet_lbl5	CIFAR100	TinyImageNet	ResNet18	simclr	kmeans	5	5	cifar100_ResNet18_simclr_kmeans_size5	3000	10	random	300	aip-boyuwang	benchmarks/cross_downstream/jobs/evaluate/cifar100_ResNet18_simclr_kmeans_size5.sh
cifar100_ResNet18_simclr_kmeans_size5__CIFAR10_lbl1	cifar100_ResNet18_simclr_kmeans_size5__CIFAR10_lbl1	CIFAR100	CIFAR10	ResNet18	simclr	kmeans	5	1	cifar100_ResNet18_simclr_kmeans_size5	3000	10	random	500	aip-boyuwang	benchmarks/cross_downstream/jobs/evaluate/cifar100_ResNet18_simclr_kmeans_size5.sh
cifar100_ResNet18_simclr_kmeans_size5__CIFAR10_lbl5	cifar100_ResNet18_simclr_kmeans_size5__CIFAR10_lbl5	CIFAR100	CIFAR10	ResNet18	simclr	kmeans	5	5	cifar100_ResNet18_simclr_kmeans_size5	3000	10	random	300	aip-boyuwang	benchmarks/cross_downstream/jobs/evaluate/cifar100_ResNet18_simclr_kmeans_size5.sh
cifar100_ResNet18_simclr_kmeans_size5__Aircraft_lbl1	cifar100_ResNet18_simclr_kmeans_size5__Aircraft_lbl1	CIFAR100	Aircraft	ResNet18	simclr	kmeans	5	1	cifar100_ResNet18_simclr_kmeans_size5	3000	10	random	500	aip-boyuwang	benchmarks/cross_downstream/jobs/evaluate/cifar100_ResNet18_simclr_kmeans_size5.sh
cifar100_ResNet18_simclr_kmeans_size5__Aircraft_lbl5	cifar100_ResNet18_simclr_kmeans_size5__Aircraft_lbl5	CIFAR100	Aircraft	ResNet18	simclr	kmeans	5	5	cifar100_ResNet18_simclr_kmeans_size5	3000	10	random	300	aip-boyuwang	benchmarks/cross_downstream/jobs/evaluate/cifar100_ResNet18_simclr_kmeans_size5.sh
cifar100_ResNet18_simclr_kmeans_size5__CUB2011_lbl1	cifar100_ResNet18_simclr_kmeans_size5__CUB2011_lbl1	CIFAR100	CUB2011	ResNet18	simclr	kmeans	5	1	cifar100_ResNet18_simclr_kmeans_size5	3000	10	random	500	aip-boyuwang	benchmarks/cross_downstream/jobs/evaluate/cifar100_ResNet18_simclr_kmeans_size5.sh
cifar100_ResNet18_simclr_kmeans_size5__CUB2011_lbl5	cifar100_ResNet18_simclr_kmeans_size5__CUB2011_lbl5	CIFAR100	CUB2011	ResNet18	simclr	kmeans	5	5	cifar100_ResNet18_simclr_kmeans_size5	3000	10	random	300	aip-boyuwang	benchmarks/cross_downstream/jobs/evaluate/cifar100_ResNet18_simclr_kmeans_size5.sh
cifar100_ResNet18_simclr_kmeans_size5__Dogs_lbl1	cifar100_ResNet18_simclr_kmeans_size5__Dogs_lbl1	CIFAR100	Dogs	ResNet18	simclr	kmeans	5	1	cifar100_ResNet18_simclr_kmeans_size5	3000	10	random	500	aip-boyuwang	benchmarks/cross_downstream/jobs/evaluate/cifar100_ResNet18_simclr_kmeans_size5.sh
cifar100_ResNet18_simclr_kmeans_size5__Dogs_lbl5	cifar100_ResNet18_simclr_kmeans_size5__Dogs_lbl5	CIFAR100	Dogs	ResNet18	simclr	kmeans	5	5	cifar100_ResNet18_simclr_kmeans_size5	3000	10	random	300	aip-boyuwang	benchmarks/cross_downstream/jobs/evaluate/cifar100_ResNet18_simclr_kmeans_size5.sh
cifar100_ResNet18_simclr_kmeans_size5__Flowers_lbl1	cifar100_ResNet18_simclr_kmeans_size5__Flowers_lbl1	CIFAR100	Flowers	ResNet18	simclr	kmeans	5	1	cifar100_ResNet18_simclr_kmeans_size5	3000	10	random	500	aip-boyuwang	benchmarks/cross_downstream/jobs/evaluate/cifar100_ResNet18_simclr_kmeans_size5.sh
cifar100_ResNet18_simclr_kmeans_size5__Flowers_lbl5	cifar100_ResNet18_simclr_kmeans_size5__Flowers_lbl5	CIFAR100	Flowers	ResNet18	simclr	kmeans	5	5	cifar100_ResNet18_simclr_kmeans_size5	3000	10	random	300	aip-boyuwang	benchmarks/cross_downstream/jobs/evaluate/cifar100_ResNet18_simclr_kmeans_size5.sh
cifar100_ResNet18_simclr_full_size100__TinyImageNet_lbl1	cifar100_ResNet18_simclr_full_size100__TinyImageNet_lbl1	CIFAR100	TinyImageNet	ResNet18	simclr	full	100	1	cifar100_ResNet18_simclr_full_size100	300	10	random	500	aip-boyuwang	benchmarks/cross_downstream/jobs/evaluate/cifar100_ResNet18_simclr_full_size100.sh
cifar100_ResNet18_simclr_full_size100__TinyImageNet_lbl5	cifar100_ResNet18_simclr_full_size100__TinyImageNet_lbl5	CIFAR100	TinyImageNet	ResNet18	simclr	full	100	5	cifar100_ResNet18_simclr_full_size100	300	10	random	300	aip-boyuwang	benchmarks/cross_downstream/jobs/evaluate/cifar100_ResNet18_simclr_full_size100.sh
cifar100_ResNet18_simclr_full_size100__CIFAR10_lbl1	cifar100_ResNet18_simclr_full_size100__CIFAR10_lbl1	CIFAR100	CIFAR10	ResNet18	simclr	full	100	1	cifar100_ResNet18_simclr_full_size100	300	10	random	500	aip-boyuwang	benchmarks/cross_downstream/jobs/evaluate/cifar100_ResNet18_simclr_full_size100.sh
cifar100_ResNet18_simclr_full_size100__CIFAR10_lbl5	cifar100_ResNet18_simclr_full_size100__CIFAR10_lbl5	CIFAR100	CIFAR10	ResNet18	simclr	full	100	5	cifar100_ResNet18_simclr_full_size100	300	10	random	300	aip-boyuwang	benchmarks/cross_downstream/jobs/evaluate/cifar100_ResNet18_simclr_full_size100.sh
cifar100_ResNet18_simclr_full_size100__Aircraft_lbl1	cifar100_ResNet18_simclr_full_size100__Aircraft_lbl1	CIFAR100	Aircraft	ResNet18	simclr	full	100	1	cifar100_ResNet18_simclr_full_size100	300	10	random	500	aip-boyuwang	benchmarks/cross_downstream/jobs/evaluate/cifar100_ResNet18_simclr_full_size100.sh
cifar100_ResNet18_simclr_full_size100__Aircraft_lbl5	cifar100_ResNet18_simclr_full_size100__Aircraft_lbl5	CIFAR100	Aircraft	ResNet18	simclr	full	100	5	cifar100_ResNet18_simclr_full_size100	300	10	random	300	aip-boyuwang	benchmarks/cross_downstream/jobs/evaluate/cifar100_ResNet18_simclr_full_size100.sh
cifar100_ResNet18_simclr_full_size100__CUB2011_lbl1	cifar100_ResNet18_simclr_full_size100__CUB2011_lbl1	CIFAR100	CUB2011	ResNet18	simclr	full	100	1	cifar100_ResNet18_simclr_full_size100	300	10	random	500	aip-boyuwang	benchmarks/cross_downstream/jobs/evaluate/cifar100_ResNet18_simclr_full_size100.sh
cifar100_ResNet18_simclr_full_size100__CUB2011_lbl5	cifar100_ResNet18_simclr_full_size100__CUB2011_lbl5	CIFAR100	CUB2011	ResNet18	simclr	full	100	5	cifar100_ResNet18_simclr_full_size100	300	10	random	300	aip-boyuwang	benchmarks/cross_downstream/jobs/evaluate/cifar100_ResNet18_simclr_full_size100.sh
cifar100_ResNet18_simclr_full_size100__Dogs_lbl1	cifar100_ResNet18_simclr_full_size100__Dogs_lbl1	CIFAR100	Dogs	ResNet18	simclr	full	100	1	cifar100_ResNet18_simclr_full_size100	300	10	random	500	aip-boyuwang	benchmarks/cross_downstream/jobs/evaluate/cifar100_ResNet18_simclr_full_size100.sh
cifar100_ResNet18_simclr_full_size100__Dogs_lbl5	cifar100_ResNet18_simclr_full_size100__Dogs_lbl5	CIFAR100	Dogs	ResNet18	simclr	full	100	5	cifar100_ResNet18_simclr_full_size100	300	10	random	300	aip-boyuwang	benchmarks/cross_downstream/jobs/evaluate/cifar100_ResNet18_simclr_full_size100.sh
cifar100_ResNet18_simclr_full_size100__Flowers_lbl1	cifar100_ResNet18_simclr_full_size100__Flowers_lbl1	CIFAR100	Flowers	ResNet18	simclr	full	100	1	cifar100_ResNet18_simclr_full_size100	300	10	random	500	aip-boyuwang	benchmarks/cross_downstream/jobs/evaluate/cifar100_ResNet18_simclr_full_size100.sh
cifar100_ResNet18_simclr_full_size100__Flowers_lbl5	cifar100_ResNet18_simclr_full_size100__Flowers_lbl5	CIFAR100	Flowers	ResNet18	simclr	full	100	5	cifar100_ResNet18_simclr_full_size100	300	10	random	300	aip-boyuwang	benchmarks/cross_downstream/jobs/evaluate/cifar100_ResNet18_simclr_full_size100.sh
cifar100_ResNet18_barlowtwins_random_size1__TinyImageNet_lbl1	cifar100_ResNet18_barlowtwins_random_size1__TinyImageNet_lbl1	CIFAR100	TinyImageNet	ResNet18	barlowtwins	random	1	1	cifar100_ResNet18_barlowtwins_random_size1	10000	10	random	500	aip-boyuwang	benchmarks/cross_downstream/jobs/evaluate/cifar100_ResNet18_barlowtwins_random_size1.sh
cifar100_ResNet18_barlowtwins_random_size1__TinyImageNet_lbl5	cifar100_ResNet18_barlowtwins_random_size1__TinyImageNet_lbl5	CIFAR100	TinyImageNet	ResNet18	barlowtwins	random	1	5	cifar100_ResNet18_barlowtwins_random_size1	10000	10	random	300	aip-boyuwang	benchmarks/cross_downstream/jobs/evaluate/cifar100_ResNet18_barlowtwins_random_size1.sh
cifar100_ResNet18_barlowtwins_random_size1__CIFAR10_lbl1	cifar100_ResNet18_barlowtwins_random_size1__CIFAR10_lbl1	CIFAR100	CIFAR10	ResNet18	barlowtwins	random	1	1	cifar100_ResNet18_barlowtwins_random_size1	10000	10	random	500	aip-boyuwang	benchmarks/cross_downstream/jobs/evaluate/cifar100_ResNet18_barlowtwins_random_size1.sh
cifar100_ResNet18_barlowtwins_random_size1__CIFAR10_lbl5	cifar100_ResNet18_barlowtwins_random_size1__CIFAR10_lbl5	CIFAR100	CIFAR10	ResNet18	barlowtwins	random	1	5	cifar100_ResNet18_barlowtwins_random_size1	10000	10	random	300	aip-boyuwang	benchmarks/cross_downstream/jobs/evaluate/cifar100_ResNet18_barlowtwins_random_size1.sh
cifar100_ResNet18_barlowtwins_random_size1__Aircraft_lbl1	cifar100_ResNet18_barlowtwins_random_size1__Aircraft_lbl1	CIFAR100	Aircraft	ResNet18	barlowtwins	random	1	1	cifar100_ResNet18_barlowtwins_random_size1	10000	10	random	500	aip-boyuwang	benchmarks/cross_downstream/jobs/evaluate/cifar100_ResNet18_barlowtwins_random_size1.sh
cifar100_ResNet18_barlowtwins_random_size1__Aircraft_lbl5	cifar100_ResNet18_barlowtwins_random_size1__Aircraft_lbl5	CIFAR100	Aircraft	ResNet18	barlowtwins	random	1	5	cifar100_ResNet18_barlowtwins_random_size1	10000	10	random	300	aip-boyuwang	benchmarks/cross_downstream/jobs/evaluate/cifar100_ResNet18_barlowtwins_random_size1.sh
cifar100_ResNet18_barlowtwins_random_size1__CUB2011_lbl1	cifar100_ResNet18_barlowtwins_random_size1__CUB2011_lbl1	CIFAR100	CUB2011	ResNet18	barlowtwins	random	1	1	cifar100_ResNet18_barlowtwins_random_size1	10000	10	random	500	aip-boyuwang	benchmarks/cross_downstream/jobs/evaluate/cifar100_ResNet18_barlowtwins_random_size1.sh
cifar100_ResNet18_barlowtwins_random_size1__CUB2011_lbl5	cifar100_ResNet18_barlowtwins_random_size1__CUB2011_lbl5	CIFAR100	CUB2011	ResNet18	barlowtwins	random	1	5	cifar100_ResNet18_barlowtwins_random_size1	10000	10	random	300	aip-boyuwang	benchmarks/cross_downstream/jobs/evaluate/cifar100_ResNet18_barlowtwins_random_size1.sh
cifar100_ResNet18_barlowtwins_random_size1__Dogs_lbl1	cifar100_ResNet18_barlowtwins_random_size1__Dogs_lbl1	CIFAR100	Dogs	ResNet18	barlowtwins	random	1	1	cifar100_ResNet18_barlowtwins_random_size1	10000	10	random	500	aip-boyuwang	benchmarks/cross_downstream/jobs/evaluate/cifar100_ResNet18_barlowtwins_random_size1.sh
cifar100_ResNet18_barlowtwins_random_size1__Dogs_lbl5	cifar100_ResNet18_barlowtwins_random_size1__Dogs_lbl5	CIFAR100	Dogs	ResNet18	barlowtwins	random	1	5	cifar100_ResNet18_barlowtwins_random_size1	10000	10	random	300	aip-boyuwang	benchmarks/cross_downstream/jobs/evaluate/cifar100_ResNet18_barlowtwins_random_size1.sh
cifar100_ResNet18_barlowtwins_random_size1__Flowers_lbl1	cifar100_ResNet18_barlowtwins_random_size1__Flowers_lbl1	CIFAR100	Flowers	ResNet18	barlowtwins	random	1	1	cifar100_ResNet18_barlowtwins_random_size1	10000	10	random	500	aip-boyuwang	benchmarks/cross_downstream/jobs/evaluate/cifar100_ResNet18_barlowtwins_random_size1.sh
cifar100_ResNet18_barlowtwins_random_size1__Flowers_lbl5	cifar100_ResNet18_barlowtwins_random_size1__Flowers_lbl5	CIFAR100	Flowers	ResNet18	barlowtwins	random	1	5	cifar100_ResNet18_barlowtwins_random_size1	10000	10	random	300	aip-boyuwang	benchmarks/cross_downstream/jobs/evaluate/cifar100_ResNet18_barlowtwins_random_size1.sh
cifar100_ResNet18_barlowtwins_random_size2__TinyImageNet_lbl1	cifar100_ResNet18_barlowtwins_random_size2__TinyImageNet_lbl1	CIFAR100	TinyImageNet	ResNet18	barlowtwins	random	2	1	cifar100_ResNet18_barlowtwins_random_size2	8000	10	random	500	aip-boyuwang	benchmarks/cross_downstream/jobs/evaluate/cifar100_ResNet18_barlowtwins_random_size2.sh
cifar100_ResNet18_barlowtwins_random_size2__TinyImageNet_lbl5	cifar100_ResNet18_barlowtwins_random_size2__TinyImageNet_lbl5	CIFAR100	TinyImageNet	ResNet18	barlowtwins	random	2	5	cifar100_ResNet18_barlowtwins_random_size2	8000	10	random	300	aip-boyuwang	benchmarks/cross_downstream/jobs/evaluate/cifar100_ResNet18_barlowtwins_random_size2.sh
cifar100_ResNet18_barlowtwins_random_size2__CIFAR10_lbl1	cifar100_ResNet18_barlowtwins_random_size2__CIFAR10_lbl1	CIFAR100	CIFAR10	ResNet18	barlowtwins	random	2	1	cifar100_ResNet18_barlowtwins_random_size2	8000	10	random	500	aip-boyuwang	benchmarks/cross_downstream/jobs/evaluate/cifar100_ResNet18_barlowtwins_random_size2.sh
cifar100_ResNet18_barlowtwins_random_size2__CIFAR10_lbl5	cifar100_ResNet18_barlowtwins_random_size2__CIFAR10_lbl5	CIFAR100	CIFAR10	ResNet18	barlowtwins	random	2	5	cifar100_ResNet18_barlowtwins_random_size2	8000	10	random	300	aip-boyuwang	benchmarks/cross_downstream/jobs/evaluate/cifar100_ResNet18_barlowtwins_random_size2.sh
cifar100_ResNet18_barlowtwins_random_size2__Aircraft_lbl1	cifar100_ResNet18_barlowtwins_random_size2__Aircraft_lbl1	CIFAR100	Aircraft	ResNet18	barlowtwins	random	2	1	cifar100_ResNet18_barlowtwins_random_size2	8000	10	random	500	aip-boyuwang	benchmarks/cross_downstream/jobs/evaluate/cifar100_ResNet18_barlowtwins_random_size2.sh
cifar100_ResNet18_barlowtwins_random_size2__Aircraft_lbl5	cifar100_ResNet18_barlowtwins_random_size2__Aircraft_lbl5	CIFAR100	Aircraft	ResNet18	barlowtwins	random	2	5	cifar100_ResNet18_barlowtwins_random_size2	8000	10	random	300	aip-boyuwang	benchmarks/cross_downstream/jobs/evaluate/cifar100_ResNet18_barlowtwins_random_size2.sh
cifar100_ResNet18_barlowtwins_random_size2__CUB2011_lbl1	cifar100_ResNet18_barlowtwins_random_size2__CUB2011_lbl1	CIFAR100	CUB2011	ResNet18	barlowtwins	random	2	1	cifar100_ResNet18_barlowtwins_random_size2	8000	10	random	500	aip-boyuwang	benchmarks/cross_downstream/jobs/evaluate/cifar100_ResNet18_barlowtwins_random_size2.sh
cifar100_ResNet18_barlowtwins_random_size2__CUB2011_lbl5	cifar100_ResNet18_barlowtwins_random_size2__CUB2011_lbl5	CIFAR100	CUB2011	ResNet18	barlowtwins	random	2	5	cifar100_ResNet18_barlowtwins_random_size2	8000	10	random	300	aip-boyuwang	benchmarks/cross_downstream/jobs/evaluate/cifar100_ResNet18_barlowtwins_random_size2.sh
cifar100_ResNet18_barlowtwins_random_size2__Dogs_lbl1	cifar100_ResNet18_barlowtwins_random_size2__Dogs_lbl1	CIFAR100	Dogs	ResNet18	barlowtwins	random	2	1	cifar100_ResNet18_barlowtwins_random_size2	8000	10	random	500	aip-boyuwang	benchmarks/cross_downstream/jobs/evaluate/cifar100_ResNet18_barlowtwins_random_size2.sh
cifar100_ResNet18_barlowtwins_random_size2__Dogs_lbl5	cifar100_ResNet18_barlowtwins_random_size2__Dogs_lbl5	CIFAR100	Dogs	ResNet18	barlowtwins	random	2	5	cifar100_ResNet18_barlowtwins_random_size2	8000	10	random	300	aip-boyuwang	benchmarks/cross_downstream/jobs/evaluate/cifar100_ResNet18_barlowtwins_random_size2.sh
cifar100_ResNet18_barlowtwins_random_size2__Flowers_lbl1	cifar100_ResNet18_barlowtwins_random_size2__Flowers_lbl1	CIFAR100	Flowers	ResNet18	barlowtwins	random	2	1	cifar100_ResNet18_barlowtwins_random_size2	8000	10	random	500	aip-boyuwang	benchmarks/cross_downstream/jobs/evaluate/cifar100_ResNet18_barlowtwins_random_size2.sh
cifar100_ResNet18_barlowtwins_random_size2__Flowers_lbl5	cifar100_ResNet18_barlowtwins_random_size2__Flowers_lbl5	CIFAR100	Flowers	ResNet18	barlowtwins	random	2	5	cifar100_ResNet18_barlowtwins_random_size2	8000	10	random	300	aip-boyuwang	benchmarks/cross_downstream/jobs/evaluate/cifar100_ResNet18_barlowtwins_random_size2.sh
cifar100_ResNet18_barlowtwins_random_size5__TinyImageNet_lbl1	cifar100_ResNet18_barlowtwins_random_size5__TinyImageNet_lbl1	CIFAR100	TinyImageNet	ResNet18	barlowtwins	random	5	1	cifar100_ResNet18_barlowtwins_random_size5	6000	10	random	500	aip-boyuwang	benchmarks/cross_downstream/jobs/evaluate/cifar100_ResNet18_barlowtwins_random_size5.sh
cifar100_ResNet18_barlowtwins_random_size5__TinyImageNet_lbl5	cifar100_ResNet18_barlowtwins_random_size5__TinyImageNet_lbl5	CIFAR100	TinyImageNet	ResNet18	barlowtwins	random	5	5	cifar100_ResNet18_barlowtwins_random_size5	6000	10	random	300	aip-boyuwang	benchmarks/cross_downstream/jobs/evaluate/cifar100_ResNet18_barlowtwins_random_size5.sh
cifar100_ResNet18_barlowtwins_random_size5__CIFAR10_lbl1	cifar100_ResNet18_barlowtwins_random_size5__CIFAR10_lbl1	CIFAR100	CIFAR10	ResNet18	barlowtwins	random	5	1	cifar100_ResNet18_barlowtwins_random_size5	6000	10	random	500	aip-boyuwang	benchmarks/cross_downstream/jobs/evaluate/cifar100_ResNet18_barlowtwins_random_size5.sh
cifar100_ResNet18_barlowtwins_random_size5__CIFAR10_lbl5	cifar100_ResNet18_barlowtwins_random_size5__CIFAR10_lbl5	CIFAR100	CIFAR10	ResNet18	barlowtwins	random	5	5	cifar100_ResNet18_barlowtwins_random_size5	6000	10	random	300	aip-boyuwang	benchmarks/cross_downstream/jobs/evaluate/cifar100_ResNet18_barlowtwins_random_size5.sh
cifar100_ResNet18_barlowtwins_random_size5__Aircraft_lbl1	cifar100_ResNet18_barlowtwins_random_size5__Aircraft_lbl1	CIFAR100	Aircraft	ResNet18	barlowtwins	random	5	1	cifar100_ResNet18_barlowtwins_random_size5	6000	10	random	500	aip-boyuwang	benchmarks/cross_downstream/jobs/evaluate/cifar100_ResNet18_barlowtwins_random_size5.sh
cifar100_ResNet18_barlowtwins_random_size5__Aircraft_lbl5	cifar100_ResNet18_barlowtwins_random_size5__Aircraft_lbl5	CIFAR100	Aircraft	ResNet18	barlowtwins	random	5	5	cifar100_ResNet18_barlowtwins_random_size5	6000	10	random	300	aip-boyuwang	benchmarks/cross_downstream/jobs/evaluate/cifar100_ResNet18_barlowtwins_random_size5.sh
cifar100_ResNet18_barlowtwins_random_size5__CUB2011_lbl1	cifar100_ResNet18_barlowtwins_random_size5__CUB2011_lbl1	CIFAR100	CUB2011	ResNet18	barlowtwins	random	5	1	cifar100_ResNet18_barlowtwins_random_size5	6000	10	random	500	aip-boyuwang	benchmarks/cross_downstream/jobs/evaluate/cifar100_ResNet18_barlowtwins_random_size5.sh
cifar100_ResNet18_barlowtwins_random_size5__CUB2011_lbl5	cifar100_ResNet18_barlowtwins_random_size5__CUB2011_lbl5	CIFAR100	CUB2011	ResNet18	barlowtwins	random	5	5	cifar100_ResNet18_barlowtwins_random_size5	6000	10	random	300	aip-boyuwang	benchmarks/cross_downstream/jobs/evaluate/cifar100_ResNet18_barlowtwins_random_size5.sh
cifar100_ResNet18_barlowtwins_random_size5__Dogs_lbl1	cifar100_ResNet18_barlowtwins_random_size5__Dogs_lbl1	CIFAR100	Dogs	ResNet18	barlowtwins	random	5	1	cifar100_ResNet18_barlowtwins_random_size5	6000	10	random	500	aip-boyuwang	benchmarks/cross_downstream/jobs/evaluate/cifar100_ResNet18_barlowtwins_random_size5.sh
cifar100_ResNet18_barlowtwins_random_size5__Dogs_lbl5	cifar100_ResNet18_barlowtwins_random_size5__Dogs_lbl5	CIFAR100	Dogs	ResNet18	barlowtwins	random	5	5	cifar100_ResNet18_barlowtwins_random_size5	6000	10	random	300	aip-boyuwang	benchmarks/cross_downstream/jobs/evaluate/cifar100_ResNet18_barlowtwins_random_size5.sh
cifar100_ResNet18_barlowtwins_random_size5__Flowers_lbl1	cifar100_ResNet18_barlowtwins_random_size5__Flowers_lbl1	CIFAR100	Flowers	ResNet18	barlowtwins	random	5	1	cifar100_ResNet18_barlowtwins_random_size5	6000	10	random	500	aip-boyuwang	benchmarks/cross_downstream/jobs/evaluate/cifar100_ResNet18_barlowtwins_random_size5.sh
cifar100_ResNet18_barlowtwins_random_size5__Flowers_lbl5	cifar100_ResNet18_barlowtwins_random_size5__Flowers_lbl5	CIFAR100	Flowers	ResNet18	barlowtwins	random	5	5	cifar100_ResNet18_barlowtwins_random_size5	6000	10	random	300	aip-boyuwang	benchmarks/cross_downstream/jobs/evaluate/cifar100_ResNet18_barlowtwins_random_size5.sh
cifar100_ResNet18_barlowtwins_kmeans_size1__TinyImageNet_lbl1	cifar100_ResNet18_barlowtwins_kmeans_size1__TinyImageNet_lbl1	CIFAR100	TinyImageNet	ResNet18	barlowtwins	kmeans	1	1	cifar100_ResNet18_barlowtwins_kmeans_size1	10000	10	random	500	aip-boyuwang	benchmarks/cross_downstream/jobs/evaluate/cifar100_ResNet18_barlowtwins_kmeans_size1.sh
cifar100_ResNet18_barlowtwins_kmeans_size1__TinyImageNet_lbl5	cifar100_ResNet18_barlowtwins_kmeans_size1__TinyImageNet_lbl5	CIFAR100	TinyImageNet	ResNet18	barlowtwins	kmeans	1	5	cifar100_ResNet18_barlowtwins_kmeans_size1	10000	10	random	300	aip-boyuwang	benchmarks/cross_downstream/jobs/evaluate/cifar100_ResNet18_barlowtwins_kmeans_size1.sh
cifar100_ResNet18_barlowtwins_kmeans_size1__CIFAR10_lbl1	cifar100_ResNet18_barlowtwins_kmeans_size1__CIFAR10_lbl1	CIFAR100	CIFAR10	ResNet18	barlowtwins	kmeans	1	1	cifar100_ResNet18_barlowtwins_kmeans_size1	10000	10	random	500	aip-boyuwang	benchmarks/cross_downstream/jobs/evaluate/cifar100_ResNet18_barlowtwins_kmeans_size1.sh
cifar100_ResNet18_barlowtwins_kmeans_size1__CIFAR10_lbl5	cifar100_ResNet18_barlowtwins_kmeans_size1__CIFAR10_lbl5	CIFAR100	CIFAR10	ResNet18	barlowtwins	kmeans	1	5	cifar100_ResNet18_barlowtwins_kmeans_size1	10000	10	random	300	aip-boyuwang	benchmarks/cross_downstream/jobs/evaluate/cifar100_ResNet18_barlowtwins_kmeans_size1.sh
cifar100_ResNet18_barlowtwins_kmeans_size1__Aircraft_lbl1	cifar100_ResNet18_barlowtwins_kmeans_size1__Aircraft_lbl1	CIFAR100	Aircraft	ResNet18	barlowtwins	kmeans	1	1	cifar100_ResNet18_barlowtwins_kmeans_size1	10000	10	random	500	aip-boyuwang	benchmarks/cross_downstream/jobs/evaluate/cifar100_ResNet18_barlowtwins_kmeans_size1.sh
cifar100_ResNet18_barlowtwins_kmeans_size1__Aircraft_lbl5	cifar100_ResNet18_barlowtwins_kmeans_size1__Aircraft_lbl5	CIFAR100	Aircraft	ResNet18	barlowtwins	kmeans	1	5	cifar100_ResNet18_barlowtwins_kmeans_size1	10000	10	random	300	aip-boyuwang	benchmarks/cross_downstream/jobs/evaluate/cifar100_ResNet18_barlowtwins_kmeans_size1.sh
cifar100_ResNet18_barlowtwins_kmeans_size1__CUB2011_lbl1	cifar100_ResNet18_barlowtwins_kmeans_size1__CUB2011_lbl1	CIFAR100	CUB2011	ResNet18	barlowtwins	kmeans	1	1	cifar100_ResNet18_barlowtwins_kmeans_size1	10000	10	random	500	aip-boyuwang	benchmarks/cross_downstream/jobs/evaluate/cifar100_ResNet18_barlowtwins_kmeans_size1.sh
cifar100_ResNet18_barlowtwins_kmeans_size1__CUB2011_lbl5	cifar100_ResNet18_barlowtwins_kmeans_size1__CUB2011_lbl5	CIFAR100	CUB2011	ResNet18	barlowtwins	kmeans	1	5	cifar100_ResNet18_barlowtwins_kmeans_size1	10000	10	random	300	aip-boyuwang	benchmarks/cross_downstream/jobs/evaluate/cifar100_ResNet18_barlowtwins_kmeans_size1.sh
cifar100_ResNet18_barlowtwins_kmeans_size1__Dogs_lbl1	cifar100_ResNet18_barlowtwins_kmeans_size1__Dogs_lbl1	CIFAR100	Dogs	ResNet18	barlowtwins	kmeans	1	1	cifar100_ResNet18_barlowtwins_kmeans_size1	10000	10	random	500	aip-boyuwang	benchmarks/cross_downstream/jobs/evaluate/cifar100_ResNet18_barlowtwins_kmeans_size1.sh
cifar100_ResNet18_barlowtwins_kmeans_size1__Dogs_lbl5	cifar100_ResNet18_barlowtwins_kmeans_size1__Dogs_lbl5	CIFAR100	Dogs	ResNet18	barlowtwins	kmeans	1	5	cifar100_ResNet18_barlowtwins_kmeans_size1	10000	10	random	300	aip-boyuwang	benchmarks/cross_downstream/jobs/evaluate/cifar100_ResNet18_barlowtwins_kmeans_size1.sh
cifar100_ResNet18_barlowtwins_kmeans_size1__Flowers_lbl1	cifar100_ResNet18_barlowtwins_kmeans_size1__Flowers_lbl1	CIFAR100	Flowers	ResNet18	barlowtwins	kmeans	1	1	cifar100_ResNet18_barlowtwins_kmeans_size1	10000	10	random	500	aip-boyuwang	benchmarks/cross_downstream/jobs/evaluate/cifar100_ResNet18_barlowtwins_kmeans_size1.sh
cifar100_ResNet18_barlowtwins_kmeans_size1__Flowers_lbl5	cifar100_ResNet18_barlowtwins_kmeans_size1__Flowers_lbl5	CIFAR100	Flowers	ResNet18	barlowtwins	kmeans	1	5	cifar100_ResNet18_barlowtwins_kmeans_size1	10000	10	random	300	aip-boyuwang	benchmarks/cross_downstream/jobs/evaluate/cifar100_ResNet18_barlowtwins_kmeans_size1.sh
cifar100_ResNet18_barlowtwins_kmeans_size2__TinyImageNet_lbl1	cifar100_ResNet18_barlowtwins_kmeans_size2__TinyImageNet_lbl1	CIFAR100	TinyImageNet	ResNet18	barlowtwins	kmeans	2	1	cifar100_ResNet18_barlowtwins_kmeans_size2	8000	10	random	500	aip-boyuwang	benchmarks/cross_downstream/jobs/evaluate/cifar100_ResNet18_barlowtwins_kmeans_size2.sh
cifar100_ResNet18_barlowtwins_kmeans_size2__TinyImageNet_lbl5	cifar100_ResNet18_barlowtwins_kmeans_size2__TinyImageNet_lbl5	CIFAR100	TinyImageNet	ResNet18	barlowtwins	kmeans	2	5	cifar100_ResNet18_barlowtwins_kmeans_size2	8000	10	random	300	aip-boyuwang	benchmarks/cross_downstream/jobs/evaluate/cifar100_ResNet18_barlowtwins_kmeans_size2.sh
cifar100_ResNet18_barlowtwins_kmeans_size2__CIFAR10_lbl1	cifar100_ResNet18_barlowtwins_kmeans_size2__CIFAR10_lbl1	CIFAR100	CIFAR10	ResNet18	barlowtwins	kmeans	2	1	cifar100_ResNet18_barlowtwins_kmeans_size2	8000	10	random	500	aip-boyuwang	benchmarks/cross_downstream/jobs/evaluate/cifar100_ResNet18_barlowtwins_kmeans_size2.sh
cifar100_ResNet18_barlowtwins_kmeans_size2__CIFAR10_lbl5	cifar100_ResNet18_barlowtwins_kmeans_size2__CIFAR10_lbl5	CIFAR100	CIFAR10	ResNet18	barlowtwins	kmeans	2	5	cifar100_ResNet18_barlowtwins_kmeans_size2	8000	10	random	300	aip-boyuwang	benchmarks/cross_downstream/jobs/evaluate/cifar100_ResNet18_barlowtwins_kmeans_size2.sh
cifar100_ResNet18_barlowtwins_kmeans_size2__Aircraft_lbl1	cifar100_ResNet18_barlowtwins_kmeans_size2__Aircraft_lbl1	CIFAR100	Aircraft	ResNet18	barlowtwins	kmeans	2	1	cifar100_ResNet18_barlowtwins_kmeans_size2	8000	10	random	500	aip-boyuwang	benchmarks/cross_downstream/jobs/evaluate/cifar100_ResNet18_barlowtwins_kmeans_size2.sh
cifar100_ResNet18_barlowtwins_kmeans_size2__Aircraft_lbl5	cifar100_ResNet18_barlowtwins_kmeans_size2__Aircraft_lbl5	CIFAR100	Aircraft	ResNet18	barlowtwins	kmeans	2	5	cifar100_ResNet18_barlowtwins_kmeans_size2	8000	10	random	300	aip-boyuwang	benchmarks/cross_downstream/jobs/evaluate/cifar100_ResNet18_barlowtwins_kmeans_size2.sh
cifar100_ResNet18_barlowtwins_kmeans_size2__CUB2011_lbl1	cifar100_ResNet18_barlowtwins_kmeans_size2__CUB2011_lbl1	CIFAR100	CUB2011	ResNet18	barlowtwins	kmeans	2	1	cifar100_ResNet18_barlowtwins_kmeans_size2	8000	10	random	500	aip-boyuwang	benchmarks/cross_downstream/jobs/evaluate/cifar100_ResNet18_barlowtwins_kmeans_size2.sh
cifar100_ResNet18_barlowtwins_kmeans_size2__CUB2011_lbl5	cifar100_ResNet18_barlowtwins_kmeans_size2__CUB2011_lbl5	CIFAR100	CUB2011	ResNet18	barlowtwins	kmeans	2	5	cifar100_ResNet18_barlowtwins_kmeans_size2	8000	10	random	300	aip-boyuwang	benchmarks/cross_downstream/jobs/evaluate/cifar100_ResNet18_barlowtwins_kmeans_size2.sh
cifar100_ResNet18_barlowtwins_kmeans_size2__Dogs_lbl1	cifar100_ResNet18_barlowtwins_kmeans_size2__Dogs_lbl1	CIFAR100	Dogs	ResNet18	barlowtwins	kmeans	2	1	cifar100_ResNet18_barlowtwins_kmeans_size2	8000	10	random	500	aip-boyuwang	benchmarks/cross_downstream/jobs/evaluate/cifar100_ResNet18_barlowtwins_kmeans_size2.sh
cifar100_ResNet18_barlowtwins_kmeans_size2__Dogs_lbl5	cifar100_ResNet18_barlowtwins_kmeans_size2__Dogs_lbl5	CIFAR100	Dogs	ResNet18	barlowtwins	kmeans	2	5	cifar100_ResNet18_barlowtwins_kmeans_size2	8000	10	random	300	aip-boyuwang	benchmarks/cross_downstream/jobs/evaluate/cifar100_ResNet18_barlowtwins_kmeans_size2.sh
cifar100_ResNet18_barlowtwins_kmeans_size2__Flowers_lbl1	cifar100_ResNet18_barlowtwins_kmeans_size2__Flowers_lbl1	CIFAR100	Flowers	ResNet18	barlowtwins	kmeans	2	1	cifar100_ResNet18_barlowtwins_kmeans_size2	8000	10	random	500	aip-boyuwang	benchmarks/cross_downstream/jobs/evaluate/cifar100_ResNet18_barlowtwins_kmeans_size2.sh
cifar100_ResNet18_barlowtwins_kmeans_size2__Flowers_lbl5	cifar100_ResNet18_barlowtwins_kmeans_size2__Flowers_lbl5	CIFAR100	Flowers	ResNet18	barlowtwins	kmeans	2	5	cifar100_ResNet18_barlowtwins_kmeans_size2	8000	10	random	300	aip-boyuwang	benchmarks/cross_downstream/jobs/evaluate/cifar100_ResNet18_barlowtwins_kmeans_size2.sh
cifar100_ResNet18_barlowtwins_kmeans_size5__TinyImageNet_lbl1	cifar100_ResNet18_barlowtwins_kmeans_size5__TinyImageNet_lbl1	CIFAR100	TinyImageNet	ResNet18	barlowtwins	kmeans	5	1	cifar100_ResNet18_barlowtwins_kmeans_size5	6000	10	random	500	aip-boyuwang	benchmarks/cross_downstream/jobs/evaluate/cifar100_ResNet18_barlowtwins_kmeans_size5.sh
cifar100_ResNet18_barlowtwins_kmeans_size5__TinyImageNet_lbl5	cifar100_ResNet18_barlowtwins_kmeans_size5__TinyImageNet_lbl5	CIFAR100	TinyImageNet	ResNet18	barlowtwins	kmeans	5	5	cifar100_ResNet18_barlowtwins_kmeans_size5	6000	10	random	300	aip-boyuwang	benchmarks/cross_downstream/jobs/evaluate/cifar100_ResNet18_barlowtwins_kmeans_size5.sh
cifar100_ResNet18_barlowtwins_kmeans_size5__CIFAR10_lbl1	cifar100_ResNet18_barlowtwins_kmeans_size5__CIFAR10_lbl1	CIFAR100	CIFAR10	ResNet18	barlowtwins	kmeans	5	1	cifar100_ResNet18_barlowtwins_kmeans_size5	6000	10	random	500	aip-boyuwang	benchmarks/cross_downstream/jobs/evaluate/cifar100_ResNet18_barlowtwins_kmeans_size5.sh
cifar100_ResNet18_barlowtwins_kmeans_size5__CIFAR10_lbl5	cifar100_ResNet18_barlowtwins_kmeans_size5__CIFAR10_lbl5	CIFAR100	CIFAR10	ResNet18	barlowtwins	kmeans	5	5	cifar100_ResNet18_barlowtwins_kmeans_size5	6000	10	random	300	aip-boyuwang	benchmarks/cross_downstream/jobs/evaluate/cifar100_ResNet18_barlowtwins_kmeans_size5.sh
cifar100_ResNet18_barlowtwins_kmeans_size5__Aircraft_lbl1	cifar100_ResNet18_barlowtwins_kmeans_size5__Aircraft_lbl1	CIFAR100	Aircraft	ResNet18	barlowtwins	kmeans	5	1	cifar100_ResNet18_barlowtwins_kmeans_size5	6000	10	random	500	aip-boyuwang	benchmarks/cross_downstream/jobs/evaluate/cifar100_ResNet18_barlowtwins_kmeans_size5.sh
cifar100_ResNet18_barlowtwins_kmeans_size5__Aircraft_lbl5	cifar100_ResNet18_barlowtwins_kmeans_size5__Aircraft_lbl5	CIFAR100	Aircraft	ResNet18	barlowtwins	kmeans	5	5	cifar100_ResNet18_barlowtwins_kmeans_size5	6000	10	random	300	aip-boyuwang	benchmarks/cross_downstream/jobs/evaluate/cifar100_ResNet18_barlowtwins_kmeans_size5.sh
cifar100_ResNet18_barlowtwins_kmeans_size5__CUB2011_lbl1	cifar100_ResNet18_barlowtwins_kmeans_size5__CUB2011_lbl1	CIFAR100	CUB2011	ResNet18	barlowtwins	kmeans	5	1	cifar100_ResNet18_barlowtwins_kmeans_size5	6000	10	random	500	aip-boyuwang	benchmarks/cross_downstream/jobs/evaluate/cifar100_ResNet18_barlowtwins_kmeans_size5.sh
cifar100_ResNet18_barlowtwins_kmeans_size5__CUB2011_lbl5	cifar100_ResNet18_barlowtwins_kmeans_size5__CUB2011_lbl5	CIFAR100	CUB2011	ResNet18	barlowtwins	kmeans	5	5	cifar100_ResNet18_barlowtwins_kmeans_size5	6000	10	random	300	aip-boyuwang	benchmarks/cross_downstream/jobs/evaluate/cifar100_ResNet18_barlowtwins_kmeans_size5.sh
cifar100_ResNet18_barlowtwins_kmeans_size5__Dogs_lbl1	cifar100_ResNet18_barlowtwins_kmeans_size5__Dogs_lbl1	CIFAR100	Dogs	ResNet18	barlowtwins	kmeans	5	1	cifar100_ResNet18_barlowtwins_kmeans_size5	6000	10	random	500	aip-boyuwang	benchmarks/cross_downstream/jobs/evaluate/cifar100_ResNet18_barlowtwins_kmeans_size5.sh
cifar100_ResNet18_barlowtwins_kmeans_size5__Dogs_lbl5	cifar100_ResNet18_barlowtwins_kmeans_size5__Dogs_lbl5	CIFAR100	Dogs	ResNet18	barlowtwins	kmeans	5	5	cifar100_ResNet18_barlowtwins_kmeans_size5	6000	10	random	300	aip-boyuwang	benchmarks/cross_downstream/jobs/evaluate/cifar100_ResNet18_barlowtwins_kmeans_size5.sh
cifar100_ResNet18_barlowtwins_kmeans_size5__Flowers_lbl1	cifar100_ResNet18_barlowtwins_kmeans_size5__Flowers_lbl1	CIFAR100	Flowers	ResNet18	barlowtwins	kmeans	5	1	cifar100_ResNet18_barlowtwins_kmeans_size5	6000	10	random	500	aip-boyuwang	benchmarks/cross_downstream/jobs/evaluate/cifar100_ResNet18_barlowtwins_kmeans_size5.sh
cifar100_ResNet18_barlowtwins_kmeans_size5__Flowers_lbl5	cifar100_ResNet18_barlowtwins_kmeans_size5__Flowers_lbl5	CIFAR100	Flowers	ResNet18	barlowtwins	kmeans	5	5	cifar100_ResNet18_barlowtwins_kmeans_size5	6000	10	random	300	aip-boyuwang	benchmarks/cross_downstream/jobs/evaluate/cifar100_ResNet18_barlowtwins_kmeans_size5.sh
cifar100_ResNet18_barlowtwins_full_size100__TinyImageNet_lbl1	cifar100_ResNet18_barlowtwins_full_size100__TinyImageNet_lbl1	CIFAR100	TinyImageNet	ResNet18	barlowtwins	full	100	1	cifar100_ResNet18_barlowtwins_full_size100	300	10	random	500	aip-boyuwang	benchmarks/cross_downstream/jobs/evaluate/cifar100_ResNet18_barlowtwins_full_size100.sh
cifar100_ResNet18_barlowtwins_full_size100__TinyImageNet_lbl5	cifar100_ResNet18_barlowtwins_full_size100__TinyImageNet_lbl5	CIFAR100	TinyImageNet	ResNet18	barlowtwins	full	100	5	cifar100_ResNet18_barlowtwins_full_size100	300	10	random	300	aip-boyuwang	benchmarks/cross_downstream/jobs/evaluate/cifar100_ResNet18_barlowtwins_full_size100.sh
cifar100_ResNet18_barlowtwins_full_size100__CIFAR10_lbl1	cifar100_ResNet18_barlowtwins_full_size100__CIFAR10_lbl1	CIFAR100	CIFAR10	ResNet18	barlowtwins	full	100	1	cifar100_ResNet18_barlowtwins_full_size100	300	10	random	500	aip-boyuwang	benchmarks/cross_downstream/jobs/evaluate/cifar100_ResNet18_barlowtwins_full_size100.sh
cifar100_ResNet18_barlowtwins_full_size100__CIFAR10_lbl5	cifar100_ResNet18_barlowtwins_full_size100__CIFAR10_lbl5	CIFAR100	CIFAR10	ResNet18	barlowtwins	full	100	5	cifar100_ResNet18_barlowtwins_full_size100	300	10	random	300	aip-boyuwang	benchmarks/cross_downstream/jobs/evaluate/cifar100_ResNet18_barlowtwins_full_size100.sh
cifar100_ResNet18_barlowtwins_full_size100__Aircraft_lbl1	cifar100_ResNet18_barlowtwins_full_size100__Aircraft_lbl1	CIFAR100	Aircraft	ResNet18	barlowtwins	full	100	1	cifar100_ResNet18_barlowtwins_full_size100	300	10	random	500	aip-boyuwang	benchmarks/cross_downstream/jobs/evaluate/cifar100_ResNet18_barlowtwins_full_size100.sh
cifar100_ResNet18_barlowtwins_full_size100__Aircraft_lbl5	cifar100_ResNet18_barlowtwins_full_size100__Aircraft_lbl5	CIFAR100	Aircraft	ResNet18	barlowtwins	full	100	5	cifar100_ResNet18_barlowtwins_full_size100	300	10	random	300	aip-boyuwang	benchmarks/cross_downstream/jobs/evaluate/cifar100_ResNet18_barlowtwins_full_size100.sh
cifar100_ResNet18_barlowtwins_full_size100__CUB2011_lbl1	cifar100_ResNet18_barlowtwins_full_size100__CUB2011_lbl1	CIFAR100	CUB2011	ResNet18	barlowtwins	full	100	1	cifar100_ResNet18_barlowtwins_full_size100	300	10	random	500	aip-boyuwang	benchmarks/cross_downstream/jobs/evaluate/cifar100_ResNet18_barlowtwins_full_size100.sh
cifar100_ResNet18_barlowtwins_full_size100__CUB2011_lbl5	cifar100_ResNet18_barlowtwins_full_size100__CUB2011_lbl5	CIFAR100	CUB2011	ResNet18	barlowtwins	full	100	5	cifar100_ResNet18_barlowtwins_full_size100	300	10	random	300	aip-boyuwang	benchmarks/cross_downstream/jobs/evaluate/cifar100_ResNet18_barlowtwins_full_size100.sh
cifar100_ResNet18_barlowtwins_full_size100__Dogs_lbl1	cifar100_ResNet18_barlowtwins_full_size100__Dogs_lbl1	CIFAR100	Dogs	ResNet18	barlowtwins	full	100	1	cifar100_ResNet18_barlowtwins_full_size100	300	10	random	500	aip-boyuwang	benchmarks/cross_downstream/jobs/evaluate/cifar100_ResNet18_barlowtwins_full_size100.sh
cifar100_ResNet18_barlowtwins_full_size100__Dogs_lbl5	cifar100_ResNet18_barlowtwins_full_size100__Dogs_lbl5	CIFAR100	Dogs	ResNet18	barlowtwins	full	100	5	cifar100_ResNet18_barlowtwins_full_size100	300	10	random	300	aip-boyuwang	benchmarks/cross_downstream/jobs/evaluate/cifar100_ResNet18_barlowtwins_full_size100.sh
cifar100_ResNet18_barlowtwins_full_size100__Flowers_lbl1	cifar100_ResNet18_barlowtwins_full_size100__Flowers_lbl1	CIFAR100	Flowers	ResNet18	barlowtwins	full	100	1	cifar100_ResNet18_barlowtwins_full_size100	300	10	random	500	aip-boyuwang	benchmarks/cross_downstream/jobs/evaluate/cifar100_ResNet18_barlowtwins_full_size100.sh
cifar100_ResNet18_barlowtwins_full_size100__Flowers_lbl5	cifar100_ResNet18_barlowtwins_full_size100__Flowers_lbl5	CIFAR100	Flowers	ResNet18	barlowtwins	full	100	5	cifar100_ResNet18_barlowtwins_full_size100	300	10	random	300	aip-boyuwang	benchmarks/cross_downstream/jobs/evaluate/cifar100_ResNet18_barlowtwins_full_size100.sh
tinyimagenet_ResNet18_simclr_random_size1__CIFAR10_lbl1	tinyimagenet_ResNet18_simclr_random_size1__CIFAR10_lbl1	TinyImageNet	CIFAR10	ResNet18	simclr	random	1	1	tinyimagenet_ResNet18_simclr_random_size1	5000	10	random	500	aip-boyuwang	benchmarks/cross_downstream/jobs/evaluate/tinyimagenet_ResNet18_simclr_random_size1.sh
tinyimagenet_ResNet18_simclr_random_size1__CIFAR10_lbl5	tinyimagenet_ResNet18_simclr_random_size1__CIFAR10_lbl5	TinyImageNet	CIFAR10	ResNet18	simclr	random	1	5	tinyimagenet_ResNet18_simclr_random_size1	5000	10	random	300	aip-boyuwang	benchmarks/cross_downstream/jobs/evaluate/tinyimagenet_ResNet18_simclr_random_size1.sh
tinyimagenet_ResNet18_simclr_random_size1__CIFAR100_lbl1	tinyimagenet_ResNet18_simclr_random_size1__CIFAR100_lbl1	TinyImageNet	CIFAR100	ResNet18	simclr	random	1	1	tinyimagenet_ResNet18_simclr_random_size1	5000	10	random	500	aip-boyuwang	benchmarks/cross_downstream/jobs/evaluate/tinyimagenet_ResNet18_simclr_random_size1.sh
tinyimagenet_ResNet18_simclr_random_size1__CIFAR100_lbl5	tinyimagenet_ResNet18_simclr_random_size1__CIFAR100_lbl5	TinyImageNet	CIFAR100	ResNet18	simclr	random	1	5	tinyimagenet_ResNet18_simclr_random_size1	5000	10	random	300	aip-boyuwang	benchmarks/cross_downstream/jobs/evaluate/tinyimagenet_ResNet18_simclr_random_size1.sh
tinyimagenet_ResNet18_simclr_random_size1__Aircraft_lbl1	tinyimagenet_ResNet18_simclr_random_size1__Aircraft_lbl1	TinyImageNet	Aircraft	ResNet18	simclr	random	1	1	tinyimagenet_ResNet18_simclr_random_size1	5000	10	random	500	aip-boyuwang	benchmarks/cross_downstream/jobs/evaluate/tinyimagenet_ResNet18_simclr_random_size1.sh
tinyimagenet_ResNet18_simclr_random_size1__Aircraft_lbl5	tinyimagenet_ResNet18_simclr_random_size1__Aircraft_lbl5	TinyImageNet	Aircraft	ResNet18	simclr	random	1	5	tinyimagenet_ResNet18_simclr_random_size1	5000	10	random	300	aip-boyuwang	benchmarks/cross_downstream/jobs/evaluate/tinyimagenet_ResNet18_simclr_random_size1.sh
tinyimagenet_ResNet18_simclr_random_size1__CUB2011_lbl1	tinyimagenet_ResNet18_simclr_random_size1__CUB2011_lbl1	TinyImageNet	CUB2011	ResNet18	simclr	random	1	1	tinyimagenet_ResNet18_simclr_random_size1	5000	10	random	500	aip-boyuwang	benchmarks/cross_downstream/jobs/evaluate/tinyimagenet_ResNet18_simclr_random_size1.sh
tinyimagenet_ResNet18_simclr_random_size1__CUB2011_lbl5	tinyimagenet_ResNet18_simclr_random_size1__CUB2011_lbl5	TinyImageNet	CUB2011	ResNet18	simclr	random	1	5	tinyimagenet_ResNet18_simclr_random_size1	5000	10	random	300	aip-boyuwang	benchmarks/cross_downstream/jobs/evaluate/tinyimagenet_ResNet18_simclr_random_size1.sh
tinyimagenet_ResNet18_simclr_random_size1__Dogs_lbl1	tinyimagenet_ResNet18_simclr_random_size1__Dogs_lbl1	TinyImageNet	Dogs	ResNet18	simclr	random	1	1	tinyimagenet_ResNet18_simclr_random_size1	5000	10	random	500	aip-boyuwang	benchmarks/cross_downstream/jobs/evaluate/tinyimagenet_ResNet18_simclr_random_size1.sh
tinyimagenet_ResNet18_simclr_random_size1__Dogs_lbl5	tinyimagenet_ResNet18_simclr_random_size1__Dogs_lbl5	TinyImageNet	Dogs	ResNet18	simclr	random	1	5	tinyimagenet_ResNet18_simclr_random_size1	5000	10	random	300	aip-boyuwang	benchmarks/cross_downstream/jobs/evaluate/tinyimagenet_ResNet18_simclr_random_size1.sh
tinyimagenet_ResNet18_simclr_random_size1__Flowers_lbl1	tinyimagenet_ResNet18_simclr_random_size1__Flowers_lbl1	TinyImageNet	Flowers	ResNet18	simclr	random	1	1	tinyimagenet_ResNet18_simclr_random_size1	5000	10	random	500	aip-boyuwang	benchmarks/cross_downstream/jobs/evaluate/tinyimagenet_ResNet18_simclr_random_size1.sh
tinyimagenet_ResNet18_simclr_random_size1__Flowers_lbl5	tinyimagenet_ResNet18_simclr_random_size1__Flowers_lbl5	TinyImageNet	Flowers	ResNet18	simclr	random	1	5	tinyimagenet_ResNet18_simclr_random_size1	5000	10	random	300	aip-boyuwang	benchmarks/cross_downstream/jobs/evaluate/tinyimagenet_ResNet18_simclr_random_size1.sh
tinyimagenet_ResNet18_simclr_random_size2__CIFAR10_lbl1	tinyimagenet_ResNet18_simclr_random_size2__CIFAR10_lbl1	TinyImageNet	CIFAR10	ResNet18	simclr	random	2	1	tinyimagenet_ResNet18_simclr_random_size2	4000	10	random	500	aip-boyuwang	benchmarks/cross_downstream/jobs/evaluate/tinyimagenet_ResNet18_simclr_random_size2.sh
tinyimagenet_ResNet18_simclr_random_size2__CIFAR10_lbl5	tinyimagenet_ResNet18_simclr_random_size2__CIFAR10_lbl5	TinyImageNet	CIFAR10	ResNet18	simclr	random	2	5	tinyimagenet_ResNet18_simclr_random_size2	4000	10	random	300	aip-boyuwang	benchmarks/cross_downstream/jobs/evaluate/tinyimagenet_ResNet18_simclr_random_size2.sh
tinyimagenet_ResNet18_simclr_random_size2__CIFAR100_lbl1	tinyimagenet_ResNet18_simclr_random_size2__CIFAR100_lbl1	TinyImageNet	CIFAR100	ResNet18	simclr	random	2	1	tinyimagenet_ResNet18_simclr_random_size2	4000	10	random	500	aip-boyuwang	benchmarks/cross_downstream/jobs/evaluate/tinyimagenet_ResNet18_simclr_random_size2.sh
tinyimagenet_ResNet18_simclr_random_size2__CIFAR100_lbl5	tinyimagenet_ResNet18_simclr_random_size2__CIFAR100_lbl5	TinyImageNet	CIFAR100	ResNet18	simclr	random	2	5	tinyimagenet_ResNet18_simclr_random_size2	4000	10	random	300	aip-boyuwang	benchmarks/cross_downstream/jobs/evaluate/tinyimagenet_ResNet18_simclr_random_size2.sh
tinyimagenet_ResNet18_simclr_random_size2__Aircraft_lbl1	tinyimagenet_ResNet18_simclr_random_size2__Aircraft_lbl1	TinyImageNet	Aircraft	ResNet18	simclr	random	2	1	tinyimagenet_ResNet18_simclr_random_size2	4000	10	random	500	aip-boyuwang	benchmarks/cross_downstream/jobs/evaluate/tinyimagenet_ResNet18_simclr_random_size2.sh
tinyimagenet_ResNet18_simclr_random_size2__Aircraft_lbl5	tinyimagenet_ResNet18_simclr_random_size2__Aircraft_lbl5	TinyImageNet	Aircraft	ResNet18	simclr	random	2	5	tinyimagenet_ResNet18_simclr_random_size2	4000	10	random	300	aip-boyuwang	benchmarks/cross_downstream/jobs/evaluate/tinyimagenet_ResNet18_simclr_random_size2.sh
tinyimagenet_ResNet18_simclr_random_size2__CUB2011_lbl1	tinyimagenet_ResNet18_simclr_random_size2__CUB2011_lbl1	TinyImageNet	CUB2011	ResNet18	simclr	random	2	1	tinyimagenet_ResNet18_simclr_random_size2	4000	10	random	500	aip-boyuwang	benchmarks/cross_downstream/jobs/evaluate/tinyimagenet_ResNet18_simclr_random_size2.sh
tinyimagenet_ResNet18_simclr_random_size2__CUB2011_lbl5	tinyimagenet_ResNet18_simclr_random_size2__CUB2011_lbl5	TinyImageNet	CUB2011	ResNet18	simclr	random	2	5	tinyimagenet_ResNet18_simclr_random_size2	4000	10	random	300	aip-boyuwang	benchmarks/cross_downstream/jobs/evaluate/tinyimagenet_ResNet18_simclr_random_size2.sh
tinyimagenet_ResNet18_simclr_random_size2__Dogs_lbl1	tinyimagenet_ResNet18_simclr_random_size2__Dogs_lbl1	TinyImageNet	Dogs	ResNet18	simclr	random	2	1	tinyimagenet_ResNet18_simclr_random_size2	4000	10	random	500	aip-boyuwang	benchmarks/cross_downstream/jobs/evaluate/tinyimagenet_ResNet18_simclr_random_size2.sh
tinyimagenet_ResNet18_simclr_random_size2__Dogs_lbl5	tinyimagenet_ResNet18_simclr_random_size2__Dogs_lbl5	TinyImageNet	Dogs	ResNet18	simclr	random	2	5	tinyimagenet_ResNet18_simclr_random_size2	4000	10	random	300	aip-boyuwang	benchmarks/cross_downstream/jobs/evaluate/tinyimagenet_ResNet18_simclr_random_size2.sh
tinyimagenet_ResNet18_simclr_random_size2__Flowers_lbl1	tinyimagenet_ResNet18_simclr_random_size2__Flowers_lbl1	TinyImageNet	Flowers	ResNet18	simclr	random	2	1	tinyimagenet_ResNet18_simclr_random_size2	4000	10	random	500	aip-boyuwang	benchmarks/cross_downstream/jobs/evaluate/tinyimagenet_ResNet18_simclr_random_size2.sh
tinyimagenet_ResNet18_simclr_random_size2__Flowers_lbl5	tinyimagenet_ResNet18_simclr_random_size2__Flowers_lbl5	TinyImageNet	Flowers	ResNet18	simclr	random	2	5	tinyimagenet_ResNet18_simclr_random_size2	4000	10	random	300	aip-boyuwang	benchmarks/cross_downstream/jobs/evaluate/tinyimagenet_ResNet18_simclr_random_size2.sh
tinyimagenet_ResNet18_simclr_random_size5__CIFAR10_lbl1	tinyimagenet_ResNet18_simclr_random_size5__CIFAR10_lbl1	TinyImageNet	CIFAR10	ResNet18	simclr	random	5	1	tinyimagenet_ResNet18_simclr_random_size5	3000	10	random	500	aip-boyuwang	benchmarks/cross_downstream/jobs/evaluate/tinyimagenet_ResNet18_simclr_random_size5.sh
tinyimagenet_ResNet18_simclr_random_size5__CIFAR10_lbl5	tinyimagenet_ResNet18_simclr_random_size5__CIFAR10_lbl5	TinyImageNet	CIFAR10	ResNet18	simclr	random	5	5	tinyimagenet_ResNet18_simclr_random_size5	3000	10	random	300	aip-boyuwang	benchmarks/cross_downstream/jobs/evaluate/tinyimagenet_ResNet18_simclr_random_size5.sh
tinyimagenet_ResNet18_simclr_random_size5__CIFAR100_lbl1	tinyimagenet_ResNet18_simclr_random_size5__CIFAR100_lbl1	TinyImageNet	CIFAR100	ResNet18	simclr	random	5	1	tinyimagenet_ResNet18_simclr_random_size5	3000	10	random	500	aip-boyuwang	benchmarks/cross_downstream/jobs/evaluate/tinyimagenet_ResNet18_simclr_random_size5.sh
tinyimagenet_ResNet18_simclr_random_size5__CIFAR100_lbl5	tinyimagenet_ResNet18_simclr_random_size5__CIFAR100_lbl5	TinyImageNet	CIFAR100	ResNet18	simclr	random	5	5	tinyimagenet_ResNet18_simclr_random_size5	3000	10	random	300	aip-boyuwang	benchmarks/cross_downstream/jobs/evaluate/tinyimagenet_ResNet18_simclr_random_size5.sh
tinyimagenet_ResNet18_simclr_random_size5__Aircraft_lbl1	tinyimagenet_ResNet18_simclr_random_size5__Aircraft_lbl1	TinyImageNet	Aircraft	ResNet18	simclr	random	5	1	tinyimagenet_ResNet18_simclr_random_size5	3000	10	random	500	aip-boyuwang	benchmarks/cross_downstream/jobs/evaluate/tinyimagenet_ResNet18_simclr_random_size5.sh
tinyimagenet_ResNet18_simclr_random_size5__Aircraft_lbl5	tinyimagenet_ResNet18_simclr_random_size5__Aircraft_lbl5	TinyImageNet	Aircraft	ResNet18	simclr	random	5	5	tinyimagenet_ResNet18_simclr_random_size5	3000	10	random	300	aip-boyuwang	benchmarks/cross_downstream/jobs/evaluate/tinyimagenet_ResNet18_simclr_random_size5.sh
tinyimagenet_ResNet18_simclr_random_size5__CUB2011_lbl1	tinyimagenet_ResNet18_simclr_random_size5__CUB2011_lbl1	TinyImageNet	CUB2011	ResNet18	simclr	random	5	1	tinyimagenet_ResNet18_simclr_random_size5	3000	10	random	500	aip-boyuwang	benchmarks/cross_downstream/jobs/evaluate/tinyimagenet_ResNet18_simclr_random_size5.sh
tinyimagenet_ResNet18_simclr_random_size5__CUB2011_lbl5	tinyimagenet_ResNet18_simclr_random_size5__CUB2011_lbl5	TinyImageNet	CUB2011	ResNet18	simclr	random	5	5	tinyimagenet_ResNet18_simclr_random_size5	3000	10	random	300	aip-boyuwang	benchmarks/cross_downstream/jobs/evaluate/tinyimagenet_ResNet18_simclr_random_size5.sh
tinyimagenet_ResNet18_simclr_random_size5__Dogs_lbl1	tinyimagenet_ResNet18_simclr_random_size5__Dogs_lbl1	TinyImageNet	Dogs	ResNet18	simclr	random	5	1	tinyimagenet_ResNet18_simclr_random_size5	3000	10	random	500	aip-boyuwang	benchmarks/cross_downstream/jobs/evaluate/tinyimagenet_ResNet18_simclr_random_size5.sh
tinyimagenet_ResNet18_simclr_random_size5__Dogs_lbl5	tinyimagenet_ResNet18_simclr_random_size5__Dogs_lbl5	TinyImageNet	Dogs	ResNet18	simclr	random	5	5	tinyimagenet_ResNet18_simclr_random_size5	3000	10	random	300	aip-boyuwang	benchmarks/cross_downstream/jobs/evaluate/tinyimagenet_ResNet18_simclr_random_size5.sh
tinyimagenet_ResNet18_simclr_random_size5__Flowers_lbl1	tinyimagenet_ResNet18_simclr_random_size5__Flowers_lbl1	TinyImageNet	Flowers	ResNet18	simclr	random	5	1	tinyimagenet_ResNet18_simclr_random_size5	3000	10	random	500	aip-boyuwang	benchmarks/cross_downstream/jobs/evaluate/tinyimagenet_ResNet18_simclr_random_size5.sh
tinyimagenet_ResNet18_simclr_random_size5__Flowers_lbl5	tinyimagenet_ResNet18_simclr_random_size5__Flowers_lbl5	TinyImageNet	Flowers	ResNet18	simclr	random	5	5	tinyimagenet_ResNet18_simclr_random_size5	3000	10	random	300	aip-boyuwang	benchmarks/cross_downstream/jobs/evaluate/tinyimagenet_ResNet18_simclr_random_size5.sh
tinyimagenet_ResNet18_simclr_kmeans_size1__CIFAR10_lbl1	tinyimagenet_ResNet18_simclr_kmeans_size1__CIFAR10_lbl1	TinyImageNet	CIFAR10	ResNet18	simclr	kmeans	1	1	tinyimagenet_ResNet18_simclr_kmeans_size1	5000	10	random	500	aip-boyuwang	benchmarks/cross_downstream/jobs/evaluate/tinyimagenet_ResNet18_simclr_kmeans_size1.sh
tinyimagenet_ResNet18_simclr_kmeans_size1__CIFAR10_lbl5	tinyimagenet_ResNet18_simclr_kmeans_size1__CIFAR10_lbl5	TinyImageNet	CIFAR10	ResNet18	simclr	kmeans	1	5	tinyimagenet_ResNet18_simclr_kmeans_size1	5000	10	random	300	aip-boyuwang	benchmarks/cross_downstream/jobs/evaluate/tinyimagenet_ResNet18_simclr_kmeans_size1.sh
tinyimagenet_ResNet18_simclr_kmeans_size1__CIFAR100_lbl1	tinyimagenet_ResNet18_simclr_kmeans_size1__CIFAR100_lbl1	TinyImageNet	CIFAR100	ResNet18	simclr	kmeans	1	1	tinyimagenet_ResNet18_simclr_kmeans_size1	5000	10	random	500	aip-boyuwang	benchmarks/cross_downstream/jobs/evaluate/tinyimagenet_ResNet18_simclr_kmeans_size1.sh
tinyimagenet_ResNet18_simclr_kmeans_size1__CIFAR100_lbl5	tinyimagenet_ResNet18_simclr_kmeans_size1__CIFAR100_lbl5	TinyImageNet	CIFAR100	ResNet18	simclr	kmeans	1	5	tinyimagenet_ResNet18_simclr_kmeans_size1	5000	10	random	300	aip-boyuwang	benchmarks/cross_downstream/jobs/evaluate/tinyimagenet_ResNet18_simclr_kmeans_size1.sh
tinyimagenet_ResNet18_simclr_kmeans_size1__Aircraft_lbl1	tinyimagenet_ResNet18_simclr_kmeans_size1__Aircraft_lbl1	TinyImageNet	Aircraft	ResNet18	simclr	kmeans	1	1	tinyimagenet_ResNet18_simclr_kmeans_size1	5000	10	random	500	aip-boyuwang	benchmarks/cross_downstream/jobs/evaluate/tinyimagenet_ResNet18_simclr_kmeans_size1.sh
tinyimagenet_ResNet18_simclr_kmeans_size1__Aircraft_lbl5	tinyimagenet_ResNet18_simclr_kmeans_size1__Aircraft_lbl5	TinyImageNet	Aircraft	ResNet18	simclr	kmeans	1	5	tinyimagenet_ResNet18_simclr_kmeans_size1	5000	10	random	300	aip-boyuwang	benchmarks/cross_downstream/jobs/evaluate/tinyimagenet_ResNet18_simclr_kmeans_size1.sh
tinyimagenet_ResNet18_simclr_kmeans_size1__CUB2011_lbl1	tinyimagenet_ResNet18_simclr_kmeans_size1__CUB2011_lbl1	TinyImageNet	CUB2011	ResNet18	simclr	kmeans	1	1	tinyimagenet_ResNet18_simclr_kmeans_size1	5000	10	random	500	aip-boyuwang	benchmarks/cross_downstream/jobs/evaluate/tinyimagenet_ResNet18_simclr_kmeans_size1.sh
tinyimagenet_ResNet18_simclr_kmeans_size1__CUB2011_lbl5	tinyimagenet_ResNet18_simclr_kmeans_size1__CUB2011_lbl5	TinyImageNet	CUB2011	ResNet18	simclr	kmeans	1	5	tinyimagenet_ResNet18_simclr_kmeans_size1	5000	10	random	300	aip-boyuwang	benchmarks/cross_downstream/jobs/evaluate/tinyimagenet_ResNet18_simclr_kmeans_size1.sh
tinyimagenet_ResNet18_simclr_kmeans_size1__Dogs_lbl1	tinyimagenet_ResNet18_simclr_kmeans_size1__Dogs_lbl1	TinyImageNet	Dogs	ResNet18	simclr	kmeans	1	1	tinyimagenet_ResNet18_simclr_kmeans_size1	5000	10	random	500	aip-boyuwang	benchmarks/cross_downstream/jobs/evaluate/tinyimagenet_ResNet18_simclr_kmeans_size1.sh
tinyimagenet_ResNet18_simclr_kmeans_size1__Dogs_lbl5	tinyimagenet_ResNet18_simclr_kmeans_size1__Dogs_lbl5	TinyImageNet	Dogs	ResNet18	simclr	kmeans	1	5	tinyimagenet_ResNet18_simclr_kmeans_size1	5000	10	random	300	aip-boyuwang	benchmarks/cross_downstream/jobs/evaluate/tinyimagenet_ResNet18_simclr_kmeans_size1.sh
tinyimagenet_ResNet18_simclr_kmeans_size1__Flowers_lbl1	tinyimagenet_ResNet18_simclr_kmeans_size1__Flowers_lbl1	TinyImageNet	Flowers	ResNet18	simclr	kmeans	1	1	tinyimagenet_ResNet18_simclr_kmeans_size1	5000	10	random	500	aip-boyuwang	benchmarks/cross_downstream/jobs/evaluate/tinyimagenet_ResNet18_simclr_kmeans_size1.sh
tinyimagenet_ResNet18_simclr_kmeans_size1__Flowers_lbl5	tinyimagenet_ResNet18_simclr_kmeans_size1__Flowers_lbl5	TinyImageNet	Flowers	ResNet18	simclr	kmeans	1	5	tinyimagenet_ResNet18_simclr_kmeans_size1	5000	10	random	300	aip-boyuwang	benchmarks/cross_downstream/jobs/evaluate/tinyimagenet_ResNet18_simclr_kmeans_size1.sh
tinyimagenet_ResNet18_simclr_kmeans_size2__CIFAR10_lbl1	tinyimagenet_ResNet18_simclr_kmeans_size2__CIFAR10_lbl1	TinyImageNet	CIFAR10	ResNet18	simclr	kmeans	2	1	tinyimagenet_ResNet18_simclr_kmeans_size2	4000	10	random	500	aip-boyuwang	benchmarks/cross_downstream/jobs/evaluate/tinyimagenet_ResNet18_simclr_kmeans_size2.sh
tinyimagenet_ResNet18_simclr_kmeans_size2__CIFAR10_lbl5	tinyimagenet_ResNet18_simclr_kmeans_size2__CIFAR10_lbl5	TinyImageNet	CIFAR10	ResNet18	simclr	kmeans	2	5	tinyimagenet_ResNet18_simclr_kmeans_size2	4000	10	random	300	aip-boyuwang	benchmarks/cross_downstream/jobs/evaluate/tinyimagenet_ResNet18_simclr_kmeans_size2.sh
tinyimagenet_ResNet18_simclr_kmeans_size2__CIFAR100_lbl1	tinyimagenet_ResNet18_simclr_kmeans_size2__CIFAR100_lbl1	TinyImageNet	CIFAR100	ResNet18	simclr	kmeans	2	1	tinyimagenet_ResNet18_simclr_kmeans_size2	4000	10	random	500	aip-boyuwang	benchmarks/cross_downstream/jobs/evaluate/tinyimagenet_ResNet18_simclr_kmeans_size2.sh
tinyimagenet_ResNet18_simclr_kmeans_size2__CIFAR100_lbl5	tinyimagenet_ResNet18_simclr_kmeans_size2__CIFAR100_lbl5	TinyImageNet	CIFAR100	ResNet18	simclr	kmeans	2	5	tinyimagenet_ResNet18_simclr_kmeans_size2	4000	10	random	300	aip-boyuwang	benchmarks/cross_downstream/jobs/evaluate/tinyimagenet_ResNet18_simclr_kmeans_size2.sh
tinyimagenet_ResNet18_simclr_kmeans_size2__Aircraft_lbl1	tinyimagenet_ResNet18_simclr_kmeans_size2__Aircraft_lbl1	TinyImageNet	Aircraft	ResNet18	simclr	kmeans	2	1	tinyimagenet_ResNet18_simclr_kmeans_size2	4000	10	random	500	aip-boyuwang	benchmarks/cross_downstream/jobs/evaluate/tinyimagenet_ResNet18_simclr_kmeans_size2.sh
tinyimagenet_ResNet18_simclr_kmeans_size2__Aircraft_lbl5	tinyimagenet_ResNet18_simclr_kmeans_size2__Aircraft_lbl5	TinyImageNet	Aircraft	ResNet18	simclr	kmeans	2	5	tinyimagenet_ResNet18_simclr_kmeans_size2	4000	10	random	300	aip-boyuwang	benchmarks/cross_downstream/jobs/evaluate/tinyimagenet_ResNet18_simclr_kmeans_size2.sh
tinyimagenet_ResNet18_simclr_kmeans_size2__CUB2011_lbl1	tinyimagenet_ResNet18_simclr_kmeans_size2__CUB2011_lbl1	TinyImageNet	CUB2011	ResNet18	simclr	kmeans	2	1	tinyimagenet_ResNet18_simclr_kmeans_size2	4000	10	random	500	aip-boyuwang	benchmarks/cross_downstream/jobs/evaluate/tinyimagenet_ResNet18_simclr_kmeans_size2.sh
tinyimagenet_ResNet18_simclr_kmeans_size2__CUB2011_lbl5	tinyimagenet_ResNet18_simclr_kmeans_size2__CUB2011_lbl5	TinyImageNet	CUB2011	ResNet18	simclr	kmeans	2	5	tinyimagenet_ResNet18_simclr_kmeans_size2	4000	10	random	300	aip-boyuwang	benchmarks/cross_downstream/jobs/evaluate/tinyimagenet_ResNet18_simclr_kmeans_size2.sh
tinyimagenet_ResNet18_simclr_kmeans_size2__Dogs_lbl1	tinyimagenet_ResNet18_simclr_kmeans_size2__Dogs_lbl1	TinyImageNet	Dogs	ResNet18	simclr	kmeans	2	1	tinyimagenet_ResNet18_simclr_kmeans_size2	4000	10	random	500	aip-boyuwang	benchmarks/cross_downstream/jobs/evaluate/tinyimagenet_ResNet18_simclr_kmeans_size2.sh
tinyimagenet_ResNet18_simclr_kmeans_size2__Dogs_lbl5	tinyimagenet_ResNet18_simclr_kmeans_size2__Dogs_lbl5	TinyImageNet	Dogs	ResNet18	simclr	kmeans	2	5	tinyimagenet_ResNet18_simclr_kmeans_size2	4000	10	random	300	aip-boyuwang	benchmarks/cross_downstream/jobs/evaluate/tinyimagenet_ResNet18_simclr_kmeans_size2.sh
tinyimagenet_ResNet18_simclr_kmeans_size2__Flowers_lbl1	tinyimagenet_ResNet18_simclr_kmeans_size2__Flowers_lbl1	TinyImageNet	Flowers	ResNet18	simclr	kmeans	2	1	tinyimagenet_ResNet18_simclr_kmeans_size2	4000	10	random	500	aip-boyuwang	benchmarks/cross_downstream/jobs/evaluate/tinyimagenet_ResNet18_simclr_kmeans_size2.sh
tinyimagenet_ResNet18_simclr_kmeans_size2__Flowers_lbl5	tinyimagenet_ResNet18_simclr_kmeans_size2__Flowers_lbl5	TinyImageNet	Flowers	ResNet18	simclr	kmeans	2	5	tinyimagenet_ResNet18_simclr_kmeans_size2	4000	10	random	300	aip-boyuwang	benchmarks/cross_downstream/jobs/evaluate/tinyimagenet_ResNet18_simclr_kmeans_size2.sh
tinyimagenet_ResNet18_simclr_kmeans_size5__CIFAR10_lbl1	tinyimagenet_ResNet18_simclr_kmeans_size5__CIFAR10_lbl1	TinyImageNet	CIFAR10	ResNet18	simclr	kmeans	5	1	tinyimagenet_ResNet18_simclr_kmeans_size5	3000	10	random	500	aip-boyuwang	benchmarks/cross_downstream/jobs/evaluate/tinyimagenet_ResNet18_simclr_kmeans_size5.sh
tinyimagenet_ResNet18_simclr_kmeans_size5__CIFAR10_lbl5	tinyimagenet_ResNet18_simclr_kmeans_size5__CIFAR10_lbl5	TinyImageNet	CIFAR10	ResNet18	simclr	kmeans	5	5	tinyimagenet_ResNet18_simclr_kmeans_size5	3000	10	random	300	aip-boyuwang	benchmarks/cross_downstream/jobs/evaluate/tinyimagenet_ResNet18_simclr_kmeans_size5.sh
tinyimagenet_ResNet18_simclr_kmeans_size5__CIFAR100_lbl1	tinyimagenet_ResNet18_simclr_kmeans_size5__CIFAR100_lbl1	TinyImageNet	CIFAR100	ResNet18	simclr	kmeans	5	1	tinyimagenet_ResNet18_simclr_kmeans_size5	3000	10	random	500	aip-boyuwang	benchmarks/cross_downstream/jobs/evaluate/tinyimagenet_ResNet18_simclr_kmeans_size5.sh
tinyimagenet_ResNet18_simclr_kmeans_size5__CIFAR100_lbl5	tinyimagenet_ResNet18_simclr_kmeans_size5__CIFAR100_lbl5	TinyImageNet	CIFAR100	ResNet18	simclr	kmeans	5	5	tinyimagenet_ResNet18_simclr_kmeans_size5	3000	10	random	300	aip-boyuwang	benchmarks/cross_downstream/jobs/evaluate/tinyimagenet_ResNet18_simclr_kmeans_size5.sh
tinyimagenet_ResNet18_simclr_kmeans_size5__Aircraft_lbl1	tinyimagenet_ResNet18_simclr_kmeans_size5__Aircraft_lbl1	TinyImageNet	Aircraft	ResNet18	simclr	kmeans	5	1	tinyimagenet_ResNet18_simclr_kmeans_size5	3000	10	random	500	aip-boyuwang	benchmarks/cross_downstream/jobs/evaluate/tinyimagenet_ResNet18_simclr_kmeans_size5.sh
tinyimagenet_ResNet18_simclr_kmeans_size5__Aircraft_lbl5	tinyimagenet_ResNet18_simclr_kmeans_size5__Aircraft_lbl5	TinyImageNet	Aircraft	ResNet18	simclr	kmeans	5	5	tinyimagenet_ResNet18_simclr_kmeans_size5	3000	10	random	300	aip-boyuwang	benchmarks/cross_downstream/jobs/evaluate/tinyimagenet_ResNet18_simclr_kmeans_size5.sh
tinyimagenet_ResNet18_simclr_kmeans_size5__CUB2011_lbl1	tinyimagenet_ResNet18_simclr_kmeans_size5__CUB2011_lbl1	TinyImageNet	CUB2011	ResNet18	simclr	kmeans	5	1	tinyimagenet_ResNet18_simclr_kmeans_size5	3000	10	random	500	aip-boyuwang	benchmarks/cross_downstream/jobs/evaluate/tinyimagenet_ResNet18_simclr_kmeans_size5.sh
tinyimagenet_ResNet18_simclr_kmeans_size5__CUB2011_lbl5	tinyimagenet_ResNet18_simclr_kmeans_size5__CUB2011_lbl5	TinyImageNet	CUB2011	ResNet18	simclr	kmeans	5	5	tinyimagenet_ResNet18_simclr_kmeans_size5	3000	10	random	300	aip-boyuwang	benchmarks/cross_downstream/jobs/evaluate/tinyimagenet_ResNet18_simclr_kmeans_size5.sh
tinyimagenet_ResNet18_simclr_kmeans_size5__Dogs_lbl1	tinyimagenet_ResNet18_simclr_kmeans_size5__Dogs_lbl1	TinyImageNet	Dogs	ResNet18	simclr	kmeans	5	1	tinyimagenet_ResNet18_simclr_kmeans_size5	3000	10	random	500	aip-boyuwang	benchmarks/cross_downstream/jobs/evaluate/tinyimagenet_ResNet18_simclr_kmeans_size5.sh
tinyimagenet_ResNet18_simclr_kmeans_size5__Dogs_lbl5	tinyimagenet_ResNet18_simclr_kmeans_size5__Dogs_lbl5	TinyImageNet	Dogs	ResNet18	simclr	kmeans	5	5	tinyimagenet_ResNet18_simclr_kmeans_size5	3000	10	random	300	aip-boyuwang	benchmarks/cross_downstream/jobs/evaluate/tinyimagenet_ResNet18_simclr_kmeans_size5.sh
tinyimagenet_ResNet18_simclr_kmeans_size5__Flowers_lbl1	tinyimagenet_ResNet18_simclr_kmeans_size5__Flowers_lbl1	TinyImageNet	Flowers	ResNet18	simclr	kmeans	5	1	tinyimagenet_ResNet18_simclr_kmeans_size5	3000	10	random	500	aip-boyuwang	benchmarks/cross_downstream/jobs/evaluate/tinyimagenet_ResNet18_simclr_kmeans_size5.sh
tinyimagenet_ResNet18_simclr_kmeans_size5__Flowers_lbl5	tinyimagenet_ResNet18_simclr_kmeans_size5__Flowers_lbl5	TinyImageNet	Flowers	ResNet18	simclr	kmeans	5	5	tinyimagenet_ResNet18_simclr_kmeans_size5	3000	10	random	300	aip-boyuwang	benchmarks/cross_downstream/jobs/evaluate/tinyimagenet_ResNet18_simclr_kmeans_size5.sh
tinyimagenet_ResNet18_simclr_full_size100__CIFAR10_lbl1	tinyimagenet_ResNet18_simclr_full_size100__CIFAR10_lbl1	TinyImageNet	CIFAR10	ResNet18	simclr	full	100	1	tinyimagenet_ResNet18_simclr_full_size100	300	10	random	500	aip-boyuwang	benchmarks/cross_downstream/jobs/evaluate/tinyimagenet_ResNet18_simclr_full_size100.sh
tinyimagenet_ResNet18_simclr_full_size100__CIFAR10_lbl5	tinyimagenet_ResNet18_simclr_full_size100__CIFAR10_lbl5	TinyImageNet	CIFAR10	ResNet18	simclr	full	100	5	tinyimagenet_ResNet18_simclr_full_size100	300	10	random	300	aip-boyuwang	benchmarks/cross_downstream/jobs/evaluate/tinyimagenet_ResNet18_simclr_full_size100.sh
tinyimagenet_ResNet18_simclr_full_size100__CIFAR100_lbl1	tinyimagenet_ResNet18_simclr_full_size100__CIFAR100_lbl1	TinyImageNet	CIFAR100	ResNet18	simclr	full	100	1	tinyimagenet_ResNet18_simclr_full_size100	300	10	random	500	aip-boyuwang	benchmarks/cross_downstream/jobs/evaluate/tinyimagenet_ResNet18_simclr_full_size100.sh
tinyimagenet_ResNet18_simclr_full_size100__CIFAR100_lbl5	tinyimagenet_ResNet18_simclr_full_size100__CIFAR100_lbl5	TinyImageNet	CIFAR100	ResNet18	simclr	full	100	5	tinyimagenet_ResNet18_simclr_full_size100	300	10	random	300	aip-boyuwang	benchmarks/cross_downstream/jobs/evaluate/tinyimagenet_ResNet18_simclr_full_size100.sh
tinyimagenet_ResNet18_simclr_full_size100__Aircraft_lbl1	tinyimagenet_ResNet18_simclr_full_size100__Aircraft_lbl1	TinyImageNet	Aircraft	ResNet18	simclr	full	100	1	tinyimagenet_ResNet18_simclr_full_size100	300	10	random	500	aip-boyuwang	benchmarks/cross_downstream/jobs/evaluate/tinyimagenet_ResNet18_simclr_full_size100.sh
tinyimagenet_ResNet18_simclr_full_size100__Aircraft_lbl5	tinyimagenet_ResNet18_simclr_full_size100__Aircraft_lbl5	TinyImageNet	Aircraft	ResNet18	simclr	full	100	5	tinyimagenet_ResNet18_simclr_full_size100	300	10	random	300	aip-boyuwang	benchmarks/cross_downstream/jobs/evaluate/tinyimagenet_ResNet18_simclr_full_size100.sh
tinyimagenet_ResNet18_simclr_full_size100__CUB2011_lbl1	tinyimagenet_ResNet18_simclr_full_size100__CUB2011_lbl1	TinyImageNet	CUB2011	ResNet18	simclr	full	100	1	tinyimagenet_ResNet18_simclr_full_size100	300	10	random	500	aip-boyuwang	benchmarks/cross_downstream/jobs/evaluate/tinyimagenet_ResNet18_simclr_full_size100.sh
tinyimagenet_ResNet18_simclr_full_size100__CUB2011_lbl5	tinyimagenet_ResNet18_simclr_full_size100__CUB2011_lbl5	TinyImageNet	CUB2011	ResNet18	simclr	full	100	5	tinyimagenet_ResNet18_simclr_full_size100	300	10	random	300	aip-boyuwang	benchmarks/cross_downstream/jobs/evaluate/tinyimagenet_ResNet18_simclr_full_size100.sh
tinyimagenet_ResNet18_simclr_full_size100__Dogs_lbl1	tinyimagenet_ResNet18_simclr_full_size100__Dogs_lbl1	TinyImageNet	Dogs	ResNet18	simclr	full	100	1	tinyimagenet_ResNet18_simclr_full_size100	300	10	random	500	aip-boyuwang	benchmarks/cross_downstream/jobs/evaluate/tinyimagenet_ResNet18_simclr_full_size100.sh
tinyimagenet_ResNet18_simclr_full_size100__Dogs_lbl5	tinyimagenet_ResNet18_simclr_full_size100__Dogs_lbl5	TinyImageNet	Dogs	ResNet18	simclr	full	100	5	tinyimagenet_ResNet18_simclr_full_size100	300	10	random	300	aip-boyuwang	benchmarks/cross_downstream/jobs/evaluate/tinyimagenet_ResNet18_simclr_full_size100.sh
tinyimagenet_ResNet18_simclr_full_size100__Flowers_lbl1	tinyimagenet_ResNet18_simclr_full_size100__Flowers_lbl1	TinyImageNet	Flowers	ResNet18	simclr	full	100	1	tinyimagenet_ResNet18_simclr_full_size100	300	10	random	500	aip-boyuwang	benchmarks/cross_downstream/jobs/evaluate/tinyimagenet_ResNet18_simclr_full_size100.sh
tinyimagenet_ResNet18_simclr_full_size100__Flowers_lbl5	tinyimagenet_ResNet18_simclr_full_size100__Flowers_lbl5	TinyImageNet	Flowers	ResNet18	simclr	full	100	5	tinyimagenet_ResNet18_simclr_full_size100	300	10	random	300	aip-boyuwang	benchmarks/cross_downstream/jobs/evaluate/tinyimagenet_ResNet18_simclr_full_size100.sh
tinyimagenet_ResNet18_barlowtwins_random_size1__CIFAR10_lbl1	tinyimagenet_ResNet18_barlowtwins_random_size1__CIFAR10_lbl1	TinyImageNet	CIFAR10	ResNet18	barlowtwins	random	1	1	tinyimagenet_ResNet18_barlowtwins_random_size1	10000	10	random	500	aip-boyuwang	benchmarks/cross_downstream/jobs/evaluate/tinyimagenet_ResNet18_barlowtwins_random_size1.sh
tinyimagenet_ResNet18_barlowtwins_random_size1__CIFAR10_lbl5	tinyimagenet_ResNet18_barlowtwins_random_size1__CIFAR10_lbl5	TinyImageNet	CIFAR10	ResNet18	barlowtwins	random	1	5	tinyimagenet_ResNet18_barlowtwins_random_size1	10000	10	random	300	aip-boyuwang	benchmarks/cross_downstream/jobs/evaluate/tinyimagenet_ResNet18_barlowtwins_random_size1.sh
tinyimagenet_ResNet18_barlowtwins_random_size1__CIFAR100_lbl1	tinyimagenet_ResNet18_barlowtwins_random_size1__CIFAR100_lbl1	TinyImageNet	CIFAR100	ResNet18	barlowtwins	random	1	1	tinyimagenet_ResNet18_barlowtwins_random_size1	10000	10	random	500	aip-boyuwang	benchmarks/cross_downstream/jobs/evaluate/tinyimagenet_ResNet18_barlowtwins_random_size1.sh
tinyimagenet_ResNet18_barlowtwins_random_size1__CIFAR100_lbl5	tinyimagenet_ResNet18_barlowtwins_random_size1__CIFAR100_lbl5	TinyImageNet	CIFAR100	ResNet18	barlowtwins	random	1	5	tinyimagenet_ResNet18_barlowtwins_random_size1	10000	10	random	300	aip-boyuwang	benchmarks/cross_downstream/jobs/evaluate/tinyimagenet_ResNet18_barlowtwins_random_size1.sh
tinyimagenet_ResNet18_barlowtwins_random_size1__Aircraft_lbl1	tinyimagenet_ResNet18_barlowtwins_random_size1__Aircraft_lbl1	TinyImageNet	Aircraft	ResNet18	barlowtwins	random	1	1	tinyimagenet_ResNet18_barlowtwins_random_size1	10000	10	random	500	aip-boyuwang	benchmarks/cross_downstream/jobs/evaluate/tinyimagenet_ResNet18_barlowtwins_random_size1.sh
tinyimagenet_ResNet18_barlowtwins_random_size1__Aircraft_lbl5	tinyimagenet_ResNet18_barlowtwins_random_size1__Aircraft_lbl5	TinyImageNet	Aircraft	ResNet18	barlowtwins	random	1	5	tinyimagenet_ResNet18_barlowtwins_random_size1	10000	10	random	300	aip-boyuwang	benchmarks/cross_downstream/jobs/evaluate/tinyimagenet_ResNet18_barlowtwins_random_size1.sh
tinyimagenet_ResNet18_barlowtwins_random_size1__CUB2011_lbl1	tinyimagenet_ResNet18_barlowtwins_random_size1__CUB2011_lbl1	TinyImageNet	CUB2011	ResNet18	barlowtwins	random	1	1	tinyimagenet_ResNet18_barlowtwins_random_size1	10000	10	random	500	aip-boyuwang	benchmarks/cross_downstream/jobs/evaluate/tinyimagenet_ResNet18_barlowtwins_random_size1.sh
tinyimagenet_ResNet18_barlowtwins_random_size1__CUB2011_lbl5	tinyimagenet_ResNet18_barlowtwins_random_size1__CUB2011_lbl5	TinyImageNet	CUB2011	ResNet18	barlowtwins	random	1	5	tinyimagenet_ResNet18_barlowtwins_random_size1	10000	10	random	300	aip-boyuwang	benchmarks/cross_downstream/jobs/evaluate/tinyimagenet_ResNet18_barlowtwins_random_size1.sh
tinyimagenet_ResNet18_barlowtwins_random_size1__Dogs_lbl1	tinyimagenet_ResNet18_barlowtwins_random_size1__Dogs_lbl1	TinyImageNet	Dogs	ResNet18	barlowtwins	random	1	1	tinyimagenet_ResNet18_barlowtwins_random_size1	10000	10	random	500	aip-boyuwang	benchmarks/cross_downstream/jobs/evaluate/tinyimagenet_ResNet18_barlowtwins_random_size1.sh
tinyimagenet_ResNet18_barlowtwins_random_size1__Dogs_lbl5	tinyimagenet_ResNet18_barlowtwins_random_size1__Dogs_lbl5	TinyImageNet	Dogs	ResNet18	barlowtwins	random	1	5	tinyimagenet_ResNet18_barlowtwins_random_size1	10000	10	random	300	aip-boyuwang	benchmarks/cross_downstream/jobs/evaluate/tinyimagenet_ResNet18_barlowtwins_random_size1.sh
tinyimagenet_ResNet18_barlowtwins_random_size1__Flowers_lbl1	tinyimagenet_ResNet18_barlowtwins_random_size1__Flowers_lbl1	TinyImageNet	Flowers	ResNet18	barlowtwins	random	1	1	tinyimagenet_ResNet18_barlowtwins_random_size1	10000	10	random	500	aip-boyuwang	benchmarks/cross_downstream/jobs/evaluate/tinyimagenet_ResNet18_barlowtwins_random_size1.sh
tinyimagenet_ResNet18_barlowtwins_random_size1__Flowers_lbl5	tinyimagenet_ResNet18_barlowtwins_random_size1__Flowers_lbl5	TinyImageNet	Flowers	ResNet18	barlowtwins	random	1	5	tinyimagenet_ResNet18_barlowtwins_random_size1	10000	10	random	300	aip-boyuwang	benchmarks/cross_downstream/jobs/evaluate/tinyimagenet_ResNet18_barlowtwins_random_size1.sh
tinyimagenet_ResNet18_barlowtwins_random_size2__CIFAR10_lbl1	tinyimagenet_ResNet18_barlowtwins_random_size2__CIFAR10_lbl1	TinyImageNet	CIFAR10	ResNet18	barlowtwins	random	2	1	tinyimagenet_ResNet18_barlowtwins_random_size2	8000	10	random	500	aip-boyuwang	benchmarks/cross_downstream/jobs/evaluate/tinyimagenet_ResNet18_barlowtwins_random_size2.sh
tinyimagenet_ResNet18_barlowtwins_random_size2__CIFAR10_lbl5	tinyimagenet_ResNet18_barlowtwins_random_size2__CIFAR10_lbl5	TinyImageNet	CIFAR10	ResNet18	barlowtwins	random	2	5	tinyimagenet_ResNet18_barlowtwins_random_size2	8000	10	random	300	aip-boyuwang	benchmarks/cross_downstream/jobs/evaluate/tinyimagenet_ResNet18_barlowtwins_random_size2.sh
tinyimagenet_ResNet18_barlowtwins_random_size2__CIFAR100_lbl1	tinyimagenet_ResNet18_barlowtwins_random_size2__CIFAR100_lbl1	TinyImageNet	CIFAR100	ResNet18	barlowtwins	random	2	1	tinyimagenet_ResNet18_barlowtwins_random_size2	8000	10	random	500	aip-boyuwang	benchmarks/cross_downstream/jobs/evaluate/tinyimagenet_ResNet18_barlowtwins_random_size2.sh
tinyimagenet_ResNet18_barlowtwins_random_size2__CIFAR100_lbl5	tinyimagenet_ResNet18_barlowtwins_random_size2__CIFAR100_lbl5	TinyImageNet	CIFAR100	ResNet18	barlowtwins	random	2	5	tinyimagenet_ResNet18_barlowtwins_random_size2	8000	10	random	300	aip-boyuwang	benchmarks/cross_downstream/jobs/evaluate/tinyimagenet_ResNet18_barlowtwins_random_size2.sh
tinyimagenet_ResNet18_barlowtwins_random_size2__Aircraft_lbl1	tinyimagenet_ResNet18_barlowtwins_random_size2__Aircraft_lbl1	TinyImageNet	Aircraft	ResNet18	barlowtwins	random	2	1	tinyimagenet_ResNet18_barlowtwins_random_size2	8000	10	random	500	aip-boyuwang	benchmarks/cross_downstream/jobs/evaluate/tinyimagenet_ResNet18_barlowtwins_random_size2.sh
tinyimagenet_ResNet18_barlowtwins_random_size2__Aircraft_lbl5	tinyimagenet_ResNet18_barlowtwins_random_size2__Aircraft_lbl5	TinyImageNet	Aircraft	ResNet18	barlowtwins	random	2	5	tinyimagenet_ResNet18_barlowtwins_random_size2	8000	10	random	300	aip-boyuwang	benchmarks/cross_downstream/jobs/evaluate/tinyimagenet_ResNet18_barlowtwins_random_size2.sh
tinyimagenet_ResNet18_barlowtwins_random_size2__CUB2011_lbl1	tinyimagenet_ResNet18_barlowtwins_random_size2__CUB2011_lbl1	TinyImageNet	CUB2011	ResNet18	barlowtwins	random	2	1	tinyimagenet_ResNet18_barlowtwins_random_size2	8000	10	random	500	aip-boyuwang	benchmarks/cross_downstream/jobs/evaluate/tinyimagenet_ResNet18_barlowtwins_random_size2.sh
tinyimagenet_ResNet18_barlowtwins_random_size2__CUB2011_lbl5	tinyimagenet_ResNet18_barlowtwins_random_size2__CUB2011_lbl5	TinyImageNet	CUB2011	ResNet18	barlowtwins	random	2	5	tinyimagenet_ResNet18_barlowtwins_random_size2	8000	10	random	300	aip-boyuwang	benchmarks/cross_downstream/jobs/evaluate/tinyimagenet_ResNet18_barlowtwins_random_size2.sh
tinyimagenet_ResNet18_barlowtwins_random_size2__Dogs_lbl1	tinyimagenet_ResNet18_barlowtwins_random_size2__Dogs_lbl1	TinyImageNet	Dogs	ResNet18	barlowtwins	random	2	1	tinyimagenet_ResNet18_barlowtwins_random_size2	8000	10	random	500	aip-boyuwang	benchmarks/cross_downstream/jobs/evaluate/tinyimagenet_ResNet18_barlowtwins_random_size2.sh
tinyimagenet_ResNet18_barlowtwins_random_size2__Dogs_lbl5	tinyimagenet_ResNet18_barlowtwins_random_size2__Dogs_lbl5	TinyImageNet	Dogs	ResNet18	barlowtwins	random	2	5	tinyimagenet_ResNet18_barlowtwins_random_size2	8000	10	random	300	aip-boyuwang	benchmarks/cross_downstream/jobs/evaluate/tinyimagenet_ResNet18_barlowtwins_random_size2.sh
tinyimagenet_ResNet18_barlowtwins_random_size2__Flowers_lbl1	tinyimagenet_ResNet18_barlowtwins_random_size2__Flowers_lbl1	TinyImageNet	Flowers	ResNet18	barlowtwins	random	2	1	tinyimagenet_ResNet18_barlowtwins_random_size2	8000	10	random	500	aip-boyuwang	benchmarks/cross_downstream/jobs/evaluate/tinyimagenet_ResNet18_barlowtwins_random_size2.sh
tinyimagenet_ResNet18_barlowtwins_random_size2__Flowers_lbl5	tinyimagenet_ResNet18_barlowtwins_random_size2__Flowers_lbl5	TinyImageNet	Flowers	ResNet18	barlowtwins	random	2	5	tinyimagenet_ResNet18_barlowtwins_random_size2	8000	10	random	300	aip-boyuwang	benchmarks/cross_downstream/jobs/evaluate/tinyimagenet_ResNet18_barlowtwins_random_size2.sh
tinyimagenet_ResNet18_barlowtwins_random_size5__CIFAR10_lbl1	tinyimagenet_ResNet18_barlowtwins_random_size5__CIFAR10_lbl1	TinyImageNet	CIFAR10	ResNet18	barlowtwins	random	5	1	tinyimagenet_ResNet18_barlowtwins_random_size5	6000	10	random	500	aip-boyuwang	benchmarks/cross_downstream/jobs/evaluate/tinyimagenet_ResNet18_barlowtwins_random_size5.sh
tinyimagenet_ResNet18_barlowtwins_random_size5__CIFAR10_lbl5	tinyimagenet_ResNet18_barlowtwins_random_size5__CIFAR10_lbl5	TinyImageNet	CIFAR10	ResNet18	barlowtwins	random	5	5	tinyimagenet_ResNet18_barlowtwins_random_size5	6000	10	random	300	aip-boyuwang	benchmarks/cross_downstream/jobs/evaluate/tinyimagenet_ResNet18_barlowtwins_random_size5.sh
tinyimagenet_ResNet18_barlowtwins_random_size5__CIFAR100_lbl1	tinyimagenet_ResNet18_barlowtwins_random_size5__CIFAR100_lbl1	TinyImageNet	CIFAR100	ResNet18	barlowtwins	random	5	1	tinyimagenet_ResNet18_barlowtwins_random_size5	6000	10	random	500	aip-boyuwang	benchmarks/cross_downstream/jobs/evaluate/tinyimagenet_ResNet18_barlowtwins_random_size5.sh
tinyimagenet_ResNet18_barlowtwins_random_size5__CIFAR100_lbl5	tinyimagenet_ResNet18_barlowtwins_random_size5__CIFAR100_lbl5	TinyImageNet	CIFAR100	ResNet18	barlowtwins	random	5	5	tinyimagenet_ResNet18_barlowtwins_random_size5	6000	10	random	300	aip-boyuwang	benchmarks/cross_downstream/jobs/evaluate/tinyimagenet_ResNet18_barlowtwins_random_size5.sh
tinyimagenet_ResNet18_barlowtwins_random_size5__Aircraft_lbl1	tinyimagenet_ResNet18_barlowtwins_random_size5__Aircraft_lbl1	TinyImageNet	Aircraft	ResNet18	barlowtwins	random	5	1	tinyimagenet_ResNet18_barlowtwins_random_size5	6000	10	random	500	aip-boyuwang	benchmarks/cross_downstream/jobs/evaluate/tinyimagenet_ResNet18_barlowtwins_random_size5.sh
tinyimagenet_ResNet18_barlowtwins_random_size5__Aircraft_lbl5	tinyimagenet_ResNet18_barlowtwins_random_size5__Aircraft_lbl5	TinyImageNet	Aircraft	ResNet18	barlowtwins	random	5	5	tinyimagenet_ResNet18_barlowtwins_random_size5	6000	10	random	300	aip-boyuwang	benchmarks/cross_downstream/jobs/evaluate/tinyimagenet_ResNet18_barlowtwins_random_size5.sh
tinyimagenet_ResNet18_barlowtwins_random_size5__CUB2011_lbl1	tinyimagenet_ResNet18_barlowtwins_random_size5__CUB2011_lbl1	TinyImageNet	CUB2011	ResNet18	barlowtwins	random	5	1	tinyimagenet_ResNet18_barlowtwins_random_size5	6000	10	random	500	aip-boyuwang	benchmarks/cross_downstream/jobs/evaluate/tinyimagenet_ResNet18_barlowtwins_random_size5.sh
tinyimagenet_ResNet18_barlowtwins_random_size5__CUB2011_lbl5	tinyimagenet_ResNet18_barlowtwins_random_size5__CUB2011_lbl5	TinyImageNet	CUB2011	ResNet18	barlowtwins	random	5	5	tinyimagenet_ResNet18_barlowtwins_random_size5	6000	10	random	300	aip-boyuwang	benchmarks/cross_downstream/jobs/evaluate/tinyimagenet_ResNet18_barlowtwins_random_size5.sh
tinyimagenet_ResNet18_barlowtwins_random_size5__Dogs_lbl1	tinyimagenet_ResNet18_barlowtwins_random_size5__Dogs_lbl1	TinyImageNet	Dogs	ResNet18	barlowtwins	random	5	1	tinyimagenet_ResNet18_barlowtwins_random_size5	6000	10	random	500	aip-boyuwang	benchmarks/cross_downstream/jobs/evaluate/tinyimagenet_ResNet18_barlowtwins_random_size5.sh
tinyimagenet_ResNet18_barlowtwins_random_size5__Dogs_lbl5	tinyimagenet_ResNet18_barlowtwins_random_size5__Dogs_lbl5	TinyImageNet	Dogs	ResNet18	barlowtwins	random	5	5	tinyimagenet_ResNet18_barlowtwins_random_size5	6000	10	random	300	aip-boyuwang	benchmarks/cross_downstream/jobs/evaluate/tinyimagenet_ResNet18_barlowtwins_random_size5.sh
tinyimagenet_ResNet18_barlowtwins_random_size5__Flowers_lbl1	tinyimagenet_ResNet18_barlowtwins_random_size5__Flowers_lbl1	TinyImageNet	Flowers	ResNet18	barlowtwins	random	5	1	tinyimagenet_ResNet18_barlowtwins_random_size5	6000	10	random	500	aip-boyuwang	benchmarks/cross_downstream/jobs/evaluate/tinyimagenet_ResNet18_barlowtwins_random_size5.sh
tinyimagenet_ResNet18_barlowtwins_random_size5__Flowers_lbl5	tinyimagenet_ResNet18_barlowtwins_random_size5__Flowers_lbl5	TinyImageNet	Flowers	ResNet18	barlowtwins	random	5	5	tinyimagenet_ResNet18_barlowtwins_random_size5	6000	10	random	300	aip-boyuwang	benchmarks/cross_downstream/jobs/evaluate/tinyimagenet_ResNet18_barlowtwins_random_size5.sh
tinyimagenet_ResNet18_barlowtwins_kmeans_size1__CIFAR10_lbl1	tinyimagenet_ResNet18_barlowtwins_kmeans_size1__CIFAR10_lbl1	TinyImageNet	CIFAR10	ResNet18	barlowtwins	kmeans	1	1	tinyimagenet_ResNet18_barlowtwins_kmeans_size1	10000	10	random	500	aip-boyuwang	benchmarks/cross_downstream/jobs/evaluate/tinyimagenet_ResNet18_barlowtwins_kmeans_size1.sh
tinyimagenet_ResNet18_barlowtwins_kmeans_size1__CIFAR10_lbl5	tinyimagenet_ResNet18_barlowtwins_kmeans_size1__CIFAR10_lbl5	TinyImageNet	CIFAR10	ResNet18	barlowtwins	kmeans	1	5	tinyimagenet_ResNet18_barlowtwins_kmeans_size1	10000	10	random	300	aip-boyuwang	benchmarks/cross_downstream/jobs/evaluate/tinyimagenet_ResNet18_barlowtwins_kmeans_size1.sh
tinyimagenet_ResNet18_barlowtwins_kmeans_size1__CIFAR100_lbl1	tinyimagenet_ResNet18_barlowtwins_kmeans_size1__CIFAR100_lbl1	TinyImageNet	CIFAR100	ResNet18	barlowtwins	kmeans	1	1	tinyimagenet_ResNet18_barlowtwins_kmeans_size1	10000	10	random	500	aip-boyuwang	benchmarks/cross_downstream/jobs/evaluate/tinyimagenet_ResNet18_barlowtwins_kmeans_size1.sh
tinyimagenet_ResNet18_barlowtwins_kmeans_size1__CIFAR100_lbl5	tinyimagenet_ResNet18_barlowtwins_kmeans_size1__CIFAR100_lbl5	TinyImageNet	CIFAR100	ResNet18	barlowtwins	kmeans	1	5	tinyimagenet_ResNet18_barlowtwins_kmeans_size1	10000	10	random	300	aip-boyuwang	benchmarks/cross_downstream/jobs/evaluate/tinyimagenet_ResNet18_barlowtwins_kmeans_size1.sh
tinyimagenet_ResNet18_barlowtwins_kmeans_size1__Aircraft_lbl1	tinyimagenet_ResNet18_barlowtwins_kmeans_size1__Aircraft_lbl1	TinyImageNet	Aircraft	ResNet18	barlowtwins	kmeans	1	1	tinyimagenet_ResNet18_barlowtwins_kmeans_size1	10000	10	random	500	aip-boyuwang	benchmarks/cross_downstream/jobs/evaluate/tinyimagenet_ResNet18_barlowtwins_kmeans_size1.sh
tinyimagenet_ResNet18_barlowtwins_kmeans_size1__Aircraft_lbl5	tinyimagenet_ResNet18_barlowtwins_kmeans_size1__Aircraft_lbl5	TinyImageNet	Aircraft	ResNet18	barlowtwins	kmeans	1	5	tinyimagenet_ResNet18_barlowtwins_kmeans_size1	10000	10	random	300	aip-boyuwang	benchmarks/cross_downstream/jobs/evaluate/tinyimagenet_ResNet18_barlowtwins_kmeans_size1.sh
tinyimagenet_ResNet18_barlowtwins_kmeans_size1__CUB2011_lbl1	tinyimagenet_ResNet18_barlowtwins_kmeans_size1__CUB2011_lbl1	TinyImageNet	CUB2011	ResNet18	barlowtwins	kmeans	1	1	tinyimagenet_ResNet18_barlowtwins_kmeans_size1	10000	10	random	500	aip-boyuwang	benchmarks/cross_downstream/jobs/evaluate/tinyimagenet_ResNet18_barlowtwins_kmeans_size1.sh
tinyimagenet_ResNet18_barlowtwins_kmeans_size1__CUB2011_lbl5	tinyimagenet_ResNet18_barlowtwins_kmeans_size1__CUB2011_lbl5	TinyImageNet	CUB2011	ResNet18	barlowtwins	kmeans	1	5	tinyimagenet_ResNet18_barlowtwins_kmeans_size1	10000	10	random	300	aip-boyuwang	benchmarks/cross_downstream/jobs/evaluate/tinyimagenet_ResNet18_barlowtwins_kmeans_size1.sh
tinyimagenet_ResNet18_barlowtwins_kmeans_size1__Dogs_lbl1	tinyimagenet_ResNet18_barlowtwins_kmeans_size1__Dogs_lbl1	TinyImageNet	Dogs	ResNet18	barlowtwins	kmeans	1	1	tinyimagenet_ResNet18_barlowtwins_kmeans_size1	10000	10	random	500	aip-boyuwang	benchmarks/cross_downstream/jobs/evaluate/tinyimagenet_ResNet18_barlowtwins_kmeans_size1.sh
tinyimagenet_ResNet18_barlowtwins_kmeans_size1__Dogs_lbl5	tinyimagenet_ResNet18_barlowtwins_kmeans_size1__Dogs_lbl5	TinyImageNet	Dogs	ResNet18	barlowtwins	kmeans	1	5	tinyimagenet_ResNet18_barlowtwins_kmeans_size1	10000	10	random	300	aip-boyuwang	benchmarks/cross_downstream/jobs/evaluate/tinyimagenet_ResNet18_barlowtwins_kmeans_size1.sh
tinyimagenet_ResNet18_barlowtwins_kmeans_size1__Flowers_lbl1	tinyimagenet_ResNet18_barlowtwins_kmeans_size1__Flowers_lbl1	TinyImageNet	Flowers	ResNet18	barlowtwins	kmeans	1	1	tinyimagenet_ResNet18_barlowtwins_kmeans_size1	10000	10	random	500	aip-boyuwang	benchmarks/cross_downstream/jobs/evaluate/tinyimagenet_ResNet18_barlowtwins_kmeans_size1.sh
tinyimagenet_ResNet18_barlowtwins_kmeans_size1__Flowers_lbl5	tinyimagenet_ResNet18_barlowtwins_kmeans_size1__Flowers_lbl5	TinyImageNet	Flowers	ResNet18	barlowtwins	kmeans	1	5	tinyimagenet_ResNet18_barlowtwins_kmeans_size1	10000	10	random	300	aip-boyuwang	benchmarks/cross_downstream/jobs/evaluate/tinyimagenet_ResNet18_barlowtwins_kmeans_size1.sh
tinyimagenet_ResNet18_barlowtwins_kmeans_size2__CIFAR10_lbl1	tinyimagenet_ResNet18_barlowtwins_kmeans_size2__CIFAR10_lbl1	TinyImageNet	CIFAR10	ResNet18	barlowtwins	kmeans	2	1	tinyimagenet_ResNet18_barlowtwins_kmeans_size2	8000	10	random	500	aip-boyuwang	benchmarks/cross_downstream/jobs/evaluate/tinyimagenet_ResNet18_barlowtwins_kmeans_size2.sh
tinyimagenet_ResNet18_barlowtwins_kmeans_size2__CIFAR10_lbl5	tinyimagenet_ResNet18_barlowtwins_kmeans_size2__CIFAR10_lbl5	TinyImageNet	CIFAR10	ResNet18	barlowtwins	kmeans	2	5	tinyimagenet_ResNet18_barlowtwins_kmeans_size2	8000	10	random	300	aip-boyuwang	benchmarks/cross_downstream/jobs/evaluate/tinyimagenet_ResNet18_barlowtwins_kmeans_size2.sh
tinyimagenet_ResNet18_barlowtwins_kmeans_size2__CIFAR100_lbl1	tinyimagenet_ResNet18_barlowtwins_kmeans_size2__CIFAR100_lbl1	TinyImageNet	CIFAR100	ResNet18	barlowtwins	kmeans	2	1	tinyimagenet_ResNet18_barlowtwins_kmeans_size2	8000	10	random	500	aip-boyuwang	benchmarks/cross_downstream/jobs/evaluate/tinyimagenet_ResNet18_barlowtwins_kmeans_size2.sh
tinyimagenet_ResNet18_barlowtwins_kmeans_size2__CIFAR100_lbl5	tinyimagenet_ResNet18_barlowtwins_kmeans_size2__CIFAR100_lbl5	TinyImageNet	CIFAR100	ResNet18	barlowtwins	kmeans	2	5	tinyimagenet_ResNet18_barlowtwins_kmeans_size2	8000	10	random	300	aip-boyuwang	benchmarks/cross_downstream/jobs/evaluate/tinyimagenet_ResNet18_barlowtwins_kmeans_size2.sh
tinyimagenet_ResNet18_barlowtwins_kmeans_size2__Aircraft_lbl1	tinyimagenet_ResNet18_barlowtwins_kmeans_size2__Aircraft_lbl1	TinyImageNet	Aircraft	ResNet18	barlowtwins	kmeans	2	1	tinyimagenet_ResNet18_barlowtwins_kmeans_size2	8000	10	random	500	aip-boyuwang	benchmarks/cross_downstream/jobs/evaluate/tinyimagenet_ResNet18_barlowtwins_kmeans_size2.sh
tinyimagenet_ResNet18_barlowtwins_kmeans_size2__Aircraft_lbl5	tinyimagenet_ResNet18_barlowtwins_kmeans_size2__Aircraft_lbl5	TinyImageNet	Aircraft	ResNet18	barlowtwins	kmeans	2	5	tinyimagenet_ResNet18_barlowtwins_kmeans_size2	8000	10	random	300	aip-boyuwang	benchmarks/cross_downstream/jobs/evaluate/tinyimagenet_ResNet18_barlowtwins_kmeans_size2.sh
tinyimagenet_ResNet18_barlowtwins_kmeans_size2__CUB2011_lbl1	tinyimagenet_ResNet18_barlowtwins_kmeans_size2__CUB2011_lbl1	TinyImageNet	CUB2011	ResNet18	barlowtwins	kmeans	2	1	tinyimagenet_ResNet18_barlowtwins_kmeans_size2	8000	10	random	500	aip-boyuwang	benchmarks/cross_downstream/jobs/evaluate/tinyimagenet_ResNet18_barlowtwins_kmeans_size2.sh
tinyimagenet_ResNet18_barlowtwins_kmeans_size2__CUB2011_lbl5	tinyimagenet_ResNet18_barlowtwins_kmeans_size2__CUB2011_lbl5	TinyImageNet	CUB2011	ResNet18	barlowtwins	kmeans	2	5	tinyimagenet_ResNet18_barlowtwins_kmeans_size2	8000	10	random	300	aip-boyuwang	benchmarks/cross_downstream/jobs/evaluate/tinyimagenet_ResNet18_barlowtwins_kmeans_size2.sh
tinyimagenet_ResNet18_barlowtwins_kmeans_size2__Dogs_lbl1	tinyimagenet_ResNet18_barlowtwins_kmeans_size2__Dogs_lbl1	TinyImageNet	Dogs	ResNet18	barlowtwins	kmeans	2	1	tinyimagenet_ResNet18_barlowtwins_kmeans_size2	8000	10	random	500	aip-boyuwang	benchmarks/cross_downstream/jobs/evaluate/tinyimagenet_ResNet18_barlowtwins_kmeans_size2.sh
tinyimagenet_ResNet18_barlowtwins_kmeans_size2__Dogs_lbl5	tinyimagenet_ResNet18_barlowtwins_kmeans_size2__Dogs_lbl5	TinyImageNet	Dogs	ResNet18	barlowtwins	kmeans	2	5	tinyimagenet_ResNet18_barlowtwins_kmeans_size2	8000	10	random	300	aip-boyuwang	benchmarks/cross_downstream/jobs/evaluate/tinyimagenet_ResNet18_barlowtwins_kmeans_size2.sh
tinyimagenet_ResNet18_barlowtwins_kmeans_size2__Flowers_lbl1	tinyimagenet_ResNet18_barlowtwins_kmeans_size2__Flowers_lbl1	TinyImageNet	Flowers	ResNet18	barlowtwins	kmeans	2	1	tinyimagenet_ResNet18_barlowtwins_kmeans_size2	8000	10	random	500	aip-boyuwang	benchmarks/cross_downstream/jobs/evaluate/tinyimagenet_ResNet18_barlowtwins_kmeans_size2.sh
tinyimagenet_ResNet18_barlowtwins_kmeans_size2__Flowers_lbl5	tinyimagenet_ResNet18_barlowtwins_kmeans_size2__Flowers_lbl5	TinyImageNet	Flowers	ResNet18	barlowtwins	kmeans	2	5	tinyimagenet_ResNet18_barlowtwins_kmeans_size2	8000	10	random	300	aip-boyuwang	benchmarks/cross_downstream/jobs/evaluate/tinyimagenet_ResNet18_barlowtwins_kmeans_size2.sh
tinyimagenet_ResNet18_barlowtwins_kmeans_size5__CIFAR10_lbl1	tinyimagenet_ResNet18_barlowtwins_kmeans_size5__CIFAR10_lbl1	TinyImageNet	CIFAR10	ResNet18	barlowtwins	kmeans	5	1	tinyimagenet_ResNet18_barlowtwins_kmeans_size5	6000	10	random	500	aip-boyuwang	benchmarks/cross_downstream/jobs/evaluate/tinyimagenet_ResNet18_barlowtwins_kmeans_size5.sh
tinyimagenet_ResNet18_barlowtwins_kmeans_size5__CIFAR10_lbl5	tinyimagenet_ResNet18_barlowtwins_kmeans_size5__CIFAR10_lbl5	TinyImageNet	CIFAR10	ResNet18	barlowtwins	kmeans	5	5	tinyimagenet_ResNet18_barlowtwins_kmeans_size5	6000	10	random	300	aip-boyuwang	benchmarks/cross_downstream/jobs/evaluate/tinyimagenet_ResNet18_barlowtwins_kmeans_size5.sh
tinyimagenet_ResNet18_barlowtwins_kmeans_size5__CIFAR100_lbl1	tinyimagenet_ResNet18_barlowtwins_kmeans_size5__CIFAR100_lbl1	TinyImageNet	CIFAR100	ResNet18	barlowtwins	kmeans	5	1	tinyimagenet_ResNet18_barlowtwins_kmeans_size5	6000	10	random	500	aip-boyuwang	benchmarks/cross_downstream/jobs/evaluate/tinyimagenet_ResNet18_barlowtwins_kmeans_size5.sh
tinyimagenet_ResNet18_barlowtwins_kmeans_size5__CIFAR100_lbl5	tinyimagenet_ResNet18_barlowtwins_kmeans_size5__CIFAR100_lbl5	TinyImageNet	CIFAR100	ResNet18	barlowtwins	kmeans	5	5	tinyimagenet_ResNet18_barlowtwins_kmeans_size5	6000	10	random	300	aip-boyuwang	benchmarks/cross_downstream/jobs/evaluate/tinyimagenet_ResNet18_barlowtwins_kmeans_size5.sh
tinyimagenet_ResNet18_barlowtwins_kmeans_size5__Aircraft_lbl1	tinyimagenet_ResNet18_barlowtwins_kmeans_size5__Aircraft_lbl1	TinyImageNet	Aircraft	ResNet18	barlowtwins	kmeans	5	1	tinyimagenet_ResNet18_barlowtwins_kmeans_size5	6000	10	random	500	aip-boyuwang	benchmarks/cross_downstream/jobs/evaluate/tinyimagenet_ResNet18_barlowtwins_kmeans_size5.sh
tinyimagenet_ResNet18_barlowtwins_kmeans_size5__Aircraft_lbl5	tinyimagenet_ResNet18_barlowtwins_kmeans_size5__Aircraft_lbl5	TinyImageNet	Aircraft	ResNet18	barlowtwins	kmeans	5	5	tinyimagenet_ResNet18_barlowtwins_kmeans_size5	6000	10	random	300	aip-boyuwang	benchmarks/cross_downstream/jobs/evaluate/tinyimagenet_ResNet18_barlowtwins_kmeans_size5.sh
tinyimagenet_ResNet18_barlowtwins_kmeans_size5__CUB2011_lbl1	tinyimagenet_ResNet18_barlowtwins_kmeans_size5__CUB2011_lbl1	TinyImageNet	CUB2011	ResNet18	barlowtwins	kmeans	5	1	tinyimagenet_ResNet18_barlowtwins_kmeans_size5	6000	10	random	500	aip-boyuwang	benchmarks/cross_downstream/jobs/evaluate/tinyimagenet_ResNet18_barlowtwins_kmeans_size5.sh
tinyimagenet_ResNet18_barlowtwins_kmeans_size5__CUB2011_lbl5	tinyimagenet_ResNet18_barlowtwins_kmeans_size5__CUB2011_lbl5	TinyImageNet	CUB2011	ResNet18	barlowtwins	kmeans	5	5	tinyimagenet_ResNet18_barlowtwins_kmeans_size5	6000	10	random	300	aip-boyuwang	benchmarks/cross_downstream/jobs/evaluate/tinyimagenet_ResNet18_barlowtwins_kmeans_size5.sh
tinyimagenet_ResNet18_barlowtwins_kmeans_size5__Dogs_lbl1	tinyimagenet_ResNet18_barlowtwins_kmeans_size5__Dogs_lbl1	TinyImageNet	Dogs	ResNet18	barlowtwins	kmeans	5	1	tinyimagenet_ResNet18_barlowtwins_kmeans_size5	6000	10	random	500	aip-boyuwang	benchmarks/cross_downstream/jobs/evaluate/tinyimagenet_ResNet18_barlowtwins_kmeans_size5.sh
tinyimagenet_ResNet18_barlowtwins_kmeans_size5__Dogs_lbl5	tinyimagenet_ResNet18_barlowtwins_kmeans_size5__Dogs_lbl5	TinyImageNet	Dogs	ResNet18	barlowtwins	kmeans	5	5	tinyimagenet_ResNet18_barlowtwins_kmeans_size5	6000	10	random	300	aip-boyuwang	benchmarks/cross_downstream/jobs/evaluate/tinyimagenet_ResNet18_barlowtwins_kmeans_size5.sh
tinyimagenet_ResNet18_barlowtwins_kmeans_size5__Flowers_lbl1	tinyimagenet_ResNet18_barlowtwins_kmeans_size5__Flowers_lbl1	TinyImageNet	Flowers	ResNet18	barlowtwins	kmeans	5	1	tinyimagenet_ResNet18_barlowtwins_kmeans_size5	6000	10	random	500	aip-boyuwang	benchmarks/cross_downstream/jobs/evaluate/tinyimagenet_ResNet18_barlowtwins_kmeans_size5.sh
tinyimagenet_ResNet18_barlowtwins_kmeans_size5__Flowers_lbl5	tinyimagenet_ResNet18_barlowtwins_kmeans_size5__Flowers_lbl5	TinyImageNet	Flowers	ResNet18	barlowtwins	kmeans	5	5	tinyimagenet_ResNet18_barlowtwins_kmeans_size5	6000	10	random	300	aip-boyuwang	benchmarks/cross_downstream/jobs/evaluate/tinyimagenet_ResNet18_barlowtwins_kmeans_size5.sh
tinyimagenet_ResNet18_barlowtwins_full_size100__CIFAR10_lbl1	tinyimagenet_ResNet18_barlowtwins_full_size100__CIFAR10_lbl1	TinyImageNet	CIFAR10	ResNet18	barlowtwins	full	100	1	tinyimagenet_ResNet18_barlowtwins_full_size100	300	10	random	500	aip-boyuwang	benchmarks/cross_downstream/jobs/evaluate/tinyimagenet_ResNet18_barlowtwins_full_size100.sh
tinyimagenet_ResNet18_barlowtwins_full_size100__CIFAR10_lbl5	tinyimagenet_ResNet18_barlowtwins_full_size100__CIFAR10_lbl5	TinyImageNet	CIFAR10	ResNet18	barlowtwins	full	100	5	tinyimagenet_ResNet18_barlowtwins_full_size100	300	10	random	300	aip-boyuwang	benchmarks/cross_downstream/jobs/evaluate/tinyimagenet_ResNet18_barlowtwins_full_size100.sh
tinyimagenet_ResNet18_barlowtwins_full_size100__CIFAR100_lbl1	tinyimagenet_ResNet18_barlowtwins_full_size100__CIFAR100_lbl1	TinyImageNet	CIFAR100	ResNet18	barlowtwins	full	100	1	tinyimagenet_ResNet18_barlowtwins_full_size100	300	10	random	500	aip-boyuwang	benchmarks/cross_downstream/jobs/evaluate/tinyimagenet_ResNet18_barlowtwins_full_size100.sh
tinyimagenet_ResNet18_barlowtwins_full_size100__CIFAR100_lbl5	tinyimagenet_ResNet18_barlowtwins_full_size100__CIFAR100_lbl5	TinyImageNet	CIFAR100	ResNet18	barlowtwins	full	100	5	tinyimagenet_ResNet18_barlowtwins_full_size100	300	10	random	300	aip-boyuwang	benchmarks/cross_downstream/jobs/evaluate/tinyimagenet_ResNet18_barlowtwins_full_size100.sh
tinyimagenet_ResNet18_barlowtwins_full_size100__Aircraft_lbl1	tinyimagenet_ResNet18_barlowtwins_full_size100__Aircraft_lbl1	TinyImageNet	Aircraft	ResNet18	barlowtwins	full	100	1	tinyimagenet_ResNet18_barlowtwins_full_size100	300	10	random	500	aip-boyuwang	benchmarks/cross_downstream/jobs/evaluate/tinyimagenet_ResNet18_barlowtwins_full_size100.sh
tinyimagenet_ResNet18_barlowtwins_full_size100__Aircraft_lbl5	tinyimagenet_ResNet18_barlowtwins_full_size100__Aircraft_lbl5	TinyImageNet	Aircraft	ResNet18	barlowtwins	full	100	5	tinyimagenet_ResNet18_barlowtwins_full_size100	300	10	random	300	aip-boyuwang	benchmarks/cross_downstream/jobs/evaluate/tinyimagenet_ResNet18_barlowtwins_full_size100.sh
tinyimagenet_ResNet18_barlowtwins_full_size100__CUB2011_lbl1	tinyimagenet_ResNet18_barlowtwins_full_size100__CUB2011_lbl1	TinyImageNet	CUB2011	ResNet18	barlowtwins	full	100	1	tinyimagenet_ResNet18_barlowtwins_full_size100	300	10	random	500	aip-boyuwang	benchmarks/cross_downstream/jobs/evaluate/tinyimagenet_ResNet18_barlowtwins_full_size100.sh
tinyimagenet_ResNet18_barlowtwins_full_size100__CUB2011_lbl5	tinyimagenet_ResNet18_barlowtwins_full_size100__CUB2011_lbl5	TinyImageNet	CUB2011	ResNet18	barlowtwins	full	100	5	tinyimagenet_ResNet18_barlowtwins_full_size100	300	10	random	300	aip-boyuwang	benchmarks/cross_downstream/jobs/evaluate/tinyimagenet_ResNet18_barlowtwins_full_size100.sh
tinyimagenet_ResNet18_barlowtwins_full_size100__Dogs_lbl1	tinyimagenet_ResNet18_barlowtwins_full_size100__Dogs_lbl1	TinyImageNet	Dogs	ResNet18	barlowtwins	full	100	1	tinyimagenet_ResNet18_barlowtwins_full_size100	300	10	random	500	aip-boyuwang	benchmarks/cross_downstream/jobs/evaluate/tinyimagenet_ResNet18_barlowtwins_full_size100.sh
tinyimagenet_ResNet18_barlowtwins_full_size100__Dogs_lbl5	tinyimagenet_ResNet18_barlowtwins_full_size100__Dogs_lbl5	TinyImageNet	Dogs	ResNet18	barlowtwins	full	100	5	tinyimagenet_ResNet18_barlowtwins_full_size100	300	10	random	300	aip-boyuwang	benchmarks/cross_downstream/jobs/evaluate/tinyimagenet_ResNet18_barlowtwins_full_size100.sh
tinyimagenet_ResNet18_barlowtwins_full_size100__Flowers_lbl1	tinyimagenet_ResNet18_barlowtwins_full_size100__Flowers_lbl1	TinyImageNet	Flowers	ResNet18	barlowtwins	full	100	1	tinyimagenet_ResNet18_barlowtwins_full_size100	300	10	random	500	aip-boyuwang	benchmarks/cross_downstream/jobs/evaluate/tinyimagenet_ResNet18_barlowtwins_full_size100.sh
tinyimagenet_ResNet18_barlowtwins_full_size100__Flowers_lbl5	tinyimagenet_ResNet18_barlowtwins_full_size100__Flowers_lbl5	TinyImageNet	Flowers	ResNet18	barlowtwins	full	100	5	tinyimagenet_ResNet18_barlowtwins_full_size100	300	10	random	300	aip-boyuwang	benchmarks/cross_downstream/jobs/evaluate/tinyimagenet_ResNet18_barlowtwins_full_size100.sh
cifar100_baseline__TinyImageNet_lbl1	baseline_ResNet18__TinyImageNet_lbl1	CIFAR100	TinyImageNet	ResNet18	none	no_pretrain	0	1	none	0	10	random	500	aip-boyuwang	benchmarks/cross_downstream/jobs/evaluate/baseline.sh
cifar100_baseline__TinyImageNet_lbl5	baseline_ResNet18__TinyImageNet_lbl5	CIFAR100	TinyImageNet	ResNet18	none	no_pretrain	0	5	none	0	10	random	300	aip-boyuwang	benchmarks/cross_downstream/jobs/evaluate/baseline.sh
cifar100_baseline__CIFAR10_lbl1	baseline_ResNet18__CIFAR10_lbl1	CIFAR100	CIFAR10	ResNet18	none	no_pretrain	0	1	none	0	10	random	500	aip-boyuwang	benchmarks/cross_downstream/jobs/evaluate/baseline.sh
cifar100_baseline__CIFAR10_lbl5	baseline_ResNet18__CIFAR10_lbl5	CIFAR100	CIFAR10	ResNet18	none	no_pretrain	0	5	none	0	10	random	300	aip-boyuwang	benchmarks/cross_downstream/jobs/evaluate/baseline.sh
cifar100_baseline__Aircraft_lbl1	baseline_ResNet18__Aircraft_lbl1	CIFAR100	Aircraft	ResNet18	none	no_pretrain	0	1	none	0	10	random	500	aip-boyuwang	benchmarks/cross_downstream/jobs/evaluate/baseline.sh
cifar100_baseline__Aircraft_lbl5	baseline_ResNet18__Aircraft_lbl5	CIFAR100	Aircraft	ResNet18	none	no_pretrain	0	5	none	0	10	random	300	aip-boyuwang	benchmarks/cross_downstream/jobs/evaluate/baseline.sh
cifar100_baseline__CUB2011_lbl1	baseline_ResNet18__CUB2011_lbl1	CIFAR100	CUB2011	ResNet18	none	no_pretrain	0	1	none	0	10	random	500	aip-boyuwang	benchmarks/cross_downstream/jobs/evaluate/baseline.sh
cifar100_baseline__CUB2011_lbl5	baseline_ResNet18__CUB2011_lbl5	CIFAR100	CUB2011	ResNet18	none	no_pretrain	0	5	none	0	10	random	300	aip-boyuwang	benchmarks/cross_downstream/jobs/evaluate/baseline.sh
cifar100_baseline__Dogs_lbl1	baseline_ResNet18__Dogs_lbl1	CIFAR100	Dogs	ResNet18	none	no_pretrain	0	1	none	0	10	random	500	aip-boyuwang	benchmarks/cross_downstream/jobs/evaluate/baseline.sh
cifar100_baseline__Dogs_lbl5	baseline_ResNet18__Dogs_lbl5	CIFAR100	Dogs	ResNet18	none	no_pretrain	0	5	none	0	10	random	300	aip-boyuwang	benchmarks/cross_downstream/jobs/evaluate/baseline.sh
cifar100_baseline__Flowers_lbl1	baseline_ResNet18__Flowers_lbl1	CIFAR100	Flowers	ResNet18	none	no_pretrain	0	1	none	0	10	random	500	aip-boyuwang	benchmarks/cross_downstream/jobs/evaluate/baseline.sh
cifar100_baseline__Flowers_lbl5	baseline_ResNet18__Flowers_lbl5	CIFAR100	Flowers	ResNet18	none	no_pretrain	0	5	none	0	10	random	300	aip-boyuwang	benchmarks/cross_downstream/jobs/evaluate/baseline.sh
tinyimagenet_baseline__CIFAR10_lbl1	baseline_ResNet18__CIFAR10_lbl1	TinyImageNet	CIFAR10	ResNet18	none	no_pretrain	0	1	none	0	10	random	500	aip-boyuwang	benchmarks/cross_downstream/jobs/evaluate/baseline.sh
tinyimagenet_baseline__CIFAR10_lbl5	baseline_ResNet18__CIFAR10_lbl5	TinyImageNet	CIFAR10	ResNet18	none	no_pretrain	0	5	none	0	10	random	300	aip-boyuwang	benchmarks/cross_downstream/jobs/evaluate/baseline.sh
tinyimagenet_baseline__CIFAR100_lbl1	baseline_ResNet18__CIFAR100_lbl1	TinyImageNet	CIFAR100	ResNet18	none	no_pretrain	0	1	none	0	10	random	500	aip-boyuwang	benchmarks/cross_downstream/jobs/evaluate/baseline.sh
tinyimagenet_baseline__CIFAR100_lbl5	baseline_ResNet18__CIFAR100_lbl5	TinyImageNet	CIFAR100	ResNet18	none	no_pretrain	0	5	none	0	10	random	300	aip-boyuwang	benchmarks/cross_downstream/jobs/evaluate/baseline.sh
tinyimagenet_baseline__Aircraft_lbl1	baseline_ResNet18__Aircraft_lbl1	TinyImageNet	Aircraft	ResNet18	none	no_pretrain	0	1	none	0	10	random	500	aip-boyuwang	benchmarks/cross_downstream/jobs/evaluate/baseline.sh
tinyimagenet_baseline__Aircraft_lbl5	baseline_ResNet18__Aircraft_lbl5	TinyImageNet	Aircraft	ResNet18	none	no_pretrain	0	5	none	0	10	random	300	aip-boyuwang	benchmarks/cross_downstream/jobs/evaluate/baseline.sh
tinyimagenet_baseline__CUB2011_lbl1	baseline_ResNet18__CUB2011_lbl1	TinyImageNet	CUB2011	ResNet18	none	no_pretrain	0	1	none	0	10	random	500	aip-boyuwang	benchmarks/cross_downstream/jobs/evaluate/baseline.sh
tinyimagenet_baseline__CUB2011_lbl5	baseline_ResNet18__CUB2011_lbl5	TinyImageNet	CUB2011	ResNet18	none	no_pretrain	0	5	none	0	10	random	300	aip-boyuwang	benchmarks/cross_downstream/jobs/evaluate/baseline.sh
tinyimagenet_baseline__Dogs_lbl1	baseline_ResNet18__Dogs_lbl1	TinyImageNet	Dogs	ResNet18	none	no_pretrain	0	1	none	0	10	random	500	aip-boyuwang	benchmarks/cross_downstream/jobs/evaluate/baseline.sh
tinyimagenet_baseline__Dogs_lbl5	baseline_ResNet18__Dogs_lbl5	TinyImageNet	Dogs	ResNet18	none	no_pretrain	0	5	none	0	10	random	300	aip-boyuwang	benchmarks/cross_downstream/jobs/evaluate/baseline.sh
tinyimagenet_baseline__Flowers_lbl1	baseline_ResNet18__Flowers_lbl1	TinyImageNet	Flowers	ResNet18	none	no_pretrain	0	1	none	0	10	random	500	aip-boyuwang	benchmarks/cross_downstream/jobs/evaluate/baseline.sh
tinyimagenet_baseline__Flowers_lbl5	baseline_ResNet18__Flowers_lbl5	TinyImageNet	Flowers	ResNet18	none	no_pretrain	0	5	none	0	10	random	300	aip-boyuwang	benchmarks/cross_downstream/jobs/evaluate/baseline.sh
