config_id,result_id,source,target,model,ssl_method,method,subset_percentage,label_percentage,source_id,ssl_epochs,runs,label_policy,probe_epochs,account,job_script,completed_runs,mean_percent,std_percent,status
cifar100_ResNet18_simclr_random_size1__TinyImageNet_lbl1,cifar100_ResNet18_simclr_random_size1__TinyImageNet_lbl1,CIFAR100,TinyImageNet,ResNet18,simclr,random,1,1,cifar100_ResNet18_simclr_random_size1,5000,10,random,500,aip-boyuwang,benchmarks/cross_downstream/jobs/evaluate/cifar100_ResNet18_simclr_random_size1.sh,10,2.0109999366104603,0.264845871238382,complete
cifar100_ResNet18_simclr_random_size1__TinyImageNet_lbl5,cifar100_ResNet18_simclr_random_size1__TinyImageNet_lbl5,CIFAR100,TinyImageNet,ResNet18,simclr,random,1,5,cifar100_ResNet18_simclr_random_size1,5000,10,random,300,aip-boyuwang,benchmarks/cross_downstream/jobs/evaluate/cifar100_ResNet18_simclr_random_size1.sh,10,3.3279999159276485,0.2727961769811606,complete
cifar100_ResNet18_simclr_random_size1__CIFAR10_lbl1,cifar100_ResNet18_simclr_random_size1__CIFAR10_lbl1,CIFAR100,CIFAR10,ResNet18,simclr,random,1,1,cifar100_ResNet18_simclr_random_size1,5000,10,random,500,aip-boyuwang,benchmarks/cross_downstream/jobs/evaluate/cifar100_ResNet18_simclr_random_size1.sh,10,30.717999041080475,0.7893287800706505,complete
cifar100_ResNet18_simclr_random_size1__CIFAR10_lbl5,cifar100_ResNet18_simclr_random_size1__CIFAR10_lbl5,CIFAR100,CIFAR10,ResNet18,simclr,random,1,5,cifar100_ResNet18_simclr_random_size1,5000,10,random,300,aip-boyuwang,benchmarks/cross_downstream/jobs/evaluate/cifar100_ResNet18_simclr_random_size1.sh,10,36.3059988617897,0.9995247412513667,complete
cifar100_ResNet18_simclr_random_size1__Aircraft_lbl1,cifar100_ResNet18_simclr_random_size1__Aircraft_lbl1,CIFAR100,Aircraft,ResNet18,simclr,random,1,1,cifar100_ResNet18_simclr_random_size1,5000,10,random,500,aip-boyuwang,benchmarks/cross_downstream/jobs/evaluate/cifar100_ResNet18_simclr_random_size1.sh,10,2.0822081156075,0.3482301563393271,complete
cifar100_ResNet18_simclr_random_size1__Aircraft_lbl5,cifar100_ResNet18_simclr_random_size1__Aircraft_lbl5,CIFAR100,Aircraft,ResNet18,simclr,random,1,5,cifar100_ResNet18_simclr_random_size1,5000,10,random,300,aip-boyuwang,benchmarks/cross_downstream/jobs/evaluate/cifar100_ResNet18_simclr_random_size1.sh,10,2.9942993447184563,0.4019855103298633,complete
cifar100_ResNet18_simclr_random_size1__CUB2011_lbl1,cifar100_ResNet18_simclr_random_size1__CUB2011_lbl1,CIFAR100,CUB2011,ResNet18,simclr,random,1,1,cifar100_ResNet18_simclr_random_size1,5000,10,random,500,aip-boyuwang,benchmarks/cross_downstream/jobs/evaluate/cifar100_ResNet18_simclr_random_size1.sh,10,0.8888505306094885,0.10770707666741768,complete
cifar100_ResNet18_simclr_random_size1__CUB2011_lbl5,cifar100_ResNet18_simclr_random_size1__CUB2011_lbl5,CIFAR100,CUB2011,ResNet18,simclr,random,1,5,cifar100_ResNet18_simclr_random_size1,5000,10,random,300,aip-boyuwang,benchmarks/cross_downstream/jobs/evaluate/cifar100_ResNet18_simclr_random_size1.sh,10,1.0907835513353348,0.14343520665442616,complete
cifar100_ResNet18_simclr_random_size1__Dogs_lbl1,cifar100_ResNet18_simclr_random_size1__Dogs_lbl1,CIFAR100,Dogs,ResNet18,simclr,random,1,1,cifar100_ResNet18_simclr_random_size1,5000,10,random,500,aip-boyuwang,benchmarks/cross_downstream/jobs/evaluate/cifar100_ResNet18_simclr_random_size1.sh,10,1.4895104989409447,0.1403771852849924,complete
cifar100_ResNet18_simclr_random_size1__Dogs_lbl5,cifar100_ResNet18_simclr_random_size1__Dogs_lbl5,CIFAR100,Dogs,ResNet18,simclr,random,1,5,cifar100_ResNet18_simclr_random_size1,5000,10,random,300,aip-boyuwang,benchmarks/cross_downstream/jobs/evaluate/cifar100_ResNet18_simclr_random_size1.sh,10,2.102564089000225,0.24144602240203333,complete
cifar100_ResNet18_simclr_random_size1__Flowers_lbl1,cifar100_ResNet18_simclr_random_size1__Flowers_lbl1,CIFAR100,Flowers,ResNet18,simclr,random,1,1,cifar100_ResNet18_simclr_random_size1,5000,10,random,500,aip-boyuwang,benchmarks/cross_downstream/jobs/evaluate/cifar100_ResNet18_simclr_random_size1.sh,10,2.0052041485905647,0.5054016078895053,complete
cifar100_ResNet18_simclr_random_size1__Flowers_lbl5,cifar100_ResNet18_simclr_random_size1__Flowers_lbl5,CIFAR100,Flowers,ResNet18,simclr,random,1,5,cifar100_ResNet18_simclr_random_size1,5000,10,random,300,aip-boyuwang,benchmarks/cross_downstream/jobs/evaluate/cifar100_ResNet18_simclr_random_size1.sh,10,2.8622540831565857,0.5077191643945994,complete
cifar100_ResNet18_simclr_random_size2__TinyImageNet_lbl1,cifar100_ResNet18_simclr_random_size2__TinyImageNet_lbl1,CIFAR100,TinyImageNet,ResNet18,simclr,random,2,1,cifar100_ResNet18_simclr_random_size2,4000,10,random,500,aip-boyuwang,benchmarks/cross_downstream/jobs/evaluate/cifar100_ResNet18_simclr_random_size2.sh,10,2.170999962836504,0.2182989806728563,complete
cifar100_ResNet18_simclr_random_size2__TinyImageNet_lbl5,cifar100_ResNet18_simclr_random_size2__TinyImageNet_lbl5,CIFAR100,TinyImageNet,ResNet18,simclr,random,2,5,cifar100_ResNet18_simclr_random_size2,4000,10,random,300,aip-boyuwang,benchmarks/cross_downstream/jobs/evaluate/cifar100_ResNet18_simclr_random_size2.sh,10,3.4629998728632927,0.24725378103739978,complete
cifar100_ResNet18_simclr_random_size2__CIFAR10_lbl1,cifar100_ResNet18_simclr_random_size2__CIFAR10_lbl1,CIFAR100,CIFAR10,ResNet18,simclr,random,2,1,cifar100_ResNet18_simclr_random_size2,4000,10,random,500,aip-boyuwang,benchmarks/cross_downstream/jobs/evaluate/cifar100_ResNet18_simclr_random_size2.sh,10,32.35199898481369,0.9635211479213364,complete
cifar100_ResNet18_simclr_random_size2__CIFAR10_lbl5,cifar100_ResNet18_simclr_random_size2__CIFAR10_lbl5,CIFAR100,CIFAR10,ResNet18,simclr,random,2,5,cifar100_ResNet18_simclr_random_size2,4000,10,random,300,aip-boyuwang,benchmarks/cross_downstream/jobs/evaluate/cifar100_ResNet18_simclr_random_size2.sh,10,38.00999879837036,0.7139872020495663,complete
cifar100_ResNet18_simclr_random_size2__Aircraft_lbl1,cifar100_ResNet18_simclr_random_size2__Aircraft_lbl1,CIFAR100,Aircraft,ResNet18,simclr,random,2,1,cifar100_ResNet18_simclr_random_size2,4000,10,random,500,aip-boyuwang,benchmarks/cross_downstream/jobs/evaluate/cifar100_ResNet18_simclr_random_size2.sh,10,2.1392138488590717,0.2661280845508127,complete
cifar100_ResNet18_simclr_random_size2__Aircraft_lbl5,cifar100_ResNet18_simclr_random_size2__Aircraft_lbl5,CIFAR100,Aircraft,ResNet18,simclr,random,2,5,cifar100_ResNet18_simclr_random_size2,4000,10,random,300,aip-boyuwang,benchmarks/cross_downstream/jobs/evaluate/cifar100_ResNet18_simclr_random_size2.sh,10,2.7092708088457584,0.2433553623062533,complete
cifar100_ResNet18_simclr_random_size2__CUB2011_lbl1,cifar100_ResNet18_simclr_random_size2__CUB2011_lbl1,CIFAR100,CUB2011,ResNet18,simclr,random,2,1,cifar100_ResNet18_simclr_random_size2,4000,10,random,500,aip-boyuwang,benchmarks/cross_downstream/jobs/evaluate/cifar100_ResNet18_simclr_random_size2.sh,10,0.8802209049463272,0.15415672550529405,complete
cifar100_ResNet18_simclr_random_size2__CUB2011_lbl5,cifar100_ResNet18_simclr_random_size2__CUB2011_lbl5,CIFAR100,CUB2011,ResNet18,simclr,random,2,5,cifar100_ResNet18_simclr_random_size2,4000,10,random,300,aip-boyuwang,benchmarks/cross_downstream/jobs/evaluate/cifar100_ResNet18_simclr_random_size2.sh,10,1.1063168570399284,0.14289190739645383,complete
cifar100_ResNet18_simclr_random_size2__Dogs_lbl1,cifar100_ResNet18_simclr_random_size2__Dogs_lbl1,CIFAR100,Dogs,ResNet18,simclr,random,2,1,cifar100_ResNet18_simclr_random_size2,4000,10,random,500,aip-boyuwang,benchmarks/cross_downstream/jobs/evaluate/cifar100_ResNet18_simclr_random_size2.sh,10,1.6083916369825602,0.10366483212943325,complete
cifar100_ResNet18_simclr_random_size2__Dogs_lbl5,cifar100_ResNet18_simclr_random_size2__Dogs_lbl5,CIFAR100,Dogs,ResNet18,simclr,random,2,5,cifar100_ResNet18_simclr_random_size2,4000,10,random,300,aip-boyuwang,benchmarks/cross_downstream/jobs/evaluate/cifar100_ResNet18_simclr_random_size2.sh,10,2.141025625169277,0.1909628796005971,complete
cifar100_ResNet18_simclr_random_size2__Flowers_lbl1,cifar100_ResNet18_simclr_random_size2__Flowers_lbl1,CIFAR100,Flowers,ResNet18,simclr,random,2,1,cifar100_ResNet18_simclr_random_size2,4000,10,random,500,aip-boyuwang,benchmarks/cross_downstream/jobs/evaluate/cifar100_ResNet18_simclr_random_size2.sh,10,2.1076598297804594,0.6501146500551489,complete
cifar100_ResNet18_simclr_random_size2__Flowers_lbl5,cifar100_ResNet18_simclr_random_size2__Flowers_lbl5,CIFAR100,Flowers,ResNet18,simclr,random,2,5,cifar100_ResNet18_simclr_random_size2,4000,10,random,300,aip-boyuwang,benchmarks/cross_downstream/jobs/evaluate/cifar100_ResNet18_simclr_random_size2.sh,10,3.102943580597639,0.6381894176200883,complete
cifar100_ResNet18_simclr_random_size5__TinyImageNet_lbl1,cifar100_ResNet18_simclr_random_size5__TinyImageNet_lbl1,CIFAR100,TinyImageNet,ResNet18,simclr,random,5,1,cifar100_ResNet18_simclr_random_size5,3000,10,random,500,aip-boyuwang,benchmarks/cross_downstream/jobs/evaluate/cifar100_ResNet18_simclr_random_size5.sh,10,2.0229999534785748,0.35715073540176745,complete
cifar100_ResNet18_simclr_random_size5__TinyImageNet_lbl5,cifar100_ResNet18_simclr_random_size5__TinyImageNet_lbl5,CIFAR100,TinyImageNet,ResNet18,simclr,random,5,5,cifar100_ResNet18_simclr_random_size5,3000,10,random,300,aip-boyuwang,benchmarks/cross_downstream/jobs/evaluate/cifar100_ResNet18_simclr_random_size5.sh,10,3.4539998695254326,0.10926016616278278,complete
cifar100_ResNet18_simclr_random_size5__CIFAR10_lbl1,cifar100_ResNet18_simclr_random_size5__CIFAR10_lbl1,CIFAR100,CIFAR10,ResNet18,simclr,random,5,1,cifar100_ResNet18_simclr_random_size5,3000,10,random,500,aip-boyuwang,benchmarks/cross_downstream/jobs/evaluate/cifar100_ResNet18_simclr_random_size5.sh,10,33.400998711586,1.419831161993302,complete
cifar100_ResNet18_simclr_random_size5__CIFAR10_lbl5,cifar100_ResNet18_simclr_random_size5__CIFAR10_lbl5,CIFAR100,CIFAR10,ResNet18,simclr,random,5,5,cifar100_ResNet18_simclr_random_size5,3000,10,random,300,aip-boyuwang,benchmarks/cross_downstream/jobs/evaluate/cifar100_ResNet18_simclr_random_size5.sh,10,39.13299918174744,0.9300186436475291,complete
cifar100_ResNet18_simclr_random_size5__Aircraft_lbl1,cifar100_ResNet18_simclr_random_size5__Aircraft_lbl1,CIFAR100,Aircraft,ResNet18,simclr,random,5,1,cifar100_ResNet18_simclr_random_size5,3000,10,random,500,aip-boyuwang,benchmarks/cross_downstream/jobs/evaluate/cifar100_ResNet18_simclr_random_size5.sh,10,2.0912090316414833,0.15689143794543295,complete
cifar100_ResNet18_simclr_random_size5__Aircraft_lbl5,cifar100_ResNet18_simclr_random_size5__Aircraft_lbl5,CIFAR100,Aircraft,ResNet18,simclr,random,5,5,cifar100_ResNet18_simclr_random_size5,3000,10,random,300,aip-boyuwang,benchmarks/cross_downstream/jobs/evaluate/cifar100_ResNet18_simclr_random_size5.sh,10,2.538253702223301,0.312505233669455,complete
cifar100_ResNet18_simclr_random_size5__CUB2011_lbl1,cifar100_ResNet18_simclr_random_size5__CUB2011_lbl1,CIFAR100,CUB2011,ResNet18,simclr,random,5,1,cifar100_ResNet18_simclr_random_size5,3000,10,random,500,aip-boyuwang,benchmarks/cross_downstream/jobs/evaluate/cifar100_ResNet18_simclr_random_size5.sh,10,0.9630652377381921,0.1602208904284803,complete
cifar100_ResNet18_simclr_random_size5__CUB2011_lbl5,cifar100_ResNet18_simclr_random_size5__CUB2011_lbl5,CIFAR100,CUB2011,ResNet18,simclr,random,5,5,cifar100_ResNet18_simclr_random_size5,3000,10,random,300,aip-boyuwang,benchmarks/cross_downstream/jobs/evaluate/cifar100_ResNet18_simclr_random_size5.sh,10,1.109768720343709,0.11007789059994603,complete
cifar100_ResNet18_simclr_random_size5__Dogs_lbl1,cifar100_ResNet18_simclr_random_size5__Dogs_lbl1,CIFAR100,Dogs,ResNet18,simclr,random,5,1,cifar100_ResNet18_simclr_random_size5,3000,10,random,500,aip-boyuwang,benchmarks/cross_downstream/jobs/evaluate/cifar100_ResNet18_simclr_random_size5.sh,10,1.5734265558421612,0.24851878760994364,complete
cifar100_ResNet18_simclr_random_size5__Dogs_lbl5,cifar100_ResNet18_simclr_random_size5__Dogs_lbl5,CIFAR100,Dogs,ResNet18,simclr,random,5,5,cifar100_ResNet18_simclr_random_size5,3000,10,random,300,aip-boyuwang,benchmarks/cross_downstream/jobs/evaluate/cifar100_ResNet18_simclr_random_size5.sh,10,2.116550114005804,0.20980459752623473,complete
cifar100_ResNet18_simclr_random_size5__Flowers_lbl1,cifar100_ResNet18_simclr_random_size5__Flowers_lbl1,CIFAR100,Flowers,ResNet18,simclr,random,5,1,cifar100_ResNet18_simclr_random_size5,3000,10,random,500,aip-boyuwang,benchmarks/cross_downstream/jobs/evaluate/cifar100_ResNet18_simclr_random_size5.sh,10,2.0491136983036995,0.4789481796450367,complete
cifar100_ResNet18_simclr_random_size5__Flowers_lbl5,cifar100_ResNet18_simclr_random_size5__Flowers_lbl5,CIFAR100,Flowers,ResNet18,simclr,random,5,5,cifar100_ResNet18_simclr_random_size5,3000,10,random,300,aip-boyuwang,benchmarks/cross_downstream/jobs/evaluate/cifar100_ResNet18_simclr_random_size5.sh,10,2.9045374132692814,0.5998015294060322,complete
cifar100_ResNet18_simclr_kmeans_size1__TinyImageNet_lbl1,cifar100_ResNet18_simclr_kmeans_size1__TinyImageNet_lbl1,CIFAR100,TinyImageNet,ResNet18,simclr,kmeans,1,1,cifar100_ResNet18_simclr_kmeans_size1,5000,10,random,500,aip-boyuwang,benchmarks/cross_downstream/jobs/evaluate/cifar100_ResNet18_simclr_kmeans_size1.sh,10,1.97199996560812,0.2599059682428241,complete
cifar100_ResNet18_simclr_kmeans_size1__TinyImageNet_lbl5,cifar100_ResNet18_simclr_kmeans_size1__TinyImageNet_lbl5,CIFAR100,TinyImageNet,ResNet18,simclr,kmeans,1,5,cifar100_ResNet18_simclr_kmeans_size1,5000,10,random,300,aip-boyuwang,benchmarks/cross_downstream/jobs/evaluate/cifar100_ResNet18_simclr_kmeans_size1.sh,10,3.2739998772740364,0.20017765985436614,complete
cifar100_ResNet18_simclr_kmeans_size1__CIFAR10_lbl1,cifar100_ResNet18_simclr_kmeans_size1__CIFAR10_lbl1,CIFAR100,CIFAR10,ResNet18,simclr,kmeans,1,1,cifar100_ResNet18_simclr_kmeans_size1,5000,10,random,500,aip-boyuwang,benchmarks/cross_downstream/jobs/evaluate/cifar100_ResNet18_simclr_kmeans_size1.sh,10,30.32599925994873,1.023123579520386,complete
cifar100_ResNet18_simclr_kmeans_size1__CIFAR10_lbl5,cifar100_ResNet18_simclr_kmeans_size1__CIFAR10_lbl5,CIFAR100,CIFAR10,ResNet18,simclr,kmeans,1,5,cifar100_ResNet18_simclr_kmeans_size1,5000,10,random,300,aip-boyuwang,benchmarks/cross_downstream/jobs/evaluate/cifar100_ResNet18_simclr_kmeans_size1.sh,10,35.95299929380417,0.7435508865547282,complete
cifar100_ResNet18_simclr_kmeans_size1__Aircraft_lbl1,cifar100_ResNet18_simclr_kmeans_size1__Aircraft_lbl1,CIFAR100,Aircraft,ResNet18,simclr,kmeans,1,1,cifar100_ResNet18_simclr_kmeans_size1,5000,10,random,500,aip-boyuwang,benchmarks/cross_downstream/jobs/evaluate/cifar100_ResNet18_simclr_kmeans_size1.sh,10,2.256225533783436,0.2996296965910657,complete
cifar100_ResNet18_simclr_kmeans_size1__Aircraft_lbl5,cifar100_ResNet18_simclr_kmeans_size1__Aircraft_lbl5,CIFAR100,Aircraft,ResNet18,simclr,kmeans,1,5,cifar100_ResNet18_simclr_kmeans_size1,5000,10,random,300,aip-boyuwang,benchmarks/cross_downstream/jobs/evaluate/cifar100_ResNet18_simclr_kmeans_size1.sh,10,2.8862885013222694,0.304267158335727,complete
cifar100_ResNet18_simclr_kmeans_size1__CUB2011_lbl1,cifar100_ResNet18_simclr_kmeans_size1__CUB2011_lbl1,CIFAR100,CUB2011,ResNet18,simclr,kmeans,1,1,cifar100_ResNet18_simclr_kmeans_size1,5000,10,random,500,aip-boyuwang,benchmarks/cross_downstream/jobs/evaluate/cifar100_ResNet18_simclr_kmeans_size1.sh,10,0.9181912383064628,0.1280754527570703,complete
cifar100_ResNet18_simclr_kmeans_size1__CUB2011_lbl5,cifar100_ResNet18_simclr_kmeans_size1__CUB2011_lbl5,CIFAR100,CUB2011,ResNet18,simclr,kmeans,1,5,cifar100_ResNet18_simclr_kmeans_size1,5000,10,random,300,aip-boyuwang,benchmarks/cross_downstream/jobs/evaluate/cifar100_ResNet18_simclr_kmeans_size1.sh,10,1.1425612587481737,0.19301554545244154,complete
cifar100_ResNet18_simclr_kmeans_size1__Dogs_lbl1,cifar100_ResNet18_simclr_kmeans_size1__Dogs_lbl1,CIFAR100,Dogs,ResNet18,simclr,kmeans,1,1,cifar100_ResNet18_simclr_kmeans_size1,5000,10,random,500,aip-boyuwang,benchmarks/cross_downstream/jobs/evaluate/cifar100_ResNet18_simclr_kmeans_size1.sh,10,1.5629370603710413,0.14119729526804664,complete
cifar100_ResNet18_simclr_kmeans_size1__Dogs_lbl5,cifar100_ResNet18_simclr_kmeans_size1__Dogs_lbl5,CIFAR100,Dogs,ResNet18,simclr,kmeans,1,5,cifar100_ResNet18_simclr_kmeans_size1,5000,10,random,300,aip-boyuwang,benchmarks/cross_downstream/jobs/evaluate/cifar100_ResNet18_simclr_kmeans_size1.sh,10,2.134032603353262,0.2699141283320223,complete
cifar100_ResNet18_simclr_kmeans_size1__Flowers_lbl1,cifar100_ResNet18_simclr_kmeans_size1__Flowers_lbl1,CIFAR100,Flowers,ResNet18,simclr,kmeans,1,1,cifar100_ResNet18_simclr_kmeans_size1,5000,10,random,500,aip-boyuwang,benchmarks/cross_downstream/jobs/evaluate/cifar100_ResNet18_simclr_kmeans_size1.sh,10,2.0556188374757767,0.5543791643811381,complete
cifar100_ResNet18_simclr_kmeans_size1__Flowers_lbl5,cifar100_ResNet18_simclr_kmeans_size1__Flowers_lbl5,CIFAR100,Flowers,ResNet18,simclr,kmeans,1,5,cifar100_ResNet18_simclr_kmeans_size1,5000,10,random,300,aip-boyuwang,benchmarks/cross_downstream/jobs/evaluate/cifar100_ResNet18_simclr_kmeans_size1.sh,10,2.8590015321969986,0.7058383505961715,complete
cifar100_ResNet18_simclr_kmeans_size2__TinyImageNet_lbl1,cifar100_ResNet18_simclr_kmeans_size2__TinyImageNet_lbl1,CIFAR100,TinyImageNet,ResNet18,simclr,kmeans,2,1,cifar100_ResNet18_simclr_kmeans_size2,4000,10,random,500,aip-boyuwang,benchmarks/cross_downstream/jobs/evaluate/cifar100_ResNet18_simclr_kmeans_size2.sh,10,1.9899999629706144,0.2950329706556533,complete
cifar100_ResNet18_simclr_kmeans_size2__TinyImageNet_lbl5,cifar100_ResNet18_simclr_kmeans_size2__TinyImageNet_lbl5,CIFAR100,TinyImageNet,ResNet18,simclr,kmeans,2,5,cifar100_ResNet18_simclr_kmeans_size2,4000,10,random,300,aip-boyuwang,benchmarks/cross_downstream/jobs/evaluate/cifar100_ResNet18_simclr_kmeans_size2.sh,10,3.270999900996685,0.23378282950344384,complete
cifar100_ResNet18_simclr_kmeans_size2__CIFAR10_lbl1,cifar100_ResNet18_simclr_kmeans_size2__CIFAR10_lbl1,CIFAR100,CIFAR10,ResNet18,simclr,kmeans,2,1,cifar100_ResNet18_simclr_kmeans_size2,4000,10,random,500,aip-boyuwang,benchmarks/cross_downstream/jobs/evaluate/cifar100_ResNet18_simclr_kmeans_size2.sh,10,31.39599919319153,0.6464814115870254,complete
cifar100_ResNet18_simclr_kmeans_size2__CIFAR10_lbl5,cifar100_ResNet18_simclr_kmeans_size2__CIFAR10_lbl5,CIFAR100,CIFAR10,ResNet18,simclr,kmeans,2,5,cifar100_ResNet18_simclr_kmeans_size2,4000,10,random,300,aip-boyuwang,benchmarks/cross_downstream/jobs/evaluate/cifar100_ResNet18_simclr_kmeans_size2.sh,10,37.360998690128326,0.4332935412571604,complete
cifar100_ResNet18_simclr_kmeans_size2__Aircraft_lbl1,cifar100_ResNet18_simclr_kmeans_size2__Aircraft_lbl1,CIFAR100,Aircraft,ResNet18,simclr,kmeans,2,1,cifar100_ResNet18_simclr_kmeans_size2,4000,10,random,500,aip-boyuwang,benchmarks/cross_downstream/jobs/evaluate/cifar100_ResNet18_simclr_kmeans_size2.sh,10,2.0462045446038246,0.23826739528729224,complete
cifar100_ResNet18_simclr_kmeans_size2__Aircraft_lbl5,cifar100_ResNet18_simclr_kmeans_size2__Aircraft_lbl5,CIFAR100,Aircraft,ResNet18,simclr,kmeans,2,5,cifar100_ResNet18_simclr_kmeans_size2,4000,10,random,300,aip-boyuwang,benchmarks/cross_downstream/jobs/evaluate/cifar100_ResNet18_simclr_kmeans_size2.sh,10,2.6042603328824043,0.26715961628974627,complete
cifar100_ResNet18_simclr_kmeans_size2__CUB2011_lbl1,cifar100_ResNet18_simclr_kmeans_size2__CUB2011_lbl1,CIFAR100,CUB2011,ResNet18,simclr,kmeans,2,1,cifar100_ResNet18_simclr_kmeans_size2,4000,10,random,500,aip-boyuwang,benchmarks/cross_downstream/jobs/evaluate/cifar100_ResNet18_simclr_kmeans_size2.sh,10,0.8318950608372688,0.12440490430202929,complete
cifar100_ResNet18_simclr_kmeans_size2__CUB2011_lbl5,cifar100_ResNet18_simclr_kmeans_size2__CUB2011_lbl5,CIFAR100,CUB2011,ResNet18,simclr,kmeans,2,5,cifar100_ResNet18_simclr_kmeans_size2,4000,10,random,300,aip-boyuwang,benchmarks/cross_downstream/jobs/evaluate/cifar100_ResNet18_simclr_kmeans_size2.sh,10,1.0959613416343927,0.19547770301329598,complete
cifar100_ResNet18_simclr_kmeans_size2__Dogs_lbl1,cifar100_ResNet18_simclr_kmeans_size2__Dogs_lbl1,CIFAR100,Dogs,ResNet18,simclr,kmeans,2,1,cifar100_ResNet18_simclr_kmeans_size2,4000,10,random,500,aip-boyuwang,benchmarks/cross_downstream/jobs/evaluate/cifar100_ResNet18_simclr_kmeans_size2.sh,10,1.490676011890173,0.16849007229644733,complete
cifar100_ResNet18_simclr_kmeans_size2__Dogs_lbl5,cifar100_ResNet18_simclr_kmeans_size2__Dogs_lbl5,CIFAR100,Dogs,ResNet18,simclr,kmeans,2,5,cifar100_ResNet18_simclr_kmeans_size2,4000,10,random,300,aip-boyuwang,benchmarks/cross_downstream/jobs/evaluate/cifar100_ResNet18_simclr_kmeans_size2.sh,10,2.085081562399864,0.2917868205473403,complete
cifar100_ResNet18_simclr_kmeans_size2__Flowers_lbl1,cifar100_ResNet18_simclr_kmeans_size2__Flowers_lbl1,CIFAR100,Flowers,ResNet18,simclr,kmeans,2,1,cifar100_ResNet18_simclr_kmeans_size2,4000,10,random,500,aip-boyuwang,benchmarks/cross_downstream/jobs/evaluate/cifar100_ResNet18_simclr_kmeans_size2.sh,10,2.0003252755850554,0.6378762449849771,complete
cifar100_ResNet18_simclr_kmeans_size2__Flowers_lbl5,cifar100_ResNet18_simclr_kmeans_size2__Flowers_lbl5,CIFAR100,Flowers,ResNet18,simclr,kmeans,2,5,cifar100_ResNet18_simclr_kmeans_size2,4000,10,random,300,aip-boyuwang,benchmarks/cross_downstream/jobs/evaluate/cifar100_ResNet18_simclr_kmeans_size2.sh,10,2.8736380115151405,0.6042361693019115,complete
cifar100_ResNet18_simclr_kmeans_size5__TinyImageNet_lbl1,cifar100_ResNet18_simclr_kmeans_size5__TinyImageNet_lbl1,CIFAR100,TinyImageNet,ResNet18,simclr,kmeans,5,1,cifar100_ResNet18_simclr_kmeans_size5,3000,10,random,500,aip-boyuwang,benchmarks/cross_downstream/jobs/evaluate/cifar100_ResNet18_simclr_kmeans_size5.sh,10,2.114999946206808,0.3648820376336097,complete
cifar100_ResNet18_simclr_kmeans_size5__TinyImageNet_lbl5,cifar100_ResNet18_simclr_kmeans_size5__TinyImageNet_lbl5,CIFAR100,TinyImageNet,ResNet18,simclr,kmeans,5,5,cifar100_ResNet18_simclr_kmeans_size5,3000,10,random,300,aip-boyuwang,benchmarks/cross_downstream/jobs/evaluate/cifar100_ResNet18_simclr_kmeans_size5.sh,10,3.455999903380871,0.37515035723910384,complete
cifar100_ResNet18_simclr_kmeans_size5__CIFAR10_lbl1,cifar100_ResNet18_simclr_kmeans_size5__CIFAR10_lbl1,CIFAR100,CIFAR10,ResNet18,simclr,kmeans,5,1,cifar100_ResNet18_simclr_kmeans_size5,3000,10,random,500,aip-boyuwang,benchmarks/cross_downstream/jobs/evaluate/cifar100_ResNet18_simclr_kmeans_size5.sh,10,33.619999289512634,0.9117381010484693,complete
cifar100_ResNet18_simclr_kmeans_size5__CIFAR10_lbl5,cifar100_ResNet18_simclr_kmeans_size5__CIFAR10_lbl5,CIFAR100,CIFAR10,ResNet18,simclr,kmeans,5,5,cifar100_ResNet18_simclr_kmeans_size5,3000,10,random,300,aip-boyuwang,benchmarks/cross_downstream/jobs/evaluate/cifar100_ResNet18_simclr_kmeans_size5.sh,10,39.06299889087677,0.9087241870146125,complete
cifar100_ResNet18_simclr_kmeans_size5__Aircraft_lbl1,cifar100_ResNet18_simclr_kmeans_size5__Aircraft_lbl1,CIFAR100,Aircraft,ResNet18,simclr,kmeans,5,1,cifar100_ResNet18_simclr_kmeans_size5,3000,10,random,500,aip-boyuwang,benchmarks/cross_downstream/jobs/evaluate/cifar100_ResNet18_simclr_kmeans_size5.sh,10,1.9831982720643282,0.31640166954898996,complete
cifar100_ResNet18_simclr_kmeans_size5__Aircraft_lbl5,cifar100_ResNet18_simclr_kmeans_size5__Aircraft_lbl5,CIFAR100,Aircraft,ResNet18,simclr,kmeans,5,5,cifar100_ResNet18_simclr_kmeans_size5,3000,10,random,300,aip-boyuwang,benchmarks/cross_downstream/jobs/evaluate/cifar100_ResNet18_simclr_kmeans_size5.sh,10,2.4122411385178566,0.2601029178463263,complete
cifar100_ResNet18_simclr_kmeans_size5__CUB2011_lbl1,cifar100_ResNet18_simclr_kmeans_size5__CUB2011_lbl1,CIFAR100,CUB2011,ResNet18,simclr,kmeans,5,1,cifar100_ResNet18_simclr_kmeans_size5,3000,10,random,500,aip-boyuwang,benchmarks/cross_downstream/jobs/evaluate/cifar100_ResNet18_simclr_kmeans_size5.sh,10,0.9872281644493341,0.13730466848749284,complete
cifar100_ResNet18_simclr_kmeans_size5__CUB2011_lbl5,cifar100_ResNet18_simclr_kmeans_size5__CUB2011_lbl5,CIFAR100,CUB2011,ResNet18,simclr,kmeans,5,5,cifar100_ResNet18_simclr_kmeans_size5,3000,10,random,300,aip-boyuwang,benchmarks/cross_downstream/jobs/evaluate/cifar100_ResNet18_simclr_kmeans_size5.sh,10,1.1097687110304832,0.14140170190908735,complete
cifar100_ResNet18_simclr_kmeans_size5__Dogs_lbl1,cifar100_ResNet18_simclr_kmeans_size5__Dogs_lbl1,CIFAR100,Dogs,ResNet18,simclr,kmeans,5,1,cifar100_ResNet18_simclr_kmeans_size5,3000,10,random,500,aip-boyuwang,benchmarks/cross_downstream/jobs/evaluate/cifar100_ResNet18_simclr_kmeans_size5.sh,10,1.5209790132939816,0.23453649375671298,complete
cifar100_ResNet18_simclr_kmeans_size5__Dogs_lbl5,cifar100_ResNet18_simclr_kmeans_size5__Dogs_lbl5,CIFAR100,Dogs,ResNet18,simclr,kmeans,5,5,cifar100_ResNet18_simclr_kmeans_size5,3000,10,random,300,aip-boyuwang,benchmarks/cross_downstream/jobs/evaluate/cifar100_ResNet18_simclr_kmeans_size5.sh,10,2.0372960157692432,0.25158513291874207,complete
cifar100_ResNet18_simclr_kmeans_size5__Flowers_lbl1,cifar100_ResNet18_simclr_kmeans_size5__Flowers_lbl1,CIFAR100,Flowers,ResNet18,simclr,kmeans,5,1,cifar100_ResNet18_simclr_kmeans_size5,3000,10,random,500,aip-boyuwang,benchmarks/cross_downstream/jobs/evaluate/cifar100_ResNet18_simclr_kmeans_size5.sh,10,2.1369328815490007,0.4814084366077559,complete
cifar100_ResNet18_simclr_kmeans_size5__Flowers_lbl5,cifar100_ResNet18_simclr_kmeans_size5__Flowers_lbl5,CIFAR100,Flowers,ResNet18,simclr,kmeans,5,5,cifar100_ResNet18_simclr_kmeans_size5,3000,10,random,300,aip-boyuwang,benchmarks/cross_downstream/jobs/evaluate/cifar100_ResNet18_simclr_kmeans_size5.sh,10,3.224914688616991,0.5984698337923662,complete
cifar100_ResNet18_simclr_full_size100__TinyImageNet_lbl1,cifar100_ResNet18_simclr_full_size100__TinyImageNet_lbl1,CIFAR100,TinyImageNet,ResNet18,simclr,full,100,1,cifar100_ResNet18_simclr_full_size100,300,10,random,500,aip-boyuwang,benchmarks/cross_downstream/jobs/evaluate/cifar100_ResNet18_simclr_full_size100.sh,10,2.413999941200018,0.2954168274737387,complete
cifar100_ResNet18_simclr_full_size100__TinyImageNet_lbl5,cifar100_ResNet18_simclr_full_size100__TinyImageNet_lbl5,CIFAR100,TinyImageNet,ResNet18,simclr,full,100,5,cifar100_ResNet18_simclr_full_size100,300,10,random,300,aip-boyuwang,benchmarks/cross_downstream/jobs/evaluate/cifar100_ResNet18_simclr_full_size100.sh,10,4.111999906599522,0.28118002878324194,complete
cifar100_ResNet18_simclr_full_size100__CIFAR10_lbl1,cifar100_ResNet18_simclr_full_size100__CIFAR10_lbl1,CIFAR100,CIFAR10,ResNet18,simclr,full,100,1,cifar100_ResNet18_simclr_full_size100,300,10,random,500,aip-boyuwang,benchmarks/cross_downstream/jobs/evaluate/cifar100_ResNet18_simclr_full_size100.sh,10,36.76699906587601,0.767897772636583,complete
cifar100_ResNet18_simclr_full_size100__CIFAR10_lbl5,cifar100_ResNet18_simclr_full_size100__CIFAR10_lbl5,CIFAR100,CIFAR10,ResNet18,simclr,full,100,5,cifar100_ResNet18_simclr_full_size100,300,10,random,300,aip-boyuwang,benchmarks/cross_downstream/jobs/evaluate/cifar100_ResNet18_simclr_full_size100.sh,10,41.90199941396713,0.6243713143194328,complete
cifar100_ResNet18_simclr_full_size100__Aircraft_lbl1,cifar100_ResNet18_simclr_full_size100__Aircraft_lbl1,CIFAR100,Aircraft,ResNet18,simclr,full,100,1,cifar100_ResNet18_simclr_full_size100,300,10,random,500,aip-boyuwang,benchmarks/cross_downstream/jobs/evaluate/cifar100_ResNet18_simclr_full_size100.sh,10,1.8391838297247887,0.3338147367204503,complete
cifar100_ResNet18_simclr_full_size100__Aircraft_lbl5,cifar100_ResNet18_simclr_full_size100__Aircraft_lbl5,CIFAR100,Aircraft,ResNet18,simclr,full,100,5,cifar100_ResNet18_simclr_full_size100,300,10,random,300,aip-boyuwang,benchmarks/cross_downstream/jobs/evaluate/cifar100_ResNet18_simclr_full_size100.sh,10,2.319231852889061,0.40748397714749124,complete
cifar100_ResNet18_simclr_full_size100__CUB2011_lbl1,cifar100_ResNet18_simclr_full_size100__CUB2011_lbl1,CIFAR100,CUB2011,ResNet18,simclr,full,100,1,cifar100_ResNet18_simclr_full_size100,300,10,random,500,aip-boyuwang,benchmarks/cross_downstream/jobs/evaluate/cifar100_ResNet18_simclr_full_size100.sh,10,1.064894711598754,0.13195760529279713,complete
cifar100_ResNet18_simclr_full_size100__CUB2011_lbl5,cifar100_ResNet18_simclr_full_size100__CUB2011_lbl5,CIFAR100,CUB2011,ResNet18,simclr,full,100,5,cifar100_ResNet18_simclr_full_size100,300,10,random,300,aip-boyuwang,benchmarks/cross_downstream/jobs/evaluate/cifar100_ResNet18_simclr_full_size100.sh,10,1.3410424534231424,0.139279151493516,complete
cifar100_ResNet18_simclr_full_size100__Dogs_lbl1,cifar100_ResNet18_simclr_full_size100__Dogs_lbl1,CIFAR100,Dogs,ResNet18,simclr,full,100,1,cifar100_ResNet18_simclr_full_size100,300,10,random,500,aip-boyuwang,benchmarks/cross_downstream/jobs/evaluate/cifar100_ResNet18_simclr_full_size100.sh,10,1.7051281873136759,0.2831019085967532,complete
cifar100_ResNet18_simclr_full_size100__Dogs_lbl5,cifar100_ResNet18_simclr_full_size100__Dogs_lbl5,CIFAR100,Dogs,ResNet18,simclr,full,100,5,cifar100_ResNet18_simclr_full_size100,300,10,random,300,aip-boyuwang,benchmarks/cross_downstream/jobs/evaluate/cifar100_ResNet18_simclr_full_size100.sh,10,2.236596718430519,0.37224947052003887,complete
cifar100_ResNet18_simclr_full_size100__Flowers_lbl1,cifar100_ResNet18_simclr_full_size100__Flowers_lbl1,CIFAR100,Flowers,ResNet18,simclr,full,100,1,cifar100_ResNet18_simclr_full_size100,300,10,random,500,aip-boyuwang,benchmarks/cross_downstream/jobs/evaluate/cifar100_ResNet18_simclr_full_size100.sh,10,2.888274574652314,0.840269538908941,complete
cifar100_ResNet18_simclr_full_size100__Flowers_lbl5,cifar100_ResNet18_simclr_full_size100__Flowers_lbl5,CIFAR100,Flowers,ResNet18,simclr,full,100,5,cifar100_ResNet18_simclr_full_size100,300,10,random,300,aip-boyuwang,benchmarks/cross_downstream/jobs/evaluate/cifar100_ResNet18_simclr_full_size100.sh,10,4.12262162193656,0.9861708872204683,complete
cifar100_ResNet18_barlowtwins_random_size1__TinyImageNet_lbl1,cifar100_ResNet18_barlowtwins_random_size1__TinyImageNet_lbl1,CIFAR100,TinyImageNet,ResNet18,barlowtwins,random,1,1,cifar100_ResNet18_barlowtwins_random_size1,10000,10,random,500,aip-boyuwang,benchmarks/cross_downstream/jobs/evaluate/cifar100_ResNet18_barlowtwins_random_size1.sh,10,1.6729999706149101,0.23575173731869037,complete
cifar100_ResNet18_barlowtwins_random_size1__TinyImageNet_lbl5,cifar100_ResNet18_barlowtwins_random_size1__TinyImageNet_lbl5,CIFAR100,TinyImageNet,ResNet18,barlowtwins,random,1,5,cifar100_ResNet18_barlowtwins_random_size1,10000,10,random,300,aip-boyuwang,benchmarks/cross_downstream/jobs/evaluate/cifar100_ResNet18_barlowtwins_random_size1.sh,10,2.467999942600727,0.345697360726848,complete
cifar100_ResNet18_barlowtwins_random_size1__CIFAR10_lbl1,cifar100_ResNet18_barlowtwins_random_size1__CIFAR10_lbl1,CIFAR100,CIFAR10,ResNet18,barlowtwins,random,1,1,cifar100_ResNet18_barlowtwins_random_size1,10000,10,random,500,aip-boyuwang,benchmarks/cross_downstream/jobs/evaluate/cifar100_ResNet18_barlowtwins_random_size1.sh,10,30.448999404907227,0.9592991692140617,complete
cifar100_ResNet18_barlowtwins_random_size1__CIFAR10_lbl5,cifar100_ResNet18_barlowtwins_random_size1__CIFAR10_lbl5,CIFAR100,CIFAR10,ResNet18,barlowtwins,random,1,5,cifar100_ResNet18_barlowtwins_random_size1,10000,10,random,300,aip-boyuwang,benchmarks/cross_downstream/jobs/evaluate/cifar100_ResNet18_barlowtwins_random_size1.sh,10,35.23299902677536,1.2364654112701747,complete
cifar100_ResNet18_barlowtwins_random_size1__Aircraft_lbl1,cifar100_ResNet18_barlowtwins_random_size1__Aircraft_lbl1,CIFAR100,Aircraft,ResNet18,barlowtwins,random,1,1,cifar100_ResNet18_barlowtwins_random_size1,10000,10,random,500,aip-boyuwang,benchmarks/cross_downstream/jobs/evaluate/cifar100_ResNet18_barlowtwins_random_size1.sh,10,1.7581757344305515,0.30374074169760834,complete
cifar100_ResNet18_barlowtwins_random_size1__Aircraft_lbl5,cifar100_ResNet18_barlowtwins_random_size1__Aircraft_lbl5,CIFAR100,Aircraft,ResNet18,barlowtwins,random,1,5,cifar100_ResNet18_barlowtwins_random_size1,10000,10,random,300,aip-boyuwang,benchmarks/cross_downstream/jobs/evaluate/cifar100_ResNet18_barlowtwins_random_size1.sh,10,2.004200341179967,0.3325388770534365,complete
cifar100_ResNet18_barlowtwins_random_size1__CUB2011_lbl1,cifar100_ResNet18_barlowtwins_random_size1__CUB2011_lbl1,CIFAR100,CUB2011,ResNet18,barlowtwins,random,1,1,cifar100_ResNet18_barlowtwins_random_size1,10000,10,random,500,aip-boyuwang,benchmarks/cross_downstream/jobs/evaluate/cifar100_ResNet18_barlowtwins_random_size1.sh,10,0.8094580564647913,0.10899008543330115,complete
cifar100_ResNet18_barlowtwins_random_size1__CUB2011_lbl5,cifar100_ResNet18_barlowtwins_random_size1__CUB2011_lbl5,CIFAR100,CUB2011,ResNet18,barlowtwins,random,1,5,cifar100_ResNet18_barlowtwins_random_size1,10000,10,random,300,aip-boyuwang,benchmarks/cross_downstream/jobs/evaluate/cifar100_ResNet18_barlowtwins_random_size1.sh,10,0.9147393796592951,0.18765971836678255,complete
cifar100_ResNet18_barlowtwins_random_size1__Dogs_lbl1,cifar100_ResNet18_barlowtwins_random_size1__Dogs_lbl1,CIFAR100,Dogs,ResNet18,barlowtwins,random,1,1,cifar100_ResNet18_barlowtwins_random_size1,10000,10,random,500,aip-boyuwang,benchmarks/cross_downstream/jobs/evaluate/cifar100_ResNet18_barlowtwins_random_size1.sh,10,1.4265734236687422,0.22318999418781996,complete
cifar100_ResNet18_barlowtwins_random_size1__Dogs_lbl5,cifar100_ResNet18_barlowtwins_random_size1__Dogs_lbl5,CIFAR100,Dogs,ResNet18,barlowtwins,random,1,5,cifar100_ResNet18_barlowtwins_random_size1,10000,10,random,300,aip-boyuwang,benchmarks/cross_downstream/jobs/evaluate/cifar100_ResNet18_barlowtwins_random_size1.sh,10,1.6130536142736673,0.20719858397682506,complete
cifar100_ResNet18_barlowtwins_random_size1__Flowers_lbl1,cifar100_ResNet18_barlowtwins_random_size1__Flowers_lbl1,CIFAR100,Flowers,ResNet18,barlowtwins,random,1,1,cifar100_ResNet18_barlowtwins_random_size1,10000,10,random,500,aip-boyuwang,benchmarks/cross_downstream/jobs/evaluate/cifar100_ResNet18_barlowtwins_random_size1.sh,10,2.1288014948368073,0.6843466993007027,complete
cifar100_ResNet18_barlowtwins_random_size1__Flowers_lbl5,cifar100_ResNet18_barlowtwins_random_size1__Flowers_lbl5,CIFAR100,Flowers,ResNet18,barlowtwins,random,1,5,cifar100_ResNet18_barlowtwins_random_size1,10000,10,random,300,aip-boyuwang,benchmarks/cross_downstream/jobs/evaluate/cifar100_ResNet18_barlowtwins_random_size1.sh,10,2.62644337490201,0.7706218534685138,complete
cifar100_ResNet18_barlowtwins_random_size2__TinyImageNet_lbl1,cifar100_ResNet18_barlowtwins_random_size2__TinyImageNet_lbl1,CIFAR100,TinyImageNet,ResNet18,barlowtwins,random,2,1,cifar100_ResNet18_barlowtwins_random_size2,8000,10,random,500,aip-boyuwang,benchmarks/cross_downstream/jobs/evaluate/cifar100_ResNet18_barlowtwins_random_size2.sh,10,1.4759999699890614,0.2358530573157991,complete
cifar100_ResNet18_barlowtwins_random_size2__TinyImageNet_lbl5,cifar100_ResNet18_barlowtwins_random_size2__TinyImageNet_lbl5,CIFAR100,TinyImageNet,ResNet18,barlowtwins,random,2,5,cifar100_ResNet18_barlowtwins_random_size2,8000,10,random,300,aip-boyuwang,benchmarks/cross_downstream/jobs/evaluate/cifar100_ResNet18_barlowtwins_random_size2.sh,10,2.327999956905842,0.32693186114790485,complete
cifar100_ResNet18_barlowtwins_random_size2__CIFAR10_lbl1,cifar100_ResNet18_barlowtwins_random_size2__CIFAR10_lbl1,CIFAR100,CIFAR10,ResNet18,barlowtwins,random,2,1,cifar100_ResNet18_barlowtwins_random_size2,8000,10,random,500,aip-boyuwang,benchmarks/cross_downstream/jobs/evaluate/cifar100_ResNet18_barlowtwins_random_size2.sh,10,28.994999825954437,1.4670091234984328,complete
cifar100_ResNet18_barlowtwins_random_size2__CIFAR10_lbl5,cifar100_ResNet18_barlowtwins_random_size2__CIFAR10_lbl5,CIFAR100,CIFAR10,ResNet18,barlowtwins,random,2,5,cifar100_ResNet18_barlowtwins_random_size2,8000,10,random,300,aip-boyuwang,benchmarks/cross_downstream/jobs/evaluate/cifar100_ResNet18_barlowtwins_random_size2.sh,10,33.78599941730499,1.495431547570692,complete
cifar100_ResNet18_barlowtwins_random_size2__Aircraft_lbl1,cifar100_ResNet18_barlowtwins_random_size2__Aircraft_lbl1,CIFAR100,Aircraft,ResNet18,barlowtwins,random,2,1,cifar100_ResNet18_barlowtwins_random_size2,8000,10,random,500,aip-boyuwang,benchmarks/cross_downstream/jobs/evaluate/cifar100_ResNet18_barlowtwins_random_size2.sh,10,1.632163180038333,0.2923304368947956,complete
cifar100_ResNet18_barlowtwins_random_size2__Aircraft_lbl5,cifar100_ResNet18_barlowtwins_random_size2__Aircraft_lbl5,CIFAR100,Aircraft,ResNet18,barlowtwins,random,2,5,cifar100_ResNet18_barlowtwins_random_size2,8000,10,random,300,aip-boyuwang,benchmarks/cross_downstream/jobs/evaluate/cifar100_ResNet18_barlowtwins_random_size2.sh,10,1.7851784452795982,0.2829593736032084,complete
cifar100_ResNet18_barlowtwins_random_size2__CUB2011_lbl1,cifar100_ResNet18_barlowtwins_random_size2__CUB2011_lbl1,CIFAR100,CUB2011,ResNet18,barlowtwins,random,2,1,cifar100_ResNet18_barlowtwins_random_size2,8000,10,random,500,aip-boyuwang,benchmarks/cross_downstream/jobs/evaluate/cifar100_ResNet18_barlowtwins_random_size2.sh,10,0.8387987408787012,0.10645524910491941,complete
cifar100_ResNet18_barlowtwins_random_size2__CUB2011_lbl5,cifar100_ResNet18_barlowtwins_random_size2__CUB2011_lbl5,CIFAR100,CUB2011,ResNet18,barlowtwins,random,2,5,cifar100_ResNet18_barlowtwins_random_size2,8000,10,random,300,aip-boyuwang,benchmarks/cross_downstream/jobs/evaluate/cifar100_ResNet18_barlowtwins_random_size2.sh,10,0.7818432757630944,0.0872687019663233,complete
cifar100_ResNet18_barlowtwins_random_size2__Dogs_lbl1,cifar100_ResNet18_barlowtwins_random_size2__Dogs_lbl1,CIFAR100,Dogs,ResNet18,barlowtwins,random,2,1,cifar100_ResNet18_barlowtwins_random_size2,8000,10,random,500,aip-boyuwang,benchmarks/cross_downstream/jobs/evaluate/cifar100_ResNet18_barlowtwins_random_size2.sh,10,1.367132868617773,0.2014253644049408,complete
cifar100_ResNet18_barlowtwins_random_size2__Dogs_lbl5,cifar100_ResNet18_barlowtwins_random_size2__Dogs_lbl5,CIFAR100,Dogs,ResNet18,barlowtwins,random,2,5,cifar100_ResNet18_barlowtwins_random_size2,8000,10,random,300,aip-boyuwang,benchmarks/cross_downstream/jobs/evaluate/cifar100_ResNet18_barlowtwins_random_size2.sh,10,1.5093240141868591,0.2132332759013112,complete
cifar100_ResNet18_barlowtwins_random_size2__Flowers_lbl1,cifar100_ResNet18_barlowtwins_random_size2__Flowers_lbl1,CIFAR100,Flowers,ResNet18,barlowtwins,random,2,1,cifar100_ResNet18_barlowtwins_random_size2,8000,10,random,500,aip-boyuwang,benchmarks/cross_downstream/jobs/evaluate/cifar100_ResNet18_barlowtwins_random_size2.sh,10,2.106033507734537,0.6287934798556847,complete
cifar100_ResNet18_barlowtwins_random_size2__Flowers_lbl5,cifar100_ResNet18_barlowtwins_random_size2__Flowers_lbl5,CIFAR100,Flowers,ResNet18,barlowtwins,random,2,5,cifar100_ResNet18_barlowtwins_random_size2,8000,10,random,300,aip-boyuwang,benchmarks/cross_downstream/jobs/evaluate/cifar100_ResNet18_barlowtwins_random_size2.sh,10,2.463815277442336,0.9279859399686392,complete
cifar100_ResNet18_barlowtwins_random_size5__TinyImageNet_lbl1,cifar100_ResNet18_barlowtwins_random_size5__TinyImageNet_lbl1,CIFAR100,TinyImageNet,ResNet18,barlowtwins,random,5,1,cifar100_ResNet18_barlowtwins_random_size5,6000,10,random,500,aip-boyuwang,benchmarks/cross_downstream/jobs/evaluate/cifar100_ResNet18_barlowtwins_random_size5.sh,10,0.8749999804422259,0.24932129486171734,complete
cifar100_ResNet18_barlowtwins_random_size5__TinyImageNet_lbl5,cifar100_ResNet18_barlowtwins_random_size5__TinyImageNet_lbl5,CIFAR100,TinyImageNet,ResNet18,barlowtwins,random,5,5,cifar100_ResNet18_barlowtwins_random_size5,6000,10,random,300,aip-boyuwang,benchmarks/cross_downstream/jobs/evaluate/cifar100_ResNet18_barlowtwins_random_size5.sh,10,1.4019999746233225,0.20175893624653574,complete
cifar100_ResNet18_barlowtwins_random_size5__CIFAR10_lbl1,cifar100_ResNet18_barlowtwins_random_size5__CIFAR10_lbl1,CIFAR100,CIFAR10,ResNet18,barlowtwins,random,5,1,cifar100_ResNet18_barlowtwins_random_size5,6000,10,random,500,aip-boyuwang,benchmarks/cross_downstream/jobs/evaluate/cifar100_ResNet18_barlowtwins_random_size5.sh,10,27.22999945282936,2.039695172055355,complete
cifar100_ResNet18_barlowtwins_random_size5__CIFAR10_lbl5,cifar100_ResNet18_barlowtwins_random_size5__CIFAR10_lbl5,CIFAR100,CIFAR10,ResNet18,barlowtwins,random,5,5,cifar100_ResNet18_barlowtwins_random_size5,6000,10,random,300,aip-boyuwang,benchmarks/cross_downstream/jobs/evaluate/cifar100_ResNet18_barlowtwins_random_size5.sh,10,32.43999928236008,1.0156992139625873,complete
cifar100_ResNet18_barlowtwins_random_size5__Aircraft_lbl1,cifar100_ResNet18_barlowtwins_random_size5__Aircraft_lbl1,CIFAR100,Aircraft,ResNet18,barlowtwins,random,5,1,cifar100_ResNet18_barlowtwins_random_size5,6000,10,random,500,aip-boyuwang,benchmarks/cross_downstream/jobs/evaluate/cifar100_ResNet18_barlowtwins_random_size5.sh,10,1.461146054789424,0.21123190847881035,complete
cifar100_ResNet18_barlowtwins_random_size5__Aircraft_lbl5,cifar100_ResNet18_barlowtwins_random_size5__Aircraft_lbl5,CIFAR100,Aircraft,ResNet18,barlowtwins,random,5,5,cifar100_ResNet18_barlowtwins_random_size5,6000,10,random,300,aip-boyuwang,benchmarks/cross_downstream/jobs/evaluate/cifar100_ResNet18_barlowtwins_random_size5.sh,10,1.305130459368229,0.2581924293174756,complete
cifar100_ResNet18_barlowtwins_random_size5__CUB2011_lbl1,cifar100_ResNet18_barlowtwins_random_size5__CUB2011_lbl1,CIFAR100,CUB2011,ResNet18,barlowtwins,random,5,1,cifar100_ResNet18_barlowtwins_random_size5,6000,10,random,500,aip-boyuwang,benchmarks/cross_downstream/jobs/evaluate/cifar100_ResNet18_barlowtwins_random_size5.sh,10,0.6610286515206099,0.09170702339317954,complete
cifar100_ResNet18_barlowtwins_random_size5__CUB2011_lbl5,cifar100_ResNet18_barlowtwins_random_size5__CUB2011_lbl5,CIFAR100,CUB2011,ResNet18,barlowtwins,random,5,5,cifar100_ResNet18_barlowtwins_random_size5,6000,10,random,300,aip-boyuwang,benchmarks/cross_downstream/jobs/evaluate/cifar100_ResNet18_barlowtwins_random_size5.sh,10,0.6541249621659517,0.2024969094048651,complete
cifar100_ResNet18_barlowtwins_random_size5__Dogs_lbl1,cifar100_ResNet18_barlowtwins_random_size5__Dogs_lbl1,CIFAR100,Dogs,ResNet18,barlowtwins,random,5,1,cifar100_ResNet18_barlowtwins_random_size5,6000,10,random,500,aip-boyuwang,benchmarks/cross_downstream/jobs/evaluate/cifar100_ResNet18_barlowtwins_random_size5.sh,10,1.0617715399712324,0.2848240475648072,complete
cifar100_ResNet18_barlowtwins_random_size5__Dogs_lbl5,cifar100_ResNet18_barlowtwins_random_size5__Dogs_lbl5,CIFAR100,Dogs,ResNet18,barlowtwins,random,5,5,cifar100_ResNet18_barlowtwins_random_size5,6000,10,random,300,aip-boyuwang,benchmarks/cross_downstream/jobs/evaluate/cifar100_ResNet18_barlowtwins_random_size5.sh,10,1.0442890413105488,0.2031526440307405,complete
cifar100_ResNet18_barlowtwins_random_size5__Flowers_lbl1,cifar100_ResNet18_barlowtwins_random_size5__Flowers_lbl1,CIFAR100,Flowers,ResNet18,barlowtwins,random,5,1,cifar100_ResNet18_barlowtwins_random_size5,6000,10,random,500,aip-boyuwang,benchmarks/cross_downstream/jobs/evaluate/cifar100_ResNet18_barlowtwins_random_size5.sh,10,2.039356045424938,0.5322574957565699,complete
cifar100_ResNet18_barlowtwins_random_size5__Flowers_lbl5,cifar100_ResNet18_barlowtwins_random_size5__Flowers_lbl5,CIFAR100,Flowers,ResNet18,barlowtwins,random,5,5,cifar100_ResNet18_barlowtwins_random_size5,6000,10,random,300,aip-boyuwang,benchmarks/cross_downstream/jobs/evaluate/cifar100_ResNet18_barlowtwins_random_size5.sh,10,1.5628557652235031,0.7811585392255093,complete
cifar100_ResNet18_barlowtwins_kmeans_size1__TinyImageNet_lbl1,cifar100_ResNet18_barlowtwins_kmeans_size1__TinyImageNet_lbl1,CIFAR100,TinyImageNet,ResNet18,barlowtwins,kmeans,1,1,cifar100_ResNet18_barlowtwins_kmeans_size1,10000,10,random,500,aip-boyuwang,benchmarks/cross_downstream/jobs/evaluate/cifar100_ResNet18_barlowtwins_kmeans_size1.sh,10,1.593999955803156,0.28640296289822065,complete
cifar100_ResNet18_barlowtwins_kmeans_size1__TinyImageNet_lbl5,cifar100_ResNet18_barlowtwins_kmeans_size1__TinyImageNet_lbl5,CIFAR100,TinyImageNet,ResNet18,barlowtwins,kmeans,1,5,cifar100_ResNet18_barlowtwins_kmeans_size1,10000,10,random,300,aip-boyuwang,benchmarks/cross_downstream/jobs/evaluate/cifar100_ResNet18_barlowtwins_kmeans_size1.sh,10,2.3389999382197857,0.2884999223241841,complete
cifar100_ResNet18_barlowtwins_kmeans_size1__CIFAR10_lbl1,cifar100_ResNet18_barlowtwins_kmeans_size1__CIFAR10_lbl1,CIFAR100,CIFAR10,ResNet18,barlowtwins,kmeans,1,1,cifar100_ResNet18_barlowtwins_kmeans_size1,10000,10,random,500,aip-boyuwang,benchmarks/cross_downstream/jobs/evaluate/cifar100_ResNet18_barlowtwins_kmeans_size1.sh,10,29.105999171733856,1.4787700127034413,complete
cifar100_ResNet18_barlowtwins_kmeans_size1__CIFAR10_lbl5,cifar100_ResNet18_barlowtwins_kmeans_size1__CIFAR10_lbl5,CIFAR100,CIFAR10,ResNet18,barlowtwins,kmeans,1,5,cifar100_ResNet18_barlowtwins_kmeans_size1,10000,10,random,300,aip-boyuwang,benchmarks/cross_downstream/jobs/evaluate/cifar100_ResNet18_barlowtwins_kmeans_size1.sh,10,33.68599981069565,0.918382708408168,complete
cifar100_ResNet18_barlowtwins_kmeans_size1__Aircraft_lbl1,cifar100_ResNet18_barlowtwins_kmeans_size1__Aircraft_lbl1,CIFAR100,Aircraft,ResNet18,barlowtwins,kmeans,1,1,cifar100_ResNet18_barlowtwins_kmeans_size1,10000,10,random,500,aip-boyuwang,benchmarks/cross_downstream/jobs/evaluate/cifar100_ResNet18_barlowtwins_kmeans_size1.sh,10,1.8511850479990244,0.3050059344101489,complete
cifar100_ResNet18_barlowtwins_kmeans_size1__Aircraft_lbl5,cifar100_ResNet18_barlowtwins_kmeans_size1__Aircraft_lbl5,CIFAR100,Aircraft,ResNet18,barlowtwins,kmeans,1,5,cifar100_ResNet18_barlowtwins_kmeans_size1,10000,10,random,300,aip-boyuwang,benchmarks/cross_downstream/jobs/evaluate/cifar100_ResNet18_barlowtwins_kmeans_size1.sh,10,2.031203033402562,0.39779596875407697,complete
cifar100_ResNet18_barlowtwins_kmeans_size1__CUB2011_lbl1,cifar100_ResNet18_barlowtwins_kmeans_size1__CUB2011_lbl1,CIFAR100,CUB2011,ResNet18,barlowtwins,kmeans,1,1,cifar100_ResNet18_barlowtwins_kmeans_size1,10000,10,random,500,aip-boyuwang,benchmarks/cross_downstream/jobs/evaluate/cifar100_ResNet18_barlowtwins_kmeans_size1.sh,10,0.802554371766746,0.11368698794250785,complete
cifar100_ResNet18_barlowtwins_kmeans_size1__CUB2011_lbl5,cifar100_ResNet18_barlowtwins_kmeans_size1__CUB2011_lbl5,CIFAR100,CUB2011,ResNet18,barlowtwins,kmeans,1,5,cifar100_ResNet18_barlowtwins_kmeans_size1,10000,10,random,300,aip-boyuwang,benchmarks/cross_downstream/jobs/evaluate/cifar100_ResNet18_barlowtwins_kmeans_size1.sh,10,0.9130134526640177,0.06780339147425846,complete
cifar100_ResNet18_barlowtwins_kmeans_size1__Dogs_lbl1,cifar100_ResNet18_barlowtwins_kmeans_size1__Dogs_lbl1,CIFAR100,Dogs,ResNet18,barlowtwins,kmeans,1,1,cifar100_ResNet18_barlowtwins_kmeans_size1,10000,10,random,500,aip-boyuwang,benchmarks/cross_downstream/jobs/evaluate/cifar100_ResNet18_barlowtwins_kmeans_size1.sh,10,1.377622364088893,0.12258402702614839,complete
cifar100_ResNet18_barlowtwins_kmeans_size1__Dogs_lbl5,cifar100_ResNet18_barlowtwins_kmeans_size1__Dogs_lbl5,CIFAR100,Dogs,ResNet18,barlowtwins,kmeans,1,5,cifar100_ResNet18_barlowtwins_kmeans_size1,10000,10,random,300,aip-boyuwang,benchmarks/cross_downstream/jobs/evaluate/cifar100_ResNet18_barlowtwins_kmeans_size1.sh,10,1.6293706092983484,0.23572722003815014,complete
cifar100_ResNet18_barlowtwins_kmeans_size1__Flowers_lbl1,cifar100_ResNet18_barlowtwins_kmeans_size1__Flowers_lbl1,CIFAR100,Flowers,ResNet18,barlowtwins,kmeans,1,1,cifar100_ResNet18_barlowtwins_kmeans_size1,10000,10,random,500,aip-boyuwang,benchmarks/cross_downstream/jobs/evaluate/cifar100_ResNet18_barlowtwins_kmeans_size1.sh,10,1.904374724254012,0.4732355576674357,complete
cifar100_ResNet18_barlowtwins_kmeans_size1__Flowers_lbl5,cifar100_ResNet18_barlowtwins_kmeans_size1__Flowers_lbl5,CIFAR100,Flowers,ResNet18,barlowtwins,kmeans,1,5,cifar100_ResNet18_barlowtwins_kmeans_size1,10000,10,random,300,aip-boyuwang,benchmarks/cross_downstream/jobs/evaluate/cifar100_ResNet18_barlowtwins_kmeans_size1.sh,10,2.662221509963274,0.7677105478670367,complete
cifar100_ResNet18_barlowtwins_kmeans_size2__TinyImageNet_lbl1,cifar100_ResNet18_barlowtwins_kmeans_size2__TinyImageNet_lbl1,CIFAR100,TinyImageNet,ResNet18,barlowtwins,kmeans,2,1,cifar100_ResNet18_barlowtwins_kmeans_size2,8000,10,random,500,aip-boyuwang,benchmarks/cross_downstream/jobs/evaluate/cifar100_ResNet18_barlowtwins_kmeans_size2.sh,10,1.5349999442696571,0.31683326079026325,complete
cifar100_ResNet18_barlowtwins_kmeans_size2__TinyImageNet_lbl5,cifar100_ResNet18_barlowtwins_kmeans_size2__TinyImageNet_lbl5,CIFAR100,TinyImageNet,ResNet18,barlowtwins,kmeans,2,5,cifar100_ResNet18_barlowtwins_kmeans_size2,8000,10,random,300,aip-boyuwang,benchmarks/cross_downstream/jobs/evaluate/cifar100_ResNet18_barlowtwins_kmeans_size2.sh,10,2.2949999198317528,0.21783018063379234,complete
cifar100_ResNet18_barlowtwins_kmeans_size2__CIFAR10_lbl1,cifar100_ResNet18_barlowtwins_kmeans_size2__CIFAR10_lbl1,CIFAR100,CIFAR10,ResNet18,barlowtwins,kmeans,2,1,cifar100_ResNet18_barlowtwins_kmeans_size2,8000,10,random,500,aip-boyuwang,benchmarks/cross_downstream/jobs/evaluate/cifar100_ResNet18_barlowtwins_kmeans_size2.sh,10,29.23299938440323,1.3372197694274224,complete
cifar100_ResNet18_barlowtwins_kmeans_size2__CIFAR10_lbl5,cifar100_ResNet18_barlowtwins_kmeans_size2__CIFAR10_lbl5,CIFAR100,CIFAR10,ResNet18,barlowtwins,kmeans,2,5,cifar100_ResNet18_barlowtwins_kmeans_size2,8000,10,random,300,aip-boyuwang,benchmarks/cross_downstream/jobs/evaluate/cifar100_ResNet18_barlowtwins_kmeans_size2.sh,10,33.589999079704285,1.2341973956628898,complete
cifar100_ResNet18_barlowtwins_kmeans_size2__Aircraft_lbl1,cifar100_ResNet18_barlowtwins_kmeans_size2__Aircraft_lbl1,CIFAR100,Aircraft,ResNet18,barlowtwins,kmeans,2,1,cifar100_ResNet18_barlowtwins_kmeans_size2,8000,10,random,500,aip-boyuwang,benchmarks/cross_downstream/jobs/evaluate/cifar100_ResNet18_barlowtwins_kmeans_size2.sh,10,1.590158948674798,0.25102310348596607,complete
cifar100_ResNet18_barlowtwins_kmeans_size2__Aircraft_lbl5,cifar100_ResNet18_barlowtwins_kmeans_size2__Aircraft_lbl5,CIFAR100,Aircraft,ResNet18,barlowtwins,kmeans,2,5,cifar100_ResNet18_barlowtwins_kmeans_size2,8000,10,random,300,aip-boyuwang,benchmarks/cross_downstream/jobs/evaluate/cifar100_ResNet18_barlowtwins_kmeans_size2.sh,10,1.896189535036683,0.24611400400011044,complete
cifar100_ResNet18_barlowtwins_kmeans_size2__CUB2011_lbl1,cifar100_ResNet18_barlowtwins_kmeans_size2__CUB2011_lbl1,CIFAR100,CUB2011,ResNet18,barlowtwins,kmeans,2,1,cifar100_ResNet18_barlowtwins_kmeans_size2,8000,10,random,500,aip-boyuwang,benchmarks/cross_downstream/jobs/evaluate/cifar100_ResNet18_barlowtwins_kmeans_size2.sh,10,0.8284432208165526,0.1195754789126507,complete
cifar100_ResNet18_barlowtwins_kmeans_size2__CUB2011_lbl5,cifar100_ResNet18_barlowtwins_kmeans_size2__CUB2011_lbl5,CIFAR100,CUB2011,ResNet18,barlowtwins,kmeans,2,5,cifar100_ResNet18_barlowtwins_kmeans_size2,8000,10,random,300,aip-boyuwang,benchmarks/cross_downstream/jobs/evaluate/cifar100_ResNet18_barlowtwins_kmeans_size2.sh,10,0.8577838959172368,0.0745905953523231,complete
cifar100_ResNet18_barlowtwins_kmeans_size2__Dogs_lbl1,cifar100_ResNet18_barlowtwins_kmeans_size2__Dogs_lbl1,CIFAR100,Dogs,ResNet18,barlowtwins,kmeans,2,1,cifar100_ResNet18_barlowtwins_kmeans_size2,8000,10,random,500,aip-boyuwang,benchmarks/cross_downstream/jobs/evaluate/cifar100_ResNet18_barlowtwins_kmeans_size2.sh,10,1.3438228331506252,0.21582236464451537,complete
cifar100_ResNet18_barlowtwins_kmeans_size2__Dogs_lbl5,cifar100_ResNet18_barlowtwins_kmeans_size2__Dogs_lbl5,CIFAR100,Dogs,ResNet18,barlowtwins,kmeans,2,5,cifar100_ResNet18_barlowtwins_kmeans_size2,8000,10,random,300,aip-boyuwang,benchmarks/cross_downstream/jobs/evaluate/cifar100_ResNet18_barlowtwins_kmeans_size2.sh,10,1.4055943954735994,0.25736208570716346,complete
cifar100_ResNet18_barlowtwins_kmeans_size2__Flowers_lbl1,cifar100_ResNet18_barlowtwins_kmeans_size2__Flowers_lbl1,CIFAR100,Flowers,ResNet18,barlowtwins,kmeans,2,1,cifar100_ResNet18_barlowtwins_kmeans_size2,8000,10,random,500,aip-boyuwang,benchmarks/cross_downstream/jobs/evaluate/cifar100_ResNet18_barlowtwins_kmeans_size2.sh,10,1.945031750947237,0.589472863995219,complete
cifar100_ResNet18_barlowtwins_kmeans_size2__Flowers_lbl5,cifar100_ResNet18_barlowtwins_kmeans_size2__Flowers_lbl5,CIFAR100,Flowers,ResNet18,barlowtwins,kmeans,2,5,cifar100_ResNet18_barlowtwins_kmeans_size2,8000,10,random,300,aip-boyuwang,benchmarks/cross_downstream/jobs/evaluate/cifar100_ResNet18_barlowtwins_kmeans_size2.sh,10,2.4101480189710855,0.8079122658046299,complete
cifar100_ResNet18_barlowtwins_kmeans_size5__TinyImageNet_lbl1,cifar100_ResNet18_barlowtwins_kmeans_size5__TinyImageNet_lbl1,CIFAR100,TinyImageNet,ResNet18,barlowtwins,kmeans,5,1,cifar100_ResNet18_barlowtwins_kmeans_size5,6000,10,random,500,aip-boyuwang,benchmarks/cross_downstream/jobs/evaluate/cifar100_ResNet18_barlowtwins_kmeans_size5.sh,10,0.8239999879151583,0.19334482549624454,complete
cifar100_ResNet18_barlowtwins_kmeans_size5__TinyImageNet_lbl5,cifar100_ResNet18_barlowtwins_kmeans_size5__TinyImageNet_lbl5,CIFAR100,TinyImageNet,ResNet18,barlowtwins,kmeans,5,5,cifar100_ResNet18_barlowtwins_kmeans_size5,6000,10,random,300,aip-boyuwang,benchmarks/cross_downstream/jobs/evaluate/cifar100_ResNet18_barlowtwins_kmeans_size5.sh,10,1.4299999829381704,0.3724095812289486,complete
cifar100_ResNet18_barlowtwins_kmeans_size5__CIFAR10_lbl1,cifar100_ResNet18_barlowtwins_kmeans_size5__CIFAR10_lbl1,CIFAR100,CIFAR10,ResNet18,barlowtwins,kmeans,5,1,cifar100_ResNet18_barlowtwins_kmeans_size5,6000,10,random,500,aip-boyuwang,benchmarks/cross_downstream/jobs/evaluate/cifar100_ResNet18_barlowtwins_kmeans_size5.sh,10,26.84099942445755,2.4987039498910826,complete
cifar100_ResNet18_barlowtwins_kmeans_size5__CIFAR10_lbl5,cifar100_ResNet18_barlowtwins_kmeans_size5__CIFAR10_lbl5,CIFAR100,CIFAR10,ResNet18,barlowtwins,kmeans,5,5,cifar100_ResNet18_barlowtwins_kmeans_size5,6000,10,random,300,aip-boyuwang,benchmarks/cross_downstream/jobs/evaluate/cifar100_ResNet18_barlowtwins_kmeans_size5.sh,10,32.190998792648315,1.0792945229763053,complete
cifar100_ResNet18_barlowtwins_kmeans_size5__Aircraft_lbl1,cifar100_ResNet18_barlowtwins_kmeans_size5__Aircraft_lbl1,CIFAR100,Aircraft,ResNet18,barlowtwins,kmeans,5,1,cifar100_ResNet18_barlowtwins_kmeans_size5,6000,10,random,500,aip-boyuwang,benchmarks/cross_downstream/jobs/evaluate/cifar100_ResNet18_barlowtwins_kmeans_size5.sh,10,1.4161415584385395,0.37200490761475036,complete
cifar100_ResNet18_barlowtwins_kmeans_size5__Aircraft_lbl5,cifar100_ResNet18_barlowtwins_kmeans_size5__Aircraft_lbl5,CIFAR100,Aircraft,ResNet18,barlowtwins,kmeans,5,5,cifar100_ResNet18_barlowtwins_kmeans_size5,6000,10,random,300,aip-boyuwang,benchmarks/cross_downstream/jobs/evaluate/cifar100_ResNet18_barlowtwins_kmeans_size5.sh,10,1.284128362312913,0.2087311956837351,complete
cifar100_ResNet18_barlowtwins_kmeans_size5__CUB2011_lbl1,cifar100_ResNet18_barlowtwins_kmeans_size5__CUB2011_lbl1,CIFAR100,CUB2011,ResNet18,barlowtwins,kmeans,5,1,cifar100_ResNet18_barlowtwins_kmeans_size5,6000,10,random,500,aip-boyuwang,benchmarks/cross_downstream/jobs/evaluate/cifar100_ResNet18_barlowtwins_kmeans_size5.sh,10,0.783569198101759,0.20457024732551582,complete
cifar100_ResNet18_barlowtwins_kmeans_size5__CUB2011_lbl5,cifar100_ResNet18_barlowtwins_kmeans_size5__CUB2011_lbl5,CIFAR100,CUB2011,ResNet18,barlowtwins,kmeans,5,5,cifar100_ResNet18_barlowtwins_kmeans_size5,6000,10,random,300,aip-boyuwang,benchmarks/cross_downstream/jobs/evaluate/cifar100_ResNet18_barlowtwins_kmeans_size5.sh,10,0.6230583344586194,0.15296048212634886,complete
cifar100_ResNet18_barlowtwins_kmeans_size5__Dogs_lbl1,cifar100_ResNet18_barlowtwins_kmeans_size5__Dogs_lbl1,CIFAR100,Dogs,ResNet18,barlowtwins,kmeans,5,1,cifar100_ResNet18_barlowtwins_kmeans_size5,6000,10,random,500,aip-boyuwang,benchmarks/cross_downstream/jobs/evaluate/cifar100_ResNet18_barlowtwins_kmeans_size5.sh,10,0.9755244804546237,0.2260024109598145,complete
cifar100_ResNet18_barlowtwins_kmeans_size5__Dogs_lbl5,cifar100_ResNet18_barlowtwins_kmeans_size5__Dogs_lbl5,CIFAR100,Dogs,ResNet18,barlowtwins,kmeans,5,5,cifar100_ResNet18_barlowtwins_kmeans_size5,6000,10,random,300,aip-boyuwang,benchmarks/cross_downstream/jobs/evaluate/cifar100_ResNet18_barlowtwins_kmeans_size5.sh,10,1.0011654905974865,0.1583299916531886,complete
cifar100_ResNet18_barlowtwins_kmeans_size5__Flowers_lbl1,cifar100_ResNet18_barlowtwins_kmeans_size5__Flowers_lbl1,CIFAR100,Flowers,ResNet18,barlowtwins,kmeans,5,1,cifar100_ResNet18_barlowtwins_kmeans_size5,6000,10,random,500,aip-boyuwang,benchmarks/cross_downstream/jobs/evaluate/cifar100_ResNet18_barlowtwins_kmeans_size5.sh,10,2.244267398491502,0.5751303865573273,complete
cifar100_ResNet18_barlowtwins_kmeans_size5__Flowers_lbl5,cifar100_ResNet18_barlowtwins_kmeans_size5__Flowers_lbl5,CIFAR100,Flowers,ResNet18,barlowtwins,kmeans,5,5,cifar100_ResNet18_barlowtwins_kmeans_size5,6000,10,random,300,aip-boyuwang,benchmarks/cross_downstream/jobs/evaluate/cifar100_ResNet18_barlowtwins_kmeans_size5.sh,10,1.6848268266767263,1.0792482968391095,complete
cifar100_ResNet18_barlowtwins_full_size100__TinyImageNet_lbl1,cifar100_ResNet18_barlowtwins_full_size100__TinyImageNet_lbl1,CIFAR100,TinyImageNet,ResNet18,barlowtwins,full,100,1,cifar100_ResNet18_barlowtwins_full_size100,300,10,random,500,aip-boyuwang,benchmarks/cross_downstream/jobs/evaluate/cifar100_ResNet18_barlowtwins_full_size100.sh,10,1.6239999514073133,0.2795313438008824,complete
cifar100_ResNet18_barlowtwins_full_size100__TinyImageNet_lbl5,cifar100_ResNet18_barlowtwins_full_size100__TinyImageNet_lbl5,CIFAR100,TinyImageNet,ResNet18,barlowtwins,full,100,5,cifar100_ResNet18_barlowtwins_full_size100,300,10,random,300,aip-boyuwang,benchmarks/cross_downstream/jobs/evaluate/cifar100_ResNet18_barlowtwins_full_size100.sh,10,2.6689998991787434,0.4316492479172504,complete
cifar100_ResNet18_barlowtwins_full_size100__CIFAR10_lbl1,cifar100_ResNet18_barlowtwins_full_size100__CIFAR10_lbl1,CIFAR100,CIFAR10,ResNet18,barlowtwins,full,100,1,cifar100_ResNet18_barlowtwins_full_size100,300,10,random,500,aip-boyuwang,benchmarks/cross_downstream/jobs/evaluate/cifar100_ResNet18_barlowtwins_full_size100.sh,10,33.53399932384491,1.5894454630441197,complete
cifar100_ResNet18_barlowtwins_full_size100__CIFAR10_lbl5,cifar100_ResNet18_barlowtwins_full_size100__CIFAR10_lbl5,CIFAR100,CIFAR10,ResNet18,barlowtwins,full,100,5,cifar100_ResNet18_barlowtwins_full_size100,300,10,random,300,aip-boyuwang,benchmarks/cross_downstream/jobs/evaluate/cifar100_ResNet18_barlowtwins_full_size100.sh,10,37.40599900484085,1.1597719220296423,complete
cifar100_ResNet18_barlowtwins_full_size100__Aircraft_lbl1,cifar100_ResNet18_barlowtwins_full_size100__Aircraft_lbl1,CIFAR100,Aircraft,ResNet18,barlowtwins,full,100,1,cifar100_ResNet18_barlowtwins_full_size100,300,10,random,500,aip-boyuwang,benchmarks/cross_downstream/jobs/evaluate/cifar100_ResNet18_barlowtwins_full_size100.sh,10,1.5511550474911928,0.32222780434113996,complete
cifar100_ResNet18_barlowtwins_full_size100__Aircraft_lbl5,cifar100_ResNet18_barlowtwins_full_size100__Aircraft_lbl5,CIFAR100,Aircraft,ResNet18,barlowtwins,full,100,5,cifar100_ResNet18_barlowtwins_full_size100,300,10,random,300,aip-boyuwang,benchmarks/cross_downstream/jobs/evaluate/cifar100_ResNet18_barlowtwins_full_size100.sh,10,1.6291628405451775,0.27390691731939015,complete
cifar100_ResNet18_barlowtwins_full_size100__CUB2011_lbl1,cifar100_ResNet18_barlowtwins_full_size100__CUB2011_lbl1,CIFAR100,CUB2011,ResNet18,barlowtwins,full,100,1,cifar100_ResNet18_barlowtwins_full_size100,300,10,random,500,aip-boyuwang,benchmarks/cross_downstream/jobs/evaluate/cifar100_ResNet18_barlowtwins_full_size100.sh,10,0.852606138214469,0.16538471650495074,complete
cifar100_ResNet18_barlowtwins_full_size100__CUB2011_lbl5,cifar100_ResNet18_barlowtwins_full_size100__CUB2011_lbl5,CIFAR100,CUB2011,ResNet18,barlowtwins,full,100,5,cifar100_ResNet18_barlowtwins_full_size100,300,10,random,300,aip-boyuwang,benchmarks/cross_downstream/jobs/evaluate/cifar100_ResNet18_barlowtwins_full_size100.sh,10,0.8646876085549593,0.21747091396876558,complete
cifar100_ResNet18_barlowtwins_full_size100__Dogs_lbl1,cifar100_ResNet18_barlowtwins_full_size100__Dogs_lbl1,CIFAR100,Dogs,ResNet18,barlowtwins,full,100,1,cifar100_ResNet18_barlowtwins_full_size100,300,10,random,500,aip-boyuwang,benchmarks/cross_downstream/jobs/evaluate/cifar100_ResNet18_barlowtwins_full_size100.sh,10,1.285547772422433,0.3050680505514626,complete
cifar100_ResNet18_barlowtwins_full_size100__Dogs_lbl5,cifar100_ResNet18_barlowtwins_full_size100__Dogs_lbl5,CIFAR100,Dogs,ResNet18,barlowtwins,full,100,5,cifar100_ResNet18_barlowtwins_full_size100,300,10,random,300,aip-boyuwang,benchmarks/cross_downstream/jobs/evaluate/cifar100_ResNet18_barlowtwins_full_size100.sh,10,1.377622364088893,0.37270939055456037,complete
cifar100_ResNet18_barlowtwins_full_size100__Flowers_lbl1,cifar100_ResNet18_barlowtwins_full_size100__Flowers_lbl1,CIFAR100,Flowers,ResNet18,barlowtwins,full,100,1,cifar100_ResNet18_barlowtwins_full_size100,300,10,random,500,aip-boyuwang,benchmarks/cross_downstream/jobs/evaluate/cifar100_ResNet18_barlowtwins_full_size100.sh,10,2.6752317883074284,0.8348329016167408,complete
cifar100_ResNet18_barlowtwins_full_size100__Flowers_lbl5,cifar100_ResNet18_barlowtwins_full_size100__Flowers_lbl5,CIFAR100,Flowers,ResNet18,barlowtwins,full,100,5,cifar100_ResNet18_barlowtwins_full_size100,300,10,random,300,aip-boyuwang,benchmarks/cross_downstream/jobs/evaluate/cifar100_ResNet18_barlowtwins_full_size100.sh,10,2.4491787515580654,1.1951706267538187,complete
tinyimagenet_ResNet18_simclr_random_size1__CIFAR10_lbl1,tinyimagenet_ResNet18_simclr_random_size1__CIFAR10_lbl1,TinyImageNet,CIFAR10,ResNet18,simclr,random,1,1,tinyimagenet_ResNet18_simclr_random_size1,5000,10,random,500,aip-boyuwang,benchmarks/cross_downstream/jobs/evaluate/tinyimagenet_ResNet18_simclr_random_size1.sh,10,31.512998938560486,1.3903399523924482,complete
tinyimagenet_ResNet18_simclr_random_size1__CIFAR10_lbl5,tinyimagenet_ResNet18_simclr_random_size1__CIFAR10_lbl5,TinyImageNet,CIFAR10,ResNet18,simclr,random,1,5,tinyimagenet_ResNet18_simclr_random_size1,5000,10,random,300,aip-boyuwang,benchmarks/cross_downstream/jobs/evaluate/tinyimagenet_ResNet18_simclr_random_size1.sh,10,37.44399845600128,1.0840483641318865,complete
tinyimagenet_ResNet18_simclr_random_size1__CIFAR100_lbl1,tinyimagenet_ResNet18_simclr_random_size1__CIFAR100_lbl1,TinyImageNet,CIFAR100,ResNet18,simclr,random,1,1,tinyimagenet_ResNet18_simclr_random_size1,5000,10,random,500,aip-boyuwang,benchmarks/cross_downstream/jobs/evaluate/tinyimagenet_ResNet18_simclr_random_size1.sh,10,5.721999928355217,0.7067421585327013,complete
tinyimagenet_ResNet18_simclr_random_size1__CIFAR100_lbl5,tinyimagenet_ResNet18_simclr_random_size1__CIFAR100_lbl5,TinyImageNet,CIFAR100,ResNet18,simclr,random,1,5,tinyimagenet_ResNet18_simclr_random_size1,5000,10,random,300,aip-boyuwang,benchmarks/cross_downstream/jobs/evaluate/tinyimagenet_ResNet18_simclr_random_size1.sh,10,9.745999723672867,0.41253151376487784,complete
tinyimagenet_ResNet18_simclr_random_size1__Aircraft_lbl1,tinyimagenet_ResNet18_simclr_random_size1__Aircraft_lbl1,TinyImageNet,Aircraft,ResNet18,simclr,random,1,1,tinyimagenet_ResNet18_simclr_random_size1,5000,10,random,500,aip-boyuwang,benchmarks/cross_downstream/jobs/evaluate/tinyimagenet_ResNet18_simclr_random_size1.sh,10,2.1152114681899548,0.26012214118534527,complete
tinyimagenet_ResNet18_simclr_random_size1__Aircraft_lbl5,tinyimagenet_ResNet18_simclr_random_size1__Aircraft_lbl5,TinyImageNet,Aircraft,ResNet18,simclr,random,1,5,tinyimagenet_ResNet18_simclr_random_size1,5000,10,random,300,aip-boyuwang,benchmarks/cross_downstream/jobs/evaluate/tinyimagenet_ResNet18_simclr_random_size1.sh,10,2.6672666147351265,0.4143963188778666,complete
tinyimagenet_ResNet18_simclr_random_size1__CUB2011_lbl1,tinyimagenet_ResNet18_simclr_random_size1__CUB2011_lbl1,TinyImageNet,CUB2011,ResNet18,simclr,random,1,1,tinyimagenet_ResNet18_simclr_random_size1,5000,10,random,500,aip-boyuwang,benchmarks/cross_downstream/jobs/evaluate/tinyimagenet_ResNet18_simclr_random_size1.sh,10,0.883672758936882,0.15980720845448645,complete
tinyimagenet_ResNet18_simclr_random_size1__CUB2011_lbl5,tinyimagenet_ResNet18_simclr_random_size1__CUB2011_lbl5,TinyImageNet,CUB2011,ResNet18,simclr,random,1,5,tinyimagenet_ResNet18_simclr_random_size1,5000,10,random,300,aip-boyuwang,benchmarks/cross_downstream/jobs/evaluate/tinyimagenet_ResNet18_simclr_random_size1.sh,10,0.9716948540881276,0.17260192646336964,complete
tinyimagenet_ResNet18_simclr_random_size1__Dogs_lbl1,tinyimagenet_ResNet18_simclr_random_size1__Dogs_lbl1,TinyImageNet,Dogs,ResNet18,simclr,random,1,1,tinyimagenet_ResNet18_simclr_random_size1,5000,10,random,500,aip-boyuwang,benchmarks/cross_downstream/jobs/evaluate/tinyimagenet_ResNet18_simclr_random_size1.sh,10,1.5314685087651014,0.16702803831439572,complete
tinyimagenet_ResNet18_simclr_random_size1__Dogs_lbl5,tinyimagenet_ResNet18_simclr_random_size1__Dogs_lbl5,TinyImageNet,Dogs,ResNet18,simclr,random,1,5,tinyimagenet_ResNet18_simclr_random_size1,5000,10,random,300,aip-boyuwang,benchmarks/cross_downstream/jobs/evaluate/tinyimagenet_ResNet18_simclr_random_size1.sh,10,2.075757570564747,0.24208590857452597,complete
tinyimagenet_ResNet18_simclr_random_size1__Flowers_lbl1,tinyimagenet_ResNet18_simclr_random_size1__Flowers_lbl1,TinyImageNet,Flowers,ResNet18,simclr,random,1,1,tinyimagenet_ResNet18_simclr_random_size1,5000,10,random,500,aip-boyuwang,benchmarks/cross_downstream/jobs/evaluate/tinyimagenet_ResNet18_simclr_random_size1.sh,10,2.008456699550152,0.725079293690142,complete
tinyimagenet_ResNet18_simclr_random_size1__Flowers_lbl5,tinyimagenet_ResNet18_simclr_random_size1__Flowers_lbl5,TinyImageNet,Flowers,ResNet18,simclr,random,1,5,tinyimagenet_ResNet18_simclr_random_size1,5000,10,random,300,aip-boyuwang,benchmarks/cross_downstream/jobs/evaluate/tinyimagenet_ResNet18_simclr_random_size1.sh,10,2.7240201830863953,0.5361110899792408,complete
tinyimagenet_ResNet18_simclr_random_size2__CIFAR10_lbl1,tinyimagenet_ResNet18_simclr_random_size2__CIFAR10_lbl1,TinyImageNet,CIFAR10,ResNet18,simclr,random,2,1,tinyimagenet_ResNet18_simclr_random_size2,4000,10,random,500,aip-boyuwang,benchmarks/cross_downstream/jobs/evaluate/tinyimagenet_ResNet18_simclr_random_size2.sh,10,32.367999255657196,1.0117834972815984,complete
tinyimagenet_ResNet18_simclr_random_size2__CIFAR10_lbl5,tinyimagenet_ResNet18_simclr_random_size2__CIFAR10_lbl5,TinyImageNet,CIFAR10,ResNet18,simclr,random,2,5,tinyimagenet_ResNet18_simclr_random_size2,4000,10,random,300,aip-boyuwang,benchmarks/cross_downstream/jobs/evaluate/tinyimagenet_ResNet18_simclr_random_size2.sh,10,37.874999046325684,0.6292191305038415,complete
tinyimagenet_ResNet18_simclr_random_size2__CIFAR100_lbl1,tinyimagenet_ResNet18_simclr_random_size2__CIFAR100_lbl1,TinyImageNet,CIFAR100,ResNet18,simclr,random,2,1,tinyimagenet_ResNet18_simclr_random_size2,4000,10,random,500,aip-boyuwang,benchmarks/cross_downstream/jobs/evaluate/tinyimagenet_ResNet18_simclr_random_size2.sh,10,5.438999943435192,0.35924150388366544,complete
tinyimagenet_ResNet18_simclr_random_size2__CIFAR100_lbl5,tinyimagenet_ResNet18_simclr_random_size2__CIFAR100_lbl5,TinyImageNet,CIFAR100,ResNet18,simclr,random,2,5,tinyimagenet_ResNet18_simclr_random_size2,4000,10,random,300,aip-boyuwang,benchmarks/cross_downstream/jobs/evaluate/tinyimagenet_ResNet18_simclr_random_size2.sh,10,9.479999840259552,0.5943624070936618,complete
tinyimagenet_ResNet18_simclr_random_size2__Aircraft_lbl1,tinyimagenet_ResNet18_simclr_random_size2__Aircraft_lbl1,TinyImageNet,Aircraft,ResNet18,simclr,random,2,1,tinyimagenet_ResNet18_simclr_random_size2,4000,10,random,500,aip-boyuwang,benchmarks/cross_downstream/jobs/evaluate/tinyimagenet_ResNet18_simclr_random_size2.sh,10,1.923192236572504,0.34367662292194895,complete
tinyimagenet_ResNet18_simclr_random_size2__Aircraft_lbl5,tinyimagenet_ResNet18_simclr_random_size2__Aircraft_lbl5,TinyImageNet,Aircraft,ResNet18,simclr,random,2,5,tinyimagenet_ResNet18_simclr_random_size2,4000,10,random,300,aip-boyuwang,benchmarks/cross_downstream/jobs/evaluate/tinyimagenet_ResNet18_simclr_random_size2.sh,10,2.412241119891405,0.1601409607501013,complete
tinyimagenet_ResNet18_simclr_random_size2__CUB2011_lbl1,tinyimagenet_ResNet18_simclr_random_size2__CUB2011_lbl1,TinyImageNet,CUB2011,ResNet18,simclr,random,2,1,tinyimagenet_ResNet18_simclr_random_size2,4000,10,random,500,aip-boyuwang,benchmarks/cross_downstream/jobs/evaluate/tinyimagenet_ResNet18_simclr_random_size2.sh,10,0.8940282976254821,0.10381077835698127,complete
tinyimagenet_ResNet18_simclr_random_size2__CUB2011_lbl5,tinyimagenet_ResNet18_simclr_random_size2__CUB2011_lbl5,TinyImageNet,CUB2011,ResNet18,simclr,random,2,5,tinyimagenet_ResNet18_simclr_random_size2,4000,10,random,300,aip-boyuwang,benchmarks/cross_downstream/jobs/evaluate/tinyimagenet_ResNet18_simclr_random_size2.sh,10,0.9647911600768566,0.10528288482252848,complete
tinyimagenet_ResNet18_simclr_random_size2__Dogs_lbl1,tinyimagenet_ResNet18_simclr_random_size2__Dogs_lbl1,TinyImageNet,Dogs,ResNet18,simclr,random,2,1,tinyimagenet_ResNet18_simclr_random_size2,4000,10,random,500,aip-boyuwang,benchmarks/cross_downstream/jobs/evaluate/tinyimagenet_ResNet18_simclr_random_size2.sh,10,1.5034965053200722,0.2555257894313859,complete
tinyimagenet_ResNet18_simclr_random_size2__Dogs_lbl5,tinyimagenet_ResNet18_simclr_random_size2__Dogs_lbl5,TinyImageNet,Dogs,ResNet18,simclr,random,2,5,tinyimagenet_ResNet18_simclr_random_size2,4000,10,random,300,aip-boyuwang,benchmarks/cross_downstream/jobs/evaluate/tinyimagenet_ResNet18_simclr_random_size2.sh,10,2.0652680657804012,0.22009842463580415,complete
tinyimagenet_ResNet18_simclr_random_size2__Flowers_lbl1,tinyimagenet_ResNet18_simclr_random_size2__Flowers_lbl1,TinyImageNet,Flowers,ResNet18,simclr,random,2,1,tinyimagenet_ResNet18_simclr_random_size2,4000,10,random,500,aip-boyuwang,benchmarks/cross_downstream/jobs/evaluate/tinyimagenet_ResNet18_simclr_random_size2.sh,10,2.0052041206508875,0.5481876929622425,complete
tinyimagenet_ResNet18_simclr_random_size2__Flowers_lbl5,tinyimagenet_ResNet18_simclr_random_size2__Flowers_lbl5,TinyImageNet,Flowers,ResNet18,simclr,random,2,5,tinyimagenet_ResNet18_simclr_random_size2,4000,10,random,300,aip-boyuwang,benchmarks/cross_downstream/jobs/evaluate/tinyimagenet_ResNet18_simclr_random_size2.sh,10,2.7061310969293118,0.6225443368259137,complete
tinyimagenet_ResNet18_simclr_random_size5__CIFAR10_lbl1,tinyimagenet_ResNet18_simclr_random_size5__CIFAR10_lbl1,TinyImageNet,CIFAR10,ResNet18,simclr,random,5,1,tinyimagenet_ResNet18_simclr_random_size5,3000,10,random,500,aip-boyuwang,benchmarks/cross_downstream/jobs/evaluate/tinyimagenet_ResNet18_simclr_random_size5.sh,10,31.94699913263321,1.3779053948381452,complete
tinyimagenet_ResNet18_simclr_random_size5__CIFAR10_lbl5,tinyimagenet_ResNet18_simclr_random_size5__CIFAR10_lbl5,TinyImageNet,CIFAR10,ResNet18,simclr,random,5,5,tinyimagenet_ResNet18_simclr_random_size5,3000,10,random,300,aip-boyuwang,benchmarks/cross_downstream/jobs/evaluate/tinyimagenet_ResNet18_simclr_random_size5.sh,10,36.995999217033386,1.167630007213573,complete
tinyimagenet_ResNet18_simclr_random_size5__CIFAR100_lbl1,tinyimagenet_ResNet18_simclr_random_size5__CIFAR100_lbl1,TinyImageNet,CIFAR100,ResNet18,simclr,random,5,1,tinyimagenet_ResNet18_simclr_random_size5,3000,10,random,500,aip-boyuwang,benchmarks/cross_downstream/jobs/evaluate/tinyimagenet_ResNet18_simclr_random_size5.sh,10,4.098999872803688,0.7612628383401338,complete
tinyimagenet_ResNet18_simclr_random_size5__CIFAR100_lbl5,tinyimagenet_ResNet18_simclr_random_size5__CIFAR100_lbl5,TinyImageNet,CIFAR100,ResNet18,simclr,random,5,5,tinyimagenet_ResNet18_simclr_random_size5,3000,10,random,300,aip-boyuwang,benchmarks/cross_downstream/jobs/evaluate/tinyimagenet_ResNet18_simclr_random_size5.sh,10,7.575999833643436,0.9782432308646459,complete
tinyimagenet_ResNet18_simclr_random_size5__Aircraft_lbl1,tinyimagenet_ResNet18_simclr_random_size5__Aircraft_lbl1,TinyImageNet,Aircraft,ResNet18,simclr,random,5,1,tinyimagenet_ResNet18_simclr_random_size5,3000,10,random,500,aip-boyuwang,benchmarks/cross_downstream/jobs/evaluate/tinyimagenet_ResNet18_simclr_random_size5.sh,10,1.6441643610596657,0.13843349798455357,complete
tinyimagenet_ResNet18_simclr_random_size5__Aircraft_lbl5,tinyimagenet_ResNet18_simclr_random_size5__Aircraft_lbl5,TinyImageNet,Aircraft,ResNet18,simclr,random,5,5,tinyimagenet_ResNet18_simclr_random_size5,3000,10,random,300,aip-boyuwang,benchmarks/cross_downstream/jobs/evaluate/tinyimagenet_ResNet18_simclr_random_size5.sh,10,1.899189855903387,0.3516173163666049,complete
tinyimagenet_ResNet18_simclr_random_size5__CUB2011_lbl1,tinyimagenet_ResNet18_simclr_random_size5__CUB2011_lbl1,TinyImageNet,CUB2011,ResNet18,simclr,random,5,1,tinyimagenet_ResNet18_simclr_random_size5,3000,10,random,500,aip-boyuwang,benchmarks/cross_downstream/jobs/evaluate/tinyimagenet_ResNet18_simclr_random_size5.sh,10,0.8180876774713397,0.15268975562260745,complete
tinyimagenet_ResNet18_simclr_random_size5__CUB2011_lbl5,tinyimagenet_ResNet18_simclr_random_size5__CUB2011_lbl5,TinyImageNet,CUB2011,ResNet18,simclr,random,5,5,tinyimagenet_ResNet18_simclr_random_size5,3000,10,random,300,aip-boyuwang,benchmarks/cross_downstream/jobs/evaluate/tinyimagenet_ResNet18_simclr_random_size5.sh,10,0.8215395268052816,0.12792031245629273,complete
tinyimagenet_ResNet18_simclr_random_size5__Dogs_lbl1,tinyimagenet_ResNet18_simclr_random_size5__Dogs_lbl1,TinyImageNet,Dogs,ResNet18,simclr,random,5,1,tinyimagenet_ResNet18_simclr_random_size5,3000,10,random,500,aip-boyuwang,benchmarks/cross_downstream/jobs/evaluate/tinyimagenet_ResNet18_simclr_random_size5.sh,10,1.4219114277511835,0.33257086681840636,complete
tinyimagenet_ResNet18_simclr_random_size5__Dogs_lbl5,tinyimagenet_ResNet18_simclr_random_size5__Dogs_lbl5,TinyImageNet,Dogs,ResNet18,simclr,random,5,5,tinyimagenet_ResNet18_simclr_random_size5,3000,10,random,300,aip-boyuwang,benchmarks/cross_downstream/jobs/evaluate/tinyimagenet_ResNet18_simclr_random_size5.sh,10,1.554778553545475,0.3521108113824083,complete
tinyimagenet_ResNet18_simclr_random_size5__Flowers_lbl1,tinyimagenet_ResNet18_simclr_random_size5__Flowers_lbl1,TinyImageNet,Flowers,ResNet18,simclr,random,5,1,tinyimagenet_ResNet18_simclr_random_size5,3000,10,random,500,aip-boyuwang,benchmarks/cross_downstream/jobs/evaluate/tinyimagenet_ResNet18_simclr_random_size5.sh,10,2.0491136889904737,0.6085950712355349,complete
tinyimagenet_ResNet18_simclr_random_size5__Flowers_lbl5,tinyimagenet_ResNet18_simclr_random_size5__Flowers_lbl5,TinyImageNet,Flowers,ResNet18,simclr,random,5,5,tinyimagenet_ResNet18_simclr_random_size5,3000,10,random,300,aip-boyuwang,benchmarks/cross_downstream/jobs/evaluate/tinyimagenet_ResNet18_simclr_random_size5.sh,10,2.323955148458481,0.7889445147807616,complete
tinyimagenet_ResNet18_simclr_kmeans_size1__CIFAR10_lbl1,tinyimagenet_ResNet18_simclr_kmeans_size1__CIFAR10_lbl1,TinyImageNet,CIFAR10,ResNet18,simclr,kmeans,1,1,tinyimagenet_ResNet18_simclr_kmeans_size1,5000,10,random,500,aip-boyuwang,benchmarks/cross_downstream/jobs/evaluate/tinyimagenet_ResNet18_simclr_kmeans_size1.sh,10,31.589999198913574,0.9916425660517945,complete
tinyimagenet_ResNet18_simclr_kmeans_size1__CIFAR10_lbl5,tinyimagenet_ResNet18_simclr_kmeans_size1__CIFAR10_lbl5,TinyImageNet,CIFAR10,ResNet18,simclr,kmeans,1,5,tinyimagenet_ResNet18_simclr_kmeans_size1,5000,10,random,300,aip-boyuwang,benchmarks/cross_downstream/jobs/evaluate/tinyimagenet_ResNet18_simclr_kmeans_size1.sh,10,37.24799871444702,0.6850593958924867,complete
tinyimagenet_ResNet18_simclr_kmeans_size1__CIFAR100_lbl1,tinyimagenet_ResNet18_simclr_kmeans_size1__CIFAR100_lbl1,TinyImageNet,CIFAR100,ResNet18,simclr,kmeans,1,1,tinyimagenet_ResNet18_simclr_kmeans_size1,5000,10,random,500,aip-boyuwang,benchmarks/cross_downstream/jobs/evaluate/tinyimagenet_ResNet18_simclr_kmeans_size1.sh,10,5.78799981623888,0.4128437643578912,complete
tinyimagenet_ResNet18_simclr_kmeans_size1__CIFAR100_lbl5,tinyimagenet_ResNet18_simclr_kmeans_size1__CIFAR100_lbl5,TinyImageNet,CIFAR100,ResNet18,simclr,kmeans,1,5,tinyimagenet_ResNet18_simclr_kmeans_size1,5000,10,random,300,aip-boyuwang,benchmarks/cross_downstream/jobs/evaluate/tinyimagenet_ResNet18_simclr_kmeans_size1.sh,10,9.926999732851982,0.3909545400466978,complete
tinyimagenet_ResNet18_simclr_kmeans_size1__Aircraft_lbl1,tinyimagenet_ResNet18_simclr_kmeans_size1__Aircraft_lbl1,TinyImageNet,Aircraft,ResNet18,simclr,kmeans,1,1,tinyimagenet_ResNet18_simclr_kmeans_size1,5000,10,random,500,aip-boyuwang,benchmarks/cross_downstream/jobs/evaluate/tinyimagenet_ResNet18_simclr_kmeans_size1.sh,10,2.1032102406024933,0.2692665905420492,complete
tinyimagenet_ResNet18_simclr_kmeans_size1__Aircraft_lbl5,tinyimagenet_ResNet18_simclr_kmeans_size1__Aircraft_lbl5,TinyImageNet,Aircraft,ResNet18,simclr,kmeans,1,5,tinyimagenet_ResNet18_simclr_kmeans_size1,5000,10,random,300,aip-boyuwang,benchmarks/cross_downstream/jobs/evaluate/tinyimagenet_ResNet18_simclr_kmeans_size1.sh,10,2.6402639597654343,0.3249940533711165,complete
tinyimagenet_ResNet18_simclr_kmeans_size1__CUB2011_lbl1,tinyimagenet_ResNet18_simclr_kmeans_size1__CUB2011_lbl1,TinyImageNet,CUB2011,ResNet18,simclr,kmeans,1,1,tinyimagenet_ResNet18_simclr_kmeans_size1,5000,10,random,500,aip-boyuwang,benchmarks/cross_downstream/jobs/evaluate/tinyimagenet_ResNet18_simclr_kmeans_size1.sh,10,0.8992060599848628,0.10528289372848508,complete
tinyimagenet_ResNet18_simclr_kmeans_size1__CUB2011_lbl5,tinyimagenet_ResNet18_simclr_kmeans_size1__CUB2011_lbl5,TinyImageNet,CUB2011,ResNet18,simclr,kmeans,1,5,tinyimagenet_ResNet18_simclr_kmeans_size1,5000,10,random,300,aip-boyuwang,benchmarks/cross_downstream/jobs/evaluate/tinyimagenet_ResNet18_simclr_kmeans_size1.sh,10,1.0614428762346506,0.14559948026427244,complete
tinyimagenet_ResNet18_simclr_kmeans_size1__Dogs_lbl1,tinyimagenet_ResNet18_simclr_kmeans_size1__Dogs_lbl1,TinyImageNet,Dogs,ResNet18,simclr,kmeans,1,1,tinyimagenet_ResNet18_simclr_kmeans_size1,5000,10,random,500,aip-boyuwang,benchmarks/cross_downstream/jobs/evaluate/tinyimagenet_ResNet18_simclr_kmeans_size1.sh,10,1.4930070005357265,0.12630147630585822,complete
tinyimagenet_ResNet18_simclr_kmeans_size1__Dogs_lbl5,tinyimagenet_ResNet18_simclr_kmeans_size1__Dogs_lbl5,TinyImageNet,Dogs,ResNet18,simclr,kmeans,1,5,tinyimagenet_ResNet18_simclr_kmeans_size1,5000,10,random,300,aip-boyuwang,benchmarks/cross_downstream/jobs/evaluate/tinyimagenet_ResNet18_simclr_kmeans_size1.sh,10,2.019813545048237,0.22865813434170726,complete
tinyimagenet_ResNet18_simclr_kmeans_size1__Flowers_lbl1,tinyimagenet_ResNet18_simclr_kmeans_size1__Flowers_lbl1,TinyImageNet,Flowers,ResNet18,simclr,kmeans,1,1,tinyimagenet_ResNet18_simclr_kmeans_size1,5000,10,random,500,aip-boyuwang,benchmarks/cross_downstream/jobs/evaluate/tinyimagenet_ResNet18_simclr_kmeans_size1.sh,10,2.008456690236926,0.4388112733387272,complete
tinyimagenet_ResNet18_simclr_kmeans_size1__Flowers_lbl5,tinyimagenet_ResNet18_simclr_kmeans_size1__Flowers_lbl5,TinyImageNet,Flowers,ResNet18,simclr,kmeans,1,5,tinyimagenet_ResNet18_simclr_kmeans_size1,5000,10,random,300,aip-boyuwang,benchmarks/cross_downstream/jobs/evaluate/tinyimagenet_ResNet18_simclr_kmeans_size1.sh,10,2.8118393756449223,0.664256018094557,complete
tinyimagenet_ResNet18_simclr_kmeans_size2__CIFAR10_lbl1,tinyimagenet_ResNet18_simclr_kmeans_size2__CIFAR10_lbl1,TinyImageNet,CIFAR10,ResNet18,simclr,kmeans,2,1,tinyimagenet_ResNet18_simclr_kmeans_size2,4000,10,random,500,aip-boyuwang,benchmarks/cross_downstream/jobs/evaluate/tinyimagenet_ResNet18_simclr_kmeans_size2.sh,10,31.777999103069305,1.0695252801222945,complete
tinyimagenet_ResNet18_simclr_kmeans_size2__CIFAR10_lbl5,tinyimagenet_ResNet18_simclr_kmeans_size2__CIFAR10_lbl5,TinyImageNet,CIFAR10,ResNet18,simclr,kmeans,2,5,tinyimagenet_ResNet18_simclr_kmeans_size2,4000,10,random,300,aip-boyuwang,benchmarks/cross_downstream/jobs/evaluate/tinyimagenet_ResNet18_simclr_kmeans_size2.sh,10,37.38799899816513,0.8577335574818825,complete
tinyimagenet_ResNet18_simclr_kmeans_size2__CIFAR100_lbl1,tinyimagenet_ResNet18_simclr_kmeans_size2__CIFAR100_lbl1,TinyImageNet,CIFAR100,ResNet18,simclr,kmeans,2,1,tinyimagenet_ResNet18_simclr_kmeans_size2,4000,10,random,500,aip-boyuwang,benchmarks/cross_downstream/jobs/evaluate/tinyimagenet_ResNet18_simclr_kmeans_size2.sh,10,5.40199987590313,0.4412053787254392,complete
tinyimagenet_ResNet18_simclr_kmeans_size2__CIFAR100_lbl5,tinyimagenet_ResNet18_simclr_kmeans_size2__CIFAR100_lbl5,TinyImageNet,CIFAR100,ResNet18,simclr,kmeans,2,5,tinyimagenet_ResNet18_simclr_kmeans_size2,4000,10,random,300,aip-boyuwang,benchmarks/cross_downstream/jobs/evaluate/tinyimagenet_ResNet18_simclr_kmeans_size2.sh,10,9.287999719381332,0.26135556456736975,complete
tinyimagenet_ResNet18_simclr_kmeans_size2__Aircraft_lbl1,tinyimagenet_ResNet18_simclr_kmeans_size2__Aircraft_lbl1,TinyImageNet,Aircraft,ResNet18,simclr,kmeans,2,1,tinyimagenet_ResNet18_simclr_kmeans_size2,4000,10,random,500,aip-boyuwang,benchmarks/cross_downstream/jobs/evaluate/tinyimagenet_ResNet18_simclr_kmeans_size2.sh,10,1.8631862290203571,0.26019906472673804,complete
tinyimagenet_ResNet18_simclr_kmeans_size2__Aircraft_lbl5,tinyimagenet_ResNet18_simclr_kmeans_size2__Aircraft_lbl5,TinyImageNet,Aircraft,ResNet18,simclr,kmeans,2,5,tinyimagenet_ResNet18_simclr_kmeans_size2,4000,10,random,300,aip-boyuwang,benchmarks/cross_downstream/jobs/evaluate/tinyimagenet_ResNet18_simclr_kmeans_size2.sh,10,2.3012300580739975,0.26462048536631316,complete
tinyimagenet_ResNet18_simclr_kmeans_size2__CUB2011_lbl1,tinyimagenet_ResNet18_simclr_kmeans_size2__CUB2011_lbl1,TinyImageNet,CUB2011,ResNet18,simclr,kmeans,2,1,tinyimagenet_ResNet18_simclr_kmeans_size2,4000,10,random,500,aip-boyuwang,benchmarks/cross_downstream/jobs/evaluate/tinyimagenet_ResNet18_simclr_kmeans_size2.sh,10,0.8767690695822239,0.10848784937400462,complete
tinyimagenet_ResNet18_simclr_kmeans_size2__CUB2011_lbl5,tinyimagenet_ResNet18_simclr_kmeans_size2__CUB2011_lbl5,TinyImageNet,CUB2011,ResNet18,simclr,kmeans,2,5,tinyimagenet_ResNet18_simclr_kmeans_size2,4000,10,random,300,aip-boyuwang,benchmarks/cross_downstream/jobs/evaluate/tinyimagenet_ResNet18_simclr_kmeans_size2.sh,10,0.9872281597927213,0.1144269768098488,complete
tinyimagenet_ResNet18_simclr_kmeans_size2__Dogs_lbl1,tinyimagenet_ResNet18_simclr_kmeans_size2__Dogs_lbl1,TinyImageNet,Dogs,ResNet18,simclr,kmeans,2,1,tinyimagenet_ResNet18_simclr_kmeans_size2,4000,10,random,500,aip-boyuwang,benchmarks/cross_downstream/jobs/evaluate/tinyimagenet_ResNet18_simclr_kmeans_size2.sh,10,1.5303030423820019,0.21293578805234809,complete
tinyimagenet_ResNet18_simclr_kmeans_size2__Dogs_lbl5,tinyimagenet_ResNet18_simclr_kmeans_size2__Dogs_lbl5,TinyImageNet,Dogs,ResNet18,simclr,kmeans,2,5,tinyimagenet_ResNet18_simclr_kmeans_size2,4000,10,random,300,aip-boyuwang,benchmarks/cross_downstream/jobs/evaluate/tinyimagenet_ResNet18_simclr_kmeans_size2.sh,10,1.9242424052208662,0.24481385530414387,complete
tinyimagenet_ResNet18_simclr_kmeans_size2__Flowers_lbl1,tinyimagenet_ResNet18_simclr_kmeans_size2__Flowers_lbl1,TinyImageNet,Flowers,ResNet18,simclr,kmeans,2,1,tinyimagenet_ResNet18_simclr_kmeans_size2,4000,10,random,500,aip-boyuwang,benchmarks/cross_downstream/jobs/evaluate/tinyimagenet_ResNet18_simclr_kmeans_size2.sh,10,2.09952843375504,0.7023177516544348,complete
tinyimagenet_ResNet18_simclr_kmeans_size2__Flowers_lbl5,tinyimagenet_ResNet18_simclr_kmeans_size2__Flowers_lbl5,TinyImageNet,Flowers,ResNet18,simclr,kmeans,2,5,tinyimagenet_ResNet18_simclr_kmeans_size2,4000,10,random,300,aip-boyuwang,benchmarks/cross_downstream/jobs/evaluate/tinyimagenet_ResNet18_simclr_kmeans_size2.sh,10,2.6540901139378548,0.355623324601808,complete
tinyimagenet_ResNet18_simclr_kmeans_size5__CIFAR10_lbl1,tinyimagenet_ResNet18_simclr_kmeans_size5__CIFAR10_lbl1,TinyImageNet,CIFAR10,ResNet18,simclr,kmeans,5,1,tinyimagenet_ResNet18_simclr_kmeans_size5,3000,10,random,500,aip-boyuwang,benchmarks/cross_downstream/jobs/evaluate/tinyimagenet_ResNet18_simclr_kmeans_size5.sh,10,32.00699895620346,1.3526769149343438,complete
tinyimagenet_ResNet18_simclr_kmeans_size5__CIFAR10_lbl5,tinyimagenet_ResNet18_simclr_kmeans_size5__CIFAR10_lbl5,TinyImageNet,CIFAR10,ResNet18,simclr,kmeans,5,5,tinyimagenet_ResNet18_simclr_kmeans_size5,3000,10,random,300,aip-boyuwang,benchmarks/cross_downstream/jobs/evaluate/tinyimagenet_ResNet18_simclr_kmeans_size5.sh,10,37.06399857997894,0.7496846345749848,complete
tinyimagenet_ResNet18_simclr_kmeans_size5__CIFAR100_lbl1,tinyimagenet_ResNet18_simclr_kmeans_size5__CIFAR100_lbl1,TinyImageNet,CIFAR100,ResNet18,simclr,kmeans,5,1,tinyimagenet_ResNet18_simclr_kmeans_size5,3000,10,random,500,aip-boyuwang,benchmarks/cross_downstream/jobs/evaluate/tinyimagenet_ResNet18_simclr_kmeans_size5.sh,10,4.074999932199717,0.6900121071930777,complete
tinyimagenet_ResNet18_simclr_kmeans_size5__CIFAR100_lbl5,tinyimagenet_ResNet18_simclr_kmeans_size5__CIFAR100_lbl5,TinyImageNet,CIFAR100,ResNet18,simclr,kmeans,5,5,tinyimagenet_ResNet18_simclr_kmeans_size5,3000,10,random,300,aip-boyuwang,benchmarks/cross_downstream/jobs/evaluate/tinyimagenet_ResNet18_simclr_kmeans_size5.sh,10,7.560999765992165,0.9174657412826666,complete
tinyimagenet_ResNet18_simclr_kmeans_size5__Aircraft_lbl1,tinyimagenet_ResNet18_simclr_kmeans_size5__Aircraft_lbl1,TinyImageNet,Aircraft,ResNet18,simclr,kmeans,5,1,tinyimagenet_ResNet18_simclr_kmeans_size5,3000,10,random,500,aip-boyuwang,benchmarks/cross_downstream/jobs/evaluate/tinyimagenet_ResNet18_simclr_kmeans_size5.sh,10,1.6231622453778982,0.22737705702079583,complete
tinyimagenet_ResNet18_simclr_kmeans_size5__Aircraft_lbl5,tinyimagenet_ResNet18_simclr_kmeans_size5__Aircraft_lbl5,TinyImageNet,Aircraft,ResNet18,simclr,kmeans,5,5,tinyimagenet_ResNet18_simclr_kmeans_size5,3000,10,random,300,aip-boyuwang,benchmarks/cross_downstream/jobs/evaluate/tinyimagenet_ResNet18_simclr_kmeans_size5.sh,10,1.8241823557764292,0.281381985472625,complete
tinyimagenet_ResNet18_simclr_kmeans_size5__CUB2011_lbl1,tinyimagenet_ResNet18_simclr_kmeans_size5__CUB2011_lbl1,TinyImageNet,CUB2011,ResNet18,simclr,kmeans,5,1,tinyimagenet_ResNet18_simclr_kmeans_size5,3000,10,random,500,aip-boyuwang,benchmarks/cross_downstream/jobs/evaluate/tinyimagenet_ResNet18_simclr_kmeans_size5.sh,10,0.7887469744309783,0.09489963114446608,complete
tinyimagenet_ResNet18_simclr_kmeans_size5__CUB2011_lbl5,tinyimagenet_ResNet18_simclr_kmeans_size5__CUB2011_lbl5,TinyImageNet,CUB2011,ResNet18,simclr,kmeans,5,5,tinyimagenet_ResNet18_simclr_kmeans_size5,3000,10,random,300,aip-boyuwang,benchmarks/cross_downstream/jobs/evaluate/tinyimagenet_ResNet18_simclr_kmeans_size5.sh,10,0.7887469884008169,0.1655547561160757,complete
tinyimagenet_ResNet18_simclr_kmeans_size5__Dogs_lbl1,tinyimagenet_ResNet18_simclr_kmeans_size5__Dogs_lbl1,TinyImageNet,Dogs,ResNet18,simclr,kmeans,5,1,tinyimagenet_ResNet18_simclr_kmeans_size5,3000,10,random,500,aip-boyuwang,benchmarks/cross_downstream/jobs/evaluate/tinyimagenet_ResNet18_simclr_kmeans_size5.sh,10,1.3414918445050716,0.3174526061685469,complete
tinyimagenet_ResNet18_simclr_kmeans_size5__Dogs_lbl5,tinyimagenet_ResNet18_simclr_kmeans_size5__Dogs_lbl5,TinyImageNet,Dogs,ResNet18,simclr,kmeans,5,5,tinyimagenet_ResNet18_simclr_kmeans_size5,3000,10,random,300,aip-boyuwang,benchmarks/cross_downstream/jobs/evaluate/tinyimagenet_ResNet18_simclr_kmeans_size5.sh,10,1.5594405680894852,0.29113174086741456,complete
tinyimagenet_ResNet18_simclr_kmeans_size5__Flowers_lbl1,tinyimagenet_ResNet18_simclr_kmeans_size5__Flowers_lbl1,TinyImageNet,Flowers,ResNet18,simclr,kmeans,5,1,tinyimagenet_ResNet18_simclr_kmeans_size5,3000,10,random,500,aip-boyuwang,benchmarks/cross_downstream/jobs/evaluate/tinyimagenet_ResNet18_simclr_kmeans_size5.sh,10,2.0865181367844343,0.5910585209245746,complete
tinyimagenet_ResNet18_simclr_kmeans_size5__Flowers_lbl5,tinyimagenet_ResNet18_simclr_kmeans_size5__Flowers_lbl5,TinyImageNet,Flowers,ResNet18,simclr,kmeans,5,5,tinyimagenet_ResNet18_simclr_kmeans_size5,3000,10,random,300,aip-boyuwang,benchmarks/cross_downstream/jobs/evaluate/tinyimagenet_ResNet18_simclr_kmeans_size5.sh,10,2.382501270622015,0.6321494599324404,complete
tinyimagenet_ResNet18_simclr_full_size100__CIFAR10_lbl1,tinyimagenet_ResNet18_simclr_full_size100__CIFAR10_lbl1,TinyImageNet,CIFAR10,ResNet18,simclr,full,100,1,tinyimagenet_ResNet18_simclr_full_size100,300,10,random,500,aip-boyuwang,benchmarks/cross_downstream/jobs/evaluate/tinyimagenet_ResNet18_simclr_full_size100.sh,0,,,incomplete
tinyimagenet_ResNet18_simclr_full_size100__CIFAR10_lbl5,tinyimagenet_ResNet18_simclr_full_size100__CIFAR10_lbl5,TinyImageNet,CIFAR10,ResNet18,simclr,full,100,5,tinyimagenet_ResNet18_simclr_full_size100,300,10,random,300,aip-boyuwang,benchmarks/cross_downstream/jobs/evaluate/tinyimagenet_ResNet18_simclr_full_size100.sh,0,,,incomplete
tinyimagenet_ResNet18_simclr_full_size100__CIFAR100_lbl1,tinyimagenet_ResNet18_simclr_full_size100__CIFAR100_lbl1,TinyImageNet,CIFAR100,ResNet18,simclr,full,100,1,tinyimagenet_ResNet18_simclr_full_size100,300,10,random,500,aip-boyuwang,benchmarks/cross_downstream/jobs/evaluate/tinyimagenet_ResNet18_simclr_full_size100.sh,0,,,incomplete
tinyimagenet_ResNet18_simclr_full_size100__CIFAR100_lbl5,tinyimagenet_ResNet18_simclr_full_size100__CIFAR100_lbl5,TinyImageNet,CIFAR100,ResNet18,simclr,full,100,5,tinyimagenet_ResNet18_simclr_full_size100,300,10,random,300,aip-boyuwang,benchmarks/cross_downstream/jobs/evaluate/tinyimagenet_ResNet18_simclr_full_size100.sh,0,,,incomplete
tinyimagenet_ResNet18_simclr_full_size100__Aircraft_lbl1,tinyimagenet_ResNet18_simclr_full_size100__Aircraft_lbl1,TinyImageNet,Aircraft,ResNet18,simclr,full,100,1,tinyimagenet_ResNet18_simclr_full_size100,300,10,random,500,aip-boyuwang,benchmarks/cross_downstream/jobs/evaluate/tinyimagenet_ResNet18_simclr_full_size100.sh,0,,,incomplete
tinyimagenet_ResNet18_simclr_full_size100__Aircraft_lbl5,tinyimagenet_ResNet18_simclr_full_size100__Aircraft_lbl5,TinyImageNet,Aircraft,ResNet18,simclr,full,100,5,tinyimagenet_ResNet18_simclr_full_size100,300,10,random,300,aip-boyuwang,benchmarks/cross_downstream/jobs/evaluate/tinyimagenet_ResNet18_simclr_full_size100.sh,0,,,incomplete
tinyimagenet_ResNet18_simclr_full_size100__CUB2011_lbl1,tinyimagenet_ResNet18_simclr_full_size100__CUB2011_lbl1,TinyImageNet,CUB2011,ResNet18,simclr,full,100,1,tinyimagenet_ResNet18_simclr_full_size100,300,10,random,500,aip-boyuwang,benchmarks/cross_downstream/jobs/evaluate/tinyimagenet_ResNet18_simclr_full_size100.sh,0,,,incomplete
tinyimagenet_ResNet18_simclr_full_size100__CUB2011_lbl5,tinyimagenet_ResNet18_simclr_full_size100__CUB2011_lbl5,TinyImageNet,CUB2011,ResNet18,simclr,full,100,5,tinyimagenet_ResNet18_simclr_full_size100,300,10,random,300,aip-boyuwang,benchmarks/cross_downstream/jobs/evaluate/tinyimagenet_ResNet18_simclr_full_size100.sh,0,,,incomplete
tinyimagenet_ResNet18_simclr_full_size100__Dogs_lbl1,tinyimagenet_ResNet18_simclr_full_size100__Dogs_lbl1,TinyImageNet,Dogs,ResNet18,simclr,full,100,1,tinyimagenet_ResNet18_simclr_full_size100,300,10,random,500,aip-boyuwang,benchmarks/cross_downstream/jobs/evaluate/tinyimagenet_ResNet18_simclr_full_size100.sh,0,,,incomplete
tinyimagenet_ResNet18_simclr_full_size100__Dogs_lbl5,tinyimagenet_ResNet18_simclr_full_size100__Dogs_lbl5,TinyImageNet,Dogs,ResNet18,simclr,full,100,5,tinyimagenet_ResNet18_simclr_full_size100,300,10,random,300,aip-boyuwang,benchmarks/cross_downstream/jobs/evaluate/tinyimagenet_ResNet18_simclr_full_size100.sh,0,,,incomplete
tinyimagenet_ResNet18_simclr_full_size100__Flowers_lbl1,tinyimagenet_ResNet18_simclr_full_size100__Flowers_lbl1,TinyImageNet,Flowers,ResNet18,simclr,full,100,1,tinyimagenet_ResNet18_simclr_full_size100,300,10,random,500,aip-boyuwang,benchmarks/cross_downstream/jobs/evaluate/tinyimagenet_ResNet18_simclr_full_size100.sh,0,,,incomplete
tinyimagenet_ResNet18_simclr_full_size100__Flowers_lbl5,tinyimagenet_ResNet18_simclr_full_size100__Flowers_lbl5,TinyImageNet,Flowers,ResNet18,simclr,full,100,5,tinyimagenet_ResNet18_simclr_full_size100,300,10,random,300,aip-boyuwang,benchmarks/cross_downstream/jobs/evaluate/tinyimagenet_ResNet18_simclr_full_size100.sh,0,,,incomplete
tinyimagenet_ResNet18_barlowtwins_random_size1__CIFAR10_lbl1,tinyimagenet_ResNet18_barlowtwins_random_size1__CIFAR10_lbl1,TinyImageNet,CIFAR10,ResNet18,barlowtwins,random,1,1,tinyimagenet_ResNet18_barlowtwins_random_size1,10000,10,random,500,aip-boyuwang,benchmarks/cross_downstream/jobs/evaluate/tinyimagenet_ResNet18_barlowtwins_random_size1.sh,10,28.506999611854553,2.3234024821764887,complete
tinyimagenet_ResNet18_barlowtwins_random_size1__CIFAR10_lbl5,tinyimagenet_ResNet18_barlowtwins_random_size1__CIFAR10_lbl5,TinyImageNet,CIFAR10,ResNet18,barlowtwins,random,1,5,tinyimagenet_ResNet18_barlowtwins_random_size1,10000,10,random,300,aip-boyuwang,benchmarks/cross_downstream/jobs/evaluate/tinyimagenet_ResNet18_barlowtwins_random_size1.sh,10,33.14999967813492,1.5723937725684698,complete
tinyimagenet_ResNet18_barlowtwins_random_size1__CIFAR100_lbl1,tinyimagenet_ResNet18_barlowtwins_random_size1__CIFAR100_lbl1,TinyImageNet,CIFAR100,ResNet18,barlowtwins,random,1,1,tinyimagenet_ResNet18_barlowtwins_random_size1,10000,10,random,500,aip-boyuwang,benchmarks/cross_downstream/jobs/evaluate/tinyimagenet_ResNet18_barlowtwins_random_size1.sh,10,3.448999971151352,0.5607227101017866,complete
tinyimagenet_ResNet18_barlowtwins_random_size1__CIFAR100_lbl5,tinyimagenet_ResNet18_barlowtwins_random_size1__CIFAR100_lbl5,TinyImageNet,CIFAR100,ResNet18,barlowtwins,random,1,5,tinyimagenet_ResNet18_barlowtwins_random_size1,10000,10,random,300,aip-boyuwang,benchmarks/cross_downstream/jobs/evaluate/tinyimagenet_ResNet18_barlowtwins_random_size1.sh,10,5.909999869763851,0.761446028981823,complete
tinyimagenet_ResNet18_barlowtwins_random_size1__Aircraft_lbl1,tinyimagenet_ResNet18_barlowtwins_random_size1__Aircraft_lbl1,TinyImageNet,Aircraft,ResNet18,barlowtwins,random,1,1,tinyimagenet_ResNet18_barlowtwins_random_size1,10000,10,random,500,aip-boyuwang,benchmarks/cross_downstream/jobs/evaluate/tinyimagenet_ResNet18_barlowtwins_random_size1.sh,10,1.6111610550433397,0.3301996346983544,complete
tinyimagenet_ResNet18_barlowtwins_random_size1__Aircraft_lbl5,tinyimagenet_ResNet18_barlowtwins_random_size1__Aircraft_lbl5,TinyImageNet,Aircraft,ResNet18,barlowtwins,random,1,5,tinyimagenet_ResNet18_barlowtwins_random_size1,10000,10,random,300,aip-boyuwang,benchmarks/cross_downstream/jobs/evaluate/tinyimagenet_ResNet18_barlowtwins_random_size1.sh,10,1.6981697734445333,0.4035747363625565,complete
tinyimagenet_ResNet18_barlowtwins_random_size1__CUB2011_lbl1,tinyimagenet_ResNet18_barlowtwins_random_size1__CUB2011_lbl1,TinyImageNet,CUB2011,ResNet18,barlowtwins,random,1,1,tinyimagenet_ResNet18_barlowtwins_random_size1,10000,10,random,500,aip-boyuwang,benchmarks/cross_downstream/jobs/evaluate/tinyimagenet_ResNet18_barlowtwins_random_size1.sh,10,0.7991025224328041,0.13808585692659903,complete
tinyimagenet_ResNet18_barlowtwins_random_size1__CUB2011_lbl5,tinyimagenet_ResNet18_barlowtwins_random_size1__CUB2011_lbl5,TinyImageNet,CUB2011,ResNet18,barlowtwins,random,1,5,tinyimagenet_ResNet18_barlowtwins_random_size1,10000,10,random,300,aip-boyuwang,benchmarks/cross_downstream/jobs/evaluate/tinyimagenet_ResNet18_barlowtwins_random_size1.sh,10,0.7835691934451461,0.19153515388384798,complete
tinyimagenet_ResNet18_barlowtwins_random_size1__Dogs_lbl1,tinyimagenet_ResNet18_barlowtwins_random_size1__Dogs_lbl1,TinyImageNet,Dogs,ResNet18,barlowtwins,random,1,1,tinyimagenet_ResNet18_barlowtwins_random_size1,10000,10,random,500,aip-boyuwang,benchmarks/cross_downstream/jobs/evaluate/tinyimagenet_ResNet18_barlowtwins_random_size1.sh,10,1.2878787936642766,0.29198330765484054,complete
tinyimagenet_ResNet18_barlowtwins_random_size1__Dogs_lbl5,tinyimagenet_ResNet18_barlowtwins_random_size1__Dogs_lbl5,TinyImageNet,Dogs,ResNet18,barlowtwins,random,1,5,tinyimagenet_ResNet18_barlowtwins_random_size1,10000,10,random,300,aip-boyuwang,benchmarks/cross_downstream/jobs/evaluate/tinyimagenet_ResNet18_barlowtwins_random_size1.sh,10,1.3438228517770767,0.27526291759136107,complete
tinyimagenet_ResNet18_barlowtwins_random_size1__Flowers_lbl1,tinyimagenet_ResNet18_barlowtwins_random_size1__Flowers_lbl1,TinyImageNet,Flowers,ResNet18,barlowtwins,random,1,1,tinyimagenet_ResNet18_barlowtwins_random_size1,10000,10,random,500,aip-boyuwang,benchmarks/cross_downstream/jobs/evaluate/tinyimagenet_ResNet18_barlowtwins_random_size1.sh,10,2.1109123807400465,0.5749668048429628,complete
tinyimagenet_ResNet18_barlowtwins_random_size1__Flowers_lbl5,tinyimagenet_ResNet18_barlowtwins_random_size1__Flowers_lbl5,TinyImageNet,Flowers,ResNet18,barlowtwins,random,1,5,tinyimagenet_ResNet18_barlowtwins_random_size1,10000,10,random,300,aip-boyuwang,benchmarks/cross_downstream/jobs/evaluate/tinyimagenet_ResNet18_barlowtwins_random_size1.sh,10,2.2198731917887926,0.8071644446226102,complete
tinyimagenet_ResNet18_barlowtwins_random_size2__CIFAR10_lbl1,tinyimagenet_ResNet18_barlowtwins_random_size2__CIFAR10_lbl1,TinyImageNet,CIFAR10,ResNet18,barlowtwins,random,2,1,tinyimagenet_ResNet18_barlowtwins_random_size2,8000,10,random,500,aip-boyuwang,benchmarks/cross_downstream/jobs/evaluate/tinyimagenet_ResNet18_barlowtwins_random_size2.sh,10,25.350999385118484,3.2314545690970484,complete
tinyimagenet_ResNet18_barlowtwins_random_size2__CIFAR10_lbl5,tinyimagenet_ResNet18_barlowtwins_random_size2__CIFAR10_lbl5,TinyImageNet,CIFAR10,ResNet18,barlowtwins,random,2,5,tinyimagenet_ResNet18_barlowtwins_random_size2,8000,10,random,300,aip-boyuwang,benchmarks/cross_downstream/jobs/evaluate/tinyimagenet_ResNet18_barlowtwins_random_size2.sh,10,30.896998941898346,1.082005284720708,complete
tinyimagenet_ResNet18_barlowtwins_random_size2__CIFAR100_lbl1,tinyimagenet_ResNet18_barlowtwins_random_size2__CIFAR100_lbl1,TinyImageNet,CIFAR100,ResNet18,barlowtwins,random,2,1,tinyimagenet_ResNet18_barlowtwins_random_size2,8000,10,random,500,aip-boyuwang,benchmarks/cross_downstream/jobs/evaluate/tinyimagenet_ResNet18_barlowtwins_random_size2.sh,10,2.0329999644309282,0.4698711291863606,complete
tinyimagenet_ResNet18_barlowtwins_random_size2__CIFAR100_lbl5,tinyimagenet_ResNet18_barlowtwins_random_size2__CIFAR100_lbl5,TinyImageNet,CIFAR100,ResNet18,barlowtwins,random,2,5,tinyimagenet_ResNet18_barlowtwins_random_size2,8000,10,random,300,aip-boyuwang,benchmarks/cross_downstream/jobs/evaluate/tinyimagenet_ResNet18_barlowtwins_random_size2.sh,10,4.008999913930893,0.48868188789912914,complete
tinyimagenet_ResNet18_barlowtwins_random_size2__Aircraft_lbl1,tinyimagenet_ResNet18_barlowtwins_random_size2__Aircraft_lbl1,TinyImageNet,Aircraft,ResNet18,barlowtwins,random,2,1,tinyimagenet_ResNet18_barlowtwins_random_size2,8000,10,random,500,aip-boyuwang,benchmarks/cross_downstream/jobs/evaluate/tinyimagenet_ResNet18_barlowtwins_random_size2.sh,10,1.431143069639802,0.2421192162473023,complete
tinyimagenet_ResNet18_barlowtwins_random_size2__Aircraft_lbl5,tinyimagenet_ResNet18_barlowtwins_random_size2__Aircraft_lbl5,TinyImageNet,Aircraft,ResNet18,barlowtwins,random,2,5,tinyimagenet_ResNet18_barlowtwins_random_size2,8000,10,random,300,aip-boyuwang,benchmarks/cross_downstream/jobs/evaluate/tinyimagenet_ResNet18_barlowtwins_random_size2.sh,10,1.2721271440386772,0.2337753521637379,complete
tinyimagenet_ResNet18_barlowtwins_random_size2__CUB2011_lbl1,tinyimagenet_ResNet18_barlowtwins_random_size2__CUB2011_lbl1,TinyImageNet,CUB2011,ResNet18,barlowtwins,random,2,1,tinyimagenet_ResNet18_barlowtwins_random_size2,8000,10,random,500,aip-boyuwang,benchmarks/cross_downstream/jobs/evaluate/tinyimagenet_ResNet18_barlowtwins_random_size2.sh,10,0.6782878842204809,0.16313806136347925,complete
tinyimagenet_ResNet18_barlowtwins_random_size2__CUB2011_lbl5,tinyimagenet_ResNet18_barlowtwins_random_size2__CUB2011_lbl5,TinyImageNet,CUB2011,ResNet18,barlowtwins,random,2,5,tinyimagenet_ResNet18_barlowtwins_random_size2,8000,10,random,300,aip-boyuwang,benchmarks/cross_downstream/jobs/evaluate/tinyimagenet_ResNet18_barlowtwins_random_size2.sh,10,0.6127028004266322,0.20842504077581506,complete
tinyimagenet_ResNet18_barlowtwins_random_size2__Dogs_lbl1,tinyimagenet_ResNet18_barlowtwins_random_size2__Dogs_lbl1,TinyImageNet,Dogs,ResNet18,barlowtwins,random,2,1,tinyimagenet_ResNet18_barlowtwins_random_size2,8000,10,random,500,aip-boyuwang,benchmarks/cross_downstream/jobs/evaluate/tinyimagenet_ResNet18_barlowtwins_random_size2.sh,10,0.9137529088184237,0.24840947643604194,complete
tinyimagenet_ResNet18_barlowtwins_random_size2__Dogs_lbl5,tinyimagenet_ResNet18_barlowtwins_random_size2__Dogs_lbl5,TinyImageNet,Dogs,ResNet18,barlowtwins,random,2,5,tinyimagenet_ResNet18_barlowtwins_random_size2,8000,10,random,300,aip-boyuwang,benchmarks/cross_downstream/jobs/evaluate/tinyimagenet_ResNet18_barlowtwins_random_size2.sh,10,0.972027974203229,0.17104609037426893,complete
tinyimagenet_ResNet18_barlowtwins_random_size2__Flowers_lbl1,tinyimagenet_ResNet18_barlowtwins_random_size2__Flowers_lbl1,TinyImageNet,Flowers,ResNet18,barlowtwins,random,2,1,tinyimagenet_ResNet18_barlowtwins_random_size2,8000,10,random,500,aip-boyuwang,benchmarks/cross_downstream/jobs/evaluate/tinyimagenet_ResNet18_barlowtwins_random_size2.sh,10,1.897869622334838,0.798334729906817,complete
tinyimagenet_ResNet18_barlowtwins_random_size2__Flowers_lbl5,tinyimagenet_ResNet18_barlowtwins_random_size2__Flowers_lbl5,TinyImageNet,Flowers,ResNet18,barlowtwins,random,2,5,tinyimagenet_ResNet18_barlowtwins_random_size2,8000,10,random,300,aip-boyuwang,benchmarks/cross_downstream/jobs/evaluate/tinyimagenet_ResNet18_barlowtwins_random_size2.sh,10,1.3368027424439788,0.8554367058532367,complete
tinyimagenet_ResNet18_barlowtwins_random_size5__CIFAR10_lbl1,tinyimagenet_ResNet18_barlowtwins_random_size5__CIFAR10_lbl1,TinyImageNet,CIFAR10,ResNet18,barlowtwins,random,5,1,tinyimagenet_ResNet18_barlowtwins_random_size5,6000,10,random,500,aip-boyuwang,benchmarks/cross_downstream/jobs/evaluate/tinyimagenet_ResNet18_barlowtwins_random_size5.sh,0,,,incomplete
tinyimagenet_ResNet18_barlowtwins_random_size5__CIFAR10_lbl5,tinyimagenet_ResNet18_barlowtwins_random_size5__CIFAR10_lbl5,TinyImageNet,CIFAR10,ResNet18,barlowtwins,random,5,5,tinyimagenet_ResNet18_barlowtwins_random_size5,6000,10,random,300,aip-boyuwang,benchmarks/cross_downstream/jobs/evaluate/tinyimagenet_ResNet18_barlowtwins_random_size5.sh,0,,,incomplete
tinyimagenet_ResNet18_barlowtwins_random_size5__CIFAR100_lbl1,tinyimagenet_ResNet18_barlowtwins_random_size5__CIFAR100_lbl1,TinyImageNet,CIFAR100,ResNet18,barlowtwins,random,5,1,tinyimagenet_ResNet18_barlowtwins_random_size5,6000,10,random,500,aip-boyuwang,benchmarks/cross_downstream/jobs/evaluate/tinyimagenet_ResNet18_barlowtwins_random_size5.sh,0,,,incomplete
tinyimagenet_ResNet18_barlowtwins_random_size5__CIFAR100_lbl5,tinyimagenet_ResNet18_barlowtwins_random_size5__CIFAR100_lbl5,TinyImageNet,CIFAR100,ResNet18,barlowtwins,random,5,5,tinyimagenet_ResNet18_barlowtwins_random_size5,6000,10,random,300,aip-boyuwang,benchmarks/cross_downstream/jobs/evaluate/tinyimagenet_ResNet18_barlowtwins_random_size5.sh,0,,,incomplete
tinyimagenet_ResNet18_barlowtwins_random_size5__Aircraft_lbl1,tinyimagenet_ResNet18_barlowtwins_random_size5__Aircraft_lbl1,TinyImageNet,Aircraft,ResNet18,barlowtwins,random,5,1,tinyimagenet_ResNet18_barlowtwins_random_size5,6000,10,random,500,aip-boyuwang,benchmarks/cross_downstream/jobs/evaluate/tinyimagenet_ResNet18_barlowtwins_random_size5.sh,0,,,incomplete
tinyimagenet_ResNet18_barlowtwins_random_size5__Aircraft_lbl5,tinyimagenet_ResNet18_barlowtwins_random_size5__Aircraft_lbl5,TinyImageNet,Aircraft,ResNet18,barlowtwins,random,5,5,tinyimagenet_ResNet18_barlowtwins_random_size5,6000,10,random,300,aip-boyuwang,benchmarks/cross_downstream/jobs/evaluate/tinyimagenet_ResNet18_barlowtwins_random_size5.sh,0,,,incomplete
tinyimagenet_ResNet18_barlowtwins_random_size5__CUB2011_lbl1,tinyimagenet_ResNet18_barlowtwins_random_size5__CUB2011_lbl1,TinyImageNet,CUB2011,ResNet18,barlowtwins,random,5,1,tinyimagenet_ResNet18_barlowtwins_random_size5,6000,10,random,500,aip-boyuwang,benchmarks/cross_downstream/jobs/evaluate/tinyimagenet_ResNet18_barlowtwins_random_size5.sh,0,,,incomplete
tinyimagenet_ResNet18_barlowtwins_random_size5__CUB2011_lbl5,tinyimagenet_ResNet18_barlowtwins_random_size5__CUB2011_lbl5,TinyImageNet,CUB2011,ResNet18,barlowtwins,random,5,5,tinyimagenet_ResNet18_barlowtwins_random_size5,6000,10,random,300,aip-boyuwang,benchmarks/cross_downstream/jobs/evaluate/tinyimagenet_ResNet18_barlowtwins_random_size5.sh,0,,,incomplete
tinyimagenet_ResNet18_barlowtwins_random_size5__Dogs_lbl1,tinyimagenet_ResNet18_barlowtwins_random_size5__Dogs_lbl1,TinyImageNet,Dogs,ResNet18,barlowtwins,random,5,1,tinyimagenet_ResNet18_barlowtwins_random_size5,6000,10,random,500,aip-boyuwang,benchmarks/cross_downstream/jobs/evaluate/tinyimagenet_ResNet18_barlowtwins_random_size5.sh,0,,,incomplete
tinyimagenet_ResNet18_barlowtwins_random_size5__Dogs_lbl5,tinyimagenet_ResNet18_barlowtwins_random_size5__Dogs_lbl5,TinyImageNet,Dogs,ResNet18,barlowtwins,random,5,5,tinyimagenet_ResNet18_barlowtwins_random_size5,6000,10,random,300,aip-boyuwang,benchmarks/cross_downstream/jobs/evaluate/tinyimagenet_ResNet18_barlowtwins_random_size5.sh,0,,,incomplete
tinyimagenet_ResNet18_barlowtwins_random_size5__Flowers_lbl1,tinyimagenet_ResNet18_barlowtwins_random_size5__Flowers_lbl1,TinyImageNet,Flowers,ResNet18,barlowtwins,random,5,1,tinyimagenet_ResNet18_barlowtwins_random_size5,6000,10,random,500,aip-boyuwang,benchmarks/cross_downstream/jobs/evaluate/tinyimagenet_ResNet18_barlowtwins_random_size5.sh,0,,,incomplete
tinyimagenet_ResNet18_barlowtwins_random_size5__Flowers_lbl5,tinyimagenet_ResNet18_barlowtwins_random_size5__Flowers_lbl5,TinyImageNet,Flowers,ResNet18,barlowtwins,random,5,5,tinyimagenet_ResNet18_barlowtwins_random_size5,6000,10,random,300,aip-boyuwang,benchmarks/cross_downstream/jobs/evaluate/tinyimagenet_ResNet18_barlowtwins_random_size5.sh,0,,,incomplete
tinyimagenet_ResNet18_barlowtwins_kmeans_size1__CIFAR10_lbl1,tinyimagenet_ResNet18_barlowtwins_kmeans_size1__CIFAR10_lbl1,TinyImageNet,CIFAR10,ResNet18,barlowtwins,kmeans,1,1,tinyimagenet_ResNet18_barlowtwins_kmeans_size1,10000,10,random,500,aip-boyuwang,benchmarks/cross_downstream/jobs/evaluate/tinyimagenet_ResNet18_barlowtwins_kmeans_size1.sh,10,26.973999440670013,1.3904934942434306,complete
tinyimagenet_ResNet18_barlowtwins_kmeans_size1__CIFAR10_lbl5,tinyimagenet_ResNet18_barlowtwins_kmeans_size1__CIFAR10_lbl5,TinyImageNet,CIFAR10,ResNet18,barlowtwins,kmeans,1,5,tinyimagenet_ResNet18_barlowtwins_kmeans_size1,10000,10,random,300,aip-boyuwang,benchmarks/cross_downstream/jobs/evaluate/tinyimagenet_ResNet18_barlowtwins_kmeans_size1.sh,10,31.78399920463562,0.7146130918727599,complete
tinyimagenet_ResNet18_barlowtwins_kmeans_size1__CIFAR100_lbl1,tinyimagenet_ResNet18_barlowtwins_kmeans_size1__CIFAR100_lbl1,TinyImageNet,CIFAR100,ResNet18,barlowtwins,kmeans,1,1,tinyimagenet_ResNet18_barlowtwins_kmeans_size1,10000,10,random,500,aip-boyuwang,benchmarks/cross_downstream/jobs/evaluate/tinyimagenet_ResNet18_barlowtwins_kmeans_size1.sh,10,3.5439999029040337,0.4540239667557884,complete
tinyimagenet_ResNet18_barlowtwins_kmeans_size1__CIFAR100_lbl5,tinyimagenet_ResNet18_barlowtwins_kmeans_size1__CIFAR100_lbl5,TinyImageNet,CIFAR100,ResNet18,barlowtwins,kmeans,1,5,tinyimagenet_ResNet18_barlowtwins_kmeans_size1,10000,10,random,300,aip-boyuwang,benchmarks/cross_downstream/jobs/evaluate/tinyimagenet_ResNet18_barlowtwins_kmeans_size1.sh,10,5.786999799311161,0.41854376446911185,complete
tinyimagenet_ResNet18_barlowtwins_kmeans_size1__Aircraft_lbl1,tinyimagenet_ResNet18_barlowtwins_kmeans_size1__Aircraft_lbl1,TinyImageNet,Aircraft,ResNet18,barlowtwins,kmeans,1,1,tinyimagenet_ResNet18_barlowtwins_kmeans_size1,10000,10,random,500,aip-boyuwang,benchmarks/cross_downstream/jobs/evaluate/tinyimagenet_ResNet18_barlowtwins_kmeans_size1.sh,10,1.6411640495061874,0.3143720103097738,complete
tinyimagenet_ResNet18_barlowtwins_kmeans_size1__Aircraft_lbl5,tinyimagenet_ResNet18_barlowtwins_kmeans_size1__Aircraft_lbl5,TinyImageNet,Aircraft,ResNet18,barlowtwins,kmeans,1,5,tinyimagenet_ResNet18_barlowtwins_kmeans_size1,10000,10,random,300,aip-boyuwang,benchmarks/cross_downstream/jobs/evaluate/tinyimagenet_ResNet18_barlowtwins_kmeans_size1.sh,10,1.7761775478720665,0.28805658261794304,complete
tinyimagenet_ResNet18_barlowtwins_kmeans_size1__CUB2011_lbl1,tinyimagenet_ResNet18_barlowtwins_kmeans_size1__CUB2011_lbl1,TinyImageNet,CUB2011,ResNet18,barlowtwins,kmeans,1,1,tinyimagenet_ResNet18_barlowtwins_kmeans_size1,10000,10,random,500,aip-boyuwang,benchmarks/cross_downstream/jobs/evaluate/tinyimagenet_ResNet18_barlowtwins_kmeans_size1.sh,10,0.7852951204404235,0.1552798298996543,complete
tinyimagenet_ResNet18_barlowtwins_kmeans_size1__CUB2011_lbl5,tinyimagenet_ResNet18_barlowtwins_kmeans_size1__CUB2011_lbl5,TinyImageNet,CUB2011,ResNet18,barlowtwins,kmeans,1,5,tinyimagenet_ResNet18_barlowtwins_kmeans_size1,10000,10,random,300,aip-boyuwang,benchmarks/cross_downstream/jobs/evaluate/tinyimagenet_ResNet18_barlowtwins_kmeans_size1.sh,10,0.8008284494280815,0.16276229012521223,complete
tinyimagenet_ResNet18_barlowtwins_kmeans_size1__Dogs_lbl1,tinyimagenet_ResNet18_barlowtwins_kmeans_size1__Dogs_lbl1,TinyImageNet,Dogs,ResNet18,barlowtwins,kmeans,1,1,tinyimagenet_ResNet18_barlowtwins_kmeans_size1,10000,10,random,500,aip-boyuwang,benchmarks/cross_downstream/jobs/evaluate/tinyimagenet_ResNet18_barlowtwins_kmeans_size1.sh,10,1.3100233115255833,0.2823625550816579,complete
tinyimagenet_ResNet18_barlowtwins_kmeans_size1__Dogs_lbl5,tinyimagenet_ResNet18_barlowtwins_kmeans_size1__Dogs_lbl5,TinyImageNet,Dogs,ResNet18,barlowtwins,kmeans,1,5,tinyimagenet_ResNet18_barlowtwins_kmeans_size1,10000,10,random,300,aip-boyuwang,benchmarks/cross_downstream/jobs/evaluate/tinyimagenet_ResNet18_barlowtwins_kmeans_size1.sh,10,1.3205128069967031,0.2905738886362493,complete
tinyimagenet_ResNet18_barlowtwins_kmeans_size1__Flowers_lbl1,tinyimagenet_ResNet18_barlowtwins_kmeans_size1__Flowers_lbl1,TinyImageNet,Flowers,ResNet18,barlowtwins,kmeans,1,1,tinyimagenet_ResNet18_barlowtwins_kmeans_size1,10000,10,random,500,aip-boyuwang,benchmarks/cross_downstream/jobs/evaluate/tinyimagenet_ResNet18_barlowtwins_kmeans_size1.sh,10,1.9092535320669413,0.5355599050618802,complete
tinyimagenet_ResNet18_barlowtwins_kmeans_size1__Flowers_lbl5,tinyimagenet_ResNet18_barlowtwins_kmeans_size1__Flowers_lbl5,TinyImageNet,Flowers,ResNet18,barlowtwins,kmeans,1,5,tinyimagenet_ResNet18_barlowtwins_kmeans_size1,10000,10,random,300,aip-boyuwang,benchmarks/cross_downstream/jobs/evaluate/tinyimagenet_ResNet18_barlowtwins_kmeans_size1.sh,10,2.0442348439246416,0.6490220781541489,complete
tinyimagenet_ResNet18_barlowtwins_kmeans_size2__CIFAR10_lbl1,tinyimagenet_ResNet18_barlowtwins_kmeans_size2__CIFAR10_lbl1,TinyImageNet,CIFAR10,ResNet18,barlowtwins,kmeans,2,1,tinyimagenet_ResNet18_barlowtwins_kmeans_size2,8000,10,random,500,aip-boyuwang,benchmarks/cross_downstream/jobs/evaluate/tinyimagenet_ResNet18_barlowtwins_kmeans_size2.sh,0,,,incomplete
tinyimagenet_ResNet18_barlowtwins_kmeans_size2__CIFAR10_lbl5,tinyimagenet_ResNet18_barlowtwins_kmeans_size2__CIFAR10_lbl5,TinyImageNet,CIFAR10,ResNet18,barlowtwins,kmeans,2,5,tinyimagenet_ResNet18_barlowtwins_kmeans_size2,8000,10,random,300,aip-boyuwang,benchmarks/cross_downstream/jobs/evaluate/tinyimagenet_ResNet18_barlowtwins_kmeans_size2.sh,0,,,incomplete
tinyimagenet_ResNet18_barlowtwins_kmeans_size2__CIFAR100_lbl1,tinyimagenet_ResNet18_barlowtwins_kmeans_size2__CIFAR100_lbl1,TinyImageNet,CIFAR100,ResNet18,barlowtwins,kmeans,2,1,tinyimagenet_ResNet18_barlowtwins_kmeans_size2,8000,10,random,500,aip-boyuwang,benchmarks/cross_downstream/jobs/evaluate/tinyimagenet_ResNet18_barlowtwins_kmeans_size2.sh,0,,,incomplete
tinyimagenet_ResNet18_barlowtwins_kmeans_size2__CIFAR100_lbl5,tinyimagenet_ResNet18_barlowtwins_kmeans_size2__CIFAR100_lbl5,TinyImageNet,CIFAR100,ResNet18,barlowtwins,kmeans,2,5,tinyimagenet_ResNet18_barlowtwins_kmeans_size2,8000,10,random,300,aip-boyuwang,benchmarks/cross_downstream/jobs/evaluate/tinyimagenet_ResNet18_barlowtwins_kmeans_size2.sh,0,,,incomplete
tinyimagenet_ResNet18_barlowtwins_kmeans_size2__Aircraft_lbl1,tinyimagenet_ResNet18_barlowtwins_kmeans_size2__Aircraft_lbl1,TinyImageNet,Aircraft,ResNet18,barlowtwins,kmeans,2,1,tinyimagenet_ResNet18_barlowtwins_kmeans_size2,8000,10,random,500,aip-boyuwang,benchmarks/cross_downstream/jobs/evaluate/tinyimagenet_ResNet18_barlowtwins_kmeans_size2.sh,0,,,incomplete
tinyimagenet_ResNet18_barlowtwins_kmeans_size2__Aircraft_lbl5,tinyimagenet_ResNet18_barlowtwins_kmeans_size2__Aircraft_lbl5,TinyImageNet,Aircraft,ResNet18,barlowtwins,kmeans,2,5,tinyimagenet_ResNet18_barlowtwins_kmeans_size2,8000,10,random,300,aip-boyuwang,benchmarks/cross_downstream/jobs/evaluate/tinyimagenet_ResNet18_barlowtwins_kmeans_size2.sh,0,,,incomplete
tinyimagenet_ResNet18_barlowtwins_kmeans_size2__CUB2011_lbl1,tinyimagenet_ResNet18_barlowtwins_kmeans_size2__CUB2011_lbl1,TinyImageNet,CUB2011,ResNet18,barlowtwins,kmeans,2,1,tinyimagenet_ResNet18_barlowtwins_kmeans_size2,8000,10,random,500,aip-boyuwang,benchmarks/cross_downstream/jobs/evaluate/tinyimagenet_ResNet18_barlowtwins_kmeans_size2.sh,0,,,incomplete
tinyimagenet_ResNet18_barlowtwins_kmeans_size2__CUB2011_lbl5,tinyimagenet_ResNet18_barlowtwins_kmeans_size2__CUB2011_lbl5,TinyImageNet,CUB2011,ResNet18,barlowtwins,kmeans,2,5,tinyimagenet_ResNet18_barlowtwins_kmeans_size2,8000,10,random,300,aip-boyuwang,benchmarks/cross_downstream/jobs/evaluate/tinyimagenet_ResNet18_barlowtwins_kmeans_size2.sh,0,,,incomplete
tinyimagenet_ResNet18_barlowtwins_kmeans_size2__Dogs_lbl1,tinyimagenet_ResNet18_barlowtwins_kmeans_size2__Dogs_lbl1,TinyImageNet,Dogs,ResNet18,barlowtwins,kmeans,2,1,tinyimagenet_ResNet18_barlowtwins_kmeans_size2,8000,10,random,500,aip-boyuwang,benchmarks/cross_downstream/jobs/evaluate/tinyimagenet_ResNet18_barlowtwins_kmeans_size2.sh,0,,,incomplete
tinyimagenet_ResNet18_barlowtwins_kmeans_size2__Dogs_lbl5,tinyimagenet_ResNet18_barlowtwins_kmeans_size2__Dogs_lbl5,TinyImageNet,Dogs,ResNet18,barlowtwins,kmeans,2,5,tinyimagenet_ResNet18_barlowtwins_kmeans_size2,8000,10,random,300,aip-boyuwang,benchmarks/cross_downstream/jobs/evaluate/tinyimagenet_ResNet18_barlowtwins_kmeans_size2.sh,0,,,incomplete
tinyimagenet_ResNet18_barlowtwins_kmeans_size2__Flowers_lbl1,tinyimagenet_ResNet18_barlowtwins_kmeans_size2__Flowers_lbl1,TinyImageNet,Flowers,ResNet18,barlowtwins,kmeans,2,1,tinyimagenet_ResNet18_barlowtwins_kmeans_size2,8000,10,random,500,aip-boyuwang,benchmarks/cross_downstream/jobs/evaluate/tinyimagenet_ResNet18_barlowtwins_kmeans_size2.sh,0,,,incomplete
tinyimagenet_ResNet18_barlowtwins_kmeans_size2__Flowers_lbl5,tinyimagenet_ResNet18_barlowtwins_kmeans_size2__Flowers_lbl5,TinyImageNet,Flowers,ResNet18,barlowtwins,kmeans,2,5,tinyimagenet_ResNet18_barlowtwins_kmeans_size2,8000,10,random,300,aip-boyuwang,benchmarks/cross_downstream/jobs/evaluate/tinyimagenet_ResNet18_barlowtwins_kmeans_size2.sh,0,,,incomplete
tinyimagenet_ResNet18_barlowtwins_kmeans_size5__CIFAR10_lbl1,tinyimagenet_ResNet18_barlowtwins_kmeans_size5__CIFAR10_lbl1,TinyImageNet,CIFAR10,ResNet18,barlowtwins,kmeans,5,1,tinyimagenet_ResNet18_barlowtwins_kmeans_size5,6000,10,random,500,aip-boyuwang,benchmarks/cross_downstream/jobs/evaluate/tinyimagenet_ResNet18_barlowtwins_kmeans_size5.sh,0,,,incomplete
tinyimagenet_ResNet18_barlowtwins_kmeans_size5__CIFAR10_lbl5,tinyimagenet_ResNet18_barlowtwins_kmeans_size5__CIFAR10_lbl5,TinyImageNet,CIFAR10,ResNet18,barlowtwins,kmeans,5,5,tinyimagenet_ResNet18_barlowtwins_kmeans_size5,6000,10,random,300,aip-boyuwang,benchmarks/cross_downstream/jobs/evaluate/tinyimagenet_ResNet18_barlowtwins_kmeans_size5.sh,0,,,incomplete
tinyimagenet_ResNet18_barlowtwins_kmeans_size5__CIFAR100_lbl1,tinyimagenet_ResNet18_barlowtwins_kmeans_size5__CIFAR100_lbl1,TinyImageNet,CIFAR100,ResNet18,barlowtwins,kmeans,5,1,tinyimagenet_ResNet18_barlowtwins_kmeans_size5,6000,10,random,500,aip-boyuwang,benchmarks/cross_downstream/jobs/evaluate/tinyimagenet_ResNet18_barlowtwins_kmeans_size5.sh,0,,,incomplete
tinyimagenet_ResNet18_barlowtwins_kmeans_size5__CIFAR100_lbl5,tinyimagenet_ResNet18_barlowtwins_kmeans_size5__CIFAR100_lbl5,TinyImageNet,CIFAR100,ResNet18,barlowtwins,kmeans,5,5,tinyimagenet_ResNet18_barlowtwins_kmeans_size5,6000,10,random,300,aip-boyuwang,benchmarks/cross_downstream/jobs/evaluate/tinyimagenet_ResNet18_barlowtwins_kmeans_size5.sh,0,,,incomplete
tinyimagenet_ResNet18_barlowtwins_kmeans_size5__Aircraft_lbl1,tinyimagenet_ResNet18_barlowtwins_kmeans_size5__Aircraft_lbl1,TinyImageNet,Aircraft,ResNet18,barlowtwins,kmeans,5,1,tinyimagenet_ResNet18_barlowtwins_kmeans_size5,6000,10,random,500,aip-boyuwang,benchmarks/cross_downstream/jobs/evaluate/tinyimagenet_ResNet18_barlowtwins_kmeans_size5.sh,0,,,incomplete
tinyimagenet_ResNet18_barlowtwins_kmeans_size5__Aircraft_lbl5,tinyimagenet_ResNet18_barlowtwins_kmeans_size5__Aircraft_lbl5,TinyImageNet,Aircraft,ResNet18,barlowtwins,kmeans,5,5,tinyimagenet_ResNet18_barlowtwins_kmeans_size5,6000,10,random,300,aip-boyuwang,benchmarks/cross_downstream/jobs/evaluate/tinyimagenet_ResNet18_barlowtwins_kmeans_size5.sh,0,,,incomplete
tinyimagenet_ResNet18_barlowtwins_kmeans_size5__CUB2011_lbl1,tinyimagenet_ResNet18_barlowtwins_kmeans_size5__CUB2011_lbl1,TinyImageNet,CUB2011,ResNet18,barlowtwins,kmeans,5,1,tinyimagenet_ResNet18_barlowtwins_kmeans_size5,6000,10,random,500,aip-boyuwang,benchmarks/cross_downstream/jobs/evaluate/tinyimagenet_ResNet18_barlowtwins_kmeans_size5.sh,0,,,incomplete
tinyimagenet_ResNet18_barlowtwins_kmeans_size5__CUB2011_lbl5,tinyimagenet_ResNet18_barlowtwins_kmeans_size5__CUB2011_lbl5,TinyImageNet,CUB2011,ResNet18,barlowtwins,kmeans,5,5,tinyimagenet_ResNet18_barlowtwins_kmeans_size5,6000,10,random,300,aip-boyuwang,benchmarks/cross_downstream/jobs/evaluate/tinyimagenet_ResNet18_barlowtwins_kmeans_size5.sh,0,,,incomplete
tinyimagenet_ResNet18_barlowtwins_kmeans_size5__Dogs_lbl1,tinyimagenet_ResNet18_barlowtwins_kmeans_size5__Dogs_lbl1,TinyImageNet,Dogs,ResNet18,barlowtwins,kmeans,5,1,tinyimagenet_ResNet18_barlowtwins_kmeans_size5,6000,10,random,500,aip-boyuwang,benchmarks/cross_downstream/jobs/evaluate/tinyimagenet_ResNet18_barlowtwins_kmeans_size5.sh,0,,,incomplete
tinyimagenet_ResNet18_barlowtwins_kmeans_size5__Dogs_lbl5,tinyimagenet_ResNet18_barlowtwins_kmeans_size5__Dogs_lbl5,TinyImageNet,Dogs,ResNet18,barlowtwins,kmeans,5,5,tinyimagenet_ResNet18_barlowtwins_kmeans_size5,6000,10,random,300,aip-boyuwang,benchmarks/cross_downstream/jobs/evaluate/tinyimagenet_ResNet18_barlowtwins_kmeans_size5.sh,0,,,incomplete
tinyimagenet_ResNet18_barlowtwins_kmeans_size5__Flowers_lbl1,tinyimagenet_ResNet18_barlowtwins_kmeans_size5__Flowers_lbl1,TinyImageNet,Flowers,ResNet18,barlowtwins,kmeans,5,1,tinyimagenet_ResNet18_barlowtwins_kmeans_size5,6000,10,random,500,aip-boyuwang,benchmarks/cross_downstream/jobs/evaluate/tinyimagenet_ResNet18_barlowtwins_kmeans_size5.sh,0,,,incomplete
tinyimagenet_ResNet18_barlowtwins_kmeans_size5__Flowers_lbl5,tinyimagenet_ResNet18_barlowtwins_kmeans_size5__Flowers_lbl5,TinyImageNet,Flowers,ResNet18,barlowtwins,kmeans,5,5,tinyimagenet_ResNet18_barlowtwins_kmeans_size5,6000,10,random,300,aip-boyuwang,benchmarks/cross_downstream/jobs/evaluate/tinyimagenet_ResNet18_barlowtwins_kmeans_size5.sh,0,,,incomplete
tinyimagenet_ResNet18_barlowtwins_full_size100__CIFAR10_lbl1,tinyimagenet_ResNet18_barlowtwins_full_size100__CIFAR10_lbl1,TinyImageNet,CIFAR10,ResNet18,barlowtwins,full,100,1,tinyimagenet_ResNet18_barlowtwins_full_size100,300,10,random,500,aip-boyuwang,benchmarks/cross_downstream/jobs/evaluate/tinyimagenet_ResNet18_barlowtwins_full_size100.sh,0,,,incomplete
tinyimagenet_ResNet18_barlowtwins_full_size100__CIFAR10_lbl5,tinyimagenet_ResNet18_barlowtwins_full_size100__CIFAR10_lbl5,TinyImageNet,CIFAR10,ResNet18,barlowtwins,full,100,5,tinyimagenet_ResNet18_barlowtwins_full_size100,300,10,random,300,aip-boyuwang,benchmarks/cross_downstream/jobs/evaluate/tinyimagenet_ResNet18_barlowtwins_full_size100.sh,0,,,incomplete
tinyimagenet_ResNet18_barlowtwins_full_size100__CIFAR100_lbl1,tinyimagenet_ResNet18_barlowtwins_full_size100__CIFAR100_lbl1,TinyImageNet,CIFAR100,ResNet18,barlowtwins,full,100,1,tinyimagenet_ResNet18_barlowtwins_full_size100,300,10,random,500,aip-boyuwang,benchmarks/cross_downstream/jobs/evaluate/tinyimagenet_ResNet18_barlowtwins_full_size100.sh,0,,,incomplete
tinyimagenet_ResNet18_barlowtwins_full_size100__CIFAR100_lbl5,tinyimagenet_ResNet18_barlowtwins_full_size100__CIFAR100_lbl5,TinyImageNet,CIFAR100,ResNet18,barlowtwins,full,100,5,tinyimagenet_ResNet18_barlowtwins_full_size100,300,10,random,300,aip-boyuwang,benchmarks/cross_downstream/jobs/evaluate/tinyimagenet_ResNet18_barlowtwins_full_size100.sh,0,,,incomplete
tinyimagenet_ResNet18_barlowtwins_full_size100__Aircraft_lbl1,tinyimagenet_ResNet18_barlowtwins_full_size100__Aircraft_lbl1,TinyImageNet,Aircraft,ResNet18,barlowtwins,full,100,1,tinyimagenet_ResNet18_barlowtwins_full_size100,300,10,random,500,aip-boyuwang,benchmarks/cross_downstream/jobs/evaluate/tinyimagenet_ResNet18_barlowtwins_full_size100.sh,0,,,incomplete
tinyimagenet_ResNet18_barlowtwins_full_size100__Aircraft_lbl5,tinyimagenet_ResNet18_barlowtwins_full_size100__Aircraft_lbl5,TinyImageNet,Aircraft,ResNet18,barlowtwins,full,100,5,tinyimagenet_ResNet18_barlowtwins_full_size100,300,10,random,300,aip-boyuwang,benchmarks/cross_downstream/jobs/evaluate/tinyimagenet_ResNet18_barlowtwins_full_size100.sh,0,,,incomplete
tinyimagenet_ResNet18_barlowtwins_full_size100__CUB2011_lbl1,tinyimagenet_ResNet18_barlowtwins_full_size100__CUB2011_lbl1,TinyImageNet,CUB2011,ResNet18,barlowtwins,full,100,1,tinyimagenet_ResNet18_barlowtwins_full_size100,300,10,random,500,aip-boyuwang,benchmarks/cross_downstream/jobs/evaluate/tinyimagenet_ResNet18_barlowtwins_full_size100.sh,0,,,incomplete
tinyimagenet_ResNet18_barlowtwins_full_size100__CUB2011_lbl5,tinyimagenet_ResNet18_barlowtwins_full_size100__CUB2011_lbl5,TinyImageNet,CUB2011,ResNet18,barlowtwins,full,100,5,tinyimagenet_ResNet18_barlowtwins_full_size100,300,10,random,300,aip-boyuwang,benchmarks/cross_downstream/jobs/evaluate/tinyimagenet_ResNet18_barlowtwins_full_size100.sh,0,,,incomplete
tinyimagenet_ResNet18_barlowtwins_full_size100__Dogs_lbl1,tinyimagenet_ResNet18_barlowtwins_full_size100__Dogs_lbl1,TinyImageNet,Dogs,ResNet18,barlowtwins,full,100,1,tinyimagenet_ResNet18_barlowtwins_full_size100,300,10,random,500,aip-boyuwang,benchmarks/cross_downstream/jobs/evaluate/tinyimagenet_ResNet18_barlowtwins_full_size100.sh,0,,,incomplete
tinyimagenet_ResNet18_barlowtwins_full_size100__Dogs_lbl5,tinyimagenet_ResNet18_barlowtwins_full_size100__Dogs_lbl5,TinyImageNet,Dogs,ResNet18,barlowtwins,full,100,5,tinyimagenet_ResNet18_barlowtwins_full_size100,300,10,random,300,aip-boyuwang,benchmarks/cross_downstream/jobs/evaluate/tinyimagenet_ResNet18_barlowtwins_full_size100.sh,0,,,incomplete
tinyimagenet_ResNet18_barlowtwins_full_size100__Flowers_lbl1,tinyimagenet_ResNet18_barlowtwins_full_size100__Flowers_lbl1,TinyImageNet,Flowers,ResNet18,barlowtwins,full,100,1,tinyimagenet_ResNet18_barlowtwins_full_size100,300,10,random,500,aip-boyuwang,benchmarks/cross_downstream/jobs/evaluate/tinyimagenet_ResNet18_barlowtwins_full_size100.sh,0,,,incomplete
tinyimagenet_ResNet18_barlowtwins_full_size100__Flowers_lbl5,tinyimagenet_ResNet18_barlowtwins_full_size100__Flowers_lbl5,TinyImageNet,Flowers,ResNet18,barlowtwins,full,100,5,tinyimagenet_ResNet18_barlowtwins_full_size100,300,10,random,300,aip-boyuwang,benchmarks/cross_downstream/jobs/evaluate/tinyimagenet_ResNet18_barlowtwins_full_size100.sh,0,,,incomplete
cifar100_baseline__TinyImageNet_lbl1,baseline_ResNet18__TinyImageNet_lbl1,CIFAR100,TinyImageNet,ResNet18,none,no_pretrain,0,1,none,0,10,random,500,aip-boyuwang,benchmarks/cross_downstream/jobs/evaluate/baseline.sh,10,0.6419999804347754,0.0662989850562697,complete
cifar100_baseline__TinyImageNet_lbl5,baseline_ResNet18__TinyImageNet_lbl5,CIFAR100,TinyImageNet,ResNet18,none,no_pretrain,0,5,none,0,10,random,300,aip-boyuwang,benchmarks/cross_downstream/jobs/evaluate/baseline.sh,10,0.8839999698102474,0.11374433763935113,complete
cifar100_baseline__CIFAR10_lbl1,baseline_ResNet18__CIFAR10_lbl1,CIFAR100,CIFAR10,ResNet18,none,no_pretrain,0,1,none,0,10,random,500,aip-boyuwang,benchmarks/cross_downstream/jobs/evaluate/baseline.sh,10,16.847999393939972,0.6615604400155773,complete
cifar100_baseline__CIFAR10_lbl5,baseline_ResNet18__CIFAR10_lbl5,CIFAR100,CIFAR10,ResNet18,none,no_pretrain,0,5,none,0,10,random,300,aip-boyuwang,benchmarks/cross_downstream/jobs/evaluate/baseline.sh,10,20.5479995906353,0.7157561272089529,complete
cifar100_baseline__Aircraft_lbl1,baseline_ResNet18__Aircraft_lbl1,CIFAR100,Aircraft,ResNet18,none,no_pretrain,0,1,none,0,10,random,500,aip-boyuwang,benchmarks/cross_downstream/jobs/evaluate/baseline.sh,10,1.2241223733872175,0.16782618284355816,complete
cifar100_baseline__Aircraft_lbl5,baseline_ResNet18__Aircraft_lbl5,CIFAR100,Aircraft,ResNet18,none,no_pretrain,0,5,none,0,10,random,300,aip-boyuwang,benchmarks/cross_downstream/jobs/evaluate/baseline.sh,10,1.4641463663429022,0.3091587327923711,complete
cifar100_baseline__CUB2011_lbl1,baseline_ResNet18__CUB2011_lbl1,CIFAR100,CUB2011,ResNet18,none,no_pretrain,0,1,none,0,10,random,500,aip-boyuwang,benchmarks/cross_downstream/jobs/evaluate/baseline.sh,10,0.5419399309903383,0.11851899072737343,complete
cifar100_baseline__CUB2011_lbl5,baseline_ResNet18__CUB2011_lbl5,CIFAR100,CUB2011,ResNet18,none,no_pretrain,0,5,none,0,10,random,300,aip-boyuwang,benchmarks/cross_downstream/jobs/evaluate/baseline.sh,10,0.6092509487643838,0.06460376273754417,complete
cifar100_baseline__Dogs_lbl1,baseline_ResNet18__Dogs_lbl1,CIFAR100,Dogs,ResNet18,none,no_pretrain,0,1,none,0,10,random,500,aip-boyuwang,benchmarks/cross_downstream/jobs/evaluate/baseline.sh,10,0.9184149233624339,0.14166153893573283,complete
cifar100_baseline__Dogs_lbl5,baseline_ResNet18__Dogs_lbl5,CIFAR100,Dogs,ResNet18,none,no_pretrain,0,5,none,0,10,random,300,aip-boyuwang,benchmarks/cross_downstream/jobs/evaluate/baseline.sh,10,0.9230769239366055,0.12307555960097472,complete
cifar100_baseline__Flowers_lbl1,baseline_ResNet18__Flowers_lbl1,CIFAR100,Flowers,ResNet18,none,no_pretrain,0,1,none,0,10,random,500,aip-boyuwang,benchmarks/cross_downstream/jobs/evaluate/baseline.sh,10,0.9286063024774194,0.35575960922123534,complete
cifar100_baseline__Flowers_lbl5,baseline_ResNet18__Flowers_lbl5,CIFAR100,Flowers,ResNet18,none,no_pretrain,0,5,none,0,10,random,300,aip-boyuwang,benchmarks/cross_downstream/jobs/evaluate/baseline.sh,10,1.234347065910697,0.4164217256509379,complete
tinyimagenet_baseline__CIFAR10_lbl1,baseline_ResNet18__CIFAR10_lbl1,TinyImageNet,CIFAR10,ResNet18,none,no_pretrain,0,1,none,0,10,random,500,aip-boyuwang,benchmarks/cross_downstream/jobs/evaluate/baseline.sh,10,16.847999393939972,0.6615604400155773,complete
tinyimagenet_baseline__CIFAR10_lbl5,baseline_ResNet18__CIFAR10_lbl5,TinyImageNet,CIFAR10,ResNet18,none,no_pretrain,0,5,none,0,10,random,300,aip-boyuwang,benchmarks/cross_downstream/jobs/evaluate/baseline.sh,10,20.5479995906353,0.7157561272089529,complete
tinyimagenet_baseline__CIFAR100_lbl1,baseline_ResNet18__CIFAR100_lbl1,TinyImageNet,CIFAR100,ResNet18,none,no_pretrain,0,1,none,0,10,random,500,aip-boyuwang,benchmarks/cross_downstream/jobs/evaluate/baseline.sh,10,1.6769999451935291,0.15986450038645766,complete
tinyimagenet_baseline__CIFAR100_lbl5,baseline_ResNet18__CIFAR100_lbl5,TinyImageNet,CIFAR100,ResNet18,none,no_pretrain,0,5,none,0,10,random,300,aip-boyuwang,benchmarks/cross_downstream/jobs/evaluate/baseline.sh,10,2.8719999082386494,0.3185313057616887,complete
tinyimagenet_baseline__Aircraft_lbl1,baseline_ResNet18__Aircraft_lbl1,TinyImageNet,Aircraft,ResNet18,none,no_pretrain,0,1,none,0,10,random,500,aip-boyuwang,benchmarks/cross_downstream/jobs/evaluate/baseline.sh,10,1.2241223733872175,0.16782618284355816,complete
tinyimagenet_baseline__Aircraft_lbl5,baseline_ResNet18__Aircraft_lbl5,TinyImageNet,Aircraft,ResNet18,none,no_pretrain,0,5,none,0,10,random,300,aip-boyuwang,benchmarks/cross_downstream/jobs/evaluate/baseline.sh,10,1.4641463663429022,0.3091587327923711,complete
tinyimagenet_baseline__CUB2011_lbl1,baseline_ResNet18__CUB2011_lbl1,TinyImageNet,CUB2011,ResNet18,none,no_pretrain,0,1,none,0,10,random,500,aip-boyuwang,benchmarks/cross_downstream/jobs/evaluate/baseline.sh,10,0.5419399309903383,0.11851899072737343,complete
tinyimagenet_baseline__CUB2011_lbl5,baseline_ResNet18__CUB2011_lbl5,TinyImageNet,CUB2011,ResNet18,none,no_pretrain,0,5,none,0,10,random,300,aip-boyuwang,benchmarks/cross_downstream/jobs/evaluate/baseline.sh,10,0.6092509487643838,0.06460376273754417,complete
tinyimagenet_baseline__Dogs_lbl1,baseline_ResNet18__Dogs_lbl1,TinyImageNet,Dogs,ResNet18,none,no_pretrain,0,1,none,0,10,random,500,aip-boyuwang,benchmarks/cross_downstream/jobs/evaluate/baseline.sh,10,0.9184149233624339,0.14166153893573283,complete
tinyimagenet_baseline__Dogs_lbl5,baseline_ResNet18__Dogs_lbl5,TinyImageNet,Dogs,ResNet18,none,no_pretrain,0,5,none,0,10,random,300,aip-boyuwang,benchmarks/cross_downstream/jobs/evaluate/baseline.sh,10,0.9230769239366055,0.12307555960097472,complete
tinyimagenet_baseline__Flowers_lbl1,baseline_ResNet18__Flowers_lbl1,TinyImageNet,Flowers,ResNet18,none,no_pretrain,0,1,none,0,10,random,500,aip-boyuwang,benchmarks/cross_downstream/jobs/evaluate/baseline.sh,10,0.9286063024774194,0.35575960922123534,complete
tinyimagenet_baseline__Flowers_lbl5,baseline_ResNet18__Flowers_lbl5,TinyImageNet,Flowers,ResNet18,none,no_pretrain,0,5,none,0,10,random,300,aip-boyuwang,benchmarks/cross_downstream/jobs/evaluate/baseline.sh,10,1.234347065910697,0.4164217256509379,complete
